{
    "__comment": "Model generated using MrCrayfish's Model Creator (http://mrcrayfish.com/modelcreator/)",
    "textures": {
        "0": "blocks/iron_block",
        "1": "blocks/anvil_base",
        "2": "blocks/glass_red",
        "3": "blocks/hardened_clay_stained_red",
        "4": "blocks/anvil_base"
    },
    "elements": [
        {
            "name": "Cube",
            "from": [ 7.0, -2.0, 7.0 ], 
            "to": [ 8.0, -1.0, 8.0 ], 
            "faces": {
                "north": { "texture": "#0", "uv": [ 0.0, 0.0, 1.0, 1.0 ] },
                "east": { "texture": "#0", "uv": [ 0.0, 0.0, 1.0, 1.0 ] },
                "south": { "texture": "#0", "uv": [ 0.0, 0.0, 1.0, 1.0 ] },
                "west": { "texture": "#0", "uv": [ 0.0, 0.0, 1.0, 1.0 ] },
                "up": { "texture": "#0", "uv": [ 0.0, 0.0, 1.0, 1.0 ] },
                "down": { "texture": "#0", "uv": [ 0.0, 0.0, 1.0, 1.0 ] }
            }
        },
        {
            "name": "Cube",
            "from": [ 7.0, -6.0, 7.0 ], 
            "to": [ 7.699999995529652, -4.0, 8.0 ], 
            "faces": {
                "north": { "texture": "#0", "uv": [ 0.0, 0.0, 0.6999999955296516, 2.0 ] },
                "east": { "texture": "#0", "uv": [ 0.0, 0.0, 1.0, 2.0 ] },
                "south": { "texture": "#0", "uv": [ 0.0, 0.0, 0.6999999955296516, 2.0 ] },
                "west": { "texture": "#0", "uv": [ 0.0, 0.0, 1.0, 2.0 ] },
                "up": { "texture": "#0", "uv": [ 0.0, 0.0, 0.6999999955296516, 1.0 ] },
                "down": { "texture": "#0", "uv": [ 0.0, 0.0, 0.6999999955296516, 1.0 ] }
            }
        },
        {
            "name": "Cube",
            "from": [ 7.100000001490116, -4.0, 7.100000001490116 ], 
            "to": [ 7.699999995529652, -2.0, 7.899999998509884 ], 
            "faces": {
                "north": { "texture": "#0", "uv": [ 0.0, 0.0, 0.5999999940395355, 2.0 ] },
                "east": { "texture": "#0", "uv": [ 0.0, 0.0, 0.7999999970197678, 2.0 ] },
                "south": { "texture": "#0", "uv": [ 0.0, 0.0, 0.5999999940395355, 2.0 ] },
                "west": { "texture": "#0", "uv": [ 0.0, 0.0, 0.7999999970197678, 2.0 ] },
                "up": { "texture": "#0", "uv": [ 0.0, 0.0, 0.5999999940395355, 0.7999999970197678 ] },
                "down": { "texture": "#0", "uv": [ 0.0, 0.0, 0.5999999940395355, 0.7999999970197678 ] }
            }
        },
        {
            "name": "Cube",
            "from": [ 6.799999997019768, -0.10000001639127731, 6.799999997019768 ], 
            "to": [ 8.200000002980232, 0.3999999761581421, 8.200000002980232 ], 
            "faces": {
                "north": { "texture": "#1", "uv": [ 0.0, 0.0, 1.4000000059604645, 0.4999999925494194 ] },
                "east": { "texture": "#1", "uv": [ 0.0, 0.0, 1.4000000059604645, 0.4999999925494194 ] },
                "south": { "texture": "#1", "uv": [ 0.0, 0.0, 1.4000000059604645, 0.4999999925494194 ] },
                "west": { "texture": "#1", "uv": [ 0.0, 0.0, 1.4000000059604645, 0.4999999925494194 ] },
                "up": { "texture": "#1", "uv": [ 0.0, 0.0, 1.4000000059604645, 1.4000000059604645 ] },
                "down": { "texture": "#1", "uv": [ 0.0, 0.0, 1.4000000059604645, 1.4000000059604645 ] }
            }
        },
        {
            "name": "Cube",
            "from": [ 6.799999997019768, -6.100000016391277, 6.799999997019768 ], 
            "to": [ 8.200000002980232, -5.600000023841858, 8.200000002980232 ], 
            "faces": {
                "north": { "texture": "#1", "uv": [ 0.0, 0.0, 1.4000000059604645, 0.4999999925494194 ] },
                "east": { "texture": "#1", "uv": [ 0.0, 0.0, 1.4000000059604645, 0.4999999925494194 ] },
                "south": { "texture": "#1", "uv": [ 0.0, 0.0, 1.4000000059604645, 0.4999999925494194 ] },
                "west": { "texture": "#1", "uv": [ 0.0, 0.0, 1.4000000059604645, 0.4999999925494194 ] },
                "up": { "texture": "#1", "uv": [ 0.0, 0.0, 1.4000000059604645, 1.4000000059604645 ] },
                "down": { "texture": "#1", "uv": [ 0.0, 0.0, 1.4000000059604645, 1.4000000059604645 ] }
            }
        },
        {
            "name": "Cube",
            "from": [ 7.100000001490116, 0.4000000059604645, 7.100000001490116 ], 
            "to": [ 7.899999998509884, 8.400000005960464, 7.899999998509884 ], 
            "faces": {
                "north": { "texture": "#2", "uv": [ 0.0, 0.0, 0.7999999970197678, 8.0 ] },
                "east": { "texture": "#2", "uv": [ 0.0, 0.0, 0.7999999970197678, 8.0 ] },
                "south": { "texture": "#2", "uv": [ 0.0, 0.0, 0.7999999970197678, 8.0 ] },
                "west": { "texture": "#2", "uv": [ 0.0, 0.0, 0.7999999970197678, 8.0 ] },
                "up": { "texture": "#2", "uv": [ 0.0, 0.0, 0.7999999970197678, 0.7999999970197678 ] },
                "down": { "texture": "#2", "uv": [ 0.0, 0.0, 0.7999999970197678, 0.7999999970197678 ] }
            }
        },
        {
            "name": "Cube",
            "from": [ 7.200000002980232, 8.400000005960464, 7.200000002980232 ], 
            "to": [ 7.799999997019768, 16.400000005960464, 7.799999997019768 ], 
            "faces": {
                "north": { "texture": "#2", "uv": [ 0.0, 0.0, 0.5999999940395355, 8.0 ] },
                "east": { "texture": "#2", "uv": [ 0.0, 0.0, 0.5999999940395355, 8.0 ] },
                "south": { "texture": "#2", "uv": [ 0.0, 0.0, 0.5999999940395355, 8.0 ] },
                "west": { "texture": "#2", "uv": [ 0.0, 0.0, 0.5999999940395355, 8.0 ] },
                "up": { "texture": "#2", "uv": [ 0.0, 0.0, 0.5999999940395355, 0.5999999940395355 ] },
                "down": { "texture": "#2", "uv": [ 0.0, 0.0, 0.5999999940395355, 0.5999999940395355 ] }
            }
        },
        {
            "name": "Cube",
            "from": [ 7.0, -6.299999974668026, 7.0 ], 
            "to": [ 8.0, -6.099999971687794, 8.0 ], 
            "faces": {
                "north": { "texture": "#0", "uv": [ 0.0, 0.0, 1.0, 0.20000000298023224 ] },
                "east": { "texture": "#0", "uv": [ 0.0, 0.0, 1.0, 0.20000000298023224 ] },
                "south": { "texture": "#0", "uv": [ 0.0, 0.0, 1.0, 0.20000000298023224 ] },
                "west": { "texture": "#0", "uv": [ 0.0, 0.0, 1.0, 0.20000000298023224 ] },
                "up": { "texture": "#0", "uv": [ 0.0, 0.0, 1.0, 1.0 ] },
                "down": { "texture": "#0", "uv": [ 0.0, 0.0, 1.0, 1.0 ] }
            }
        },
        {
            "name": "Cube",
            "from": [ 7.699999995529652, -6.0, 7.0 ], 
            "to": [ 7.999999985098839, -4.0, 8.0 ], 
            "faces": {
                "north": { "texture": "#1", "uv": [ 0.0, 0.0, 0.29999998956918716, 2.0 ] },
                "east": { "texture": "#1", "uv": [ 0.0, 0.0, 1.0, 2.0 ] },
                "south": { "texture": "#1", "uv": [ 0.0, 0.0, 0.29999998956918716, 2.0 ] },
                "west": { "texture": "#1", "uv": [ 0.0, 0.0, 1.0, 2.0 ] },
                "up": { "texture": "#1", "uv": [ 0.0, 0.0, 0.29999998956918716, 1.0 ] },
                "down": { "texture": "#1", "uv": [ 0.0, 0.0, 0.29999998956918716, 1.0 ] }
            }
        },
        {
            "name": "Cube",
            "from": [ 7.699999995529652, -4.0, 7.100000001490116 ], 
            "to": [ 7.899999983608723, -2.0, 7.899999998509884 ], 
            "faces": {
                "north": { "texture": "#1", "uv": [ 0.0, 0.0, 0.19999998807907104, 2.0 ] },
                "east": { "texture": "#1", "uv": [ 0.0, 0.0, 0.7999999970197678, 2.0 ] },
                "south": { "texture": "#1", "uv": [ 0.0, 0.0, 0.19999998807907104, 2.0 ] },
                "west": { "texture": "#1", "uv": [ 0.0, 0.0, 0.7999999970197678, 2.0 ] },
                "up": { "texture": "#1", "uv": [ 0.0, 0.0, 0.19999998807907104, 0.7999999970197678 ] },
                "down": { "texture": "#1", "uv": [ 0.0, 0.0, 0.19999998807907104, 0.7999999970197678 ] }
            }
        },
        {
            "name": "Cube",
            "from": [ 7.0, -1.0, 7.0 ], 
            "to": [ 8.0, 0.0, 7.399999991059303 ], 
            "faces": {
                "north": { "texture": "#1", "uv": [ 0.0, 0.0, 1.0, 1.0 ] },
                "east": { "texture": "#1", "uv": [ 0.0, 0.0, 0.3999999910593033, 1.0 ] },
                "south": { "texture": "#1", "uv": [ 0.0, 0.0, 1.0, 1.0 ] },
                "west": { "texture": "#1", "uv": [ 0.0, 0.0, 0.3999999910593033, 1.0 ] },
                "up": { "texture": "#1", "uv": [ 0.0, 0.0, 1.0, 0.3999999910593033 ] },
                "down": { "texture": "#1", "uv": [ 0.0, 0.0, 1.0, 0.3999999910593033 ] }
            }
        },
        {
            "name": "Cube",
            "from": [ 7.0, -1.0, 7.5999999940395355 ], 
            "to": [ 8.0, 0.0, 7.999999985098839 ], 
            "faces": {
                "north": { "texture": "#1", "uv": [ 0.0, 0.0, 1.0, 1.0 ] },
                "east": { "texture": "#1", "uv": [ 0.0, 0.0, 0.3999999910593033, 1.0 ] },
                "south": { "texture": "#1", "uv": [ 0.0, 0.0, 1.0, 1.0 ] },
                "west": { "texture": "#1", "uv": [ 0.0, 0.0, 0.3999999910593033, 1.0 ] },
                "up": { "texture": "#1", "uv": [ 0.0, 0.0, 1.0, 0.3999999910593033 ] },
                "down": { "texture": "#1", "uv": [ 0.0, 0.0, 1.0, 0.3999999910593033 ] }
            }
        },
        {
            "name": "Cube",
            "from": [ 7.0, -1.0, 7.4000000059604645 ], 
            "to": [ 8.0, 0.0, 7.5999999940395355 ], 
            "faces": {
                "north": { "texture": "#0", "uv": [ 0.0, 0.0, 1.0, 1.0 ] },
                "east": { "texture": "#0", "uv": [ 0.0, 0.0, 0.19999998807907104, 1.0 ] },
                "south": { "texture": "#0", "uv": [ 0.0, 0.0, 1.0, 1.0 ] },
                "west": { "texture": "#0", "uv": [ 0.0, 0.0, 0.19999998807907104, 1.0 ] },
                "up": { "texture": "#0", "uv": [ 0.0, 0.0, 1.0, 0.19999998807907104 ] },
                "down": { "texture": "#0", "uv": [ 0.0, 0.0, 1.0, 0.19999998807907104 ] }
            }
        },
        {
            "name": "Cube",
            "from": [ 6.900000013411045, -1.5999999940395355, 7.4000000059604645 ], 
            "to": [ 7.200000002980232, -1.4000000059604645, 7.5999999940395355 ], 
            "faces": {
                "north": { "texture": "#3", "uv": [ 0.0, 0.0, 0.29999998956918716, 0.19999998807907104 ] },
                "east": { "texture": "#3", "uv": [ 0.0, 0.0, 0.19999998807907104, 0.19999998807907104 ] },
                "south": { "texture": "#3", "uv": [ 0.0, 0.0, 0.29999998956918716, 0.19999998807907104 ] },
                "west": { "texture": "#3", "uv": [ 0.0, 0.0, 0.19999998807907104, 0.19999998807907104 ] },
                "up": { "texture": "#3", "uv": [ 0.0, 0.0, 0.29999998956918716, 0.19999998807907104 ] },
                "down": { "texture": "#3", "uv": [ 0.0, 0.0, 0.29999998956918716, 0.19999998807907104 ] }
            }
        },
        {
            "name": "Cube",
            "from": [ 6.95, -1.6999999955296516, 7.300000004470348 ], 
            "to": [ 7.149999988079071, -1.3000000044703484, 7.699999995529652 ], 
            "faces": {
                "north": { "texture": "#4", "uv": [ 0.0, 0.0, 0.19999998807907104, 0.3999999910593033 ] },
                "east": { "texture": "#4", "uv": [ 0.0, 0.0, 0.3999999910593033, 0.3999999910593033 ] },
                "south": { "texture": "#4", "uv": [ 0.0, 0.0, 0.19999998807907104, 0.3999999910593033 ] },
                "west": { "texture": "#4", "uv": [ 0.0, 0.0, 0.3999999910593033, 0.3999999910593033 ] },
                "up": { "texture": "#4", "uv": [ 0.0, 0.0, 0.19999998807907104, 0.3999999910593033 ] },
                "down": { "texture": "#4", "uv": [ 0.0, 0.0, 0.19999998807907104, 0.3999999910593033 ] }
            }
        }
	],
"display": {
    "thirdperson_righthand": {
        "rotation": [ 0, 90, 0 ],
        "translation": [ 0.56, 11.72, 0.94 ],
        "scale": [ 1.2, 1.2, 1.2 ]
    },
    "thirdperson_lefthand": {
        "rotation": [ 0, -90, 0 ],
        "translation": [ -0.56, 11.72, 0.76 ],
        "scale": [ 1.2, 1.2, 1.2 ]
    },
    "firstperson_righthand": {
        "rotation": [ -18, 41, 4 ],
        "translation": [ -0.76, 9.64, 0.57 ],
        "scale": [ 1, 1, 1 ]
    },
    "firstperson_lefthand": {
        "rotation": [ -17, -157, 4 ],
        "translation": [ -3.21, 9.83, 0.38 ],
        "scale": [ 1, 1, 1 ]
    },
    "gui": {
        "rotation": [ 23, 179, 35 ],
        "translation": [ 1.32, 1.7, 0 ],
        "scale": [ 0.7, 0.7, 0.7 ]
    }
}
}