{
"__comment": "Designed by Kukamonda with BDcraft Cubik PRO 0.96 Beta - http://bdcraft.net",
"textures": {
    "poep": "blocks/enchanting_table_bottom",
    "anvil_base": "blocks/anvil_base",
    "texture": "blocks/dragon_egg"
},
"elements": [ 
{
    "__comment": "vleermuis",
    "from": [ 7, -1.5, 5 ],
    "to": [ 9, -0.5, 11 ],
    "faces": {
        "down":  { "uv": [ 9, 11, 7, 5 ], "texture": "#texture" },
        "up":    { "uv": [ 7, 5, 9, 11 ], "texture": "#texture" },
        "north": { "uv": [ 7, 16, 9, 16 ], "texture": "#texture" },
        "south": { "uv": [ 7, 16, 9, 16 ], "texture": "#texture" },
        "west":  { "uv": [ 5, 16, 11, 16 ], "texture": "#texture" },
        "east":  { "uv": [ 5, 16, 11, 16 ], "texture": "#texture" }
    }
},
{
    "__comment": "vleermuis*",
    "from": [ 7, -1.625, 10.625 ],
    "to": [ 9, -0.625, 12.625 ],
    "rotation": { "origin": [ 7, -0.625, 10.625 ], "axis": "x", "angle": -22.5 },
    "faces": {
        "down":  { "uv": [ 9, 13.5, 7, 11 ], "texture": "#texture" },
        "up":    { "uv": [ 7, 11, 9, 13.5 ], "texture": "#texture" },
        "north": { "uv": [ 7, 10, 9, 11 ], "texture": "#texture" },
        "south": { "uv": [ 7, 10, 9, 11 ], "texture": "#texture" },
        "west":  { "uv": [ 11, 10, 13.5, 11 ], "texture": "#texture" },
        "east":  { "uv": [ 2.5, 10, 5, 11 ], "texture": "#texture" }
    }
},
{
    "__comment": "vleermuis*",
    "from": [ 7, -0.8125, 3.5625 ],
    "to": [ 9, 0.1875, 5.5625 ],
    "rotation": { "origin": [ 7, 0.1875, 3.5625 ], "axis": "x", "angle": 22.5 },
    "faces": {
        "down":  { "uv": [ 9, 13.5, 7, 11 ], "texture": "#texture" },
        "up":    { "uv": [ 7, 11, 9, 13.5 ], "texture": "#texture" },
        "north": { "uv": [ 7, 10, 9, 11 ], "texture": "#texture" },
        "south": { "uv": [ 7, 10, 9, 11 ], "texture": "#texture" },
        "west":  { "uv": [ 11, 10, 13.5, 11 ], "texture": "#texture" },
        "east":  { "uv": [ 2.5, 10, 5, 11 ], "texture": "#texture" }
    }
},
{
    "__comment": "vleermuis*",
    "from": [ 7.5, -1.3125, 11.8125 ],
    "to": [ 8.5, -0.3125, 13.8125 ],
    "rotation": { "origin": [ 7.5, -0.3125, 11.8125 ], "axis": "x", "angle": -45 },
    "faces": {
        "down":  { "uv": [ 9, 13.5, 7, 11 ], "texture": "#texture" },
        "up":    { "uv": [ 7, 11, 9, 13.5 ], "texture": "#texture" },
        "north": { "uv": [ 7, 10, 9, 11 ], "texture": "#texture" },
        "south": { "uv": [ 7, 10, 9, 11 ], "texture": "#texture" },
        "west":  { "uv": [ 11, 10, 13.5, 11 ], "texture": "#texture" },
        "east":  { "uv": [ 2.5, 10, 5, 11 ], "texture": "#texture" }
    }
},
{
    "__comment": "vleermuis*",
    "from": [ 7.5, 0.125, 2.8125 ],
    "to": [ 8.5, 1.125, 4.8125 ],
    "rotation": { "origin": [ 7.5, 1.125, 2.8125 ], "axis": "x", "angle": 45 },
    "faces": {
        "down":  { "uv": [ 9, 13.5, 7, 11 ], "texture": "#texture" },
        "up":    { "uv": [ 7, 11, 9, 13.5 ], "texture": "#texture" },
        "north": { "uv": [ 7, 10, 9, 11 ], "texture": "#texture" },
        "south": { "uv": [ 7, 10, 9, 11 ], "texture": "#texture" },
        "west":  { "uv": [ 11, 10, 13.5, 11 ], "texture": "#texture" },
        "east":  { "uv": [ 2.5, 10, 5, 11 ], "texture": "#texture" }
    }
},
{
    "__comment": "blade",
    "from": [ 7.5, -0.5, 5 ],
    "to": [ 8.5, 26, 11 ],
    "faces": {
        "down":  { "uv": [ 3, 3, 4, 4 ], "texture": "#poep" },
        "up":    { "uv": [ 3, 3, 4, 4 ], "texture": "#poep" },
        "north": { "uv": [ 3, 3, 4, 4 ], "texture": "#poep" },
        "south": { "uv": [ 3, 3, 4, 4 ], "texture": "#poep" },
        "west":  { "uv": [ 3, 3, 4, 4 ], "texture": "#poep" },
        "east":  { "uv": [ 3, 3, 4, 4 ], "texture": "#poep" }
    }
},
{
    "__comment": "vleermuis*",
    "from": [ 7, -3.5, 5.875 ],
    "to": [ 9, -0.5, 8.875 ],
    "rotation": { "origin": [ 7, -0.5, 5.875 ], "axis": "x", "angle": -45 },
    "faces": {
        "down":  { "uv": [ 9, 8.5, 7, 6.5 ], "texture": "#texture" },
        "up":    { "uv": [ 7, 6.5, 9, 8.5 ], "texture": "#texture" },
        "north": { "uv": [ 7, 11.5, 9, 14 ], "texture": "#texture" },
        "south": { "uv": [ 7, 11.5, 9, 14 ], "texture": "#texture" },
        "west":  { "uv": [ 6.5, 11.5, 8.5, 14 ], "texture": "#texture" },
        "east":  { "uv": [ 7.5, 11.5, 9.5, 14 ], "texture": "#texture" }
    }
},
{
    "__comment": "vleermuis*",
    "from": [ 7, 0, 5.875 ],
    "to": [ 9, 3, 8.875 ],
    "rotation": { "origin": [ 7, 3, 5.875 ], "axis": "x", "angle": -45 },
    "faces": {
        "down":  { "uv": [ 9, 8.5, 7, 6.5 ], "texture": "#texture" },
        "up":    { "uv": [ 7, 6.5, 9, 8.5 ], "texture": "#texture" },
        "north": { "uv": [ 7, 11.5, 9, 14 ], "texture": "#texture" },
        "south": { "uv": [ 7, 11.5, 9, 14 ], "texture": "#texture" },
        "west":  { "uv": [ 6.5, 11.5, 8.5, 14 ], "texture": "#texture" },
        "east":  { "uv": [ 7.5, 11.5, 9.5, 14 ], "texture": "#texture" }
    }
},
{
    "__comment": "vleermuis*",
    "from": [ 7, 0, 7 ],
    "to": [ 9, 3, 9 ],
    "faces": {
        "down":  { "uv": [ 9, 8.5, 7, 6.5 ], "texture": "#texture" },
        "up":    { "uv": [ 7, 6.5, 9, 8.5 ], "texture": "#texture" },
        "north": { "uv": [ 7, 11.5, 9, 14 ], "texture": "#texture" },
        "south": { "uv": [ 7, 11.5, 9, 14 ], "texture": "#texture" },
        "west":  { "uv": [ 6.5, 11.5, 8.5, 14 ], "texture": "#texture" },
        "east":  { "uv": [ 7.5, 11.5, 9.5, 14 ], "texture": "#texture" }
    }
},
{
    "from": [ 6.5625, -14, 8 ],
    "to": [ 8.5625, -2.5, 10 ],
    "rotation": { "origin": [ 6.5625, -14, 8 ], "axis": "y", "angle": 45 },
    "faces": {
        "down":  { "uv": [ 5, 5.5, 9.5, 10 ], "texture": "#anvil_base" },
        "up":    { "uv": [ 5, 5.5, 9.5, 10 ], "texture": "#anvil_base" },
        "north": { "uv": [ 6.5, 3, 9, 12.5 ], "texture": "#anvil_base" },
        "south": { "uv": [ 6.5, 3, 9, 12.5 ], "texture": "#anvil_base" },
        "west":  { "uv": [ 6, 2.5, 8.5, 12 ], "texture": "#anvil_base" },
        "east":  { "uv": [ 6, 2.5, 8.5, 12 ], "texture": "#anvil_base" }
    }
},
{
    "__comment": "blade*",
    "from": [ 7.5, 21, 3.75 ],
    "to": [ 8.5, 27, 9.75 ],
    "rotation": { "origin": [ 7.5, 27, 3.75 ], "axis": "x", "angle": -45 },
    "faces": {
        "down":  { "uv": [ 3, 3, 4, 4 ], "texture": "#poep" },
        "up":    { "uv": [ 3, 3, 4, 4 ], "texture": "#poep" },
        "north": { "uv": [ 3, 3, 4, 4 ], "texture": "#poep" },
        "south": { "uv": [ 3, 3, 4, 4 ], "texture": "#poep" },
        "west":  { "uv": [ 3, 3, 4, 4 ], "texture": "#poep" },
        "east":  { "uv": [ 3, 3, 4, 4 ], "texture": "#poep" }
    }
},
{
    "from": [ 5.875, -3, 7.99632 ],
    "to": [ 8.875, -1.5, 10.9963 ],
    "rotation": { "origin": [ 5.875, -3, 7.99632 ], "axis": "y", "angle": 45 },
    "faces": {
        "down":  { "uv": [ 12, 10, 9, 7 ], "texture": "#texture" },
        "up":    { "uv": [ 4, 7, 7, 10 ], "texture": "#texture" },
        "north": { "uv": [ 9, 0, 12, 1 ], "texture": "#texture" },
        "south": { "uv": [ 4, 0, 7, 1 ], "texture": "#texture" },
        "west":  { "uv": [ 7, 0, 10, 1 ], "texture": "#texture" },
        "east":  { "uv": [ 6, 0, 9, 1 ], "texture": "#texture" }
    }
},
{
    "from": [ 5.875, -15.5, 8 ],
    "to": [ 8.875, -14, 11 ],
    "rotation": { "origin": [ 5.875, -15.5, 8 ], "axis": "y", "angle": 45 },
    "faces": {
        "down":  { "uv": [ 12, 10, 9, 7 ], "texture": "#texture" },
        "up":    { "uv": [ 4, 7, 7, 10 ], "texture": "#texture" },
        "north": { "uv": [ 9, 0, 12, 1 ], "texture": "#texture" },
        "south": { "uv": [ 4, 0, 7, 1 ], "texture": "#texture" },
        "west":  { "uv": [ 7, 0, 10, 1 ], "texture": "#texture" },
        "east":  { "uv": [ 6, 0, 9, 1 ], "texture": "#texture" }
    }
},
{
    "__comment": "blade*",
    "from": [ 7.5, 15, 3.75 ],
    "to": [ 8.5, 21, 9.75 ],
    "rotation": { "origin": [ 7.5, 21, 3.75 ], "axis": "x", "angle": -45 },
    "faces": {
        "down":  { "uv": [ 3, 3, 4, 4 ], "texture": "#poep" },
        "up":    { "uv": [ 3, 3, 4, 4 ], "texture": "#poep" },
        "north": { "uv": [ 3, 3, 4, 4 ], "texture": "#poep" },
        "south": { "uv": [ 3, 3, 4, 4 ], "texture": "#poep" },
        "west":  { "uv": [ 3, 3, 4, 4 ], "texture": "#poep" },
        "east":  { "uv": [ 3, 3, 4, 4 ], "texture": "#poep" }
    }
},
{
    "__comment": "vleermuis*",
    "from": [ 7, 4, 7.5 ],
    "to": [ 9, 27, 8.5 ],
    "faces": {
        "down":  { "uv": [ 7, 7.5, 9, 8.5 ], "texture": "#texture" },
        "up":    { "uv": [ 7, 7.5, 9, 8.5 ], "texture": "#texture" },
        "north": { "uv": [ 3, 5.5, 4, 8.5 ], "texture": "#texture" },
        "south": { "uv": [ 3, 5.5, 4, 8.5 ], "texture": "#texture" },
        "west":  { "uv": [ 3.5, 5, 4.5, 8 ], "texture": "#texture" },
        "east":  { "uv": [ 3.5, 5, 4.5, 8 ], "texture": "#texture" }
    }
},
{
    "__comment": "vleermuis*",
    "from": [ 7, 25, 6.5625 ],
    "to": [ 9, 27, 8.5625 ],
    "rotation": { "origin": [ 7, 27, 6.5625 ], "axis": "x", "angle": -45 },
    "faces": {
        "down":  { "uv": [ 3, 5.5, 5, 7.5 ], "texture": "#texture" },
        "up":    { "uv": [ 3, 5.5, 5, 7.5 ], "texture": "#texture" },
        "north": { "uv": [ 3, 5.5, 5, 8 ], "texture": "#texture" },
        "south": { "uv": [ 3, 5.5, 5, 8 ], "texture": "#texture" },
        "west":  { "uv": [ 3, 5.5, 5, 8 ], "texture": "#texture" },
        "east":  { "uv": [ 3, 5.5, 5, 8 ], "texture": "#texture" }
    }
}
],
"display": {
    "thirdperson_righthand": {
        "rotation": [ 0, 0, 0 ],
        "translation": [ 0, 5.8, 1.4 ],
        "scale": [ 0.5, 0.5, 0.5 ]
    },
    "head": {
        "rotation": [ 11, -11, -75 ],
        "translation": [ -9.45, 6.99, -2.65 ],
        "scale": [ 0.8, 0.8, 0.8 ]
    },
    "firstperson_righthand": {
        "rotation": [ 0, 0, 0 ],
        "translation": [ 0, 0, 0 ],
        "scale": [ 0.4, 0.6, 0.6 ]
    },
    "gui": {
        "rotation": [ 77, 41, -75 ],
        "translation": [ 0, 0, 0 ],
        "scale": [ 0.4, 0.4, 0.4 ]
    }
}
}