{
    "__comment": "Model generated using MrCrayfish's Model Creator (http://mrcrayfish.com/modelcreator/)",
    "textures": {
        "0": "blocks/quartz_block_top",
        "1": "blocks/gold_block"
    },
    "elements": [
        {
            "name": "Cube",
            "from": [ 7.5, 0.0, 14.0 ], 
            "to": [ 8.5, 1.0, 15.5 ], 
            "faces": {
                "north": { "texture": "#0", "uv": [ 0.0, 0.0, 1.0, 1.0 ] },
                "east": { "texture": "#0", "uv": [ 0.0, 0.0, 1.5, 1.0 ] },
                "south": { "texture": "#0", "uv": [ 0.0, 0.0, 1.0, 1.0 ] },
                "west": { "texture": "#0", "uv": [ 0.0, 0.0, 1.5, 1.0 ] },
                "up": { "texture": "#0", "uv": [ 0.0, 0.0, 1.0, 1.5 ] },
                "down": { "texture": "#0", "uv": [ 0.0, 0.0, 1.0, 1.5 ] }
            }
        },
        {
            "name": "Cube",
            "from": [ 7.25, -0.25, 12.0 ], 
            "to": [ 8.75, 1.25, 14.0 ], 
            "faces": {
                "north": { "texture": "#0", "uv": [ 0.0, 0.0, 1.5, 1.5 ] },
                "east": { "texture": "#0", "uv": [ 0.0, 0.0, 2.0, 1.5 ] },
                "south": { "texture": "#0", "uv": [ 0.0, 0.0, 1.5, 1.5 ] },
                "west": { "texture": "#0", "uv": [ 0.0, 0.0, 2.0, 1.5 ] },
                "up": { "texture": "#0", "uv": [ 0.0, 0.0, 1.5, 2.0 ] },
                "down": { "texture": "#0", "uv": [ 0.0, 0.0, 1.5, 2.0 ] }
            }
        },
        {
            "name": "Cube",
            "from": [ 7.0, 1.75, 13.0 ], 
            "to": [ 9.0, 3.75, 15.0 ], 
            "rotation": { "origin": [ 8.0, 8.0, 8.0 ], "axis": "x", "angle": 22.5 },
            "faces": {
                "north": { "texture": "#0", "uv": [ 0.0, 0.0, 2.0, 2.0 ] },
                "east": { "texture": "#0", "uv": [ 0.0, 0.0, 2.0, 2.0 ] },
                "south": { "texture": "#0", "uv": [ 0.0, 0.0, 2.0, 2.0 ] },
                "west": { "texture": "#0", "uv": [ 0.0, 0.0, 2.0, 2.0 ] },
                "up": { "texture": "#0", "uv": [ 0.0, 0.0, 2.0, 2.0 ] },
                "down": { "texture": "#0", "uv": [ 0.0, 0.0, 2.0, 2.0 ] }
            }
        },
        {
            "name": "Cube",
            "from": [ 6.75, 1.5, 11.0 ], 
            "to": [ 9.25, 4.0, 13.0 ], 
            "rotation": { "origin": [ 8.0, 8.0, 8.0 ], "axis": "x", "angle": 22.5 },
            "faces": {
                "north": { "texture": "#0", "uv": [ 0.0, 0.0, 2.5, 2.5 ] },
                "east": { "texture": "#0", "uv": [ 0.0, 0.0, 2.0, 2.5 ] },
                "south": { "texture": "#0", "uv": [ 0.0, 0.0, 2.5, 2.5 ] },
                "west": { "texture": "#0", "uv": [ 0.0, 0.0, 2.0, 2.5 ] },
                "up": { "texture": "#0", "uv": [ 0.0, 0.0, 2.5, 2.0 ] },
                "down": { "texture": "#0", "uv": [ 0.0, 0.0, 2.5, 2.0 ] }
            }
        },
        {
            "name": "Cube",
            "from": [ 6.5, 3.05, 11.4 ], 
            "to": [ 9.5, 6.05, 13.4 ], 
            "rotation": { "origin": [ 8.0, 8.0, 8.0 ], "axis": "x", "angle": 45.0 },
            "faces": {
                "north": { "texture": "#0", "uv": [ 0.0, 0.0, 3.0, 3.0 ] },
                "east": { "texture": "#0", "uv": [ 0.0, 0.0, 2.0, 3.0 ] },
                "south": { "texture": "#0", "uv": [ 0.0, 0.0, 3.0, 3.0 ] },
                "west": { "texture": "#0", "uv": [ 0.0, 0.0, 2.0, 3.0 ] },
                "up": { "texture": "#0", "uv": [ 0.0, 0.0, 3.0, 2.0 ] },
                "down": { "texture": "#0", "uv": [ 0.0, 0.0, 3.0, 2.0 ] }
            }
        },
        {
            "name": "Cube",
            "from": [ 6.25, 2.75, 9.4 ], 
            "to": [ 9.75, 6.25, 11.4 ], 
            "rotation": { "origin": [ 8.0, 8.0, 8.0 ], "axis": "x", "angle": 45.0 },
            "faces": {
                "north": { "texture": "#0", "uv": [ 0.0, 0.0, 3.5, 3.5 ] },
                "east": { "texture": "#0", "uv": [ 0.0, 0.0, 2.0, 3.5 ] },
                "south": { "texture": "#0", "uv": [ 0.0, 0.0, 3.5, 3.5 ] },
                "west": { "texture": "#0", "uv": [ 0.0, 0.0, 2.0, 3.5 ] },
                "up": { "texture": "#0", "uv": [ 0.0, 0.0, 3.5, 2.0 ] },
                "down": { "texture": "#0", "uv": [ 0.0, 0.0, 3.5, 2.0 ] }
            }
        },
        {
            "name": "Cube",
            "from": [ 7.5, 0.0, 15.5 ], 
            "to": [ 8.5, 1.0, 16.0 ], 
            "faces": {
                "north": { "texture": "#1", "uv": [ 0.0, 0.0, 1.0, 1.0 ] },
                "east": { "texture": "#1", "uv": [ 0.0, 0.0, 0.5, 1.0 ] },
                "south": { "texture": "#1", "uv": [ 0.0, 0.0, 1.0, 1.0 ] },
                "west": { "texture": "#1", "uv": [ 0.0, 0.0, 0.5, 1.0 ] },
                "up": { "texture": "#1", "uv": [ 0.0, 0.0, 1.0, 0.5 ] },
                "down": { "texture": "#1", "uv": [ 0.0, 0.0, 1.0, 0.5 ] }
            }
        },
        {
            "name": "Cube",
            "from": [ 6.0, 2.75, 9.2 ], 
            "to": [ 6.7, 6.45, 10.2 ], 
            "rotation": { "origin": [ 8.0, 8.0, 8.0 ], "axis": "x", "angle": 45.0 },
            "faces": {
                "north": { "texture": "#1", "uv": [ 0.0, 0.0, 0.7000000000000002, 3.7 ] },
                "east": { "texture": "#1", "uv": [ 0.0, 0.0, 1.0, 3.7 ] },
                "south": { "texture": "#1", "uv": [ 0.0, 0.0, 0.7000000000000002, 3.7 ] },
                "west": { "texture": "#1", "uv": [ 0.0, 0.0, 1.0, 3.7 ] },
                "up": { "texture": "#1", "uv": [ 0.0, 0.0, 0.7000000000000002, 1.0 ] },
                "down": { "texture": "#1", "uv": [ 0.0, 0.0, 0.7000000000000002, 1.0 ] }
            }
        },
        {
            "name": "Cube",
            "from": [ 9.25, 2.75, 9.2 ], 
            "to": [ 9.95, 6.45, 10.2 ], 
            "rotation": { "origin": [ 8.0, 8.0, 8.0 ], "axis": "x", "angle": 45.0 },
            "faces": {
                "north": { "texture": "#1", "uv": [ 0.0, 0.0, 0.7000000000000002, 3.7 ] },
                "east": { "texture": "#1", "uv": [ 0.0, 0.0, 1.0, 3.7 ] },
                "south": { "texture": "#1", "uv": [ 0.0, 0.0, 0.7000000000000002, 3.7 ] },
                "west": { "texture": "#1", "uv": [ 0.0, 0.0, 1.0, 3.7 ] },
                "up": { "texture": "#1", "uv": [ 0.0, 0.0, 0.7000000000000002, 1.0 ] },
                "down": { "texture": "#1", "uv": [ 0.0, 0.0, 0.7000000000000002, 1.0 ] }
            }
        },
        {
            "name": "Cube",
            "from": [ 6.0, 5.75, 9.2 ], 
            "to": [ 9.7, 6.45, 10.2 ], 
            "rotation": { "origin": [ 8.0, 8.0, 8.0 ], "axis": "x", "angle": 45.0 },
            "faces": {
                "north": { "texture": "#1", "uv": [ 0.0, 0.0, 3.7, 0.7000000000000002 ] },
                "east": { "texture": "#1", "uv": [ 0.0, 0.0, 1.0, 0.7000000000000002 ] },
                "south": { "texture": "#1", "uv": [ 0.0, 0.0, 3.7, 0.7000000000000002 ] },
                "west": { "texture": "#1", "uv": [ 0.0, 0.0, 1.0, 0.7000000000000002 ] },
                "up": { "texture": "#1", "uv": [ 0.0, 0.0, 3.7, 1.0 ] },
                "down": { "texture": "#1", "uv": [ 0.0, 0.0, 3.7, 1.0 ] }
            }
        },
        {
            "name": "Cube",
            "from": [ 6.0, 2.7, 9.2 ], 
            "to": [ 9.9, 3.4000000000000004, 10.2 ], 
            "rotation": { "origin": [ 8.0, 8.0, 8.0 ], "axis": "x", "angle": 45.0 },
            "faces": {
                "north": { "texture": "#1", "uv": [ 0.0, 0.0, 3.9, 0.7000000000000002 ] },
                "east": { "texture": "#1", "uv": [ 0.0, 0.0, 1.0, 0.7000000000000002 ] },
                "south": { "texture": "#1", "uv": [ 0.0, 0.0, 3.9, 0.7000000000000002 ] },
                "west": { "texture": "#1", "uv": [ 0.0, 0.0, 1.0, 0.7000000000000002 ] },
                "up": { "texture": "#1", "uv": [ 0.0, 0.0, 3.9, 1.0 ] },
                "down": { "texture": "#1", "uv": [ 0.0, 0.0, 3.9, 1.0 ] }
            }
        }
	],
"display": {
    "thirdperson_righthand": {
        "rotation": [ 26, 0, 0 ],
        "translation": [ 0, 14.17, -4.72 ],
        "scale": [ 1.5, 1.5, 1.5 ]
    }
}
}