{
    "__comment": "Model generated using MrCrayfish's Model Creator (http://mrcrayfish.com/modelcreator/)",
    "textures": {
        "0": "blocks/hardened_clay_stained_black",
        "1": "blocks/hardened_clay_stained_white",
        "2": "blocks/hardened_clay_stained_red",
        "3": "blocks/ladder",
        "4": "blocks/hardened_clay_stained_green",
        "5": "blocks/hardened_clay_stained_yellow",
        "6": "blocks/flower_allium",
        "7": "blocks/flower_rose",
        "8": "blocks/flower_paeonia",
        "9": "blocks/flower_houstonia",
        "10": "blocks/flower_blue_orchid",
        "11": "blocks/flower_tulip_orange",
        "12": "blocks/gold_block",
        "13": "blocks/iron_block"
    },
    "elements": [
        {
            "name": "Cube",
            "from": [ 0.0, 0.0, 0.0 ], 
            "to": [ 16.0, 1.5, 16.0 ], 
            "faces": {
                "north": { "texture": "#0", "uv": [ 0.0, 0.0, 16.0, 1.5 ] },
                "east": { "texture": "#0", "uv": [ 0.0, 0.0, 16.0, 1.5 ] },
                "south": { "texture": "#0", "uv": [ 0.0, 0.0, 16.0, 1.5 ] },
                "west": { "texture": "#0", "uv": [ 0.0, 0.0, 16.0, 1.5 ] },
                "up": { "texture": "#0", "uv": [ 0.0, 0.0, 16.0, 16.0 ] },
                "down": { "texture": "#0", "uv": [ 0.0, 0.0, 16.0, 16.0 ] }
            }
        },
        {
            "name": "Cube",
            "from": [ 2.0, 0.5, 2.0 ], 
            "to": [ 14.0, 7.8, 14.0 ], 
            "faces": {
                "north": { "texture": "#0", "uv": [ 0.0, 0.0, 12.0, 7.0 ] },
                "east": { "texture": "#0", "uv": [ 0.0, 0.0, 12.0, 7.0 ] },
                "south": { "texture": "#0", "uv": [ 0.0, 0.0, 12.0, 7.0 ] },
                "west": { "texture": "#0", "uv": [ 0.0, 0.0, 12.0, 7.0 ] },
                "up": { "texture": "#0", "uv": [ 0.0, 0.0, 12.0, 12.0 ] },
                "down": { "texture": "#0", "uv": [ 0.0, 0.0, 12.0, 12.0 ] }
            }
        },
        {
            "name": "Cube",
            "from": [ 1.7000000000000002, 1.5, 1.7000000000000002 ], 
            "to": [ 14.3, 2.8, 14.3 ], 
            "faces": {
                "north": { "texture": "#1", "uv": [ 0.0, 0.0, 12.6, 1.3 ] },
                "east": { "texture": "#1", "uv": [ 0.0, 0.0, 12.6, 1.3 ] },
                "south": { "texture": "#1", "uv": [ 0.0, 0.0, 12.6, 1.3 ] },
                "west": { "texture": "#1", "uv": [ 0.0, 0.0, 12.6, 1.3 ] },
                "up": { "texture": "#1", "uv": [ 0.0, 0.0, 12.6, 12.6 ] },
                "down": { "texture": "#1", "uv": [ 0.0, 0.0, 12.6, 12.6 ] }
            }
        },
        {
            "name": "Cube",
            "from": [ 2.5, 1.9, 1.5 ], 
            "to": [ 3.0, 2.4, 14.5 ], 
            "faces": {
                "north": { "texture": "#0", "uv": [ 0.0, 0.0, 0.5, 0.5 ] },
                "east": { "texture": "#0", "uv": [ 0.0, 0.0, 13.0, 0.5 ] },
                "south": { "texture": "#0", "uv": [ 0.0, 0.0, 0.5, 0.5 ] },
                "west": { "texture": "#0", "uv": [ 0.0, 0.0, 13.0, 0.5 ] },
                "up": { "texture": "#0", "uv": [ 0.0, 0.0, 0.5, 13.0 ] },
                "down": { "texture": "#0", "uv": [ 0.0, 0.0, 0.5, 13.0 ] }
            }
        },
        {
            "name": "Cube",
            "from": [ 13.0, 1.9, 1.5 ], 
            "to": [ 13.5, 2.4, 14.5 ], 
            "faces": {
                "north": { "texture": "#0", "uv": [ 0.0, 0.0, 0.5, 0.5 ] },
                "east": { "texture": "#0", "uv": [ 0.0, 0.0, 13.0, 0.5 ] },
                "south": { "texture": "#0", "uv": [ 0.0, 0.0, 0.5, 0.5 ] },
                "west": { "texture": "#0", "uv": [ 0.0, 0.0, 13.0, 0.5 ] },
                "up": { "texture": "#0", "uv": [ 0.0, 0.0, 0.5, 13.0 ] },
                "down": { "texture": "#0", "uv": [ 0.0, 0.0, 0.5, 13.0 ] }
            }
        },
        {
            "name": "Cube",
            "from": [ 1.5, 1.9000000000000004, 2.5 ], 
            "to": [ 14.5, 2.4000000000000004, 3.0 ], 
            "faces": {
                "north": { "texture": "#0", "uv": [ 0.0, 0.0, 13.0, 0.5 ] },
                "east": { "texture": "#0", "uv": [ 0.0, 0.0, 0.5, 0.5 ] },
                "south": { "texture": "#0", "uv": [ 0.0, 0.0, 13.0, 0.5 ] },
                "west": { "texture": "#0", "uv": [ 0.0, 0.0, 0.5, 0.5 ] },
                "up": { "texture": "#0", "uv": [ 0.0, 0.0, 13.0, 0.5 ] },
                "down": { "texture": "#0", "uv": [ 0.0, 0.0, 13.0, 0.5 ] }
            }
        },
        {
            "name": "Cube",
            "from": [ 1.5, 1.9000000000000004, 13.0 ], 
            "to": [ 14.5, 2.4000000000000004, 13.5 ], 
            "faces": {
                "north": { "texture": "#0", "uv": [ 0.0, 0.0, 13.0, 0.5 ] },
                "east": { "texture": "#0", "uv": [ 0.0, 0.0, 0.5, 0.5 ] },
                "south": { "texture": "#0", "uv": [ 0.0, 0.0, 13.0, 0.5 ] },
                "west": { "texture": "#0", "uv": [ 0.0, 0.0, 0.5, 0.5 ] },
                "up": { "texture": "#0", "uv": [ 0.0, 0.0, 13.0, 0.5 ] },
                "down": { "texture": "#0", "uv": [ 0.0, 0.0, 13.0, 0.5 ] }
            }
        },
        {
            "name": "Cube",
            "from": [ 3.0, 6.25, 3.0 ], 
            "to": [ 13.0, 8.25, 13.0 ], 
            "faces": {
                "north": { "texture": "#0", "uv": [ 0.0, 0.0, 10.0, 2.0 ] },
                "east": { "texture": "#0", "uv": [ 0.0, 0.0, 10.0, 2.0 ] },
                "south": { "texture": "#0", "uv": [ 0.0, 0.0, 10.0, 2.0 ] },
                "west": { "texture": "#0", "uv": [ 0.0, 0.0, 10.0, 2.0 ] },
                "up": { "texture": "#0", "uv": [ 0.0, 0.0, 10.0, 10.0 ] },
                "down": { "texture": "#0", "uv": [ 0.0, 0.0, 10.0, 10.0 ] }
            }
        },
        {
            "name": "Cube",
            "from": [ -1.0, 5.9, 0.0 ], 
            "to": [ 15.0, 7.4, 16.0 ], 
            "rotation": { "origin": [ 9.0, 8.0, 8.0 ], "axis": "z", "angle": 22.5 },
            "faces": {
                "north": { "texture": "#2", "uv": [ 0.0, 0.0, 16.0, 1.5 ] },
                "east": { "texture": "#2", "uv": [ 0.0, 0.0, 16.0, 1.5 ] },
                "south": { "texture": "#2", "uv": [ 0.0, 0.0, 16.0, 1.5 ] },
                "west": { "texture": "#2", "uv": [ 0.0, 0.0, 16.0, 1.5 ] },
                "up": { "texture": "#2", "uv": [ 0.0, 0.0, 16.0, 16.0 ] },
                "down": { "texture": "#2", "uv": [ 0.0, 0.0, 16.0, 16.0 ] }
            }
        },
        {
            "name": "Cube",
            "from": [ 1.0, 6.9, 1.95 ], 
            "to": [ 13.0, 12.4, 14.049999999999999 ], 
            "rotation": { "origin": [ 9.0, 8.0, 8.0 ], "axis": "z", "angle": 22.5 },
            "faces": {
                "north": { "texture": "#2", "uv": [ 0.0, 0.0, 16.0, 1.5 ] },
                "east": { "texture": "#2", "uv": [ 0.0, 0.0, 16.0, 1.5 ] },
                "south": { "texture": "#2", "uv": [ 0.0, 0.0, 16.0, 1.5 ] },
                "west": { "texture": "#2", "uv": [ 0.0, 0.0, 16.0, 1.5 ] },
                "up": { "texture": "#2", "uv": [ 0.0, 0.0, 16.0, 16.0 ] },
                "down": { "texture": "#2", "uv": [ 0.0, 0.0, 16.0, 16.0 ] }
            }
        },
        {
            "name": "Cube",
            "from": [ 0.9, 6.9, 1.85 ], 
            "to": [ 13.3, 8.4, 14.25 ], 
            "rotation": { "origin": [ 9.0, 8.0, 8.0 ], "axis": "z", "angle": 22.5 },
            "faces": {
                "north": { "texture": "#0", "uv": [ 0.0, 0.0, 16.0, 1.5 ] },
                "east": { "texture": "#0", "uv": [ 0.0, 0.0, 16.0, 1.5 ] },
                "south": { "texture": "#0", "uv": [ 0.0, 0.0, 16.0, 1.5 ] },
                "west": { "texture": "#0", "uv": [ 0.0, 0.0, 16.0, 1.5 ] },
                "up": { "texture": "#0", "uv": [ 0.0, 0.0, 16.0, 16.0 ] },
                "down": { "texture": "#0", "uv": [ 0.0, 0.0, 16.0, 16.0 ] }
            }
        },
        {
            "name": "Cube",
            "from": [ 0.92, 6.85, 1.87 ], 
            "to": [ 13.12, 12.35, 14.120000000000001 ], 
            "rotation": { "origin": [ 9.0, 8.0, 8.0 ], "axis": "z", "angle": 22.5 },
            "faces": {
                "north": { "texture": "#3", "uv": [ 0.0, 0.0, 16.0, 1.5 ] },
                "east": { "texture": "#3", "uv": [ 0.0, 0.0, 16.0, 1.5 ] },
                "south": { "texture": "#3", "uv": [ 0.0, 0.0, 16.0, 1.5 ] },
                "west": { "texture": "#3", "uv": [ 0.0, 0.0, 16.0, 1.5 ] },
                "up": { "texture": "#3", "uv": [ 0.0, 0.0, 16.0, 16.0 ] },
                "down": { "texture": "#3", "uv": [ 0.0, 0.0, 16.0, 16.0 ] }
            }
        },
        {
            "name": "Cube",
            "from": [ 0.0, 10.0, 0.0 ], 
            "to": [ 16.0, 11.5, 16.0 ], 
            "faces": {
                "north": { "texture": "#4", "uv": [ 0.0, 0.0, 16.0, 1.5 ] },
                "east": { "texture": "#4", "uv": [ 0.0, 0.0, 16.0, 1.5 ] },
                "south": { "texture": "#4", "uv": [ 0.0, 0.0, 16.0, 1.5 ] },
                "west": { "texture": "#4", "uv": [ 0.0, 0.0, 16.0, 1.5 ] },
                "up": { "texture": "#4", "uv": [ 0.0, 0.0, 16.0, 16.0 ] },
                "down": { "texture": "#4", "uv": [ 0.0, 0.0, 16.0, 16.0 ] }
            }
        },
        {
            "name": "Cube",
            "from": [ 2.0, 11.0, 1.8 ], 
            "to": [ 14.0, 18.3, 14.200000000000001 ], 
            "faces": {
                "north": { "texture": "#4", "uv": [ 0.0, 0.0, 16.0, 1.5 ] },
                "east": { "texture": "#4", "uv": [ 0.0, 0.0, 16.0, 1.5 ] },
                "south": { "texture": "#4", "uv": [ 0.0, 0.0, 16.0, 1.5 ] },
                "west": { "texture": "#4", "uv": [ 0.0, 0.0, 16.0, 1.5 ] },
                "up": { "texture": "#4", "uv": [ 0.0, 0.0, 16.0, 16.0 ] },
                "down": { "texture": "#4", "uv": [ 0.0, 0.0, 16.0, 16.0 ] }
            }
        },
        {
            "name": "Cube",
            "from": [ 1.6, 11.0, 1.5 ], 
            "to": [ 14.4, 12.5, 14.5 ], 
            "faces": {
                "north": { "texture": "#5", "uv": [ 0.0, 0.0, 16.0, 1.5 ] },
                "east": { "texture": "#5", "uv": [ 0.0, 0.0, 16.0, 1.5 ] },
                "south": { "texture": "#5", "uv": [ 0.0, 0.0, 16.0, 1.5 ] },
                "west": { "texture": "#5", "uv": [ 0.0, 0.0, 16.0, 1.5 ] },
                "up": { "texture": "#5", "uv": [ 0.0, 0.0, 16.0, 16.0 ] },
                "down": { "texture": "#5", "uv": [ 0.0, 0.0, 16.0, 16.0 ] }
            }
        },
        {
            "name": "Cube",
            "from": [ 4.0, 13.0, 13.3 ], 
            "to": [ 8.0, 16.0, 14.3 ], 
            "faces": {
                "north": { "texture": "#6", "uv": [ 0.0, 0.0, 4.0, 3.0 ] },
                "east": { "texture": "#6", "uv": [ 0.0, 0.0, 1.0, 3.0 ] },
                "south": { "texture": "#6", "uv": [ 4.0, 2.0, 11.0, 7.0 ] },
                "west": { "texture": "#6", "uv": [ 0.0, 0.0, 1.0, 3.0 ] },
                "up": { "texture": "#6", "uv": [ 0.0, 0.0, 4.0, 1.0 ] },
                "down": { "texture": "#6", "uv": [ 0.0, 0.0, 4.0, 1.0 ] }
            }
        },
        {
            "name": "Cube",
            "from": [ 9.0, 15.0, 13.3 ], 
            "to": [ 13.0, 18.0, 14.3 ], 
            "faces": {
                "north": { "texture": "#7", "uv": [ 0.0, 0.0, 4.0, 3.0 ] },
                "east": { "texture": "#7", "uv": [ 0.0, 0.0, 1.0, 3.0 ] },
                "south": { "texture": "#7", "uv": [ 4.0, 4.0, 11.0, 9.0 ] },
                "west": { "texture": "#7", "uv": [ 0.0, 0.0, 1.0, 3.0 ] },
                "up": { "texture": "#7", "uv": [ 0.0, 0.0, 4.0, 1.0 ] },
                "down": { "texture": "#7", "uv": [ 0.0, 0.0, 4.0, 1.0 ] }
            }
        },
        {
            "name": "Cube",
            "from": [ 1.9, 12.0, 4.0 ], 
            "to": [ 2.9, 15.0, 7.0 ], 
            "faces": {
                "north": { "texture": "#8", "uv": [ 0.0, 0.0, 1.0, 3.0 ] },
                "east": { "texture": "#8", "uv": [ 5.0, 4.0, 8.0, 7.0 ] },
                "south": { "texture": "#8", "uv": [ 0.0, 0.0, 1.0, 3.0 ] },
                "west": { "texture": "#8", "uv": [ 4.0, 2.0, 12.0, 10.0 ] },
                "up": { "texture": "#8", "uv": [ 0.0, 0.0, 1.0, 3.0 ] },
                "down": { "texture": "#8", "uv": [ 0.0, 0.0, 1.0, 3.0 ] }
            }
        },
        {
            "name": "Cube",
            "from": [ 1.9, 14.0, 9.0 ], 
            "to": [ 2.9, 17.0, 12.0 ], 
            "faces": {
                "north": { "texture": "#9", "uv": [ 0.0, 0.0, 1.0, 3.0 ] },
                "east": { "texture": "#9", "uv": [ 5.0, 4.0, 8.0, 7.0 ] },
                "south": { "texture": "#9", "uv": [ 0.0, 0.0, 1.0, 3.0 ] },
                "west": { "texture": "#9", "uv": [ 3.0, 6.0, 12.0, 16.0 ] },
                "up": { "texture": "#9", "uv": [ 0.0, 0.0, 1.0, 3.0 ] },
                "down": { "texture": "#9", "uv": [ 0.0, 0.0, 1.0, 3.0 ] }
            }
        },
        {
            "name": "Cube",
            "from": [ 4.0, 12.5, 1.7 ], 
            "to": [ 8.0, 15.5, 2.7 ], 
            "faces": {
                "north": { "texture": "#10", "uv": [ 3.0, 2.0, 12.0, 10.0 ] },
                "east": { "texture": "#10", "uv": [ 0.0, 0.0, 1.0, 3.0 ] },
                "south": { "texture": "#10", "uv": [ 4.0, 2.0, 11.0, 7.0 ] },
                "west": { "texture": "#10", "uv": [ 0.0, 0.0, 1.0, 3.0 ] },
                "up": { "texture": "#10", "uv": [ 0.0, 0.0, 4.0, 1.0 ] },
                "down": { "texture": "#10", "uv": [ 0.0, 0.0, 4.0, 1.0 ] }
            }
        },
        {
            "name": "Cube",
            "from": [ 9.0, 12.5, 1.7 ], 
            "to": [ 13.0, 17.5, 2.7 ], 
            "faces": {
                "north": { "texture": "#11", "uv": [ 3.0, 2.0, 13.0, 16.0 ] },
                "east": { "texture": "#10", "uv": [ 0.0, 0.0, 1.0, 3.0 ] },
                "south": { "texture": "#10", "uv": [ 4.0, 2.0, 11.0, 7.0 ] },
                "west": { "texture": "#10", "uv": [ 0.0, 0.0, 1.0, 3.0 ] },
                "up": { "texture": "#10", "uv": [ 0.0, 0.0, 4.0, 1.0 ] },
                "down": { "texture": "#10", "uv": [ 0.0, 0.0, 4.0, 1.0 ] }
            }
        },
        {
            "name": "Cube",
            "from": [ 13.1, 12.0, 4.0 ], 
            "to": [ 14.1, 15.0, 7.0 ], 
            "faces": {
                "north": { "texture": "#6", "uv": [ 0.0, 0.0, 1.0, 3.0 ] },
                "east": { "texture": "#6", "uv": [ 4.0, 2.0, 11.0, 10.0 ] },
                "south": { "texture": "#6", "uv": [ 0.0, 0.0, 1.0, 3.0 ] },
                "west": { "texture": "#6", "uv": [ 4.0, 2.0, 11.0, 10.0 ] },
                "up": { "texture": "#6", "uv": [ 0.0, 0.0, 1.0, 3.0 ] },
                "down": { "texture": "#6", "uv": [ 0.0, 0.0, 1.0, 3.0 ] }
            }
        },
        {
            "name": "Cube",
            "from": [ 13.1, 14.0, 9.0 ], 
            "to": [ 14.1, 17.0, 12.0 ], 
            "faces": {
                "north": { "texture": "#9", "uv": [ 0.0, 0.0, 1.0, 3.0 ] },
                "east": { "texture": "#9", "uv": [ 4.0, 6.0, 11.0, 14.0 ] },
                "south": { "texture": "#9", "uv": [ 0.0, 0.0, 1.0, 3.0 ] },
                "west": { "texture": "#9", "uv": [ 4.0, 4.0, 11.0, 12.0 ] },
                "up": { "texture": "#9", "uv": [ 0.0, 0.0, 1.0, 3.0 ] },
                "down": { "texture": "#9", "uv": [ 0.0, 0.0, 1.0, 3.0 ] }
            }
        },
        {
            "name": "Cube",
            "from": [ -2.0, 16.0, 0.0 ], 
            "to": [ 14.0, 17.5, 16.0 ], 
            "rotation": { "origin": [ 8.0, 8.0, 8.0 ], "axis": "z", "angle": -22.5 },
            "faces": {
                "north": { "texture": "#12", "uv": [ 0.0, 6.0, 16.0, 9.5 ] },
                "east": { "texture": "#12", "uv": [ 0.0, 6.0, 16.0, 9.5 ] },
                "south": { "texture": "#12", "uv": [ 0.0, 6.0, 16.0, 9.5 ] },
                "west": { "texture": "#12", "uv": [ 0.0, 6.0, 16.0, 9.5 ] },
                "up": { "texture": "#12", "uv": [ 0.0, 0.0, 16.0, 16.0 ] },
                "down": { "texture": "#12", "uv": [ 0.0, 0.0, 16.0, 16.0 ] }
            }
        },
        {
            "name": "Cube",
            "from": [ -0.25, 17.0, 1.65 ], 
            "to": [ 12.25, 24.3, 14.35 ], 
            "rotation": { "origin": [ 8.0, 8.0, 8.0 ], "axis": "z", "angle": -22.5 },
            "faces": {
                "north": { "texture": "#12", "uv": [ 0.0, 0.0, 16.0, 15.5 ] },
                "east": { "texture": "#12", "uv": [ 0.0, 0.0, 16.0, 15.5 ] },
                "south": { "texture": "#12", "uv": [ 0.0, 0.0, 16.0, 15.5 ] },
                "west": { "texture": "#12", "uv": [ 0.0, 0.0, 16.0, 15.5 ] },
                "up": { "texture": "#12", "uv": [ 0.0, 0.0, 16.0, 16.0 ] },
                "down": { "texture": "#12", "uv": [ 0.0, 0.0, 16.0, 16.0 ] }
            }
        },
        {
            "name": "Cube",
            "from": [ -0.3, 17.3, 1.6 ], 
            "to": [ 12.399999999999999, 18.6, 14.5 ], 
            "rotation": { "origin": [ 8.0, 8.0, 8.0 ], "axis": "z", "angle": -22.5 },
            "faces": {
                "north": { "texture": "#13", "uv": [ 3.0, 4.0, 13.0, 7.5 ] },
                "east": { "texture": "#13", "uv": [ 3.0, 4.0, 13.0, 8.5 ] },
                "south": { "texture": "#13", "uv": [ 3.0, 4.0, 13.0, 7.5 ] },
                "west": { "texture": "#13", "uv": [ 4.0, 4.0, 13.0, 7.5 ] },
                "up": { "texture": "#13", "uv": [ 0.0, 0.0, 16.0, 16.0 ] },
                "down": { "texture": "#13", "uv": [ 0.0, 0.0, 16.0, 16.0 ] }
            }
        }
	],
"display": {
    "head": {
        "rotation": [ 0, 0, 0 ],
        "translation": [ 0, 13.04, 0 ],
        "scale": [ 1.25, 1.25, 1.25 ]
    },
    "gui": {
        "rotation": [ 0, 0, 0 ],
        "translation": [ 0.38, -2.65, 0 ],
        "scale": [ 0.55, 0.55, 0.55 ]
    }
}
}