{
"__comment": "Designed by Kukamonda with BDcraft Cubik PRO 0.92 Beta - http://bdcraft.net",
"textures": {
    "chair": "blocks/anvil_base",
    "stuur": "blocks/quartz_block_lines_top",
    "stuur midden zijkant": "blocks/quartz_block_lines",
    "uitlaat top ": "blocks/piston_inner",
    "uitlaat zijkant": "blocks/furnace_side",
    "front zijkant": "blocks/hardened_clay_stained_red",
    "white": "blocks/concrete_silver",
    "furnace_front_off": "blocks/comparator_on",
    "minecart": "blocks/furnace_top",
    "motor": "blocks/dispenser_front_vertical",
    "geel": "blocks/wool_colored_yellow",
    "paars": "blocks/hardened_clay_stained_orange",
    "glass": "blocks/glass",
    "dispenser_front_horizontal": "blocks/dispenser_front_horizontal",
    "texture": "blocks/hardened_clay_stained_cyan",
    "grill2": "blocks/grill2",
    "daylight_detector_top": "blocks/daylight_detector_top"
},
"elements": [ 
{
    "__comment": "wheel right back ",
    "from": [ -4.6, 1.4, 17.1 ],
    "to": [ -1.8, 5.6, 19.2 ],
    "faces": {
        "down":  { "uv": [ 0, 14.5625, 2, 16.0625 ], "texture": "#chair" },
        "up":    { "uv": [ 0, 14.5625, 2, 16.0625 ], "texture": "#chair" },
        "north": { "uv": [ 0, 12, 2, 15 ], "texture": "#chair" },
        "south": { "uv": [ 0, 12, 2, 15 ], "texture": "#chair" },
        "west":  { "uv": [ 14.5625, 12, 16.0625, 15 ], "texture": "#chair" },
        "east":  { "uv": [ 14.5625, 12, 16.0625, 15 ], "texture": "#chair" }
    }
},
{
    "__comment": "wheel right back ",
    "from": [ -3.9, 2.1, 14.3875 ],
    "to": [ -1.8, 4.9, 17.1875 ],
    "faces": {
        "west":  { "uv": [ 5, 5, 11, 11 ], "texture": "#uitlaat top " }
    }
},
{
    "__comment": "wheel right front",
    "from": [ -4.6, 1.4, -11.6 ],
    "to": [ -1.8, 5.6, -9.5 ],
    "faces": {
        "down":  { "uv": [ 16, 10, 16, 8 ], "texture": "#chair" },
        "up":    { "uv": [ 0, 8, 0, 10 ], "texture": "#chair" },
        "north": { "uv": [ 16, 11, 16, 12 ], "texture": "#chair" },
        "south": { "uv": [ 0, 11, 0, 12 ], "texture": "#chair" },
        "west":  { "uv": [ 8, 11, 10, 12 ], "texture": "#chair" },
        "east":  { "uv": [ 6, 11, 8, 12 ], "texture": "#chair" }
    }
},
{
    "__comment": "wheel right back ",
    "from": [ -4.6, 0, 13.6 ],
    "to": [ -1.8, 2.1, 17.8 ],
    "faces": {
        "down":  { "uv": [ 16, 15, 15, 12 ], "texture": "#chair" },
        "up":    { "uv": [ 0, 12, 1, 15 ], "texture": "#chair" },
        "north": { "uv": [ 15, 14.5, 16, 16 ], "texture": "#chair" },
        "south": { "uv": [ 0, 14.5, 1, 16 ], "texture": "#chair" },
        "west":  { "uv": [ 12, 14.5, 15, 16 ], "texture": "#chair" },
        "east":  { "uv": [ 1, 14.5, 4, 16 ], "texture": "#chair" }
    }
},
{
    "__comment": "wheel right back ",
    "from": [ -4.6, 0, -10.2 ],
    "to": [ -1.8, 2.1, -6 ],
    "faces": {
        "down":  { "uv": [ 16, 0, 15, 0 ], "texture": "#chair" },
        "up":    { "uv": [ 0, 0, 1, 0 ], "texture": "#chair" },
        "north": { "uv": [ 15, 14.5, 16, 16 ], "texture": "#chair" },
        "south": { "uv": [ 0, 14.5, 1, 16 ], "texture": "#chair" },
        "west":  { "uv": [ 0, 14.5, 0, 16 ], "texture": "#chair" },
        "east":  { "uv": [ 16, 14.5, 16, 16 ], "texture": "#chair" }
    }
},
{
    "__comment": "wheel right back ",
    "from": [ -4.6, 5.6, 17.1875 ],
    "to": [ -1.8, 6.3, 17.8875 ],
    "faces": {
        "up":    { "uv": [ 0, 14.5625, 1, 15.0625 ], "texture": "#chair" },
        "south": { "uv": [ 0, 11.5, 1, 12 ], "texture": "#chair" },
        "west":  { "uv": [ 14.5625, 11.5, 15.0625, 12 ], "texture": "#chair" },
        "east":  { "uv": [ 0.9375, 11.5, 1.4375, 12 ], "texture": "#chair" }
    }
},
{
    "__comment": "wheel left back",
    "from": [ 17.8, 1.4, 17.1875 ],
    "to": [ 20.6, 5.6, 19.2875 ],
    "faces": {
        "down":  { "uv": [ 16, 10, 16, 8 ], "texture": "#chair" },
        "up":    { "uv": [ 0, 8, 0, 10 ], "texture": "#chair" },
        "north": { "uv": [ 16, 11, 16, 12 ], "texture": "#chair" },
        "south": { "uv": [ 0, 11, 0, 12 ], "texture": "#chair" },
        "west":  { "uv": [ 8, 11, 10, 12 ], "texture": "#chair" },
        "east":  { "uv": [ 6, 11, 8, 12 ], "texture": "#chair" }
    }
},
{
    "__comment": "wheel left back",
    "from": [ 17.8, 5.6, 12.9875 ],
    "to": [ 20.6, 6.3, 13.6875 ],
    "faces": {
        "up":    { "uv": [ 15, 11.5625, 16, 12.0625 ], "texture": "#chair" },
        "north": { "uv": [ 0, 11.5, 1, 12 ], "texture": "#chair" },
        "west":  { "uv": [ 11.5625, 11.5, 12.0625, 12 ], "texture": "#chair" },
        "east":  { "uv": [ 3.9375, 11.5, 4.4375, 12 ], "texture": "#chair" }
    }
},
{
    "__comment": "wheel left back",
    "from": [ 17.8, 5.6, 17.8 ],
    "to": [ 20.6, 6.3, 18.5 ],
    "faces": {
        "up":    { "uv": [ 15, 15, 16, 15.5 ], "texture": "#chair" },
        "south": { "uv": [ 15, 11.5, 16, 12 ], "texture": "#chair" },
        "west":  { "uv": [ 15, 11.5, 15.5, 12 ], "texture": "#chair" },
        "east":  { "uv": [ 0.5, 11.5, 1, 12 ], "texture": "#chair" }
    }
},
{
    "__comment": "wheel left back",
    "from": [ 17.8, 4.9, 13.6875 ],
    "to": [ 20.6, 7, 17.8875 ],
    "faces": {
        "down":  { "uv": [ 1, 15.0625, 0, 12.0625 ], "texture": "#chair" },
        "up":    { "uv": [ 15, 12.0625, 16, 15.0625 ], "texture": "#chair" },
        "north": { "uv": [ 0, 11, 1, 12.5 ], "texture": "#chair" },
        "south": { "uv": [ 15, 11, 16, 12.5 ], "texture": "#chair" },
        "west":  { "uv": [ 12.0625, 11, 15.0625, 12.5 ], "texture": "#chair" },
        "east":  { "uv": [ 0.9375, 11, 3.9375, 12.5 ], "texture": "#chair" }
    }
},
{
    "__comment": "wheel left back",
    "from": [ 17.8, 0, 13.6 ],
    "to": [ 20.6, 2.1, 17.8 ],
    "faces": {
        "down":  { "uv": [ 1, 15, 0, 12 ], "texture": "#chair" },
        "up":    { "uv": [ 15, 12, 16, 15 ], "texture": "#chair" },
        "north": { "uv": [ 0, 14.5, 1, 16 ], "texture": "#chair" },
        "south": { "uv": [ 15, 14.5, 16, 16 ], "texture": "#chair" },
        "west":  { "uv": [ 12, 14.5, 15, 16 ], "texture": "#chair" },
        "east":  { "uv": [ 1, 14.5, 4, 16 ], "texture": "#chair" }
    }
},
{
    "__comment": "wheel left back",
    "from": [ -4.6, 1.4, 12.2875 ],
    "to": [ -1.8, 5.6, 14.3875 ],
    "faces": {
        "down":  { "uv": [ 16, 10, 16, 8 ], "texture": "#chair" },
        "up":    { "uv": [ 0, 8, 0, 10 ], "texture": "#chair" },
        "north": { "uv": [ 16, 11, 16, 12 ], "texture": "#chair" },
        "south": { "uv": [ 0, 11, 0, 12 ], "texture": "#chair" },
        "west":  { "uv": [ 8, 11, 10, 12 ], "texture": "#chair" },
        "east":  { "uv": [ 6, 11, 8, 12 ], "texture": "#chair" }
    }
},
{
    "__comment": "wheel left back",
    "from": [ 17.8, 1.4, 12.2875 ],
    "to": [ 20.6, 5.6, 14.3875 ],
    "faces": {
        "down":  { "uv": [ 16, 10, 16, 8 ], "texture": "#chair" },
        "up":    { "uv": [ 0, 8, 0, 10 ], "texture": "#chair" },
        "north": { "uv": [ 16, 11, 16, 12 ], "texture": "#chair" },
        "south": { "uv": [ 0, 11, 0, 12 ], "texture": "#chair" },
        "west":  { "uv": [ 8, 11, 10, 12 ], "texture": "#chair" },
        "east":  { "uv": [ 6, 11, 8, 12 ], "texture": "#chair" }
    }
},
{
    "__comment": "wheel left back",
    "from": [ 17.8, 2.1, 14.3875 ],
    "to": [ 19.9, 4.9, 17.1875 ],
    "faces": {
        "east":  { "uv": [ 5, 5, 11, 11 ], "texture": "#uitlaat top " }
    }
},
{
    "__comment": "onderstoel",
    "from": [ 1, 4.9, 3.1875 ],
    "to": [ 15, 7.7, 11.5875 ],
    "faces": {
        "down":  { "uv": [ 13, 10.5625, 3, 4.5625 ], "texture": "#texture" },
        "up":    { "uv": [ 3, 4.5625, 13, 10.5625 ], "texture": "#texture" },
        "north": { "uv": [ 3, 10.5, 13, 12.5 ], "texture": "#texture" },
        "south": { "uv": [ 3, 10.5, 13, 12.5 ], "texture": "#texture" },
        "west":  { "uv": [ 4.5625, 10.5, 10.5625, 12.5 ], "texture": "#texture" },
        "east":  { "uv": [ 5.4375, 10.5, 11.4375, 12.5 ], "texture": "#texture" }
    }
},
{
    "__comment": "stoel",
    "from": [ 2.4, 7.7, 2.575 ],
    "to": [ 13.6, 9.1, 10.975 ],
    "faces": {
        "down":  { "uv": [ 0, 0, 16, 16 ], "texture": "#chair" },
        "up":    { "uv": [ 0, 0, 16, 16 ], "texture": "#chair" },
        "north": { "uv": [ 0, 0, 16, 2.5 ], "texture": "#chair" },
        "south": { "uv": [ 0, 0, 16, 2 ], "texture": "#chair" },
        "west":  { "uv": [ 0, 0, 16, 2.5 ], "texture": "#chair" },
        "east":  { "uv": [ 0, 0, 16, 2 ], "texture": "#chair" }
    }
},
{
    "__comment": "stoel",
    "from": [ 2.4, 7.7, 10.1875 ],
    "to": [ 13.6, 9.1, 12.2875 ],
    "rotation": { "origin": [ 2.4, 9.1, 10.1875 ], "axis": "x", "angle": -45 },
    "faces": {
        "down":  { "uv": [ 0, 16, 16, 12 ], "texture": "#chair" },
        "up":    { "uv": [ 0, 11.5, 16, 16 ], "texture": "#chair" },
        "north": { "uv": [ 4, 10.5, 12, 12.5 ], "texture": "#chair" },
        "south": { "uv": [ 4, 10.5, 12, 12.5 ], "texture": "#chair" },
        "west":  { "uv": [ 11.5, 10.5, 16, 12.5 ], "texture": "#chair" },
        "east":  { "uv": [ 0, 10.5, 4.5, 12.5 ], "texture": "#chair" }
    }
},
{
    "__comment": "stoel",
    "from": [ 2.4, 9.8, 13.6875 ],
    "to": [ 13.6, 15.4, 15.0875 ],
    "rotation": { "origin": [ 2.4, 15.4, 13.6875 ], "axis": "x", "angle": 22.5 },
    "faces": {
        "down":  { "uv": [ 0, 0, 16, 2.5 ], "texture": "#chair" },
        "up":    { "uv": [ 0, 0, 16, 2.5 ], "texture": "#chair" },
        "north": { "uv": [ 0, 0, 16, 16 ], "texture": "#chair" },
        "south": { "uv": [ 0, 0, 16, 16 ], "texture": "#chair" },
        "west":  { "uv": [ 0, 0, 16, 2.5 ], "texture": "#chair" },
        "east":  { "uv": [ 0, 0, 16, 2.5 ], "texture": "#chair" }
    }
},
{
    "__comment": "stuur",
    "from": [ 6.075, 16.52, -2.675 ],
    "to": [ 9.995, 17.5, -1.695 ],
    "rotation": { "origin": [ 6.075, 17.5, -2.675 ], "axis": "x", "angle": 45 },
    "faces": {
        "down":  { "uv": [ 5.9375, 0, 9.9375, 1 ], "texture": "#chair" },
        "up":    { "uv": [ 5.9375, 0, 9.9375, 1 ], "texture": "#chair" },
        "north": { "uv": [ 5.9375, 0, 9.9375, 1 ], "texture": "#chair" },
        "south": { "uv": [ 5.9375, 0, 9.9375, 1 ], "texture": "#chair" },
        "west":  { "uv": [ 0, 0, 1, 1 ], "texture": "#chair" },
        "east":  { "uv": [ 0, 0, 1, 1 ], "texture": "#chair" }
    }
},
{
    "__comment": "stuur",
    "from": [ 5.1125, 15.82, -1.975 ],
    "to": [ 6.0925, 16.8, 1.945 ],
    "rotation": { "origin": [ 5.1125, 16.8, -1.975 ], "axis": "x", "angle": 45 },
    "faces": {
        "down":  { "uv": [ 4.9375, 0, 5.9375, 4 ], "texture": "#chair" },
        "up":    { "uv": [ 4.9375, 0, 5.9375, 4 ], "texture": "#chair" },
        "north": { "uv": [ 4.9375, 0, 5.9375, 1 ], "texture": "#chair" },
        "south": { "uv": [ 4.9375, 0, 5.9375, 1 ], "texture": "#chair" },
        "west":  { "uv": [ 0, 0, 4, 1 ], "texture": "#chair" },
        "east":  { "uv": [ 0, 0, 4, 1 ], "texture": "#chair" }
    }
},
{
    "__comment": "stuur",
    "from": [ 9.925, 15.82, -2.0625 ],
    "to": [ 10.905, 16.8, 1.8575 ],
    "rotation": { "origin": [ 9.925, 16.8, -2.0625 ], "axis": "x", "angle": 45 },
    "faces": {
        "down":  { "uv": [ 10, 0, 11, 4 ], "texture": "#chair" },
        "up":    { "uv": [ 10, 0, 11, 4 ], "texture": "#chair" },
        "north": { "uv": [ 10, 0, 11, 1 ], "texture": "#chair" },
        "south": { "uv": [ 10, 0, 11, 1 ], "texture": "#chair" },
        "west":  { "uv": [ 0, 0, 4, 1 ], "texture": "#chair" },
        "east":  { "uv": [ 0, 0, 4, 1 ], "texture": "#chair" }
    }
},
{
    "__comment": "stuur",
    "from": [ 6.075, 13.1075, 0.7375 ],
    "to": [ 9.995, 14.0875, 1.7175 ],
    "rotation": { "origin": [ 6.075, 14.0875, 0.7375 ], "axis": "x", "angle": 45 },
    "faces": {
        "down":  { "uv": [ 5.9375, 0.375, 9.9375, 1.375 ], "texture": "#chair" },
        "up":    { "uv": [ 5.9375, 0.375, 9.9375, 1.375 ], "texture": "#chair" },
        "north": { "uv": [ 5.9375, 2.0625, 9.9375, 3.0625 ], "texture": "#chair" },
        "south": { "uv": [ 5.9375, 2.0625, 9.9375, 3.0625 ], "texture": "#chair" },
        "west":  { "uv": [ 0.375, 2.0625, 1.375, 3.0625 ], "texture": "#chair" },
        "east":  { "uv": [ 0.375, 2.0625, 1.375, 3.0625 ], "texture": "#chair" }
    }
},
{
    "__comment": "stuurmidden",
    "from": [ 7.0375, 4.2875, -1.1875 ],
    "to": [ 9.1375, 16.1875, 0.9125 ],
    "rotation": { "origin": [ 7.0375, 16.1875, -1.1875 ], "axis": "x", "angle": 45 },
    "faces": {
        "down":  { "uv": [ 7, 0, 9.0625, 2.0625 ], "texture": "#texture" },
        "up":    { "uv": [ 7, 0, 9.0625, 2.0625 ], "texture": "#texture" },
        "north": { "uv": [ 7, 0, 9.0625, 11.875 ], "texture": "#texture" },
        "south": { "uv": [ 7, 0, 9.0625, 11.875 ], "texture": "#texture" },
        "west":  { "uv": [ 0, 0, 2.0625, 11.875 ], "texture": "#texture" },
        "east":  { "uv": [ 0, 0, 2.0625, 11.875 ], "texture": "#texture" }
    }
},
{
    "__comment": "stuur",
    "from": [ 8.9625, 15.2075, -1.3625 ],
    "to": [ 9.9425, 16.1875, -0.3825 ],
    "rotation": { "origin": [ 8.9625, 16.1875, -1.3625 ], "axis": "x", "angle": 45 },
    "faces": {
        "down":  { "uv": [ 7.5, 2.5, 7, 2 ], "texture": "#texture" },
        "up":    { "uv": [ 8.5, 2, 9, 2.5 ], "texture": "#texture" },
        "north": { "uv": [ 7, 6, 7.5, 6.5 ], "texture": "#texture" },
        "south": { "uv": [ 8.5, 6, 9, 6.5 ], "texture": "#texture" },
        "west":  { "uv": [ 2, 6, 2.5, 6.5 ], "texture": "#texture" },
        "east":  { "uv": [ 13.5, 6, 14, 6.5 ], "texture": "#texture" }
    }
},
{
    "__comment": "stuur",
    "from": [ 6.075, 15.2075, -1.3625 ],
    "to": [ 7.055, 16.1875, -0.3825 ],
    "rotation": { "origin": [ 6.075, 16.1875, -1.3625 ], "axis": "x", "angle": 45 },
    "faces": {
        "down":  { "uv": [ 9, 2.5, 8.5, 2 ], "texture": "#texture" },
        "up":    { "uv": [ 7, 2, 7.5, 2.5 ], "texture": "#texture" },
        "north": { "uv": [ 8.5, 6, 9, 6.5 ], "texture": "#texture" },
        "south": { "uv": [ 7, 6, 7.5, 6.5 ], "texture": "#texture" },
        "west":  { "uv": [ 2, 6, 2.5, 6.5 ], "texture": "#texture" },
        "east":  { "uv": [ 13.5, 6, 14, 6.5 ], "texture": "#texture" }
    }
},
{
    "__comment": "as",
    "from": [ -2.5, 2.1, 14.3 ],
    "to": [ 18.5, 4.9, 17.1 ],
    "faces": {
        "down":  { "uv": [ 15.5, 14.5, 0.5, 12.5 ], "texture": "#chair" },
        "up":    { "uv": [ 0.5, 12.5, 15.5, 14.5 ], "texture": "#chair" },
        "north": { "uv": [ 0.5, 12.5, 15.5, 14.5 ], "texture": "#chair" },
        "south": { "uv": [ 0.5, 12.5, 15.5, 14.5 ], "texture": "#chair" },
        "west":  { "uv": [ 12.5, 12.5, 14.5, 14.5 ], "texture": "#chair" },
        "east":  { "uv": [ 1.5, 12.5, 3.5, 14.5 ], "texture": "#chair" }
    }
},
{
    "__comment": "wiel links voor",
    "from": [ 17.8, 2.1, -9.5 ],
    "to": [ 19.9, 4.9, -6.7 ],
    "faces": {
        "down":  { "uv": [ 15, -2, 16.5, 0 ], "texture": "#chair" },
        "up":    { "uv": [ 15, 0, 16.5, 2 ], "texture": "#chair" },
        "north": { "uv": [ 15, 12.5, 16.5, 14.5 ], "texture": "#chair" },
        "south": { "uv": [ 15, 12.5, 16.5, 14.5 ], "texture": "#chair" },
        "west":  { "uv": [ 5, 5, 11, 11 ], "texture": "#uitlaat top " },
        "east":  { "uv": [ 5, 5, 11, 11 ], "texture": "#uitlaat top " }
    }
},
{
    "__comment": "wiel rechts voor",
    "from": [ -3.9, 2.1, -9.5 ],
    "to": [ -1.8, 4.9, -6.7 ],
    "faces": {
        "down":  { "uv": [ 1, 0.5, 0, 0 ], "texture": "#chair" },
        "up":    { "uv": [ 15, 0, 16, 0.5 ], "texture": "#chair" },
        "north": { "uv": [ 0, 15, 1, 16 ], "texture": "#chair" },
        "south": { "uv": [ 15, 15, 16, 16 ], "texture": "#chair" },
        "west":  { "uv": [ 5, 5, 11, 11 ], "texture": "#uitlaat top " },
        "east":  { "uv": [ 15.5, 15, 16, 16 ], "texture": "#chair" }
    }
},
{
    "__comment": "wheel right front",
    "from": [ -4.6, 1.4, -6.7 ],
    "to": [ -1.8, 5.6, -4.6 ],
    "faces": {
        "down":  { "uv": [ 16, 10, 16, 8 ], "texture": "#chair" },
        "up":    { "uv": [ 0, 8, 0, 10 ], "texture": "#chair" },
        "north": { "uv": [ 16, 11, 16, 12 ], "texture": "#chair" },
        "south": { "uv": [ 0, 11, 0, 12 ], "texture": "#chair" },
        "west":  { "uv": [ 8, 11, 10, 12 ], "texture": "#chair" },
        "east":  { "uv": [ 6, 11, 8, 12 ], "texture": "#chair" }
    }
},
{
    "__comment": "wheel right front",
    "from": [ 17.8, 0, -10.2 ],
    "to": [ 20.6, 2.1, -6 ],
    "faces": {
        "down":  { "uv": [ 1, 0, 0, 0 ], "texture": "#chair" },
        "up":    { "uv": [ 15, 0, 16, 0 ], "texture": "#chair" },
        "north": { "uv": [ 0, 14.5, 1, 16 ], "texture": "#chair" },
        "south": { "uv": [ 15, 14.5, 16, 16 ], "texture": "#chair" },
        "west":  { "uv": [ 0, 14.5, 0, 16 ], "texture": "#chair" },
        "east":  { "uv": [ 16, 14.5, 16, 16 ], "texture": "#chair" }
    }
},
{
    "__comment": "wheel right front",
    "from": [ -4.6, 4.9, -10.2 ],
    "to": [ -1.8, 7, -6 ],
    "faces": {
        "down":  { "uv": [ 16, 0, 15, 0 ], "texture": "#chair" },
        "up":    { "uv": [ 0, 0, 1, 0 ], "texture": "#chair" },
        "north": { "uv": [ 15, 11, 16, 12.5 ], "texture": "#chair" },
        "south": { "uv": [ 0, 11, 1, 12.5 ], "texture": "#chair" },
        "west":  { "uv": [ 0, 11, 0, 12.5 ], "texture": "#chair" },
        "east":  { "uv": [ 16, 11, 16, 12.5 ], "texture": "#chair" }
    }
},
{
    "__comment": "wheel right front *",
    "from": [ -4.6, 6.2125, -7.4 ],
    "to": [ -1.8, 6.3, -7.3125 ],
    "faces": {
        "down":  { "uv": [ 16, 0, 15, 0 ], "texture": "#chair" },
        "north": { "uv": [ 15, 11.5, 16, 12 ], "texture": "#chair" },
        "west":  { "uv": [ 0, 11.5, 0, 12 ], "texture": "#chair" },
        "east":  { "uv": [ 16, 11.5, 16, 12 ], "texture": "#chair" }
    }
},
{
    "__comment": "wheel right front*",
    "from": [ -4.6, 4.9, -10.2 ],
    "to": [ -1.8, 7, -6 ],
    "faces": {
        "down":  { "uv": [ 16, 0, 15, 0 ], "texture": "#chair" },
        "up":    { "uv": [ 0, 0, 1, 0 ], "texture": "#chair" },
        "north": { "uv": [ 15, 11, 16, 12.5 ], "texture": "#chair" },
        "south": { "uv": [ 0, 11, 1, 12.5 ], "texture": "#chair" },
        "west":  { "uv": [ 0, 11, 0, 12.5 ], "texture": "#chair" },
        "east":  { "uv": [ 16, 11, 16, 12.5 ], "texture": "#chair" }
    }
},
{
    "__comment": "wheel right front*",
    "from": [ -4.6, 4.9, 13.6 ],
    "to": [ -1.8, 7, 17.8 ],
    "faces": {
        "down":  { "uv": [ 16, 15, 15, 12 ], "texture": "#chair" },
        "up":    { "uv": [ 0, 12, 1, 15 ], "texture": "#chair" },
        "north": { "uv": [ 15, 11, 16, 12.5 ], "texture": "#chair" },
        "south": { "uv": [ 0, 11, 1, 12.5 ], "texture": "#chair" },
        "west":  { "uv": [ 12, 11, 15, 12.5 ], "texture": "#chair" },
        "east":  { "uv": [ 1, 11, 4, 12.5 ], "texture": "#chair" }
    }
},
{
    "__comment": "wheel right front *",
    "from": [ 17.8, 5.6, -10.9 ],
    "to": [ 20.6, 6.3, -10.2 ],
    "faces": {
        "down":  { "uv": [ 1, 0, 0, 0 ], "texture": "#chair" },
        "north": { "uv": [ 0, 11.5, 1, 12 ], "texture": "#chair" },
        "west":  { "uv": [ 0, 11.5, 0, 12 ], "texture": "#chair" },
        "east":  { "uv": [ 16, 11.5, 16, 12 ], "texture": "#chair" }
    }
},
{
    "__comment": "wheel right front*",
    "from": [ 17.8, 1.4, -11.6 ],
    "to": [ 20.6, 5.6, -9.5 ],
    "faces": {
        "down":  { "uv": [ 16, 10, 16, 8 ], "texture": "#chair" },
        "up":    { "uv": [ 0, 8, 0, 10 ], "texture": "#chair" },
        "north": { "uv": [ 16, 11, 16, 12 ], "texture": "#chair" },
        "south": { "uv": [ 0, 11, 0, 12 ], "texture": "#chair" },
        "west":  { "uv": [ 8, 11, 10, 12 ], "texture": "#chair" },
        "east":  { "uv": [ 6, 11, 8, 12 ], "texture": "#chair" }
    }
},
{
    "__comment": "wheel right front*",
    "from": [ 17.8, 4.9, -10.2 ],
    "to": [ 20.6, 7, -6 ],
    "faces": {
        "down":  { "uv": [ 1, 0, 0, 0 ], "texture": "#chair" },
        "up":    { "uv": [ 15, 0, 16, 0 ], "texture": "#chair" },
        "north": { "uv": [ 0, 11, 1, 12.5 ], "texture": "#chair" },
        "south": { "uv": [ 15, 11, 16, 12.5 ], "texture": "#chair" },
        "west":  { "uv": [ 0, 11, 0, 12.5 ], "texture": "#chair" },
        "east":  { "uv": [ 16, 11, 16, 12.5 ], "texture": "#chair" }
    }
},
{
    "__comment": "wheel right front*",
    "from": [ 17.8, 1.4, -6.7 ],
    "to": [ 20.6, 5.6, -4.6 ],
    "faces": {
        "down":  { "uv": [ 16, 10, 16, 8 ], "texture": "#chair" },
        "up":    { "uv": [ 0, 8, 0, 10 ], "texture": "#chair" },
        "north": { "uv": [ 16, 11, 16, 12 ], "texture": "#chair" },
        "south": { "uv": [ 0, 11, 0, 12 ], "texture": "#chair" },
        "west":  { "uv": [ 8, 11, 10, 12 ], "texture": "#chair" },
        "east":  { "uv": [ 6, 11, 8, 12 ], "texture": "#chair" }
    }
},
{
    "__comment": "glas",
    "from": [ 1, 12.1625, -5.2125 ],
    "to": [ 15, 17.0625, -4.5125 ],
    "rotation": { "origin": [ 1, 17.0625, -5.2125 ], "axis": "x", "angle": 22.5 },
    "faces": {
        "down":  { "uv": [ 4, 0, 13, 0.5 ], "texture": "#glass" },
        "up":    { "uv": [ 4, 0, 13, 0.5 ], "texture": "#glass" },
        "north": { "uv": [ 0, 0, 16, 6.5 ], "texture": "#glass" },
        "south": { "uv": [ 0, 0, 16, 6.5 ], "texture": "#glass" },
        "west":  { "uv": [ 0, 7, 0.5, 9 ], "texture": "#glass" },
        "east":  { "uv": [ 0, 7, 0.5, 9 ], "texture": "#glass" }
    }
},
{
    "__comment": "wielkap",
    "from": [ 17.1, 6.3875, 10.3625 ],
    "to": [ 20.6, 7.7875, 13.8625 ],
    "rotation": { "origin": [ 17.1, 7.7875, 10.3625 ], "axis": "x", "angle": -22.5 },
    "faces": {
        "down":  { "uv": [ 16, 0, 15, 0 ], "texture": "#texture" },
        "up":    { "uv": [ 0, 0, 1, 0 ], "texture": "#texture" },
        "north": { "uv": [ 15, 10, 16, 11 ], "texture": "#texture" },
        "south": { "uv": [ 0, 10, 1, 11 ], "texture": "#texture" },
        "west":  { "uv": [ 0, 10, 0, 11 ], "texture": "#texture" },
        "east":  { "uv": [ 16, 10, 16, 11 ], "texture": "#texture" }
    }
},
{
    "__comment": "wielkap",
    "from": [ -4.6, 7.7, -6.07674 ],
    "to": [ -1.1, 9.1, -2.57674 ],
    "rotation": { "origin": [ -4.6, 9.1, -6.07674 ], "axis": "x", "angle": 22.5 },
    "faces": {
        "down":  { "uv": [ 16, 0, 15, 0 ], "texture": "#texture" },
        "up":    { "uv": [ 0, 0, 1, 0 ], "texture": "#texture" },
        "north": { "uv": [ 15, 10, 16, 11 ], "texture": "#texture" },
        "south": { "uv": [ 0, 10, 1, 11 ], "texture": "#texture" },
        "west":  { "uv": [ 0, 10, 0, 11 ], "texture": "#texture" },
        "east":  { "uv": [ 16, 10, 16, 11 ], "texture": "#texture" }
    }
},
{
    "__comment": "wielkap",
    "from": [ -4.6, 7.7, -10.2 ],
    "to": [ -1.1, 9.1, -6 ],
    "faces": {
        "down":  { "uv": [ 16, 0, 15, 0 ], "texture": "#texture" },
        "up":    { "uv": [ 0, 0, 1, 0 ], "texture": "#texture" },
        "north": { "uv": [ 15, 10, 16, 11 ], "texture": "#texture" },
        "south": { "uv": [ 0, 10, 1, 11 ], "texture": "#texture" },
        "west":  { "uv": [ 0, 10, 0, 11 ], "texture": "#texture" },
        "east":  { "uv": [ 16, 10, 16, 11 ], "texture": "#texture" }
    }
},
{
    "__comment": "bodem",
    "from": [ 0.3, 4.2, -13 ],
    "to": [ 15.7, 4.9, 19.9 ],
    "faces": {
        "down":  { "uv": [ 13.5, 16, 2.5, 0 ], "texture": "#geel" },
        "up":    { "uv": [ 2.5, 0, 13.5, 16 ], "texture": "#geel" },
        "north": { "uv": [ 2.5, 12.5, 13.5, 13 ], "texture": "#geel" },
        "south": { "uv": [ 2.5, 12.5, 13.5, 13 ], "texture": "#geel" },
        "west":  { "uv": [ 0, 12.5, 16, 13 ], "texture": "#geel" },
        "east":  { "uv": [ 0, 12.5, 16, 13 ], "texture": "#geel" }
    }
},
{
    "__comment": "as",
    "from": [ -1.8, 2.1, -9.5 ],
    "to": [ 0.3, 4.9, -6.7 ],
    "faces": {
        "down":  { "uv": [ 15, 0, 13.5, 0 ], "texture": "#chair" },
        "up":    { "uv": [ 1, 0, 2.5, 0 ], "texture": "#chair" },
        "north": { "uv": [ 13.5, 12.5, 15, 14.5 ], "texture": "#chair" },
        "south": { "uv": [ 1, 12.5, 2.5, 14.5 ], "texture": "#chair" },
        "west":  { "uv": [ 0, 12.5, 0, 14.5 ], "texture": "#chair" },
        "east":  { "uv": [ 16, 12.5, 16, 14.5 ], "texture": "#chair" }
    }
},
{
    "__comment": "wielkap",
    "from": [ -4.6, 6.3875, 10.3625 ],
    "to": [ -1.1, 7.7875, 13.8625 ],
    "rotation": { "origin": [ -4.6, 7.7875, 10.3625 ], "axis": "x", "angle": -22.5 },
    "faces": {
        "down":  { "uv": [ 16, 0, 15, 0 ], "texture": "#texture" },
        "up":    { "uv": [ 0, 0, 1, 0 ], "texture": "#texture" },
        "north": { "uv": [ 15, 10, 16, 11 ], "texture": "#texture" },
        "south": { "uv": [ 0, 10, 1, 11 ], "texture": "#texture" },
        "west":  { "uv": [ 0, 10, 0, 11 ], "texture": "#texture" },
        "east":  { "uv": [ 16, 10, 16, 11 ], "texture": "#texture" }
    }
},
{
    "__comment": "wielkap",
    "from": [ 17.1, 7.7, -10.2 ],
    "to": [ 20.6, 9.1, -6 ],
    "faces": {
        "down":  { "uv": [ 16, 0, 15, 0 ], "texture": "#texture" },
        "up":    { "uv": [ 0, 0, 1, 0 ], "texture": "#texture" },
        "north": { "uv": [ 15, 10, 16, 11 ], "texture": "#texture" },
        "south": { "uv": [ 0, 10, 1, 11 ], "texture": "#texture" },
        "west":  { "uv": [ 0, 10, 0, 11 ], "texture": "#texture" },
        "east":  { "uv": [ 16, 10, 16, 11 ], "texture": "#texture" }
    }
},
{
    "__comment": "wielkap",
    "from": [ 17.1, 7.7, -5.90174 ],
    "to": [ 20.6, 9.1, -2.40174 ],
    "rotation": { "origin": [ 17.1, 9.1, -5.90174 ], "axis": "x", "angle": 22.5 },
    "faces": {
        "down":  { "uv": [ 16, 0, 15, 0 ], "texture": "#texture" },
        "up":    { "uv": [ 0, 0, 1, 0 ], "texture": "#texture" },
        "north": { "uv": [ 15, 10, 16, 11 ], "texture": "#texture" },
        "south": { "uv": [ 0, 10, 1, 11 ], "texture": "#texture" },
        "west":  { "uv": [ 0, 10, 0, 11 ], "texture": "#texture" },
        "east":  { "uv": [ 16, 10, 16, 11 ], "texture": "#texture" }
    }
},
{
    "__comment": "wielkap",
    "from": [ -4.6, 7.7, 13.6 ],
    "to": [ -1.1, 9.1, 17.8 ],
    "faces": {
        "down":  { "uv": [ 16, 0, 15, 0 ], "texture": "#texture" },
        "up":    { "uv": [ 0, 0, 1, 0 ], "texture": "#texture" },
        "north": { "uv": [ 15, 10, 16, 11 ], "texture": "#texture" },
        "south": { "uv": [ 0, 10, 1, 11 ], "texture": "#texture" },
        "west":  { "uv": [ 0, 10, 0, 11 ], "texture": "#texture" },
        "east":  { "uv": [ 16, 10, 16, 11 ], "texture": "#texture" }
    }
},
{
    "__comment": "wielkap",
    "from": [ -4.6, 6.3875, -13.4375 ],
    "to": [ -1.1, 7.7875, -9.9375 ],
    "rotation": { "origin": [ -4.6, 7.7875, -13.4375 ], "axis": "x", "angle": -22.5 },
    "faces": {
        "down":  { "uv": [ 16, 0, 15, 0 ], "texture": "#texture" },
        "up":    { "uv": [ 0, 0, 1, 0 ], "texture": "#texture" },
        "north": { "uv": [ 15, 10, 16, 11 ], "texture": "#texture" },
        "south": { "uv": [ 0, 10, 1, 11 ], "texture": "#texture" },
        "west":  { "uv": [ 0, 10, 0, 11 ], "texture": "#texture" },
        "east":  { "uv": [ 16, 10, 16, 11 ], "texture": "#texture" }
    }
},
{
    "__comment": "wielkap",
    "from": [ -4.6, 7.7, 17.8 ],
    "to": [ -1.1, 9.1, 21.3 ],
    "rotation": { "origin": [ -4.6, 9.1, 17.8 ], "axis": "x", "angle": 22.5 },
    "faces": {
        "down":  { "uv": [ 16, 0, 15, 0 ], "texture": "#texture" },
        "up":    { "uv": [ 0, 0, 1, 0 ], "texture": "#texture" },
        "north": { "uv": [ 15, 10, 16, 11 ], "texture": "#texture" },
        "south": { "uv": [ 0, 10, 1, 11 ], "texture": "#texture" },
        "west":  { "uv": [ 0, 10, 0, 11 ], "texture": "#texture" },
        "east":  { "uv": [ 16, 10, 16, 11 ], "texture": "#texture" }
    }
},
{
    "__comment": "wielkap",
    "from": [ 17.1, 7.7, 13.6 ],
    "to": [ 20.6, 9.1, 17.8 ],
    "faces": {
        "down":  { "uv": [ 16, 0, 15, 0 ], "texture": "#texture" },
        "up":    { "uv": [ 0, 0, 1, 0 ], "texture": "#texture" },
        "north": { "uv": [ 15, 10, 16, 11 ], "texture": "#texture" },
        "south": { "uv": [ 0, 10, 1, 11 ], "texture": "#texture" },
        "west":  { "uv": [ 0, 10, 0, 11 ], "texture": "#texture" },
        "east":  { "uv": [ 16, 10, 16, 11 ], "texture": "#texture" }
    }
},
{
    "__comment": "wielkap",
    "from": [ 17.1, 6.3875, -13.4375 ],
    "to": [ 20.6, 7.7875, -9.9375 ],
    "rotation": { "origin": [ 17.1, 7.7875, -13.4375 ], "axis": "x", "angle": -22.5 },
    "faces": {
        "down":  { "uv": [ 16, 0, 15, 0 ], "texture": "#texture" },
        "up":    { "uv": [ 0, 0, 1, 0 ], "texture": "#texture" },
        "north": { "uv": [ 15, 10, 16, 11 ], "texture": "#texture" },
        "south": { "uv": [ 0, 10, 1, 11 ], "texture": "#texture" },
        "west":  { "uv": [ 0, 10, 0, 11 ], "texture": "#texture" },
        "east":  { "uv": [ 16, 10, 16, 11 ], "texture": "#texture" }
    }
},
{
    "__comment": "wielkap",
    "from": [ 17.1, 7.7, 17.8 ],
    "to": [ 20.6, 9.1, 21.3 ],
    "rotation": { "origin": [ 17.1, 9.1, 17.8 ], "axis": "x", "angle": 22.5 },
    "faces": {
        "down":  { "uv": [ 16, 0, 15, 0 ], "texture": "#texture" },
        "up":    { "uv": [ 0, 0, 1, 0 ], "texture": "#texture" },
        "north": { "uv": [ 15, 10, 16, 11 ], "texture": "#texture" },
        "south": { "uv": [ 0, 10, 1, 11 ], "texture": "#texture" },
        "west":  { "uv": [ 0, 10, 0, 11 ], "texture": "#texture" },
        "east":  { "uv": [ 16, 10, 16, 11 ], "texture": "#texture" }
    }
},
{
    "__comment": "as",
    "from": [ 15.7, 2.1, -9.5 ],
    "to": [ 17.8, 4.9, -6.7 ],
    "faces": {
        "down":  { "uv": [ 2.5, 0, 1, 0 ], "texture": "#chair" },
        "up":    { "uv": [ 13.5, 0, 15, 0 ], "texture": "#chair" },
        "north": { "uv": [ 1, 12.5, 2.5, 14.5 ], "texture": "#chair" },
        "south": { "uv": [ 13.5, 12.5, 15, 14.5 ], "texture": "#chair" },
        "west":  { "uv": [ 0, 12.5, 0, 14.5 ], "texture": "#chair" },
        "east":  { "uv": [ 16, 12.5, 16, 14.5 ], "texture": "#chair" }
    }
},
{
    "__comment": "as",
    "from": [ 0.3, 2.1, -9.5 ],
    "to": [ 15.7, 4.2, -6.7 ],
    "faces": {
        "down":  { "uv": [ 13.5, 0, 2.5, 0 ], "texture": "#chair" },
        "up":    { "uv": [ 2.5, 0, 13.5, 0 ], "texture": "#chair" },
        "north": { "uv": [ 2.5, 13, 13.5, 14.5 ], "texture": "#chair" },
        "south": { "uv": [ 2.5, 13, 13.5, 14.5 ], "texture": "#chair" },
        "west":  { "uv": [ 0, 13, 0, 14.5 ], "texture": "#chair" },
        "east":  { "uv": [ 16, 13, 16, 14.5 ], "texture": "#chair" }
    }
},
{
    "__comment": "stoelding",
    "from": [ 13.6, 7, 13.5824 ],
    "to": [ 15, 16.1, 15.6824 ],
    "rotation": { "origin": [ 13.6, 16.1, 13.5824 ], "axis": "x", "angle": 22.5 },
    "faces": {
        "down":  { "uv": [ 12, 12, 13, 13.5 ], "texture": "#texture" },
        "up":    { "uv": [ 12, 12, 13, 13.5 ], "texture": "#texture" },
        "north": { "uv": [ 12, 5.5, 13, 12 ], "texture": "#texture" },
        "south": { "uv": [ 12, 5.5, 13, 12 ], "texture": "#texture" },
        "west":  { "uv": [ 12, 5.5, 13.5, 12 ], "texture": "#texture" },
        "east":  { "uv": [ 12, 5.5, 13.5, 12 ], "texture": "#texture" }
    }
},
{
    "__comment": "stoelding",
    "from": [ 1, 7, 13.5824 ],
    "to": [ 2.4, 16.1, 15.6824 ],
    "rotation": { "origin": [ 1, 16.1, 13.5824 ], "axis": "x", "angle": 22.5 },
    "faces": {
        "down":  { "uv": [ 3, 12, 4, 13.5 ], "texture": "#texture" },
        "up":    { "uv": [ 3, 12, 4, 13.5 ], "texture": "#texture" },
        "north": { "uv": [ 3, 5.5, 4, 12 ], "texture": "#texture" },
        "south": { "uv": [ 3, 5.5, 4, 12 ], "texture": "#texture" },
        "west":  { "uv": [ 12, 5.5, 13.5, 12 ], "texture": "#texture" },
        "east":  { "uv": [ 12, 5.5, 13.5, 12 ], "texture": "#texture" }
    }
},
{
    "__comment": "achterlamp",
    "from": [ -0.4, 9.1, 22.7 ],
    "to": [ 1, 11.2, 23.4 ],
    "faces": {
        "down":  { "uv": [ 3, 4, 5, 5 ], "texture": "#furnace_front_off" },
        "up":    { "uv": [ 3, 4, 5, 5 ], "texture": "#furnace_front_off" },
        "north": { "uv": [ 11, 10.5, 12, 13.5 ], "texture": "#furnace_front_off" },
        "south": { "uv": [ 11, 10.5, 12, 13.5 ], "texture": "#furnace_front_off" },
        "west":  { "uv": [ 3, 10.5, 5, 13.5 ], "texture": "#furnace_front_off" },
        "east":  { "uv": [ 11, 10.5, 13, 13.5 ], "texture": "#furnace_front_off" }
    }
},
{
    "__comment": "achterlamp",
    "from": [ 15, 9.1, 22.7 ],
    "to": [ 16.4, 11.2, 23.4 ],
    "faces": {
        "down":  { "uv": [ 1, 1, 3, 2 ], "texture": "#furnace_front_off" },
        "up":    { "uv": [ 1, 1, 3, 2 ], "texture": "#furnace_front_off" },
        "north": { "uv": [ 11, 10.5, 12, 13.5 ], "texture": "#furnace_front_off" },
        "south": { "uv": [ 11, 10.5, 12, 13.5 ], "texture": "#furnace_front_off" },
        "west":  { "uv": [ 3, 10.5, 5, 13.5 ], "texture": "#furnace_front_off" },
        "east":  { "uv": [ 11, 10.5, 13, 13.5 ], "texture": "#furnace_front_off" }
    }
},
{
    "__comment": "bodem",
    "from": [ 0.3, 4.9, -12.3 ],
    "to": [ 15.7, 5.6, 19.9 ],
    "faces": {
        "down":  { "uv": [ 2, -7, 14, 16.5 ], "texture": "#dispenser_front_horizontal" },
        "up":    { "uv": [ 2, 0, 14, 23.5 ], "texture": "#dispenser_front_horizontal" },
        "north": { "uv": [ 2, 12, 14, 12.5 ], "texture": "#dispenser_front_horizontal" },
        "south": { "uv": [ 2, 12, 14, 12.5 ], "texture": "#dispenser_front_horizontal" },
        "west":  { "uv": [ 0, 12, 23.5, 12.5 ], "texture": "#dispenser_front_horizontal" },
        "east":  { "uv": [ 0, 12, 23.5, 12.5 ], "texture": "#dispenser_front_horizontal" }
    }
},
{
    "__comment": "paars*",
    "from": [ 14.3, 11.9, -13.7 ],
    "to": [ 16.4, 13.3, -3.2 ],
    "rotation": { "origin": [ 14.3, 13.3, -13.7 ], "axis": "z", "angle": -45 },
    "faces": {
        "down":  { "uv": [ 12.4375, 0, 13.9375, 7.5 ], "texture": "#paars" },
        "up":    { "uv": [ 12.4375, 0, 13.9375, 7.5 ], "texture": "#paars" },
        "north": { "uv": [ 12.4375, 6.5, 13.9375, 7.5 ], "texture": "#paars" },
        "south": { "uv": [ 12.4375, 6.5, 13.9375, 7.5 ], "texture": "#paars" },
        "west":  { "uv": [ 0, 6.5, 7.5, 7.5 ], "texture": "#paars" },
        "east":  { "uv": [ 0, 6.5, 7.5, 7.5 ], "texture": "#paars" }
    }
},
{
    "__comment": "wielkap*",
    "from": [ -4.6, 2.975, -3.8125 ],
    "to": [ -1.1, 7.175, -2.4125 ],
    "rotation": { "origin": [ -4.6, 7.175, -3.8125 ], "axis": "x", "angle": -22.5 },
    "faces": {
        "down":  { "uv": [ 16, 0, 15, 0 ], "texture": "#texture" },
        "up":    { "uv": [ 0, 0, 1, 0 ], "texture": "#texture" },
        "north": { "uv": [ 15, 10, 16, 11 ], "texture": "#texture" },
        "south": { "uv": [ 0, 10, 1, 11 ], "texture": "#texture" },
        "west":  { "uv": [ 0, 10, 0, 11 ], "texture": "#texture" },
        "east":  { "uv": [ 16, 10, 16, 11 ], "texture": "#texture" }
    }
},
{
    "__comment": "wielkap",
    "from": [ -4.6, 3.5, 10.1 ],
    "to": [ -1.1, 7.7, 11.5 ],
    "rotation": { "origin": [ -4.6, 7.7, 10.1 ], "axis": "x", "angle": 22.5 },
    "faces": {
        "down":  { "uv": [ 16, 0, 15, 0 ], "texture": "#texture" },
        "up":    { "uv": [ 0, 0, 1, 0 ], "texture": "#texture" },
        "north": { "uv": [ 15, 10, 16, 11 ], "texture": "#texture" },
        "south": { "uv": [ 0, 10, 1, 11 ], "texture": "#texture" },
        "west":  { "uv": [ 0, 10, 0, 11 ], "texture": "#texture" },
        "east":  { "uv": [ 16, 10, 16, 11 ], "texture": "#texture" }
    }
},
{
    "__comment": "wielkap",
    "from": [ 17.1, 2.8, -2.5 ],
    "to": [ 20.6, 4.2, 10.1 ],
    "faces": {
        "down":  { "uv": [ 16, 0, 15, 0 ], "texture": "#texture" },
        "up":    { "uv": [ 0, 0, 1, 0 ], "texture": "#texture" },
        "north": { "uv": [ 15, 10, 16, 11 ], "texture": "#texture" },
        "south": { "uv": [ 0, 10, 1, 11 ], "texture": "#texture" },
        "west":  { "uv": [ 0, 10, 0, 11 ], "texture": "#texture" },
        "east":  { "uv": [ 16, 10, 16, 11 ], "texture": "#texture" }
    }
},
{
    "__comment": "wielkap",
    "from": [ -4.6, 2.8, -2.5 ],
    "to": [ -1.1, 4.2, 10.1 ],
    "faces": {
        "down":  { "uv": [ 16, 0, 15, 0 ], "texture": "#texture" },
        "up":    { "uv": [ 0, 0, 1, 0 ], "texture": "#texture" },
        "north": { "uv": [ 15, 10, 16, 11 ], "texture": "#texture" },
        "south": { "uv": [ 0, 10, 1, 11 ], "texture": "#texture" },
        "west":  { "uv": [ 0, 10, 0, 11 ], "texture": "#texture" },
        "east":  { "uv": [ 16, 10, 16, 11 ], "texture": "#texture" }
    }
},
{
    "__comment": "wielkap*",
    "from": [ 17.1, 2.975, -3.8125 ],
    "to": [ 20.6, 7.175, -2.4125 ],
    "rotation": { "origin": [ 17.1, 7.175, -3.8125 ], "axis": "x", "angle": -22.5 },
    "faces": {
        "down":  { "uv": [ 16, 0, 15, 0 ], "texture": "#texture" },
        "up":    { "uv": [ 0, 0, 1, 0 ], "texture": "#texture" },
        "north": { "uv": [ 15, 10, 16, 11 ], "texture": "#texture" },
        "south": { "uv": [ 0, 10, 1, 11 ], "texture": "#texture" },
        "west":  { "uv": [ 0, 10, 0, 11 ], "texture": "#texture" },
        "east":  { "uv": [ 16, 10, 16, 11 ], "texture": "#texture" }
    }
},
{
    "__comment": "wielkap*",
    "from": [ 17.1, 3.5, 10.1 ],
    "to": [ 20.6, 7.7, 11.5 ],
    "rotation": { "origin": [ 17.1, 7.7, 10.1 ], "axis": "x", "angle": 22.5 },
    "faces": {
        "down":  { "uv": [ 13, 9, 15.5, 10 ], "texture": "#texture" },
        "up":    { "uv": [ 13, 9, 15.5, 10 ], "texture": "#texture" },
        "north": { "uv": [ 13.5, 10.5, 16, 13.5 ], "texture": "#texture" },
        "south": { "uv": [ 13.5, 10.5, 16, 13.5 ], "texture": "#texture" },
        "west":  { "uv": [ 9.5, 10.5, 10.5, 13.5 ], "texture": "#texture" },
        "east":  { "uv": [ 9.5, 10.5, 10.5, 13.5 ], "texture": "#texture" }
    }
},
{
    "__comment": "paars*",
    "from": [ -1.8, 7.7, -13.7 ],
    "to": [ -0.4, 11.2, 0.3 ],
    "faces": {
        "down":  { "uv": [ 1, 0, 2, 10 ], "texture": "#paars" },
        "up":    { "uv": [ 1, 0, 2, 10 ], "texture": "#paars" },
        "north": { "uv": [ 1, 8, 2, 10.5 ], "texture": "#paars" },
        "south": { "uv": [ 1, 8, 2, 10.5 ], "texture": "#paars" },
        "west":  { "uv": [ 0, 8, 10, 10.5 ], "texture": "#paars" },
        "east":  { "uv": [ 0, 8, 10, 10.5 ], "texture": "#paars" }
    }
},
{
    "__comment": "paars*",
    "from": [ 0.2125, 10.4125, -13.7 ],
    "to": [ 2.3125, 11.8125, -3.2 ],
    "rotation": { "origin": [ 0.2125, 11.8125, -13.7 ], "axis": "z", "angle": 45 },
    "faces": {
        "down":  { "uv": [ 2.4375, 0, 3.9375, 7.5 ], "texture": "#paars" },
        "up":    { "uv": [ 2.4375, 0, 3.9375, 7.5 ], "texture": "#paars" },
        "north": { "uv": [ 2.4375, 7.5625, 3.9375, 8.5625 ], "texture": "#paars" },
        "south": { "uv": [ 2.4375, 7.5625, 3.9375, 8.5625 ], "texture": "#paars" },
        "west":  { "uv": [ 0, 7.5625, 7.5, 8.5625 ], "texture": "#paars" },
        "east":  { "uv": [ 0, 7.5625, 7.5, 8.5625 ], "texture": "#paars" }
    }
},
{
    "__comment": "paars*",
    "from": [ -0.4, 11.2, -13.7 ],
    "to": [ 1, 12.6, -3.2 ],
    "faces": {
        "down":  { "uv": [ 13.5, 0, 2.5, 0 ], "texture": "#paars" },
        "up":    { "uv": [ 2.5, 0, 13.5, 0 ], "texture": "#paars" },
        "north": { "uv": [ 2.5, 8.5, 13.5, 9.5 ], "texture": "#paars" },
        "south": { "uv": [ 2.5, 8.5, 13.5, 9.5 ], "texture": "#paars" },
        "west":  { "uv": [ 0, 8.5, 0, 9.5 ], "texture": "#paars" },
        "east":  { "uv": [ 16, 8.5, 16, 9.5 ], "texture": "#paars" }
    }
},
{
    "__comment": "paars*",
    "from": [ -0.4, 3.5, -13.7 ],
    "to": [ 16.4, 4.9, 21.3 ],
    "faces": {
        "down":  { "uv": [ 13.5, 0, 2.5, 0 ], "texture": "#paars" },
        "up":    { "uv": [ 2.5, 0, 13.5, 0 ], "texture": "#paars" },
        "north": { "uv": [ 2.5, 8.5, 13.5, 9.5 ], "texture": "#paars" },
        "south": { "uv": [ 2.5, 8.5, 13.5, 9.5 ], "texture": "#paars" },
        "west":  { "uv": [ 0, 8.5, 0, 9.5 ], "texture": "#paars" },
        "east":  { "uv": [ 16, 8.5, 16, 9.5 ], "texture": "#paars" }
    }
},
{
    "__comment": "paars*",
    "from": [ -1.8875, 9.71504, -13.7 ],
    "to": [ 0.2125, 11.115, 0.3 ],
    "rotation": { "origin": [ -1.8875, 11.115, -13.7 ], "axis": "z", "angle": 45 },
    "faces": {
        "down":  { "uv": [ 0.9375, 0, 2.4375, 10 ], "texture": "#paars" },
        "up":    { "uv": [ 0.9375, 0, 2.4375, 10 ], "texture": "#paars" },
        "north": { "uv": [ 0.9375, 8, 2.4375, 9 ], "texture": "#paars" },
        "south": { "uv": [ 0.9375, 8, 2.4375, 9 ], "texture": "#paars" },
        "west":  { "uv": [ 0, 8, 10, 9 ], "texture": "#paars" },
        "east":  { "uv": [ 0, 8, 10, 9 ], "texture": "#paars" }
    }
},
{
    "__comment": "paars*",
    "from": [ -1.8, 8.4, 10.1 ],
    "to": [ -0.4, 12.6, 22.7 ],
    "faces": {
        "down":  { "uv": [ 13.5, 0, 2.5, 0 ], "texture": "#paars" },
        "up":    { "uv": [ 2.5, 0, 13.5, 0 ], "texture": "#paars" },
        "north": { "uv": [ 2.5, 8.5, 13.5, 9.5 ], "texture": "#paars" },
        "south": { "uv": [ 2.5, 8.5, 13.5, 9.5 ], "texture": "#paars" },
        "west":  { "uv": [ 0, 8.5, 0, 9.5 ], "texture": "#paars" },
        "east":  { "uv": [ 16, 8.5, 16, 9.5 ], "texture": "#paars" }
    }
},
{
    "__comment": "paars*",
    "from": [ -1.8, 6.9125, -1.625 ],
    "to": [ -0.4, 10.4125, 0.475 ],
    "rotation": { "origin": [ -1.8, 10.4125, -1.625 ], "axis": "x", "angle": -22.5 },
    "faces": {
        "down":  { "uv": [ 13.5, 0, 2.5, 0 ], "texture": "#paars" },
        "up":    { "uv": [ 2.5, 0, 13.5, 0 ], "texture": "#paars" },
        "north": { "uv": [ 2.5, 8.5, 13.5, 9.5 ], "texture": "#paars" },
        "south": { "uv": [ 2.5, 8.5, 13.5, 9.5 ], "texture": "#paars" },
        "west":  { "uv": [ 0, 8.5, 0, 9.5 ], "texture": "#paars" },
        "east":  { "uv": [ 16, 8.5, 16, 9.5 ], "texture": "#paars" }
    }
},
{
    "__comment": "paars*",
    "from": [ -1.8, 8.4, 10.1 ],
    "to": [ -0.4, 12.6, 12.9 ],
    "rotation": { "origin": [ -1.8, 12.6, 10.1 ], "axis": "x", "angle": 22.5 },
    "faces": {
        "down":  { "uv": [ 13.5, 0, 2.5, 0 ], "texture": "#paars" },
        "up":    { "uv": [ 2.5, 0, 13.5, 0 ], "texture": "#paars" },
        "north": { "uv": [ 2.5, 8.5, 13.5, 9.5 ], "texture": "#paars" },
        "south": { "uv": [ 2.5, 8.5, 13.5, 9.5 ], "texture": "#paars" },
        "west":  { "uv": [ 0, 8.5, 0, 9.5 ], "texture": "#paars" },
        "east":  { "uv": [ 16, 8.5, 16, 9.5 ], "texture": "#paars" }
    }
},
{
    "__comment": "paars*",
    "from": [ -1.8, 3.9375, -13.7 ],
    "to": [ -0.4, 8.8375, 21.3 ],
    "rotation": { "origin": [ -1.8, 8.8375, -13.7 ], "axis": "z", "angle": 22.5 },
    "faces": {
        "down":  { "uv": [ 13.5, 0, 2.5, 0 ], "texture": "#paars" },
        "up":    { "uv": [ 2.5, 0, 13.5, 0 ], "texture": "#paars" },
        "north": { "uv": [ 2.5, 8.5, 13.5, 9.5 ], "texture": "#paars" },
        "south": { "uv": [ 2.5, 8.5, 13.5, 9.5 ], "texture": "#paars" },
        "west":  { "uv": [ 0, 8.5, 0, 9.5 ], "texture": "#paars" },
        "east":  { "uv": [ 16, 8.5, 16, 9.5 ], "texture": "#paars" }
    }
},
{
    "__comment": "paars*",
    "from": [ -0.4, 11.2, -13.7 ],
    "to": [ 1, 12.6, -3.2 ],
    "faces": {
        "down":  { "uv": [ 2, 0, 3, 7.5 ], "texture": "#paars" },
        "up":    { "uv": [ 2, 0, 3, 7.5 ], "texture": "#paars" },
        "north": { "uv": [ 2, 7, 3, 8 ], "texture": "#paars" },
        "south": { "uv": [ 2, 7, 3, 8 ], "texture": "#paars" },
        "west":  { "uv": [ 0, 7, 7.5, 8 ], "texture": "#paars" },
        "east":  { "uv": [ 0, 7, 7.5, 8 ], "texture": "#paars" }
    }
},
{
    "__comment": "paars*",
    "from": [ 15, 11.2, -13.7 ],
    "to": [ 16.4, 12.6, -3.2 ],
    "faces": {
        "down":  { "uv": [ 14, 0, 15.375, 10.5 ], "texture": "#paars" },
        "up":    { "uv": [ 14, 0, 15.375, 10.5 ], "texture": "#paars" },
        "north": { "uv": [ 14.5, 3, 15.875, 4.375 ], "texture": "#paars" },
        "south": { "uv": [ 14.5, 3, 15.875, 4.375 ], "texture": "#paars" },
        "west":  { "uv": [ 0, 3, 10.5, 4.375 ], "texture": "#paars" },
        "east":  { "uv": [ 0, 3, 10.5, 4.375 ], "texture": "#paars" }
    }
},
{
    "__comment": "paars*",
    "from": [ 16.3399, 11.2, -13.7 ],
    "to": [ 18.4399, 12.6, 0.3 ],
    "rotation": { "origin": [ 16.3399, 12.6, -13.7 ], "axis": "z", "angle": -45 },
    "faces": {
        "down":  { "uv": [ 13.9375, 0, 15.4375, 10 ], "texture": "#paars" },
        "up":    { "uv": [ 13.9375, 0, 15.4375, 10 ], "texture": "#paars" },
        "north": { "uv": [ 13.9375, 7, 15.4375, 8 ], "texture": "#paars" },
        "south": { "uv": [ 13.9375, 7, 15.4375, 8 ], "texture": "#paars" },
        "west":  { "uv": [ 0, 7, 10, 8 ], "texture": "#paars" },
        "east":  { "uv": [ 0, 7, 10, 8 ], "texture": "#paars" }
    }
},
{
    "__comment": "paars*",
    "from": [ 16.4, 7.7, -13.7 ],
    "to": [ 17.8, 11.2, 0.3 ],
    "faces": {
        "down":  { "uv": [ 13.5, 0, 2.5, 0 ], "texture": "#paars" },
        "up":    { "uv": [ 2.5, 0, 13.5, 0 ], "texture": "#paars" },
        "north": { "uv": [ 2.5, 8.5, 13.5, 9.5 ], "texture": "#paars" },
        "south": { "uv": [ 2.5, 8.5, 13.5, 9.5 ], "texture": "#paars" },
        "west":  { "uv": [ 0, 8.5, 0, 9.5 ], "texture": "#paars" },
        "east":  { "uv": [ 16, 8.5, 16, 9.5 ], "texture": "#paars" }
    }
},
{
    "__comment": "paars*",
    "from": [ 16.4875, 4.025, -13.7 ],
    "to": [ 17.8875, 8.925, 21.3 ],
    "rotation": { "origin": [ 16.4875, 8.925, -13.7 ], "axis": "z", "angle": -22.5 },
    "faces": {
        "down":  { "uv": [ 13.5, 0, 2.5, 0 ], "texture": "#paars" },
        "up":    { "uv": [ 2.5, 0, 13.5, 0 ], "texture": "#paars" },
        "north": { "uv": [ 2.5, 8.5, 13.5, 9.5 ], "texture": "#paars" },
        "south": { "uv": [ 2.5, 8.5, 13.5, 9.5 ], "texture": "#paars" },
        "west":  { "uv": [ 0, 8.5, 0, 9.5 ], "texture": "#paars" },
        "east":  { "uv": [ 16, 8.5, 16, 9.5 ], "texture": "#paars" }
    }
},
{
    "__comment": "paars*",
    "from": [ 1.7, 11.9, -13.7 ],
    "to": [ 14.3, 13.3, -3.2 ],
    "faces": {
        "down":  { "uv": [ 3.5, 0, 12.5, 7.5 ], "texture": "#paars" },
        "up":    { "uv": [ 3.5, 0, 12.5, 7.5 ], "texture": "#paars" },
        "north": { "uv": [ 3.5, 6.5, 12.5, 7.5 ], "texture": "#paars" },
        "south": { "uv": [ 3.5, 6.5, 12.5, 7.5 ], "texture": "#paars" },
        "west":  { "uv": [ 0, 6.5, 7.5, 7.5 ], "texture": "#paars" },
        "east":  { "uv": [ 0, 6.5, 7.5, 7.5 ], "texture": "#paars" }
    }
},
{
    "__comment": "paars*",
    "from": [ -1.8, 4.2, -2.5 ],
    "to": [ -0.4, 9.8, 10.1 ],
    "faces": {
        "down":  { "uv": [ 13.5, 0, 2.5, 0 ], "texture": "#paars" },
        "up":    { "uv": [ 2.5, 0, 13.5, 0 ], "texture": "#paars" },
        "north": { "uv": [ 2.5, 8.5, 13.5, 9.5 ], "texture": "#paars" },
        "south": { "uv": [ 2.5, 8.5, 13.5, 9.5 ], "texture": "#paars" },
        "west":  { "uv": [ 0, 8.5, 0, 9.5 ], "texture": "#paars" },
        "east":  { "uv": [ 16, 8.5, 16, 9.5 ], "texture": "#paars" }
    }
},
{
    "__comment": "paars*",
    "from": [ 16.4, 4.2, -2.5 ],
    "to": [ 17.8, 9.8, 10.1 ],
    "faces": {
        "down":  { "uv": [ 13.5, 0, 2.5, 0 ], "texture": "#paars" },
        "up":    { "uv": [ 2.5, 0, 13.5, 0 ], "texture": "#paars" },
        "north": { "uv": [ 2.5, 8.5, 13.5, 9.5 ], "texture": "#paars" },
        "south": { "uv": [ 2.5, 8.5, 13.5, 9.5 ], "texture": "#paars" },
        "west":  { "uv": [ 0, 8.5, 0, 9.5 ], "texture": "#paars" },
        "east":  { "uv": [ 16, 8.5, 16, 9.5 ], "texture": "#paars" }
    }
},
{
    "__comment": "paars*",
    "from": [ -1.8, 6.9125, -1.625 ],
    "to": [ -0.4, 10.4125, 0.475 ],
    "rotation": { "origin": [ -1.8, 10.4125, -1.625 ], "axis": "x", "angle": -22.5 },
    "faces": {
        "down":  { "uv": [ 13.5, 0, 2.5, 0 ], "texture": "#paars" },
        "up":    { "uv": [ 2.5, 0, 13.5, 0 ], "texture": "#paars" },
        "north": { "uv": [ 2.5, 8.5, 13.5, 9.5 ], "texture": "#paars" },
        "south": { "uv": [ 2.5, 8.5, 13.5, 9.5 ], "texture": "#paars" },
        "west":  { "uv": [ 0, 8.5, 0, 9.5 ], "texture": "#paars" },
        "east":  { "uv": [ 16, 8.5, 16, 9.5 ], "texture": "#paars" }
    }
},
{
    "__comment": "paars*",
    "from": [ -1.8, 7.7, 10.1 ],
    "to": [ -0.4, 11.2, 12.2 ],
    "rotation": { "origin": [ -1.8, 11.2, 10.1 ], "axis": "x", "angle": 22.5 },
    "faces": {
        "down":  { "uv": [ 13.5, 0, 2.5, 0 ], "texture": "#paars" },
        "up":    { "uv": [ 2.5, 0, 13.5, 0 ], "texture": "#paars" },
        "north": { "uv": [ 2.5, 8.5, 13.5, 9.5 ], "texture": "#paars" },
        "south": { "uv": [ 2.5, 8.5, 13.5, 9.5 ], "texture": "#paars" },
        "west":  { "uv": [ 0, 8.5, 0, 9.5 ], "texture": "#paars" },
        "east":  { "uv": [ 16, 8.5, 16, 9.5 ], "texture": "#paars" }
    }
},
{
    "__comment": "paars*",
    "from": [ -0.4, 7, 21.3 ],
    "to": [ 16.4, 12.6, 22.7 ],
    "faces": {
        "down":  { "uv": [ 13.5, 0, 2.5, 0 ], "texture": "#paars" },
        "up":    { "uv": [ 2.5, 0, 13.5, 0 ], "texture": "#paars" },
        "north": { "uv": [ 2.5, 8.5, 13.5, 9.5 ], "texture": "#paars" },
        "south": { "uv": [ 2.5, 8.5, 13.5, 9.5 ], "texture": "#paars" },
        "west":  { "uv": [ 0, 8.5, 0, 9.5 ], "texture": "#paars" },
        "east":  { "uv": [ 16, 8.5, 16, 9.5 ], "texture": "#paars" }
    }
},
{
    "__comment": "paars*",
    "from": [ -0.4, 4.025, 21.3875 ],
    "to": [ 16.4, 7.525, 22.7875 ],
    "rotation": { "origin": [ -0.4, 7.525, 21.3875 ], "axis": "x", "angle": 22.5 },
    "faces": {
        "down":  { "uv": [ 13.5, 0, 2.5, 0 ], "texture": "#paars" },
        "up":    { "uv": [ 2.5, 0, 13.5, 0 ], "texture": "#paars" },
        "north": { "uv": [ 2.5, 8.5, 13.5, 9.5 ], "texture": "#paars" },
        "south": { "uv": [ 2.5, 8.5, 13.5, 9.5 ], "texture": "#paars" },
        "west":  { "uv": [ 0, 8.5, 0, 9.5 ], "texture": "#paars" },
        "east":  { "uv": [ 16, 8.5, 16, 9.5 ], "texture": "#paars" }
    }
},
{
    "__comment": "paars*",
    "from": [ -1.8, 6.3, 21.3 ],
    "to": [ -0.4, 8.4, 22.7 ],
    "rotation": { "origin": [ -1.8, 8.4, 21.3 ], "axis": "z", "angle": 45 },
    "faces": {
        "down":  { "uv": [ 13.5, 0, 2.5, 0 ], "texture": "#paars" },
        "up":    { "uv": [ 2.5, 0, 13.5, 0 ], "texture": "#paars" },
        "north": { "uv": [ 2.5, 8.5, 13.5, 9.5 ], "texture": "#paars" },
        "south": { "uv": [ 2.5, 8.5, 13.5, 9.5 ], "texture": "#paars" },
        "west":  { "uv": [ 0, 8.5, 0, 9.5 ], "texture": "#paars" },
        "east":  { "uv": [ 16, 8.5, 16, 9.5 ], "texture": "#paars" }
    }
},
{
    "__comment": "paars*",
    "from": [ 16.4, 8.4, 10.1 ],
    "to": [ 17.8, 12.6, 22.7 ],
    "faces": {
        "down":  { "uv": [ 13.5, 0, 2.5, 0 ], "texture": "#paars" },
        "up":    { "uv": [ 2.5, 0, 13.5, 0 ], "texture": "#paars" },
        "north": { "uv": [ 2.5, 8.5, 13.5, 9.5 ], "texture": "#paars" },
        "south": { "uv": [ 2.5, 8.5, 13.5, 9.5 ], "texture": "#paars" },
        "west":  { "uv": [ 0, 8.5, 0, 9.5 ], "texture": "#paars" },
        "east":  { "uv": [ 16, 8.5, 16, 9.5 ], "texture": "#paars" }
    }
},
{
    "__comment": "paars*",
    "from": [ 16.8375, 7.2625, 21.3 ],
    "to": [ 18.2375, 9.3625, 22.7 ],
    "rotation": { "origin": [ 16.8375, 9.3625, 21.3 ], "axis": "z", "angle": -45 },
    "faces": {
        "down":  { "uv": [ 13.5, 0, 2.5, 0 ], "texture": "#paars" },
        "up":    { "uv": [ 2.5, 0, 13.5, 0 ], "texture": "#paars" },
        "north": { "uv": [ 2.5, 8.5, 13.5, 9.5 ], "texture": "#paars" },
        "south": { "uv": [ 2.5, 8.5, 13.5, 9.5 ], "texture": "#paars" },
        "west":  { "uv": [ 0, 8.5, 0, 9.5 ], "texture": "#paars" },
        "east":  { "uv": [ 16, 8.5, 16, 9.5 ], "texture": "#paars" }
    }
},
{
    "__comment": "stoelding*",
    "from": [ -0.4, 6.3, 12.2 ],
    "to": [ 16.4, 9.8, 21.3 ],
    "faces": {
        "down":  { "uv": [ 1.5, 9.5, 13.5, 16 ], "texture": "#chair" },
        "up":    { "uv": [ 1.5, 9.5, 13.5, 16 ], "texture": "#chair" },
        "north": { "uv": [ 2, 9, 14, 11.5 ], "texture": "#chair" },
        "south": { "uv": [ 2, 9, 14, 11.5 ], "texture": "#chair" },
        "west":  { "uv": [ 9, 9, 15.5, 11.5 ], "texture": "#chair" },
        "east":  { "uv": [ 9, 9, 15.5, 11.5 ], "texture": "#chair" }
    }
},
{
    "__comment": "paars*",
    "from": [ 16.4, 8.4, 10.1 ],
    "to": [ 17.8, 12.6, 12.9 ],
    "rotation": { "origin": [ 16.4, 12.6, 10.1 ], "axis": "x", "angle": 22.5 },
    "faces": {
        "down":  { "uv": [ 13.5, 0, 2.5, 0 ], "texture": "#paars" },
        "up":    { "uv": [ 2.5, 0, 13.5, 0 ], "texture": "#paars" },
        "north": { "uv": [ 2.5, 8.5, 13.5, 9.5 ], "texture": "#paars" },
        "south": { "uv": [ 2.5, 8.5, 13.5, 9.5 ], "texture": "#paars" },
        "west":  { "uv": [ 0, 8.5, 0, 9.5 ], "texture": "#paars" },
        "east":  { "uv": [ 16, 8.5, 16, 9.5 ], "texture": "#paars" }
    }
},
{
    "__comment": "paars*",
    "from": [ 16.4, 6.9125, -1.625 ],
    "to": [ 17.8, 10.4125, 0.475 ],
    "rotation": { "origin": [ 16.4, 10.4125, -1.625 ], "axis": "x", "angle": -22.5 },
    "faces": {
        "down":  { "uv": [ 13.5, 0, 2.5, 0 ], "texture": "#paars" },
        "up":    { "uv": [ 2.5, 0, 13.5, 0 ], "texture": "#paars" },
        "north": { "uv": [ 2.5, 8.5, 13.5, 9.5 ], "texture": "#paars" },
        "south": { "uv": [ 2.5, 8.5, 13.5, 9.5 ], "texture": "#paars" },
        "west":  { "uv": [ 0, 8.5, 0, 9.5 ], "texture": "#paars" },
        "east":  { "uv": [ 16, 8.5, 16, 9.5 ], "texture": "#paars" }
    }
},
{
    "__comment": "wheel right front*",
    "from": [ 4.5, 8.4, 22.7 ],
    "to": [ 6.6, 12.6, 24.8 ],
    "faces": {
        "down":  { "uv": [ 16, 10, 16, 8 ], "texture": "#chair" },
        "up":    { "uv": [ 0, 8, 0, 10 ], "texture": "#chair" },
        "north": { "uv": [ 16, 11, 16, 12 ], "texture": "#chair" },
        "south": { "uv": [ 0, 11, 0, 12 ], "texture": "#chair" },
        "west":  { "uv": [ 8, 11, 10, 12 ], "texture": "#chair" },
        "east":  { "uv": [ 6, 11, 8, 12 ], "texture": "#chair" }
    }
},
{
    "__comment": "wheel right front*",
    "from": [ 9.4, 8.4, 22.7 ],
    "to": [ 11.5, 12.6, 24.8 ],
    "faces": {
        "down":  { "uv": [ 16, 10, 16, 8 ], "texture": "#chair" },
        "up":    { "uv": [ 0, 8, 0, 10 ], "texture": "#chair" },
        "north": { "uv": [ 16, 11, 16, 12 ], "texture": "#chair" },
        "south": { "uv": [ 0, 11, 0, 12 ], "texture": "#chair" },
        "west":  { "uv": [ 8, 11, 10, 12 ], "texture": "#chair" },
        "east":  { "uv": [ 6, 11, 8, 12 ], "texture": "#chair" }
    }
},
{
    "__comment": "wiel rechts voor*",
    "from": [ 6.6, 9.1, 22.7 ],
    "to": [ 9.4, 11.9, 24.1 ],
    "faces": {
        "down":  { "uv": [ 5, 5, 11, 11 ], "texture": "#uitlaat top " },
        "up":    { "uv": [ 5, 5, 11, 11 ], "texture": "#uitlaat top " },
        "north": { "uv": [ 5, 5, 11, 11 ], "texture": "#uitlaat top " },
        "south": { "uv": [ 5, 5, 11, 11 ], "texture": "#uitlaat top " },
        "west":  { "uv": [ 5, 5, 11, 11 ], "texture": "#uitlaat top " },
        "east":  { "uv": [ 5, 5, 11, 11 ], "texture": "#uitlaat top " }
    }
},
{
    "__comment": "wheel right front*",
    "from": [ 5.9, 11.9, 22.7 ],
    "to": [ 10.1, 14, 24.8 ],
    "faces": {
        "down":  { "uv": [ 16, 10, 16, 8 ], "texture": "#chair" },
        "up":    { "uv": [ 0, 8, 0, 10 ], "texture": "#chair" },
        "north": { "uv": [ 16, 11, 16, 12 ], "texture": "#chair" },
        "south": { "uv": [ 0, 11, 0, 12 ], "texture": "#chair" },
        "west":  { "uv": [ 8, 11, 10, 12 ], "texture": "#chair" },
        "east":  { "uv": [ 6, 11, 8, 12 ], "texture": "#chair" }
    }
},
{
    "__comment": "wheel right front*",
    "from": [ 5.9, 7, 22.7 ],
    "to": [ 10.1, 9.1, 24.8 ],
    "faces": {
        "down":  { "uv": [ 16, 10, 16, 8 ], "texture": "#chair" },
        "up":    { "uv": [ 0, 8, 0, 10 ], "texture": "#chair" },
        "north": { "uv": [ 16, 11, 16, 12 ], "texture": "#chair" },
        "south": { "uv": [ 0, 11, 0, 12 ], "texture": "#chair" },
        "west":  { "uv": [ 8, 11, 10, 12 ], "texture": "#chair" },
        "east":  { "uv": [ 6, 11, 8, 12 ], "texture": "#chair" }
    }
},
{
    "__comment": "wheel right front*",
    "from": [ 10.1, 7.7, 22.7 ],
    "to": [ 10.8, 8.4, 24.8 ],
    "faces": {
        "down":  { "uv": [ 16, 10, 16, 8 ], "texture": "#chair" },
        "up":    { "uv": [ 0, 8, 0, 10 ], "texture": "#chair" },
        "north": { "uv": [ 16, 11, 16, 12 ], "texture": "#chair" },
        "south": { "uv": [ 0, 11, 0, 12 ], "texture": "#chair" },
        "west":  { "uv": [ 8, 11, 10, 12 ], "texture": "#chair" },
        "east":  { "uv": [ 6, 11, 8, 12 ], "texture": "#chair" }
    }
},
{
    "__comment": "wheel right front*",
    "from": [ 10.1, 12.6, 22.7 ],
    "to": [ 10.8, 13.3, 24.8 ],
    "faces": {
        "down":  { "uv": [ 16, 10, 16, 8 ], "texture": "#chair" },
        "up":    { "uv": [ 0, 8, 0, 10 ], "texture": "#chair" },
        "north": { "uv": [ 16, 11, 16, 12 ], "texture": "#chair" },
        "south": { "uv": [ 0, 11, 0, 12 ], "texture": "#chair" },
        "west":  { "uv": [ 8, 11, 10, 12 ], "texture": "#chair" },
        "east":  { "uv": [ 6, 11, 8, 12 ], "texture": "#chair" }
    }
},
{
    "__comment": "wheel right front*",
    "from": [ 5.2, 12.6, 22.7 ],
    "to": [ 5.9, 13.3, 24.8 ],
    "faces": {
        "down":  { "uv": [ 16, 10, 16, 8 ], "texture": "#chair" },
        "up":    { "uv": [ 0, 8, 0, 10 ], "texture": "#chair" },
        "north": { "uv": [ 16, 11, 16, 12 ], "texture": "#chair" },
        "south": { "uv": [ 0, 11, 0, 12 ], "texture": "#chair" },
        "west":  { "uv": [ 8, 11, 10, 12 ], "texture": "#chair" },
        "east":  { "uv": [ 6, 11, 8, 12 ], "texture": "#chair" }
    }
},
{
    "__comment": "wheel right front*",
    "from": [ 5.2, 7.7, 22.7 ],
    "to": [ 5.9, 8.4, 24.8 ],
    "faces": {
        "down":  { "uv": [ 16, 10, 16, 8 ], "texture": "#chair" },
        "up":    { "uv": [ 0, 8, 0, 10 ], "texture": "#chair" },
        "north": { "uv": [ 16, 11, 16, 12 ], "texture": "#chair" },
        "south": { "uv": [ 0, 11, 0, 12 ], "texture": "#chair" },
        "west":  { "uv": [ 8, 11, 10, 12 ], "texture": "#chair" },
        "east":  { "uv": [ 6, 11, 8, 12 ], "texture": "#chair" }
    }
},
{
    "__comment": "lampenvoor",
    "from": [ -0.4, 9.8, -14.4 ],
    "to": [ 1.7, 11.9, -13.7 ],
    "faces": {
        "down":  { "uv": [ 2, 0, 3.5, 0.5 ], "texture": "#chair" },
        "up":    { "uv": [ 2, 0, 3.5, 0.5 ], "texture": "#chair" },
        "north": { "uv": [ 7, 7, 9, 9 ], "texture": "#daylight_detector_top" },
        "south": { "uv": [ 2, 7.5, 3.5, 9 ], "texture": "#chair" },
        "west":  { "uv": [ 0, 7.5, 0.5, 9 ], "texture": "#chair" },
        "east":  { "uv": [ 0, 7.5, 0.5, 9 ], "texture": "#chair" }
    }
},
{
    "__comment": "lampenvoor*",
    "from": [ 14.3, 9.8, -14.4 ],
    "to": [ 16.4, 11.9, -13.7 ],
    "faces": {
        "down":  { "uv": [ 12.5, 0, 14, 0.5 ], "texture": "#chair" },
        "up":    { "uv": [ 12.5, 0, 14, 0.5 ], "texture": "#chair" },
        "north": { "uv": [ 7, 7, 9, 9 ], "texture": "#daylight_detector_top" },
        "south": { "uv": [ 12.5, 7.5, 14, 9 ], "texture": "#chair" },
        "west":  { "uv": [ 0, 7.5, 0.5, 9 ], "texture": "#chair" },
        "east":  { "uv": [ 0, 7.5, 0.5, 9 ], "texture": "#chair" }
    }
},
{
    "__comment": "stoelding*",
    "from": [ -1.8, 13.3, 10.1 ],
    "to": [ -1.1, 14, 22.7 ],
    "faces": {
        "down":  { "uv": [ 3, 12, 4, 13.5 ], "texture": "#texture" },
        "up":    { "uv": [ 3, 12, 4, 13.5 ], "texture": "#texture" },
        "north": { "uv": [ 3, 5.5, 4, 12 ], "texture": "#texture" },
        "south": { "uv": [ 3, 5.5, 4, 12 ], "texture": "#texture" },
        "west":  { "uv": [ 12, 5.5, 13.5, 12 ], "texture": "#texture" },
        "east":  { "uv": [ 12, 5.5, 13.5, 12 ], "texture": "#texture" }
    }
},
{
    "__comment": "stoelding*",
    "from": [ 17.1, 13.3, 10.1 ],
    "to": [ 17.8, 14, 22.7 ],
    "faces": {
        "down":  { "uv": [ 3, 12, 4, 13.5 ], "texture": "#texture" },
        "up":    { "uv": [ 3, 12, 4, 13.5 ], "texture": "#texture" },
        "north": { "uv": [ 3, 5.5, 4, 12 ], "texture": "#texture" },
        "south": { "uv": [ 3, 5.5, 4, 12 ], "texture": "#texture" },
        "west":  { "uv": [ 12, 5.5, 13.5, 12 ], "texture": "#texture" },
        "east":  { "uv": [ 12, 5.5, 13.5, 12 ], "texture": "#texture" }
    }
},
{
    "__comment": "stoelding*",
    "from": [ -1.1, 13.3, 22 ],
    "to": [ 17.1, 14, 22.7 ],
    "faces": {
        "down":  { "uv": [ 3, 12, 4, 13.5 ], "texture": "#texture" },
        "up":    { "uv": [ 3, 12, 4, 13.5 ], "texture": "#texture" },
        "north": { "uv": [ 3, 5.5, 4, 12 ], "texture": "#texture" },
        "south": { "uv": [ 3, 5.5, 4, 12 ], "texture": "#texture" },
        "west":  { "uv": [ 12, 5.5, 13.5, 12 ], "texture": "#texture" },
        "east":  { "uv": [ 12, 5.5, 13.5, 12 ], "texture": "#texture" }
    }
},
{
    "__comment": "stoelding*",
    "from": [ -1.8, 11.9, 10.8 ],
    "to": [ -1.1, 13.3, 11.5 ],
    "rotation": { "origin": [ -1.8, 13.3, 10.8 ], "axis": "z", "angle": 22.5 },
    "faces": {
        "down":  { "uv": [ 3, 12, 4, 13.5 ], "texture": "#texture" },
        "up":    { "uv": [ 3, 12, 4, 13.5 ], "texture": "#texture" },
        "north": { "uv": [ 3, 5.5, 4, 12 ], "texture": "#texture" },
        "south": { "uv": [ 3, 5.5, 4, 12 ], "texture": "#texture" },
        "west":  { "uv": [ 12, 5.5, 13.5, 12 ], "texture": "#texture" },
        "east":  { "uv": [ 12, 5.5, 13.5, 12 ], "texture": "#texture" }
    }
},
{
    "__comment": "stoelding*",
    "from": [ 17.1875, 12.1625, 10.8 ],
    "to": [ 17.8875, 13.5625, 11.5 ],
    "rotation": { "origin": [ 17.1875, 13.5625, 10.8 ], "axis": "z", "angle": -22.5 },
    "faces": {
        "down":  { "uv": [ 3, 12, 4, 13.5 ], "texture": "#texture" },
        "up":    { "uv": [ 3, 12, 4, 13.5 ], "texture": "#texture" },
        "north": { "uv": [ 3, 5.5, 4, 12 ], "texture": "#texture" },
        "south": { "uv": [ 3, 5.5, 4, 12 ], "texture": "#texture" },
        "west":  { "uv": [ 12, 5.5, 13.5, 12 ], "texture": "#texture" },
        "east":  { "uv": [ 12, 5.5, 13.5, 12 ], "texture": "#texture" }
    }
},
{
    "__comment": "stoelding*",
    "from": [ 15, 12.1625, 22.0875 ],
    "to": [ 15.7, 13.5625, 22.7875 ],
    "rotation": { "origin": [ 15, 13.5625, 22.0875 ], "axis": "x", "angle": 22.5 },
    "faces": {
        "down":  { "uv": [ 3, 12, 4, 13.5 ], "texture": "#texture" },
        "up":    { "uv": [ 3, 12, 4, 13.5 ], "texture": "#texture" },
        "north": { "uv": [ 3, 5.5, 4, 12 ], "texture": "#texture" },
        "south": { "uv": [ 3, 5.5, 4, 12 ], "texture": "#texture" },
        "west":  { "uv": [ 12, 5.5, 13.5, 12 ], "texture": "#texture" },
        "east":  { "uv": [ 12, 5.5, 13.5, 12 ], "texture": "#texture" }
    }
},
{
    "__comment": "stoelding*",
    "from": [ -1.8, 11.9, 19.9 ],
    "to": [ -1.1, 13.3, 20.6 ],
    "rotation": { "origin": [ -1.8, 13.3, 19.9 ], "axis": "z", "angle": 22.5 },
    "faces": {
        "down":  { "uv": [ 3, 12, 4, 13.5 ], "texture": "#texture" },
        "up":    { "uv": [ 3, 12, 4, 13.5 ], "texture": "#texture" },
        "north": { "uv": [ 3, 5.5, 4, 12 ], "texture": "#texture" },
        "south": { "uv": [ 3, 5.5, 4, 12 ], "texture": "#texture" },
        "west":  { "uv": [ 12, 5.5, 13.5, 12 ], "texture": "#texture" },
        "east":  { "uv": [ 12, 5.5, 13.5, 12 ], "texture": "#texture" }
    }
},
{
    "__comment": "stoelding*",
    "from": [ 0.3, 12.1625, 22.0875 ],
    "to": [ 1, 13.5625, 22.7875 ],
    "rotation": { "origin": [ 0.3, 13.5625, 22.0875 ], "axis": "x", "angle": 22.5 },
    "faces": {
        "down":  { "uv": [ 3, 12, 4, 13.5 ], "texture": "#texture" },
        "up":    { "uv": [ 3, 12, 4, 13.5 ], "texture": "#texture" },
        "north": { "uv": [ 3, 5.5, 4, 12 ], "texture": "#texture" },
        "south": { "uv": [ 3, 5.5, 4, 12 ], "texture": "#texture" },
        "west":  { "uv": [ 12, 5.5, 13.5, 12 ], "texture": "#texture" },
        "east":  { "uv": [ 12, 5.5, 13.5, 12 ], "texture": "#texture" }
    }
},
{
    "__comment": "stoelding*",
    "from": [ 17.1875, 12.1625, 19.9 ],
    "to": [ 17.8875, 13.5625, 20.6 ],
    "rotation": { "origin": [ 17.1875, 13.5625, 19.9 ], "axis": "z", "angle": -22.5 },
    "faces": {
        "down":  { "uv": [ 3, 12, 4, 13.5 ], "texture": "#texture" },
        "up":    { "uv": [ 3, 12, 4, 13.5 ], "texture": "#texture" },
        "north": { "uv": [ 3, 5.5, 4, 12 ], "texture": "#texture" },
        "south": { "uv": [ 3, 5.5, 4, 12 ], "texture": "#texture" },
        "west":  { "uv": [ 12, 5.5, 13.5, 12 ], "texture": "#texture" },
        "east":  { "uv": [ 12, 5.5, 13.5, 12 ], "texture": "#texture" }
    }
},
{
    "__comment": "uitlaat",
    "from": [ 14.3, 2.8, 17.1 ],
    "to": [ 15.7, 4.2, 24.8 ],
    "faces": {
        "down":  { "uv": [ 13, 10, 14, 14 ], "texture": "#uitlaat zijkant" },
        "up":    { "uv": [ 13, 10, 14, 14 ], "texture": "#uitlaat zijkant" },
        "north": { "uv": [ 5, 5, 11, 11 ], "texture": "#uitlaat top " },
        "south": { "uv": [ 5, 5, 11, 11 ], "texture": "#uitlaat top " },
        "west":  { "uv": [ 2, 13, 7.5, 14 ], "texture": "#uitlaat zijkant" },
        "east":  { "uv": [ 14.5, 13, 20, 14 ], "texture": "#uitlaat zijkant" }
    }
},
{
    "__comment": "paars*",
    "from": [ -0.4, 4.9, -13.7 ],
    "to": [ 2.4, 11.9, -13 ],
    "faces": {
        "down":  { "uv": [ 13.5, 0, 2.5, 0 ], "texture": "#paars" },
        "up":    { "uv": [ 2.5, 0, 13.5, 0 ], "texture": "#paars" },
        "north": { "uv": [ 2.5, 8.5, 13.5, 9.5 ], "texture": "#paars" },
        "south": { "uv": [ 2.5, 8.5, 13.5, 9.5 ], "texture": "#paars" },
        "west":  { "uv": [ 0, 8.5, 0, 9.5 ], "texture": "#paars" },
        "east":  { "uv": [ 16, 8.5, 16, 9.5 ], "texture": "#paars" }
    }
},
{
    "__comment": "paars*",
    "from": [ 13.6, 4.9, -13.7 ],
    "to": [ 16.4, 11.9, -13 ],
    "faces": {
        "down":  { "uv": [ 13.5, 0, 2.5, 0 ], "texture": "#paars" },
        "up":    { "uv": [ 2.5, 0, 13.5, 0 ], "texture": "#paars" },
        "north": { "uv": [ 2.5, 8.5, 13.5, 9.5 ], "texture": "#paars" },
        "south": { "uv": [ 2.5, 8.5, 13.5, 9.5 ], "texture": "#paars" },
        "west":  { "uv": [ 0, 8.5, 0, 9.5 ], "texture": "#paars" },
        "east":  { "uv": [ 16, 8.5, 16, 9.5 ], "texture": "#paars" }
    }
},
{
    "__comment": "lampenvoor*",
    "from": [ 2.4, 4.9, -13 ],
    "to": [ 13.6, 11.9, -12.3 ],
    "faces": {
        "down":  { "uv": [ 4, 0, 12, 0.5 ], "texture": "#grill2" },
        "up":    { "uv": [ 4, 0, 12, 0.5 ], "texture": "#grill2" },
        "north": { "uv": [ 4, 7.5, 13.5, 14 ], "texture": "#grill2" },
        "south": { "uv": [ 4, 7.5, 13.5, 14 ], "texture": "#grill2" },
        "west":  { "uv": [ 0, 7.5, 0.5, 12.5 ], "texture": "#grill2" },
        "east":  { "uv": [ 0, 7.5, 0.5, 12.5 ], "texture": "#grill2" }
    }
},
{
    "__comment": "lampenvoor*",
    "from": [ 17.1, 2.8, -15.8 ],
    "to": [ 19.2, 5.6, -15.1 ],
    "rotation": { "origin": [ 17.1, 2.8, -15.8 ], "axis": "y", "angle": -22.5 },
    "faces": {
        "down":  { "uv": [ 1.5, 0, 0, 0 ], "texture": "#chair" },
        "up":    { "uv": [ 14.5, 0, 16, 0 ], "texture": "#chair" },
        "north": { "uv": [ 0, 12.5, 1.5, 14 ], "texture": "#chair" },
        "south": { "uv": [ 14.5, 12.5, 16, 14 ], "texture": "#chair" },
        "west":  { "uv": [ 0, 12.5, 0, 14 ], "texture": "#chair" },
        "east":  { "uv": [ 16, 12.5, 16, 14 ], "texture": "#chair" }
    }
},
{
    "__comment": "lampenvoor*",
    "from": [ -1.1, 2.8, -15.8 ],
    "to": [ 17.1, 5.6, -15.1 ],
    "faces": {
        "down":  { "uv": [ 14.5, 0, 1.5, 0 ], "texture": "#chair" },
        "up":    { "uv": [ 1.5, 0, 14.5, 0 ], "texture": "#chair" },
        "north": { "uv": [ 1.5, 12, 14.5, 14 ], "texture": "#chair" },
        "south": { "uv": [ 1.5, 12, 14.5, 14 ], "texture": "#chair" },
        "west":  { "uv": [ 0, 12, 0, 14 ], "texture": "#chair" },
        "east":  { "uv": [ 16, 12, 16, 14 ], "texture": "#chair" }
    }
},
{
    "__comment": "lampenvoor*",
    "from": [ -3.025, 2.8, -15.0125 ],
    "to": [ -0.925, 5.6, -14.3125 ],
    "rotation": { "origin": [ -3.025, 2.8, -15.0125 ], "axis": "y", "angle": 22.5 },
    "faces": {
        "down":  { "uv": [ 16, 0, 14.5, 0 ], "texture": "#chair" },
        "up":    { "uv": [ 0, 0, 1.5, 0 ], "texture": "#chair" },
        "north": { "uv": [ 14.5, 12.5, 16, 14 ], "texture": "#chair" },
        "south": { "uv": [ 0, 12.5, 1.5, 14 ], "texture": "#chair" },
        "west":  { "uv": [ 0, 12.5, 0, 14 ], "texture": "#chair" },
        "east":  { "uv": [ 16, 12.5, 16, 14 ], "texture": "#chair" }
    }
},
{
    "__comment": "lampenvoor*",
    "from": [ 0.3, 3.5, -15.1 ],
    "to": [ 1.7, 4.9, -13.7 ],
    "faces": {
        "down":  { "uv": [ 13.5, 0, 12.5, 0 ], "texture": "#chair" },
        "up":    { "uv": [ 2.5, 0, 3.5, 0 ], "texture": "#chair" },
        "north": { "uv": [ 12.5, 12.5, 13.5, 13.5 ], "texture": "#chair" },
        "south": { "uv": [ 2.5, 12.5, 3.5, 13.5 ], "texture": "#chair" },
        "west":  { "uv": [ 0, 12.5, 0, 13.5 ], "texture": "#chair" },
        "east":  { "uv": [ 16, 12.5, 16, 13.5 ], "texture": "#chair" }
    }
},
{
    "__comment": "lampenvoor*",
    "from": [ 14.3, 3.5, -15.1 ],
    "to": [ 15.7, 4.9, -13.7 ],
    "faces": {
        "down":  { "uv": [ 3.5, 0, 2.5, 0 ], "texture": "#chair" },
        "up":    { "uv": [ 12.5, 0, 13.5, 0 ], "texture": "#chair" },
        "north": { "uv": [ 2.5, 12.5, 3.5, 13.5 ], "texture": "#chair" },
        "south": { "uv": [ 12.5, 12.5, 13.5, 13.5 ], "texture": "#chair" },
        "west":  { "uv": [ 0, 12.5, 0, 13.5 ], "texture": "#chair" },
        "east":  { "uv": [ 16, 12.5, 16, 13.5 ], "texture": "#chair" }
    }
},
{
    "__comment": "lampenvoor*",
    "from": [ -1.1, 2.8, 22.7 ],
    "to": [ 17.1, 5.6, 23.4 ],
    "faces": {
        "down":  { "uv": [ 14.5, 16, 1.5, 16 ], "texture": "#chair" },
        "up":    { "uv": [ 1.5, 16, 14.5, 16 ], "texture": "#chair" },
        "north": { "uv": [ 1.5, 12, 14.5, 14 ], "texture": "#chair" },
        "south": { "uv": [ 1.5, 12, 14.5, 14 ], "texture": "#chair" },
        "west":  { "uv": [ 16, 12, 16, 14 ], "texture": "#chair" },
        "east":  { "uv": [ 0, 12, 0, 14 ], "texture": "#chair" }
    }
},
{
    "__comment": "lampenvoor*",
    "from": [ 16.8375, 2.8, 22.7875 ],
    "to": [ 18.9375, 5.6, 23.4875 ],
    "rotation": { "origin": [ 16.8375, 2.8, 22.7875 ], "axis": "y", "angle": 22.5 },
    "faces": {
        "down":  { "uv": [ 1.5, 0, 0, 0 ], "texture": "#chair" },
        "up":    { "uv": [ 14.5, 0, 16, 0 ], "texture": "#chair" },
        "north": { "uv": [ 0, 12.5, 1.5, 14 ], "texture": "#chair" },
        "south": { "uv": [ 14.5, 12.5, 16, 14 ], "texture": "#chair" },
        "west":  { "uv": [ 0, 12.5, 0, 14 ], "texture": "#chair" },
        "east":  { "uv": [ 16, 12.5, 16, 14 ], "texture": "#chair" }
    }
},
{
    "__comment": "lampenvoor*",
    "from": [ -2.7625, 2.8, 21.9125 ],
    "to": [ -0.6625, 5.6, 22.6125 ],
    "rotation": { "origin": [ -2.7625, 2.8, 21.9125 ], "axis": "y", "angle": -22.5 },
    "faces": {
        "down":  { "uv": [ 1.5, 0, 0, 0 ], "texture": "#chair" },
        "up":    { "uv": [ 14.5, 0, 16, 0 ], "texture": "#chair" },
        "north": { "uv": [ 0, 12.5, 1.5, 14 ], "texture": "#chair" },
        "south": { "uv": [ 14.5, 12.5, 16, 14 ], "texture": "#chair" },
        "west":  { "uv": [ 0, 12.5, 0, 14 ], "texture": "#chair" },
        "east":  { "uv": [ 16, 12.5, 16, 14 ], "texture": "#chair" }
    }
},
{
    "__comment": "lampenvoor*",
    "from": [ 0.3, 3.5, 21.3 ],
    "to": [ 1.7, 4.9, 22.7 ],
    "faces": {
        "down":  { "uv": [ 13.5, 16, 12.5, 16 ], "texture": "#chair" },
        "up":    { "uv": [ 2.5, 16, 3.5, 16 ], "texture": "#chair" },
        "north": { "uv": [ 12.5, 12.5, 13.5, 13.5 ], "texture": "#chair" },
        "south": { "uv": [ 2.5, 12.5, 3.5, 13.5 ], "texture": "#chair" },
        "west":  { "uv": [ 16, 12.5, 16, 13.5 ], "texture": "#chair" },
        "east":  { "uv": [ 0, 12.5, 0, 13.5 ], "texture": "#chair" }
    }
},
{
    "__comment": "uitlaat*",
    "from": [ 12.2, 2.8, 17.1 ],
    "to": [ 13.6, 4.2, 24.8 ],
    "faces": {
        "down":  { "uv": [ 13, 10, 14, 14 ], "texture": "#uitlaat zijkant" },
        "up":    { "uv": [ 13, 10, 14, 14 ], "texture": "#uitlaat zijkant" },
        "north": { "uv": [ 5, 5, 11, 11 ], "texture": "#uitlaat top " },
        "south": { "uv": [ 5, 5, 11, 11 ], "texture": "#uitlaat top " },
        "west":  { "uv": [ 2, 13, 7.5, 14 ], "texture": "#uitlaat zijkant" },
        "east":  { "uv": [ 14.5, 13, 20, 14 ], "texture": "#uitlaat zijkant" }
    }
},
{
    "__comment": "paars*",
    "from": [ -0.4, 3.5, -8.8 ],
    "to": [ 16.4, 12.6, -7.4 ],
    "faces": {
        "down":  { "uv": [ 13.5, 0, 2.5, 0 ], "texture": "#paars" },
        "up":    { "uv": [ 2.5, 0, 13.5, 0 ], "texture": "#paars" },
        "north": { "uv": [ 2.5, 8.5, 13.5, 9.5 ], "texture": "#paars" },
        "south": { "uv": [ 2.5, 8.5, 13.5, 9.5 ], "texture": "#paars" },
        "west":  { "uv": [ 0, 8.5, 0, 9.5 ], "texture": "#paars" },
        "east":  { "uv": [ 16, 8.5, 16, 9.5 ], "texture": "#paars" }
    }
},
{
    "__comment": "stoelding*",
    "from": [ 0.3, 12.1625, -5.2125 ],
    "to": [ 1, 17.0625, -4.5125 ],
    "rotation": { "origin": [ 0.3, 17.0625, -5.2125 ], "axis": "x", "angle": 22.5 },
    "faces": {
        "down":  { "uv": [ 3, 12, 4, 13.5 ], "texture": "#texture" },
        "up":    { "uv": [ 3, 12, 4, 13.5 ], "texture": "#texture" },
        "north": { "uv": [ 3, 5.5, 4, 12 ], "texture": "#texture" },
        "south": { "uv": [ 3, 5.5, 4, 12 ], "texture": "#texture" },
        "west":  { "uv": [ 12, 5.5, 13.5, 12 ], "texture": "#texture" },
        "east":  { "uv": [ 12, 5.5, 13.5, 12 ], "texture": "#texture" }
    }
},
{
    "__comment": "stoelding*",
    "from": [ 15, 11.4625, -5.2125 ],
    "to": [ 15.7, 17.0625, -4.5125 ],
    "rotation": { "origin": [ 15, 17.0625, -5.2125 ], "axis": "x", "angle": 22.5 },
    "faces": {
        "down":  { "uv": [ 3, 12, 4, 13.5 ], "texture": "#texture" },
        "up":    { "uv": [ 3, 12, 4, 13.5 ], "texture": "#texture" },
        "north": { "uv": [ 3, 5.5, 4, 12 ], "texture": "#texture" },
        "south": { "uv": [ 3, 5.5, 4, 12 ], "texture": "#texture" },
        "west":  { "uv": [ 12, 5.5, 13.5, 12 ], "texture": "#texture" },
        "east":  { "uv": [ 12, 5.5, 13.5, 12 ], "texture": "#texture" }
    }
},
{
    "__comment": "stoelding*",
    "from": [ 0.3, 16.975, -4.95 ],
    "to": [ 15.7, 17.675, -4.25 ],
    "rotation": { "origin": [ 0.3, 17.675, -4.95 ], "axis": "x", "angle": 22.5 },
    "faces": {
        "down":  { "uv": [ 3, 12, 4, 13.5 ], "texture": "#texture" },
        "up":    { "uv": [ 3, 12, 4, 13.5 ], "texture": "#texture" },
        "north": { "uv": [ 3, 5.5, 4, 12 ], "texture": "#texture" },
        "south": { "uv": [ 3, 5.5, 4, 12 ], "texture": "#texture" },
        "west":  { "uv": [ 12, 5.5, 13.5, 12 ], "texture": "#texture" },
        "east":  { "uv": [ 12, 5.5, 13.5, 12 ], "texture": "#texture" }
    }
},
{
    "__comment": "wheel right back *",
    "from": [ -4.6, 0.7, 17.8 ],
    "to": [ -1.8, 1.4, 18.5 ],
    "faces": {
        "down":  { "uv": [ 0, 14.5625, 2, 16.0625 ], "texture": "#chair" },
        "up":    { "uv": [ 0, 14.5625, 2, 16.0625 ], "texture": "#chair" },
        "north": { "uv": [ 0, 12, 2, 15 ], "texture": "#chair" },
        "south": { "uv": [ 0, 12, 2, 15 ], "texture": "#chair" },
        "west":  { "uv": [ 14.5625, 12, 16.0625, 15 ], "texture": "#chair" },
        "east":  { "uv": [ 14.5625, 12, 16.0625, 15 ], "texture": "#chair" }
    }
},
{
    "__comment": "wheel right back *",
    "from": [ 17.8, 0.7, 12.9 ],
    "to": [ 20.6, 1.4, 13.6 ],
    "faces": {
        "down":  { "uv": [ 0, 14.5625, 2, 16.0625 ], "texture": "#chair" },
        "up":    { "uv": [ 0, 14.5625, 2, 16.0625 ], "texture": "#chair" },
        "north": { "uv": [ 0, 12, 2, 15 ], "texture": "#chair" },
        "south": { "uv": [ 0, 12, 2, 15 ], "texture": "#chair" },
        "west":  { "uv": [ 14.5625, 12, 16.0625, 15 ], "texture": "#chair" },
        "east":  { "uv": [ 14.5625, 12, 16.0625, 15 ], "texture": "#chair" }
    }
},
{
    "__comment": "wheel right back *",
    "from": [ -4.6, 5.6, 12.9 ],
    "to": [ -1.8, 6.3, 13.6 ],
    "faces": {
        "down":  { "uv": [ 0, 14.5625, 2, 16.0625 ], "texture": "#chair" },
        "up":    { "uv": [ 0, 14.5625, 2, 16.0625 ], "texture": "#chair" },
        "north": { "uv": [ 0, 12, 2, 15 ], "texture": "#chair" },
        "south": { "uv": [ 0, 12, 2, 15 ], "texture": "#chair" },
        "west":  { "uv": [ 14.5625, 12, 16.0625, 15 ], "texture": "#chair" },
        "east":  { "uv": [ 14.5625, 12, 16.0625, 15 ], "texture": "#chair" }
    }
},
{
    "__comment": "wheel right back *",
    "from": [ -4.6, 5.6, 17.8 ],
    "to": [ -1.8, 6.3, 18.5 ],
    "faces": {
        "down":  { "uv": [ 0, 14.5625, 2, 16.0625 ], "texture": "#chair" },
        "up":    { "uv": [ 0, 14.5625, 2, 16.0625 ], "texture": "#chair" },
        "north": { "uv": [ 0, 12, 2, 15 ], "texture": "#chair" },
        "south": { "uv": [ 0, 12, 2, 15 ], "texture": "#chair" },
        "west":  { "uv": [ 14.5625, 12, 16.0625, 15 ], "texture": "#chair" },
        "east":  { "uv": [ 14.5625, 12, 16.0625, 15 ], "texture": "#chair" }
    }
},
{
    "__comment": "wheel right back *",
    "from": [ -4.6, 5.6, -6 ],
    "to": [ -1.8, 6.3, -5.3 ],
    "faces": {
        "down":  { "uv": [ 0, 14.5625, 2, 16.0625 ], "texture": "#chair" },
        "up":    { "uv": [ 0, 14.5625, 2, 16.0625 ], "texture": "#chair" },
        "north": { "uv": [ 0, 12, 2, 15 ], "texture": "#chair" },
        "south": { "uv": [ 0, 12, 2, 15 ], "texture": "#chair" },
        "west":  { "uv": [ 14.5625, 12, 16.0625, 15 ], "texture": "#chair" },
        "east":  { "uv": [ 14.5625, 12, 16.0625, 15 ], "texture": "#chair" }
    }
},
{
    "__comment": "wheel right back *",
    "from": [ -4.6, 5.6, -10.9 ],
    "to": [ -1.8, 6.3, -10.2 ],
    "faces": {
        "down":  { "uv": [ 0, 14.5625, 2, 16.0625 ], "texture": "#chair" },
        "up":    { "uv": [ 0, 14.5625, 2, 16.0625 ], "texture": "#chair" },
        "north": { "uv": [ 0, 12, 2, 15 ], "texture": "#chair" },
        "south": { "uv": [ 0, 12, 2, 15 ], "texture": "#chair" },
        "west":  { "uv": [ 14.5625, 12, 16.0625, 15 ], "texture": "#chair" },
        "east":  { "uv": [ 14.5625, 12, 16.0625, 15 ], "texture": "#chair" }
    }
},
{
    "__comment": "wheel right back *",
    "from": [ 17.8, 0.7, -10.9 ],
    "to": [ 20.6, 1.4, -10.2 ],
    "faces": {
        "down":  { "uv": [ 0, 14.5625, 2, 16.0625 ], "texture": "#chair" },
        "up":    { "uv": [ 0, 14.5625, 2, 16.0625 ], "texture": "#chair" },
        "north": { "uv": [ 0, 12, 2, 15 ], "texture": "#chair" },
        "south": { "uv": [ 0, 12, 2, 15 ], "texture": "#chair" },
        "west":  { "uv": [ 14.5625, 12, 16.0625, 15 ], "texture": "#chair" },
        "east":  { "uv": [ 14.5625, 12, 16.0625, 15 ], "texture": "#chair" }
    }
},
{
    "__comment": "wheel right back *",
    "from": [ -4.6, 0.7, -10.9 ],
    "to": [ -1.8, 1.4, -10.2 ],
    "faces": {
        "down":  { "uv": [ 0, 14.5625, 2, 16.0625 ], "texture": "#chair" },
        "up":    { "uv": [ 0, 14.5625, 2, 16.0625 ], "texture": "#chair" },
        "north": { "uv": [ 0, 12, 2, 15 ], "texture": "#chair" },
        "south": { "uv": [ 0, 12, 2, 15 ], "texture": "#chair" },
        "west":  { "uv": [ 14.5625, 12, 16.0625, 15 ], "texture": "#chair" },
        "east":  { "uv": [ 14.5625, 12, 16.0625, 15 ], "texture": "#chair" }
    }
},
{
    "__comment": "wheel right back *",
    "from": [ 17.8, 0.7, -6 ],
    "to": [ 20.6, 1.4, -5.3 ],
    "faces": {
        "down":  { "uv": [ 0, 14.5625, 2, 16.0625 ], "texture": "#chair" },
        "up":    { "uv": [ 0, 14.5625, 2, 16.0625 ], "texture": "#chair" },
        "north": { "uv": [ 0, 12, 2, 15 ], "texture": "#chair" },
        "south": { "uv": [ 0, 12, 2, 15 ], "texture": "#chair" },
        "west":  { "uv": [ 14.5625, 12, 16.0625, 15 ], "texture": "#chair" },
        "east":  { "uv": [ 14.5625, 12, 16.0625, 15 ], "texture": "#chair" }
    }
},
{
    "__comment": "wheel right back *",
    "from": [ 17.8, 0.7, 17.8 ],
    "to": [ 20.6, 1.4, 18.5 ],
    "faces": {
        "down":  { "uv": [ 0, 14.5625, 2, 16.0625 ], "texture": "#chair" },
        "up":    { "uv": [ 0, 14.5625, 2, 16.0625 ], "texture": "#chair" },
        "north": { "uv": [ 0, 12, 2, 15 ], "texture": "#chair" },
        "south": { "uv": [ 0, 12, 2, 15 ], "texture": "#chair" },
        "west":  { "uv": [ 14.5625, 12, 16.0625, 15 ], "texture": "#chair" },
        "east":  { "uv": [ 14.5625, 12, 16.0625, 15 ], "texture": "#chair" }
    }
},
{
    "__comment": "wheel right back *",
    "from": [ -4.6, 0.7, 12.9 ],
    "to": [ -1.8, 1.4, 13.6 ],
    "faces": {
        "down":  { "uv": [ 0, 14.5625, 2, 16.0625 ], "texture": "#chair" },
        "up":    { "uv": [ 0, 14.5625, 2, 16.0625 ], "texture": "#chair" },
        "north": { "uv": [ 0, 12, 2, 15 ], "texture": "#chair" },
        "south": { "uv": [ 0, 12, 2, 15 ], "texture": "#chair" },
        "west":  { "uv": [ 14.5625, 12, 16.0625, 15 ], "texture": "#chair" },
        "east":  { "uv": [ 14.5625, 12, 16.0625, 15 ], "texture": "#chair" }
    }
},
{
    "__comment": "wheel right back *",
    "from": [ 17.8, 5.6, -6 ],
    "to": [ 20.6, 6.3, -5.3 ],
    "faces": {
        "down":  { "uv": [ 0, 14.5625, 2, 16.0625 ], "texture": "#chair" },
        "up":    { "uv": [ 0, 14.5625, 2, 16.0625 ], "texture": "#chair" },
        "north": { "uv": [ 0, 12, 2, 15 ], "texture": "#chair" },
        "south": { "uv": [ 0, 12, 2, 15 ], "texture": "#chair" },
        "west":  { "uv": [ 14.5625, 12, 16.0625, 15 ], "texture": "#chair" },
        "east":  { "uv": [ 14.5625, 12, 16.0625, 15 ], "texture": "#chair" }
    }
},
{
    "__comment": "wheel right back *",
    "from": [ 17.8, 5.6, -10.9 ],
    "to": [ 20.6, 6.3, -10.2 ],
    "faces": {
        "down":  { "uv": [ 0, 14.5625, 2, 16.0625 ], "texture": "#chair" },
        "up":    { "uv": [ 0, 14.5625, 2, 16.0625 ], "texture": "#chair" },
        "north": { "uv": [ 0, 12, 2, 15 ], "texture": "#chair" },
        "south": { "uv": [ 0, 12, 2, 15 ], "texture": "#chair" },
        "west":  { "uv": [ 14.5625, 12, 16.0625, 15 ], "texture": "#chair" },
        "east":  { "uv": [ 14.5625, 12, 16.0625, 15 ], "texture": "#chair" }
    }
},
{
    "__comment": "wheel right back *",
    "from": [ -4.6, 0.7, -6 ],
    "to": [ -1.8, 1.4, -5.3 ],
    "faces": {
        "down":  { "uv": [ 0, 14.5625, 2, 16.0625 ], "texture": "#chair" },
        "up":    { "uv": [ 0, 14.5625, 2, 16.0625 ], "texture": "#chair" },
        "north": { "uv": [ 0, 12, 2, 15 ], "texture": "#chair" },
        "south": { "uv": [ 0, 12, 2, 15 ], "texture": "#chair" },
        "west":  { "uv": [ 14.5625, 12, 16.0625, 15 ], "texture": "#chair" },
        "east":  { "uv": [ 14.5625, 12, 16.0625, 15 ], "texture": "#chair" }
    }
}
],
"display": {
    "head": {
        "rotation": [ 0, 0, 0 ],
        "translation": [ 0, 0, 0 ],
        "scale": [ 1.5, 1.5, 1.5 ]
    },
    "gui": {
        "rotation": [ 10, 150, 0 ],
        "translation": [ 0.8, 0, 0 ],
        "scale": [ 0.4, 0.4, 0.4 ]
    }
}
}