{
"__comment": "Designed by Kukamonda with BDcraft Cubik PRO 0.92 Beta - http://bdcraft.net",
"textures": {
    "texture": "blocks/quartz_block_side",
    "glass": "blocks/glass",
    "piston_inner": "blocks/piston_inner",
    "chair": "blocks/anvil_base",
    "pijpzijkant": "blocks/furnace_side",
    "furnace_front_off": "blocks/furnace_front_off",
    "mob_spawner": "blocks/mob_spawner",
    "quartz_block_bottom": "blocks/quartz_block_bottom",
    "quartz_block_lines": "blocks/quartz_block_lines",
    "quartz_block_lines_top": "blocks/quartz_block_lines_top",
    "wool_colored_light_blue": "blocks/concrete_lime",
    "comparator_on": "blocks/comparator_on"
},
"elements": [ 
{
    "__comment": "wheel right front 5",
    "from": [ -5.75, 3.6125, -3.5625 ],
    "to": [ -2.125, 5.0625, 0.0625 ],
    "faces": {
        "down":  { "uv": [ 16, 0.025, 16, 0 ], "texture": "#chair" },
        "up":    { "uv": [ 0, 0, 0, 0.025 ], "texture": "#chair" },
        "north": { "uv": [ 16, 10.925, 16, 12.375 ], "texture": "#chair" },
        "south": { "uv": [ 0, 10.925, 0, 12.375 ], "texture": "#chair" },
        "west":  { "uv": [ 0, 10.925, 0.025, 12.375 ], "texture": "#chair" },
        "east":  { "uv": [ 15.975, 10.925, 16, 12.375 ], "texture": "#chair" }
    }
},
{
    "__comment": "wheel right front 3",
    "from": [ -5.775, 0, -3.6 ],
    "to": [ -2.15, 1.45, 0.025 ],
    "faces": {
        "down":  { "uv": [ 16, 0.025, 16, 0 ], "texture": "#chair" },
        "up":    { "uv": [ 0, 0, 0, 0.025 ], "texture": "#chair" },
        "north": { "uv": [ 16, 14.55, 16, 16 ], "texture": "#chair" },
        "south": { "uv": [ 0, 14.55, 0, 16 ], "texture": "#chair" },
        "west":  { "uv": [ 0, 14.55, 0.025, 16 ], "texture": "#chair" },
        "east":  { "uv": [ 15.975, 14.55, 16, 16 ], "texture": "#chair" }
    }
},
{
    "__comment": "wheel right front 4",
    "from": [ 17.425, 0.725, -4.325 ],
    "to": [ 21.05, 4.35, -2.875 ],
    "faces": {
        "down":  { "uv": [ 16, 10, 16, 8 ], "texture": "#chair" },
        "up":    { "uv": [ 0, 8, 0, 10 ], "texture": "#chair" },
        "north": { "uv": [ 16, 11, 16, 12 ], "texture": "#chair" },
        "south": { "uv": [ 0, 11, 0, 12 ], "texture": "#chair" },
        "west":  { "uv": [ 8, 11, 10, 12 ], "texture": "#chair" },
        "east":  { "uv": [ 6, 11, 8, 12 ], "texture": "#chair" }
    }
},
{
    "__comment": "wheel right front 2",
    "from": [ -5.775, 0.725, -0.7 ],
    "to": [ -2.15, 4.35, 0.75 ],
    "faces": {
        "down":  { "uv": [ 16, 10, 16, 8 ], "texture": "#chair" },
        "up":    { "uv": [ 0, 8, 0, 10 ], "texture": "#chair" },
        "north": { "uv": [ 16, 11, 16, 12 ], "texture": "#chair" },
        "south": { "uv": [ 0, 11, 0, 12 ], "texture": "#chair" },
        "west":  { "uv": [ 8, 11, 10, 12 ], "texture": "#chair" },
        "east":  { "uv": [ 6, 11, 8, 12 ], "texture": "#chair" }
    }
},
{
    "__comment": "wheel right back ",
    "from": [ -5.775, 1.45, 23.225 ],
    "to": [ -1.425, 5.8, 25.4 ],
    "faces": {
        "down":  { "uv": [ 16, 10, 16, 8 ], "texture": "#chair" },
        "up":    { "uv": [ 0, 8, 0, 10 ], "texture": "#chair" },
        "north": { "uv": [ 16, 11, 16, 12 ], "texture": "#chair" },
        "south": { "uv": [ 0, 11, 0, 12 ], "texture": "#chair" },
        "west":  { "uv": [ 8, 11, 10, 12 ], "texture": "#chair" },
        "east":  { "uv": [ 6, 11, 8, 12 ], "texture": "#chair" }
    }
},
{
    "__comment": "wheel right back ",
    "from": [ -5.05, 2.175, 20.325 ],
    "to": [ -1.425, 5.075, 23.225 ],
    "faces": {
        "west":  { "uv": [ 5, 5, 11, 11 ], "texture": "#piston_inner" }
    }
},
{
    "__comment": "wheel right back ",
    "from": [ -5.775, 1.45, 18.15 ],
    "to": [ -1.425, 5.8, 20.325 ],
    "faces": {
        "down":  { "uv": [ 16, 10, 16, 8 ], "texture": "#chair" },
        "up":    { "uv": [ 0, 8, 0, 10 ], "texture": "#chair" },
        "north": { "uv": [ 16, 11, 16, 12 ], "texture": "#chair" },
        "south": { "uv": [ 0, 11, 0, 12 ], "texture": "#chair" },
        "west":  { "uv": [ 8, 11, 10, 12 ], "texture": "#chair" },
        "east":  { "uv": [ 6, 11, 8, 12 ], "texture": "#chair" }
    }
},
{
    "__comment": "wheel right back ",
    "from": [ -5.775, 0, 19.6 ],
    "to": [ -1.425, 2.175, 23.95 ],
    "faces": {
        "down":  { "uv": [ 16, 16, 16, 16 ], "texture": "#chair" },
        "up":    { "uv": [ 0, 16, 0, 16 ], "texture": "#chair" },
        "north": { "uv": [ 16, 13.825, 16, 16 ], "texture": "#chair" },
        "south": { "uv": [ 0, 13.825, 0, 16 ], "texture": "#chair" },
        "west":  { "uv": [ 16, 13.825, 16, 16 ], "texture": "#chair" },
        "east":  { "uv": [ 0, 13.825, 0, 16 ], "texture": "#chair" }
    }
},
{
    "__comment": "wheel right back ",
    "from": [ -5.775, 4.98438, 19.6 ],
    "to": [ -1.425, 7.15937, 23.95 ],
    "faces": {
        "down":  { "uv": [ 16, 16, 16, 16 ], "texture": "#chair" },
        "up":    { "uv": [ 0, 16, 0, 16 ], "texture": "#chair" },
        "north": { "uv": [ 16, 8.84062, 16, 11.0156 ], "texture": "#chair" },
        "south": { "uv": [ 0, 8.84062, 0, 11.0156 ], "texture": "#chair" },
        "west":  { "uv": [ 16, 8.84062, 16, 11.0156 ], "texture": "#chair" },
        "east":  { "uv": [ 0, 8.84062, 0, 11.0156 ], "texture": "#chair" }
    }
},
{
    "__comment": "wheel right back ",
    "from": [ -5.775, 5.8, 18.875 ],
    "to": [ -1.425, 6.525, 19.6 ],
    "faces": {
        "up":    { "uv": [ 0, 16, 0, 16 ], "texture": "#chair" },
        "north": { "uv": [ 16, 9.475, 16, 10.2 ], "texture": "#chair" },
        "west":  { "uv": [ 16, 9.475, 16, 10.2 ], "texture": "#chair" },
        "east":  { "uv": [ 0, 9.475, 0, 10.2 ], "texture": "#chair" }
    }
},
{
    "__comment": "wheel right back ",
    "from": [ -5.775, 5.8, 23.95 ],
    "to": [ -1.425, 6.525, 24.675 ],
    "faces": {
        "up":    { "uv": [ 0, 16, 0, 16 ], "texture": "#chair" },
        "south": { "uv": [ 0, 9.475, 0, 10.2 ], "texture": "#chair" },
        "west":  { "uv": [ 16, 9.475, 16, 10.2 ], "texture": "#chair" },
        "east":  { "uv": [ 0, 9.475, 0, 10.2 ], "texture": "#chair" }
    }
},
{
    "__comment": "wheel right back ",
    "from": [ -5.775, 0.725, 18.875 ],
    "to": [ -1.425, 1.45, 19.6 ],
    "faces": {
        "down":  { "uv": [ 16, 16, 16, 16 ], "texture": "#chair" },
        "north": { "uv": [ 16, 14.55, 16, 15.275 ], "texture": "#chair" },
        "west":  { "uv": [ 16, 14.55, 16, 15.275 ], "texture": "#chair" },
        "east":  { "uv": [ 0, 14.55, 0, 15.275 ], "texture": "#chair" }
    }
},
{
    "__comment": "wheel left back",
    "from": [ -5.775, 0.725, 23.95 ],
    "to": [ -1.425, 1.45, 24.675 ],
    "faces": {
        "down":  { "uv": [ 16, 16, 16, 16 ], "texture": "#chair" },
        "south": { "uv": [ 0, 14.55, 0, 15.275 ], "texture": "#chair" },
        "west":  { "uv": [ 16, 14.55, 16, 15.275 ], "texture": "#chair" },
        "east":  { "uv": [ 0, 14.55, 0, 15.275 ], "texture": "#chair" }
    }
},
{
    "__comment": "wheel left back",
    "from": [ 17.425, 1.45, 23.225 ],
    "to": [ 21.775, 5.8, 25.4 ],
    "faces": {
        "down":  { "uv": [ 16, 10, 16, 8 ], "texture": "#chair" },
        "up":    { "uv": [ 0, 8, 0, 10 ], "texture": "#chair" },
        "north": { "uv": [ 16, 11, 16, 12 ], "texture": "#chair" },
        "south": { "uv": [ 0, 11, 0, 12 ], "texture": "#chair" },
        "west":  { "uv": [ 8, 11, 10, 12 ], "texture": "#chair" },
        "east":  { "uv": [ 6, 11, 8, 12 ], "texture": "#chair" }
    }
},
{
    "__comment": "wheel left back",
    "from": [ -5.775, 5.8, 23.95 ],
    "to": [ -1.425, 6.525, 24.675 ],
    "faces": {
        "up":    { "uv": [ 0, 16, 0, 16 ], "texture": "#chair" },
        "south": { "uv": [ 0, 9.475, 0, 10.2 ], "texture": "#chair" },
        "west":  { "uv": [ 16, 9.475, 16, 10.2 ], "texture": "#chair" },
        "east":  { "uv": [ 0, 9.475, 0, 10.2 ], "texture": "#chair" }
    }
},
{
    "__comment": "wheel left back",
    "from": [ 17.425, 5.8, 18.875 ],
    "to": [ 21.775, 6.525, 19.6 ],
    "faces": {
        "up":    { "uv": [ 16, 16, 16, 16 ], "texture": "#chair" },
        "north": { "uv": [ 0, 9.475, 0, 10.2 ], "texture": "#chair" },
        "west":  { "uv": [ 16, 9.475, 16, 10.2 ], "texture": "#chair" },
        "east":  { "uv": [ 0, 9.475, 0, 10.2 ], "texture": "#chair" }
    }
},
{
    "__comment": "wheel left back",
    "from": [ 17.425, 5.8, 23.95 ],
    "to": [ 21.775, 6.525, 24.675 ],
    "faces": {
        "up":    { "uv": [ 16, 16, 16, 16 ], "texture": "#chair" },
        "south": { "uv": [ 16, 9.475, 16, 10.2 ], "texture": "#chair" },
        "west":  { "uv": [ 16, 9.475, 16, 10.2 ], "texture": "#chair" },
        "east":  { "uv": [ 0, 9.475, 0, 10.2 ], "texture": "#chair" }
    }
},
{
    "__comment": "wheel left back",
    "from": [ 17.425, 5.075, 19.6 ],
    "to": [ 21.775, 7.25, 23.95 ],
    "faces": {
        "down":  { "uv": [ 0, 16, 0, 16 ], "texture": "#chair" },
        "up":    { "uv": [ 16, 16, 16, 16 ], "texture": "#chair" },
        "north": { "uv": [ 0, 8.75, 0, 10.925 ], "texture": "#chair" },
        "south": { "uv": [ 16, 8.75, 16, 10.925 ], "texture": "#chair" },
        "west":  { "uv": [ 16, 8.75, 16, 10.925 ], "texture": "#chair" },
        "east":  { "uv": [ 0, 8.75, 0, 10.925 ], "texture": "#chair" }
    }
},
{
    "__comment": "wheel left back",
    "from": [ 17.425, 0, 19.6 ],
    "to": [ 21.775, 2.175, 23.95 ],
    "faces": {
        "down":  { "uv": [ 0, 16, 0, 16 ], "texture": "#chair" },
        "up":    { "uv": [ 16, 16, 16, 16 ], "texture": "#chair" },
        "north": { "uv": [ 0, 13.825, 0, 16 ], "texture": "#chair" },
        "south": { "uv": [ 16, 13.825, 16, 16 ], "texture": "#chair" },
        "west":  { "uv": [ 16, 13.825, 16, 16 ], "texture": "#chair" },
        "east":  { "uv": [ 0, 13.825, 0, 16 ], "texture": "#chair" }
    }
},
{
    "__comment": "wheel left back",
    "from": [ -5.775, 1.45, 18.15 ],
    "to": [ -1.425, 5.8, 20.325 ],
    "faces": {
        "down":  { "uv": [ 16, 10, 16, 8 ], "texture": "#chair" },
        "up":    { "uv": [ 0, 8, 0, 10 ], "texture": "#chair" },
        "north": { "uv": [ 16, 11, 16, 12 ], "texture": "#chair" },
        "south": { "uv": [ 0, 11, 0, 12 ], "texture": "#chair" },
        "west":  { "uv": [ 8, 11, 10, 12 ], "texture": "#chair" },
        "east":  { "uv": [ 6, 11, 8, 12 ], "texture": "#chair" }
    }
},
{
    "__comment": "wheel left back",
    "from": [ 17.425, 1.45, 18.15 ],
    "to": [ 21.775, 5.8, 20.325 ],
    "faces": {
        "down":  { "uv": [ 16, 10, 16, 8 ], "texture": "#chair" },
        "up":    { "uv": [ 0, 8, 0, 10 ], "texture": "#chair" },
        "north": { "uv": [ 16, 11, 16, 12 ], "texture": "#chair" },
        "south": { "uv": [ 0, 11, 0, 12 ], "texture": "#chair" },
        "west":  { "uv": [ 8, 11, 10, 12 ], "texture": "#chair" },
        "east":  { "uv": [ 6, 11, 8, 12 ], "texture": "#chair" }
    }
},
{
    "__comment": "wheel left back",
    "from": [ 17.425, 2.175, 20.325 ],
    "to": [ 21.05, 5.075, 23.225 ],
    "faces": {
        "east":  { "uv": [ 5, 5, 11, 11 ], "texture": "#piston_inner" }
    }
},
{
    "__comment": "wheel left back",
    "from": [ 17.425, 0.725, 23.95 ],
    "to": [ 21.775, 1.45, 24.675 ],
    "faces": {
        "down":  { "uv": [ 0, 16, 0, 16 ], "texture": "#chair" },
        "south": { "uv": [ 16, 14.55, 16, 15.275 ], "texture": "#chair" },
        "west":  { "uv": [ 16, 14.55, 16, 15.275 ], "texture": "#chair" },
        "east":  { "uv": [ 0, 14.55, 0, 15.275 ], "texture": "#chair" }
    }
},
{
    "__comment": "wheel left back",
    "from": [ 17.425, 0.725, 18.875 ],
    "to": [ 21.775, 1.45, 19.6 ],
    "faces": {
        "down":  { "uv": [ 0, 16, 0, 16 ], "texture": "#chair" },
        "north": { "uv": [ 0, 14.55, 0, 15.275 ], "texture": "#chair" },
        "west":  { "uv": [ 16, 14.55, 16, 15.275 ], "texture": "#chair" },
        "east":  { "uv": [ 0, 14.55, 0, 15.275 ], "texture": "#chair" }
    }
},
{
    "__comment": "wheel right front 3*",
    "from": [ 17.425, 0, -3.6 ],
    "to": [ 21.05, 1.45, 0.025 ],
    "faces": {
        "down":  { "uv": [ 0, 0.025, 0, 0 ], "texture": "#chair" },
        "up":    { "uv": [ 16, 0, 16, 0.025 ], "texture": "#chair" },
        "north": { "uv": [ 0, 14.55, 0, 16 ], "texture": "#chair" },
        "south": { "uv": [ 16, 14.55, 16, 16 ], "texture": "#chair" },
        "west":  { "uv": [ 0, 14.55, 0.025, 16 ], "texture": "#chair" },
        "east":  { "uv": [ 15.975, 14.55, 16, 16 ], "texture": "#chair" }
    }
},
{
    "__comment": "wheel right front 4*",
    "from": [ -5.75, 0.6875, -4.3125 ],
    "to": [ -2.125, 4.3125, -2.8625 ],
    "faces": {
        "down":  { "uv": [ 16, 10, 16, 8 ], "texture": "#chair" },
        "up":    { "uv": [ 0, 8, 0, 10 ], "texture": "#chair" },
        "north": { "uv": [ 16, 11, 16, 12 ], "texture": "#chair" },
        "south": { "uv": [ 0, 11, 0, 12 ], "texture": "#chair" },
        "west":  { "uv": [ 8, 11, 10, 12 ], "texture": "#chair" },
        "east":  { "uv": [ 6, 11, 8, 12 ], "texture": "#chair" }
    }
},
{
    "__comment": "wheel right front 2*",
    "from": [ 17.425, 0.725, -0.7 ],
    "to": [ 21.05, 4.35, 0.75 ],
    "faces": {
        "down":  { "uv": [ 16, 10, 16, 8 ], "texture": "#chair" },
        "up":    { "uv": [ 0, 8, 0, 10 ], "texture": "#chair" },
        "north": { "uv": [ 16, 11, 16, 12 ], "texture": "#chair" },
        "south": { "uv": [ 0, 11, 0, 12 ], "texture": "#chair" },
        "west":  { "uv": [ 8, 11, 10, 12 ], "texture": "#chair" },
        "east":  { "uv": [ 6, 11, 8, 12 ], "texture": "#chair" }
    }
},
{
    "__comment": "wheel right front 5*",
    "from": [ 17.375, 3.625, -3.625 ],
    "to": [ 21, 5.075, 0 ],
    "faces": {
        "down":  { "uv": [ 0, 0.025, 0, 0 ], "texture": "#chair" },
        "up":    { "uv": [ 16, 0, 16, 0.025 ], "texture": "#chair" },
        "north": { "uv": [ 0, 10.925, 0, 12.375 ], "texture": "#chair" },
        "south": { "uv": [ 16, 10.925, 16, 12.375 ], "texture": "#chair" },
        "west":  { "uv": [ 0, 10.925, 0.025, 12.375 ], "texture": "#chair" },
        "east":  { "uv": [ 15.975, 10.925, 16, 12.375 ], "texture": "#chair" }
    }
},
{
    "__comment": "as achter",
    "from": [ -1.425, 2.175, 20.325 ],
    "to": [ 2.2, 5.075, 23.225 ],
    "faces": {
        "down":  { "uv": [ 16, 16, 13.8, 16 ], "texture": "#quartz_block_bottom" },
        "up":    { "uv": [ 0, 16, 2.2, 16 ], "texture": "#quartz_block_bottom" },
        "north": { "uv": [ 13.8, 10.925, 16, 13.825 ], "texture": "#quartz_block_bottom" },
        "south": { "uv": [ 0, 10.925, 2.2, 13.825 ], "texture": "#quartz_block_bottom" }
    }
},
{
    "__comment": "blue",
    "from": [ 14.525, 2.175, -3.6 ],
    "to": [ 18.875, 2.9, -2.875 ],
    "rotation": { "origin": [ 14.525, 2.175, -3.6 ], "axis": "y", "angle": -22.5 },
    "faces": {
        "down":  { "uv": [ 1.475, 0, 0, 0 ], "texture": "#wool_colored_light_blue" },
        "up":    { "uv": [ 14.525, 0, 16, 0 ], "texture": "#wool_colored_light_blue" },
        "north": { "uv": [ 0, 13.1, 1.475, 13.825 ], "texture": "#wool_colored_light_blue" },
        "south": { "uv": [ 14.525, 13.1, 16, 13.825 ], "texture": "#wool_colored_light_blue" }
    }
},
{
    "from": [ 0.75, 3.25, 4.125 ],
    "to": [ 15.25, 6.25, 14.125 ],
    "faces": {
        "down":  { "uv": [ 15.25, 13.8, 0.75, 5.1 ], "texture": "#quartz_block_bottom" },
        "up":    { "uv": [ 0.75, 5.1, 15.25, 13.8 ], "texture": "#quartz_block_bottom" },
        "north": { "uv": [ 0.75, 10.2, 15.25, 12.375 ], "texture": "#quartz_block_bottom" },
        "south": { "uv": [ 0.75, 10.2, 15.25, 12.375 ], "texture": "#quartz_block_bottom" },
        "west":  { "uv": [ 5.1, 10.2, 13.8, 12.375 ], "texture": "#quartz_block_bottom" },
        "east":  { "uv": [ 2.2, 10.2, 10.9, 12.375 ], "texture": "#quartz_block_bottom" }
    }
},
{
    "__comment": "stoel",
    "from": [ 2.1875, 5.8, 2.875 ],
    "to": [ 13.7875, 7.25, 11.575 ],
    "faces": {
        "down":  { "uv": [ 0, 0, 16, 16 ], "texture": "#chair" },
        "up":    { "uv": [ 0, 0, 16, 16 ], "texture": "#chair" },
        "north": { "uv": [ 4, 11, 12, 12 ], "texture": "#chair" },
        "south": { "uv": [ 4, 11, 12, 12 ], "texture": "#chair" },
        "west":  { "uv": [ 4.5, 11, 10.5, 12 ], "texture": "#chair" },
        "east":  { "uv": [ 4.5, 11, 10.5, 12 ], "texture": "#chair" }
    }
},
{
    "__comment": "stoel",
    "from": [ 2.2, 5.8, 10.9 ],
    "to": [ 13.8, 7.25, 13.075 ],
    "rotation": { "origin": [ 2.2, 7.25, 10.9 ], "axis": "x", "angle": -45 },
    "faces": {
        "down":  { "uv": [ 0, 10.5, 16, 16 ], "texture": "#chair" },
        "up":    { "uv": [ 0, 10.5, 16, 16 ], "texture": "#chair" },
        "north": { "uv": [ 4, 10.5, 12, 11.5 ], "texture": "#chair" },
        "south": { "uv": [ 4, 10.5, 12, 11.5 ], "texture": "#chair" },
        "west":  { "uv": [ 11.5, 10.5, 16, 11.5 ], "texture": "#chair" },
        "east":  { "uv": [ 0, 10.5, 4.5, 11.5 ], "texture": "#chair" }
    }
},
{
    "__comment": "stoel",
    "from": [ 2.2, 7.975, 14.525 ],
    "to": [ 13.8, 13.775, 15.975 ],
    "rotation": { "origin": [ 2.2, 13.775, 14.525 ], "axis": "x", "angle": 22.5 },
    "faces": {
        "down":  { "uv": [ 12, 13, 4, 12 ], "texture": "#chair" },
        "up":    { "uv": [ 4, 12, 12, 13 ], "texture": "#chair" },
        "north": { "uv": [ 0, 0, 16, 11.5 ], "texture": "#chair" },
        "south": { "uv": [ 0, 0, 16, 11.5 ], "texture": "#chair" },
        "west":  { "uv": [ 12, 6, 13, 10 ], "texture": "#chair" },
        "east":  { "uv": [ 3, 6, 4, 10 ], "texture": "#chair" }
    }
},
{
    "__comment": "stuur",
    "from": [ 5.97, 13.0319, -0.971875 ],
    "to": [ 10.03, 14.0469, 0.043125 ],
    "rotation": { "origin": [ 5.97, 14.0469, -0.971875 ], "axis": "x", "angle": 45 },
    "faces": {
        "down":  { "uv": [ 8.5, 1.5, 6.5, 1 ], "texture": "#chair" },
        "up":    { "uv": [ 7.5, 1, 9.5, 1.5 ], "texture": "#chair" },
        "north": { "uv": [ 6.5, 6, 8.5, 6.5 ], "texture": "#chair" },
        "south": { "uv": [ 7.5, 6, 9.5, 6.5 ], "texture": "#chair" },
        "west":  { "uv": [ 1, 6, 1.5, 6.5 ], "texture": "#chair" },
        "east":  { "uv": [ 14.5, 6, 15, 6.5 ], "texture": "#chair" }
    }
},
{
    "__comment": "stuur",
    "from": [ 4.955, 12.2706, -0.210625 ],
    "to": [ 5.97, 13.2856, 3.84937 ],
    "rotation": { "origin": [ 4.955, 13.2856, -0.210625 ], "axis": "x", "angle": 45 },
    "faces": {
        "down":  { "uv": [ 10.5, 3.5, 10, 1.5 ], "texture": "#chair" },
        "up":    { "uv": [ 5.5, 1.5, 6, 3.5 ], "texture": "#chair" },
        "north": { "uv": [ 10, 6, 10.5, 6.5 ], "texture": "#chair" },
        "south": { "uv": [ 5.5, 6, 6, 6.5 ], "texture": "#chair" },
        "west":  { "uv": [ 1.5, 6, 3.5, 6.5 ], "texture": "#chair" },
        "east":  { "uv": [ 12.5, 6, 14.5, 6.5 ], "texture": "#chair" }
    }
},
{
    "__comment": "stuur",
    "from": [ 10.03, 12.2706, -0.210625 ],
    "to": [ 11.045, 13.2856, 3.84937 ],
    "rotation": { "origin": [ 10.03, 13.2856, -0.210625 ], "axis": "x", "angle": 45 },
    "faces": {
        "down":  { "uv": [ 7, 3.5, 6.5, 1.5 ], "texture": "#chair" },
        "up":    { "uv": [ 9, 1.5, 9.5, 3.5 ], "texture": "#chair" },
        "north": { "uv": [ 6.5, 6, 7, 6.5 ], "texture": "#chair" },
        "south": { "uv": [ 9, 6, 9.5, 6.5 ], "texture": "#chair" },
        "west":  { "uv": [ 1.5, 6, 3.5, 6.5 ], "texture": "#chair" },
        "east":  { "uv": [ 12.5, 6, 14.5, 6.5 ], "texture": "#chair" }
    }
},
{
    "__comment": "stuur",
    "from": [ 5.97, 9.47937, 2.58063 ],
    "to": [ 10.03, 10.4944, 3.59563 ],
    "rotation": { "origin": [ 5.97, 10.4944, 2.58063 ], "axis": "x", "angle": 45 },
    "faces": {
        "down":  { "uv": [ 9, 4, 7, 3.5 ], "texture": "#chair" },
        "up":    { "uv": [ 7, 3.5, 9, 4 ], "texture": "#chair" },
        "north": { "uv": [ 7, 6, 9, 6.5 ], "texture": "#chair" },
        "south": { "uv": [ 7, 6, 9, 6.5 ], "texture": "#chair" },
        "west":  { "uv": [ 3.5, 6, 4, 6.5 ], "texture": "#chair" },
        "east":  { "uv": [ 12, 6, 12.5, 6.5 ], "texture": "#chair" }
    }
},
{
    "__comment": "stuur",
    "from": [ 7.00312, 2.44688, 0.478125 ],
    "to": [ 9.03313, 12.5969, 2.65313 ],
    "rotation": { "origin": [ 7.00312, 12.5969, 0.478125 ], "axis": "x", "angle": 45 },
    "faces": {
        "down":  { "uv": [ 0, 0, 16, 16 ], "texture": "#quartz_block_lines_top" },
        "up":    { "uv": [ 0, 0, 16, 16 ], "texture": "#quartz_block_lines_top" },
        "north": { "uv": [ 0, 0, 16, 16 ], "texture": "#quartz_block_bottom" },
        "south": { "uv": [ 0, 0, 16, 16 ], "texture": "#quartz_block_bottom" },
        "west":  { "uv": [ 0, 0, 16, 16 ], "texture": "#quartz_block_bottom" },
        "east":  { "uv": [ 0, 0, 16, 16 ], "texture": "#quartz_block_bottom" }
    }
},
{
    "__comment": "stuur",
    "from": [ 9.015, 11.6362, 0.42375 ],
    "to": [ 10.03, 12.6512, 1.43875 ],
    "rotation": { "origin": [ 9.015, 12.6512, 0.42375 ], "axis": "x", "angle": 45 },
    "faces": {
        "down":  { "uv": [ 7.5, 2.5, 7, 2 ], "texture": "#quartz_block_bottom" },
        "up":    { "uv": [ 8.5, 2, 9, 2.5 ], "texture": "#quartz_block_bottom" },
        "north": { "uv": [ 7, 6, 7.5, 6.5 ], "texture": "#quartz_block_bottom" },
        "south": { "uv": [ 8.5, 6, 9, 6.5 ], "texture": "#quartz_block_bottom" },
        "west":  { "uv": [ 2, 6, 2.5, 6.5 ], "texture": "#quartz_block_bottom" },
        "east":  { "uv": [ 13.5, 6, 14, 6.5 ], "texture": "#quartz_block_bottom" }
    }
},
{
    "__comment": "stuur",
    "from": [ 5.97, 11.6362, 0.42375 ],
    "to": [ 6.985, 12.6512, 1.43875 ],
    "rotation": { "origin": [ 5.97, 12.6512, 0.42375 ], "axis": "x", "angle": 45 },
    "faces": {
        "down":  { "uv": [ 9, 2.5, 8.5, 2 ], "texture": "#quartz_block_bottom" },
        "up":    { "uv": [ 7, 2, 7.5, 2.5 ], "texture": "#quartz_block_bottom" },
        "north": { "uv": [ 8.5, 6, 9, 6.5 ], "texture": "#quartz_block_bottom" },
        "south": { "uv": [ 7, 6, 7.5, 6.5 ], "texture": "#quartz_block_bottom" },
        "west":  { "uv": [ 2, 6, 2.5, 6.5 ], "texture": "#quartz_block_bottom" },
        "east":  { "uv": [ 13.5, 6, 14, 6.5 ], "texture": "#quartz_block_bottom" }
    }
},
{
    "__comment": "blue",
    "from": [ -0.5, 2, 0 ],
    "to": [ 16, 3.5, 18 ],
    "faces": {
        "down":  { "uv": [ 16, 16, 0, 3.65 ], "texture": "#wool_colored_light_blue" },
        "up":    { "uv": [ 0, 3.65, 16, 16 ], "texture": "#wool_colored_light_blue" },
        "north": { "uv": [ 0, 13.1, 16, 13.825 ], "texture": "#wool_colored_light_blue" },
        "south": { "uv": [ 0, 13.1, 16, 13.825 ], "texture": "#wool_colored_light_blue" },
        "west":  { "uv": [ 3.65, 13.1, 16, 13.825 ], "texture": "#wool_colored_light_blue" },
        "east":  { "uv": [ 0, 13.1, 12.35, 13.825 ], "texture": "#wool_colored_light_blue" }
    }
},
{
    "__comment": "blue",
    "from": [ -2.24062, 2.175, -2.33125 ],
    "to": [ 2.10938, 2.9, -1.60625 ],
    "rotation": { "origin": [ -2.24062, 2.175, -2.33125 ], "axis": "y", "angle": -22.5 },
    "faces": {
        "down":  { "uv": [ 16, 0, 13.8906, 0 ], "texture": "#wool_colored_light_blue" },
        "up":    { "uv": [ 0, 0, 2.10938, 0 ], "texture": "#wool_colored_light_blue" },
        "north": { "uv": [ 13.8906, 13.1, 16, 13.825 ], "texture": "#wool_colored_light_blue" },
        "south": { "uv": [ 0, 13.1, 2.10938, 13.825 ], "texture": "#wool_colored_light_blue" }
    }
},
{
    "__comment": "blue",
    "from": [ 14.9781, 2.175, -0.609375 ],
    "to": [ 19.3281, 2.9, 0.115625 ],
    "rotation": { "origin": [ 14.9781, 2.175, -0.609375 ], "axis": "y", "angle": 22.5 },
    "faces": {
        "down":  { "uv": [ 1.02188, 0.115625, 0, 0 ], "texture": "#wool_colored_light_blue" },
        "up":    { "uv": [ 14.9781, 0, 16, 0.115625 ], "texture": "#wool_colored_light_blue" },
        "north": { "uv": [ 0, 13.1, 1.02188, 13.825 ], "texture": "#wool_colored_light_blue" },
        "south": { "uv": [ 14.9781, 13.1, 16, 13.825 ], "texture": "#wool_colored_light_blue" }
    }
},
{
    "__comment": "wieldop",
    "from": [ -4.875, 1.45, -2.875 ],
    "to": [ -2.7, 3.625, -0.7 ],
    "faces": {
        "down":  { "uv": [ 16, 2, 15, 0.5 ], "texture": "#chair" },
        "up":    { "uv": [ 0, 0.5, 1, 2 ], "texture": "#chair" },
        "north": { "uv": [ 15, 13.5, 16, 15 ], "texture": "#chair" },
        "south": { "uv": [ 0, 13.5, 1, 15 ], "texture": "#chair" },
        "west":  { "uv": [ 5, 5, 11, 11 ], "texture": "#piston_inner" },
        "east":  { "uv": [ 14, 13.5, 15.5, 15 ], "texture": "#chair" }
    }
},
{
    "__comment": "wieldop",
    "from": [ 18.15, 1.45, -2.875 ],
    "to": [ 20.325, 3.625, -0.7 ],
    "faces": {
        "down":  { "uv": [ 1, 2, 0, 0.5 ], "texture": "#chair" },
        "up":    { "uv": [ 15, 0.5, 16, 2 ], "texture": "#chair" },
        "north": { "uv": [ 0, 13.5, 1, 15 ], "texture": "#chair" },
        "south": { "uv": [ 15, 13.5, 16, 15 ], "texture": "#chair" },
        "west":  { "uv": [ 0.5, 13.5, 2, 15 ], "texture": "#chair" },
        "east":  { "uv": [ 5, 5, 11, 11 ], "texture": "#piston_inner" }
    }
},
{
    "__comment": "blue",
    "from": [ -2.5125, 2.175, -1.96875 ],
    "to": [ 1.8375, 2.9, -1.24375 ],
    "rotation": { "origin": [ -2.5125, 2.175, -1.96875 ], "axis": "y", "angle": 22.5 },
    "faces": {
        "down":  { "uv": [ 16, 0, 14.1625, 0 ], "texture": "#wool_colored_light_blue" },
        "up":    { "uv": [ 0, 0, 1.8375, 0 ], "texture": "#wool_colored_light_blue" },
        "north": { "uv": [ 14.1625, 13.1, 16, 13.825 ], "texture": "#wool_colored_light_blue" },
        "south": { "uv": [ 0, 13.1, 1.8375, 13.825 ], "texture": "#wool_colored_light_blue" }
    }
},
{
    "__comment": "blue",
    "from": [ 6, 0.875, -8.4375 ],
    "to": [ 10, 4.875, 1.0625 ],
    "rotation": { "origin": [ 6, 4.875, -8.4375 ], "axis": "x", "angle": -45 },
    "faces": {
        "down":  { "uv": [ 0, 0, 16, 16 ], "texture": "#quartz_block_lines" },
        "up":    { "uv": [ 0, 0, 16, 16 ], "texture": "#quartz_block_lines" },
        "north": { "uv": [ 0, 0, 16, 16 ], "texture": "#quartz_block_lines_top" },
        "south": { "uv": [ 0, 0, 16, 16 ], "texture": "#quartz_block_lines_top" },
        "west":  { "uv": [ 0, 0, 16, 16 ], "rotation": 90, "texture": "#quartz_block_lines" },
        "east":  { "uv": [ 0, 0, 16, 16 ], "rotation": 90, "texture": "#quartz_block_lines" }
    }
},
{
    "__comment": "zijkant pijp links",
    "from": [ -3, 3.625, 12 ],
    "to": [ -1.55, 5.8, 14.9 ],
    "rotation": { "origin": [ -3, 3.625, 12 ], "axis": "y", "angle": 22.5 },
    "faces": {
        "down":  { "uv": [ 2, 10, 14, 14 ], "texture": "#pijpzijkant" },
        "up":    { "uv": [ 2, 10, 14, 14 ], "texture": "#pijpzijkant" },
        "north": { "uv": [ 2, 10, 14, 14 ], "texture": "#pijpzijkant" },
        "south": { "uv": [ 2, 10, 14, 14 ], "texture": "#pijpzijkant" },
        "west":  { "uv": [ 2, 10, 14, 14 ], "texture": "#pijpzijkant" },
        "east":  { "uv": [ 2, 10, 14, 14 ], "texture": "#pijpzijkant" }
    }
},
{
    "__comment": "zijkant pijp links",
    "from": [ -3, 3.625, 5 ],
    "to": [ -0.825, 5.8, 7.175 ],
    "rotation": { "origin": [ -3, 3.625, 5 ], "axis": "y", "angle": 22.5 },
    "faces": {
        "down":  { "uv": [ 2, 10, 4.125, 12.125 ], "texture": "#pijpzijkant" },
        "up":    { "uv": [ 2, 10, 4.125, 12.125 ], "texture": "#pijpzijkant" },
        "north": { "uv": [ 3, 5, 11, 11 ], "texture": "#piston_inner" },
        "south": { "uv": [ 2, 10, 4.125, 12.125 ], "texture": "#pijpzijkant" },
        "west":  { "uv": [ 8.6875, 10.1875, 10.8125, 12.3125 ], "texture": "#pijpzijkant" },
        "east":  { "uv": [ 8.6875, 10.1875, 10.8125, 12.3125 ], "texture": "#pijpzijkant" }
    }
},
{
    "__comment": "blue",
    "from": [ -0.7, 2.175, 17.425 ],
    "to": [ 15.975, 2.9, 19.6 ],
    "faces": {
        "down":  { "uv": [ 16, 16, 0.025, 16 ], "texture": "#wool_colored_light_blue" },
        "up":    { "uv": [ 0, 16, 15.975, 16 ], "texture": "#wool_colored_light_blue" },
        "north": { "uv": [ 0.025, 13.1, 16, 13.825 ], "texture": "#wool_colored_light_blue" },
        "south": { "uv": [ 0, 13.1, 15.975, 13.825 ], "texture": "#wool_colored_light_blue" },
        "west":  { "uv": [ 16, 13.1, 16, 13.825 ], "texture": "#wool_colored_light_blue" },
        "east":  { "uv": [ 0, 13.1, 0, 13.825 ], "texture": "#wool_colored_light_blue" }
    }
},
{
    "from": [ -0.7, 2.9, 13.8 ],
    "to": [ 2.2, 7.25, 22.5 ],
    "faces": {
        "down":  { "uv": [ 16, 16, 13.8, 13.8 ], "texture": "#quartz_block_bottom" },
        "up":    { "uv": [ 0, 13.8, 2.2, 16 ], "texture": "#quartz_block_bottom" },
        "north": { "uv": [ 13.8, 8.75, 16, 13.1 ], "texture": "#quartz_block_bottom" },
        "south": { "uv": [ 0, 8.75, 2.2, 13.1 ], "texture": "#quartz_block_bottom" },
        "west":  { "uv": [ 13.8, 8.75, 16, 13.1 ], "texture": "#quartz_block_bottom" },
        "east":  { "uv": [ 0, 8.75, 2.2, 13.1 ], "texture": "#quartz_block_bottom" }
    }
},
{
    "from": [ 2.25, 2.25, 13.5 ],
    "to": [ 13.85, 9.5, 24.375 ],
    "faces": {
        "down":  { "uv": [ 2, 5.125, 13.5625, 16 ], "texture": "#wool_colored_light_blue" },
        "up":    { "uv": [ 2, 5.125, 13.5625, 16 ], "texture": "#quartz_block_bottom" },
        "north": { "uv": [ 2.1875, 6.5625, 13.75, 13.75 ], "texture": "#quartz_block_bottom" },
        "south": { "uv": [ 0, 4.5, 16, 16 ], "texture": "#comparator_on" },
        "west":  { "uv": [ 0.5, 8.8125, 11.375, 16 ], "texture": "#pijpzijkant" },
        "east":  { "uv": [ 5.125, 6.5, 16, 13.6875 ], "texture": "#pijpzijkant" }
    }
},
{
    "from": [ 2.25, 9.4375, 15.4375 ],
    "to": [ 13.85, 13.0625, 24.8625 ],
    "rotation": { "origin": [ 2.25, 13.0625, 15.4375 ], "axis": "x", "angle": 22.5 },
    "faces": {
        "down":  { "uv": [ 2, 6.625, 13.5625, 16 ], "texture": "#pijpzijkant" },
        "up":    { "uv": [ 2, 0.5, 13.5625, 9.875 ], "texture": "#furnace_front_off" },
        "north": { "uv": [ 2, 10.5, 13.5625, 14.125 ], "texture": "#pijpzijkant" },
        "south": { "uv": [ 2, 10.5, 13.5625, 14.125 ], "texture": "#pijpzijkant" },
        "west":  { "uv": [ 2, 10.5, 11.375, 14.125 ], "texture": "#pijpzijkant" },
        "east":  { "uv": [ 2, 10.5, 11.375, 14.125 ], "texture": "#pijpzijkant" }
    }
},
{
    "from": [ 13.8, 2.9, 13.8 ],
    "to": [ 16.7, 7.25, 22.5 ],
    "faces": {
        "down":  { "uv": [ 2.2, 16, 0, 13.8 ], "texture": "#quartz_block_bottom" },
        "up":    { "uv": [ 13.8, 13.8, 16, 16 ], "texture": "#quartz_block_bottom" },
        "north": { "uv": [ 0, 8.75, 2.2, 13.1 ], "texture": "#quartz_block_bottom" },
        "south": { "uv": [ 13.8, 8.75, 16, 13.1 ], "texture": "#quartz_block_bottom" },
        "west":  { "uv": [ 13.8, 8.75, 16, 13.1 ], "texture": "#quartz_block_bottom" },
        "east":  { "uv": [ 0, 8.75, 2.2, 13.1 ], "texture": "#quartz_block_bottom" }
    }
},
{
    "from": [ 15.4375, 2.5, 1 ],
    "to": [ 17.4375, 6.5, 18 ],
    "faces": {
        "down":  { "uv": [ 0.025, 16, 0, 6.55 ], "texture": "#quartz_block_bottom" },
        "up":    { "uv": [ 15.975, 6.55, 16, 16 ], "texture": "#quartz_block_bottom" },
        "north": { "uv": [ 0, 8.75, 0.025, 13.1 ], "texture": "#quartz_block_bottom" },
        "south": { "uv": [ 15.975, 8.75, 16, 13.1 ], "texture": "#quartz_block_bottom" },
        "west":  { "uv": [ 6.55, 8.75, 16, 13.1 ], "texture": "#quartz_block_bottom" },
        "east":  { "uv": [ 0, 8.75, 9.45, 13.1 ], "texture": "#quartz_block_bottom" }
    }
},
{
    "from": [ 13.8, 2.175, 20.325 ],
    "to": [ 17.425, 5.075, 23.225 ],
    "faces": {
        "down":  { "uv": [ 2.2, 16, 0, 16 ], "texture": "#quartz_block_bottom" },
        "up":    { "uv": [ 13.8, 16, 16, 16 ], "texture": "#quartz_block_bottom" },
        "north": { "uv": [ 0, 10.925, 2.2, 13.825 ], "texture": "#quartz_block_bottom" },
        "south": { "uv": [ 13.8, 10.925, 16, 13.825 ], "texture": "#quartz_block_bottom" }
    }
},
{
    "__comment": "pijpblok",
    "from": [ 13.8, 7.25, 15.975 ],
    "to": [ 18.15, 10.875, 20.325 ],
    "rotation": { "origin": [ 13.8, 10.875, 15.975 ], "axis": "x", "angle": 45 },
    "faces": {
        "down":  { "uv": [ 16, 12.5, 16, 9.5 ], "texture": "#wool_colored_light_blue" },
        "up":    { "uv": [ 0, 9.5, 0, 12.5 ], "texture": "#wool_colored_light_blue" },
        "north": { "uv": [ 16, 14.5, 16, 16 ], "texture": "#wool_colored_light_blue" },
        "south": { "uv": [ 0, 14.5, 0, 16 ], "texture": "#wool_colored_light_blue" },
        "west":  { "uv": [ 9.5, 14.5, 12.5, 16 ], "texture": "#wool_colored_light_blue" },
        "east":  { "uv": [ 3.5, 14.5, 6.5, 16 ], "texture": "#wool_colored_light_blue" }
    }
},
{
    "__comment": "pijp",
    "from": [ -0.7, 7.79375, 15.25 ],
    "to": [ 0.75, 9.425, 21.05 ],
    "rotation": { "origin": [ -0.7, 9.425, 15.25 ], "axis": "x", "angle": -45 },
    "faces": {
        "down":  { "uv": [ 2, 10, 14, 14 ], "texture": "#pijpzijkant" },
        "up":    { "uv": [ 2, 10, 14, 14 ], "texture": "#pijpzijkant" },
        "north": { "uv": [ 2, 10, 6, 14 ], "texture": "#pijpzijkant" },
        "south": { "uv": [ 2, 10, 6, 14 ], "texture": "#pijpzijkant" },
        "west":  { "uv": [ 2, 10, 14, 14 ], "texture": "#pijpzijkant" },
        "east":  { "uv": [ 2, 10, 14, 14 ], "texture": "#pijpzijkant" }
    }
},
{
    "__comment": "pijp",
    "from": [ -0.7, 7.06875, 15.975 ],
    "to": [ 0.75, 8.7, 21.05 ],
    "rotation": { "origin": [ -0.7, 8.7, 15.975 ], "axis": "x", "angle": -22.5 },
    "faces": {
        "down":  { "uv": [ 2, 10, 14, 14 ], "texture": "#pijpzijkant" },
        "up":    { "uv": [ 2, 10, 14, 14 ], "texture": "#pijpzijkant" },
        "north": { "uv": [ 2, 10, 6, 14 ], "texture": "#pijpzijkant" },
        "south": { "uv": [ 2, 10, 6, 14 ], "texture": "#pijpzijkant" },
        "west":  { "uv": [ 2, 10, 14, 14 ], "texture": "#pijpzijkant" },
        "east":  { "uv": [ 2, 10, 14, 14 ], "texture": "#pijpzijkant" }
    }
},
{
    "__comment": "pijp",
    "from": [ -1.425, 11.5094, 19.0562 ],
    "to": [ 1.475, 14.4094, 24.8562 ],
    "rotation": { "origin": [ -1.425, 14.4094, 19.0562 ], "axis": "x", "angle": -22.5 },
    "faces": {
        "down":  { "uv": [ 2, 10, 14, 14 ], "texture": "#pijpzijkant" },
        "up":    { "uv": [ 2, 10, 14, 14 ], "texture": "#pijpzijkant" },
        "north": { "uv": [ 2, 10, 6, 14 ], "texture": "#pijpzijkant" },
        "south": { "uv": [ 2, 10, 6, 14 ], "texture": "#pijpzijkant" },
        "west":  { "uv": [ 2, 10, 14, 14 ], "texture": "#pijpzijkant" },
        "east":  { "uv": [ 2, 10, 14, 14 ], "texture": "#pijpzijkant" }
    }
},
{
    "__comment": "pijp",
    "from": [ -1.425, 7.975, 20.325 ],
    "to": [ 1.475, 10.875, 26.125 ],
    "faces": {
        "down":  { "uv": [ 2, 10, 14, 14 ], "texture": "#pijpzijkant" },
        "up":    { "uv": [ 2, 10, 14, 14 ], "texture": "#pijpzijkant" },
        "north": { "uv": [ 2, 10, 6, 14 ], "texture": "#pijpzijkant" },
        "south": { "uv": [ 2, 10, 6, 14 ], "texture": "#pijpzijkant" },
        "west":  { "uv": [ 2, 10, 14, 14 ], "texture": "#pijpzijkant" },
        "east":  { "uv": [ 2, 10, 14, 14 ], "texture": "#pijpzijkant" }
    }
},
{
    "__comment": "pijptop",
    "from": [ 15.25, 8.7, 26.125 ],
    "to": [ 16.7, 10.15, 27.575 ],
    "faces": {
        "down":  { "uv": [ 2, 10, 6, 14 ], "texture": "#pijpzijkant" },
        "up":    { "uv": [ 2, 10, 6, 14 ], "texture": "#pijpzijkant" },
        "north": { "uv": [ 5, 5, 11, 11 ], "texture": "#piston_inner" },
        "south": { "uv": [ 5, 5, 11, 11 ], "texture": "#piston_inner" },
        "west":  { "uv": [ 2, 10, 6, 14 ], "texture": "#pijpzijkant" },
        "east":  { "uv": [ 2, 10, 6, 14 ], "texture": "#pijpzijkant" }
    }
},
{
    "__comment": "pijptop",
    "from": [ -0.7, 14.5, 24.675 ],
    "to": [ 0.75, 15.95, 26.125 ],
    "rotation": { "origin": [ -0.7, 15.95, 24.675 ], "axis": "x", "angle": -22.5 },
    "faces": {
        "down":  { "uv": [ 2, 10, 6, 14 ], "texture": "#pijpzijkant" },
        "up":    { "uv": [ 2, 10, 6, 14 ], "texture": "#pijpzijkant" },
        "north": { "uv": [ 5, 5, 11, 11 ], "texture": "#piston_inner" },
        "south": { "uv": [ 5, 5, 11, 11 ], "texture": "#piston_inner" },
        "west":  { "uv": [ 2, 10, 6, 14 ], "texture": "#pijpzijkant" },
        "east":  { "uv": [ 2, 10, 6, 14 ], "texture": "#pijpzijkant" }
    }
},
{
    "__comment": "pijpblok",
    "from": [ -2.15, 7.25, 15.975 ],
    "to": [ 2.2, 10.875, 20.325 ],
    "rotation": { "origin": [ -2.15, 10.875, 15.975 ], "axis": "x", "angle": 45 },
    "faces": {
        "down":  { "uv": [ 16, 12.5, 16, 9.5 ], "texture": "#wool_colored_light_blue" },
        "up":    { "uv": [ 0, 9.5, 0, 12.5 ], "texture": "#wool_colored_light_blue" },
        "north": { "uv": [ 16, 14.5, 16, 16 ], "texture": "#wool_colored_light_blue" },
        "south": { "uv": [ 0, 14.5, 0, 16 ], "texture": "#wool_colored_light_blue" },
        "west":  { "uv": [ 9.5, 14.5, 12.5, 16 ], "texture": "#wool_colored_light_blue" },
        "east":  { "uv": [ 3.5, 14.5, 6.5, 16 ], "texture": "#wool_colored_light_blue" }
    }
},
{
    "__comment": "pijp",
    "from": [ 15.25, 7.79375, 15.25 ],
    "to": [ 16.7, 9.425, 21.05 ],
    "rotation": { "origin": [ 15.25, 9.425, 15.25 ], "axis": "x", "angle": -45 },
    "faces": {
        "down":  { "uv": [ 2, 10, 14, 14 ], "texture": "#pijpzijkant" },
        "up":    { "uv": [ 2, 10, 14, 14 ], "texture": "#pijpzijkant" },
        "north": { "uv": [ 2, 10, 6, 14 ], "texture": "#pijpzijkant" },
        "south": { "uv": [ 2, 10, 6, 14 ], "texture": "#pijpzijkant" },
        "west":  { "uv": [ 2, 10, 14, 14 ], "texture": "#pijpzijkant" },
        "east":  { "uv": [ 2, 10, 14, 14 ], "texture": "#pijpzijkant" }
    }
},
{
    "__comment": "pijp",
    "from": [ 14.525, 11.6, 19.0562 ],
    "to": [ 17.425, 14.5, 24.8562 ],
    "rotation": { "origin": [ 14.525, 14.5, 19.0562 ], "axis": "x", "angle": -22.5 },
    "faces": {
        "down":  { "uv": [ 2, 10, 14, 14 ], "texture": "#pijpzijkant" },
        "up":    { "uv": [ 2, 10, 14, 14 ], "texture": "#pijpzijkant" },
        "north": { "uv": [ 2, 10, 6, 14 ], "texture": "#pijpzijkant" },
        "south": { "uv": [ 2, 10, 6, 14 ], "texture": "#pijpzijkant" },
        "west":  { "uv": [ 2, 10, 14, 14 ], "texture": "#pijpzijkant" },
        "east":  { "uv": [ 2, 10, 14, 14 ], "texture": "#pijpzijkant" }
    }
},
{
    "__comment": "pijp",
    "from": [ 14.525, 7.975, 20.325 ],
    "to": [ 17.425, 10.875, 26.125 ],
    "faces": {
        "down":  { "uv": [ 1.5, 10, 14, 14 ], "texture": "#pijpzijkant" },
        "up":    { "uv": [ 1.5, 10, 14, 14 ], "texture": "#pijpzijkant" },
        "north": { "uv": [ 2, 10, 6, 14 ], "texture": "#pijpzijkant" },
        "south": { "uv": [ 2, 10, 6, 14 ], "texture": "#pijpzijkant" },
        "west":  { "uv": [ 2, 10, 14, 14 ], "texture": "#pijpzijkant" },
        "east":  { "uv": [ 2, 10, 14, 14 ], "texture": "#pijpzijkant" }
    }
},
{
    "__comment": "pijptop",
    "from": [ -0.7, 8.7, 26.125 ],
    "to": [ 0.75, 10.15, 27.575 ],
    "faces": {
        "down":  { "uv": [ 2, 10, 6, 14 ], "texture": "#pijpzijkant" },
        "up":    { "uv": [ 2, 10, 6, 14 ], "texture": "#pijpzijkant" },
        "north": { "uv": [ 5, 5, 11, 11 ], "texture": "#piston_inner" },
        "south": { "uv": [ 5, 5, 11, 11 ], "texture": "#piston_inner" },
        "west":  { "uv": [ 2, 10, 6, 14 ], "texture": "#pijpzijkant" },
        "east":  { "uv": [ 2, 10, 6, 14 ], "texture": "#pijpzijkant" }
    }
},
{
    "__comment": "pijptop",
    "from": [ 15.25, 14.5, 24.675 ],
    "to": [ 16.7, 15.95, 26.125 ],
    "rotation": { "origin": [ 15.25, 15.95, 24.675 ], "axis": "x", "angle": -22.5 },
    "faces": {
        "down":  { "uv": [ 2, 10, 6, 14 ], "texture": "#pijpzijkant" },
        "up":    { "uv": [ 2, 10, 6, 14 ], "texture": "#pijpzijkant" },
        "north": { "uv": [ 5, 5, 11, 11 ], "texture": "#piston_inner" },
        "south": { "uv": [ 5, 5, 11, 11 ], "texture": "#piston_inner" },
        "west":  { "uv": [ 2, 10, 6, 14 ], "texture": "#pijpzijkant" },
        "east":  { "uv": [ 2, 10, 6, 14 ], "texture": "#pijpzijkant" }
    }
},
{
    "__comment": "PIJP",
    "from": [ 15.25, 7.06875, 15.975 ],
    "to": [ 16.7, 8.7, 21.05 ],
    "rotation": { "origin": [ 15.25, 8.7, 15.975 ], "axis": "x", "angle": -22.5 },
    "faces": {
        "down":  { "uv": [ 2, 10, 14, 14 ], "texture": "#pijpzijkant" },
        "up":    { "uv": [ 2, 10, 14, 14 ], "texture": "#pijpzijkant" },
        "north": { "uv": [ 2, 10, 6, 14 ], "texture": "#pijpzijkant" },
        "south": { "uv": [ 2, 10, 6, 14 ], "texture": "#pijpzijkant" },
        "west":  { "uv": [ 2, 10, 14, 14 ], "texture": "#pijpzijkant" },
        "east":  { "uv": [ 2, 10, 14, 14 ], "texture": "#pijpzijkant" }
    }
},
{
    "__comment": "zijkantpijp rechts",
    "from": [ 17.6875, 3.625, 11.4375 ],
    "to": [ 19.1375, 5.8, 14.3375 ],
    "rotation": { "origin": [ 17.6875, 3.625, 11.4375 ], "axis": "y", "angle": -22.5 },
    "faces": {
        "down":  { "uv": [ 2, 10, 14, 14 ], "texture": "#pijpzijkant" },
        "up":    { "uv": [ 2, 10, 14, 14 ], "texture": "#pijpzijkant" },
        "north": { "uv": [ 2, 10, 14, 14 ], "texture": "#pijpzijkant" },
        "south": { "uv": [ 2, 10, 14, 14 ], "texture": "#pijpzijkant" },
        "west":  { "uv": [ 2, 10, 14, 14 ], "texture": "#pijpzijkant" },
        "east":  { "uv": [ 2, 10, 14, 14 ], "texture": "#pijpzijkant" }
    }
},
{
    "__comment": "zijkant pijp rechts",
    "from": [ 17.0625, 3.625, 4.1875 ],
    "to": [ 19.2375, 5.8, 6.3625 ],
    "rotation": { "origin": [ 17.0625, 3.625, 4.1875 ], "axis": "y", "angle": -22.5 },
    "faces": {
        "down":  { "uv": [ 2, 10, 4.5, 12.5 ], "texture": "#pijpzijkant" },
        "up":    { "uv": [ 2, 10, 4.5, 12.5 ], "texture": "#pijpzijkant" },
        "north": { "uv": [ 5, 5, 13, 11 ], "texture": "#piston_inner" },
        "south": { "uv": [ 2, 10, 5, 13 ], "texture": "#pijpzijkant" },
        "west":  { "uv": [ 8.5, 10, 11.5, 13 ], "texture": "#pijpzijkant" },
        "east":  { "uv": [ 8.5, 10, 11.5, 13 ], "texture": "#pijpzijkant" }
    }
},
{
    "from": [ 1.475, 2.80937, 15.0688 ],
    "to": [ 2.925, 13.6844, 16.5188 ],
    "rotation": { "origin": [ 1.475, 13.6844, 15.0688 ], "axis": "x", "angle": 22.5 },
    "faces": {
        "down":  { "uv": [ 14.525, 16, 13.075, 15.0688 ], "texture": "#quartz_block_bottom" },
        "up":    { "uv": [ 1.475, 15.0688, 2.925, 16 ], "texture": "#quartz_block_bottom" },
        "north": { "uv": [ 13.075, 2.31563, 14.525, 13.1906 ], "texture": "#quartz_block_bottom" },
        "south": { "uv": [ 1.475, 2.31563, 2.925, 13.1906 ], "texture": "#quartz_block_bottom" },
        "west":  { "uv": [ 15.0688, 2.31563, 16, 13.1906 ], "texture": "#quartz_block_bottom" },
        "east":  { "uv": [ 0, 2.31563, 0.93125, 13.1906 ], "texture": "#quartz_block_bottom" }
    }
},
{
    "from": [ 13.075, 2.80937, 15.0688 ],
    "to": [ 14.525, 13.6844, 16.5188 ],
    "rotation": { "origin": [ 13.075, 13.6844, 15.0688 ], "axis": "x", "angle": 22.5 },
    "faces": {
        "down":  { "uv": [ 2.925, 16, 1.475, 15.0688 ], "texture": "#quartz_block_bottom" },
        "up":    { "uv": [ 13.075, 15.0688, 14.525, 16 ], "texture": "#quartz_block_bottom" },
        "north": { "uv": [ 1.475, 2.31563, 2.925, 13.1906 ], "texture": "#quartz_block_bottom" },
        "south": { "uv": [ 13.075, 2.31563, 14.525, 13.1906 ], "texture": "#quartz_block_bottom" },
        "west":  { "uv": [ 15.0688, 2.31563, 16, 13.1906 ], "texture": "#quartz_block_bottom" },
        "east":  { "uv": [ 0, 2.31563, 0.93125, 13.1906 ], "texture": "#quartz_block_bottom" }
    }
},
{
    "from": [ -1.5, 2.5, 1 ],
    "to": [ 0.5, 6.5, 18 ],
    "faces": {
        "down":  { "uv": [ 0.025, 16, 0, 6.55 ], "texture": "#quartz_block_bottom" },
        "up":    { "uv": [ 15.975, 6.55, 16, 16 ], "texture": "#quartz_block_bottom" },
        "north": { "uv": [ 0, 8.75, 0.025, 13.1 ], "texture": "#quartz_block_bottom" },
        "south": { "uv": [ 15.975, 8.75, 16, 13.1 ], "texture": "#quartz_block_bottom" },
        "west":  { "uv": [ 6.55, 8.75, 16, 13.1 ], "texture": "#quartz_block_bottom" },
        "east":  { "uv": [ 0, 8.75, 9.45, 13.1 ], "texture": "#quartz_block_bottom" }
    }
},
{
    "from": [ -1.5, 2.5, 1 ],
    "to": [ 0, 6.5, 18 ],
    "faces": {
        "down":  { "uv": [ 0.025, 16, 0, 6.55 ], "texture": "#quartz_block_bottom" },
        "up":    { "uv": [ 15.975, 6.55, 16, 16 ], "texture": "#quartz_block_bottom" },
        "north": { "uv": [ 0, 8.75, 0.025, 13.1 ], "texture": "#quartz_block_bottom" },
        "south": { "uv": [ 15.975, 8.75, 16, 13.1 ], "texture": "#quartz_block_bottom" },
        "west":  { "uv": [ 6.55, 8.75, 16, 13.1 ], "texture": "#quartz_block_bottom" },
        "east":  { "uv": [ 0, 8.75, 9.45, 13.1 ], "texture": "#quartz_block_bottom" }
    }
},
{
    "from": [ 0.625, 2.5, -4.0625 ],
    "to": [ 2.125, 6, 1.4375 ],
    "rotation": { "origin": [ 0.625, 2.5, -4.0625 ], "axis": "y", "angle": -22.5 },
    "faces": {
        "down":  { "uv": [ 0.025, 16, 0, 6.55 ], "texture": "#quartz_block_bottom" },
        "up":    { "uv": [ 15.975, 6.55, 16, 16 ], "texture": "#quartz_block_bottom" },
        "north": { "uv": [ 0, 8.75, 0.025, 13.1 ], "texture": "#quartz_block_bottom" },
        "south": { "uv": [ 15.975, 8.75, 16, 13.1 ], "texture": "#quartz_block_bottom" },
        "west":  { "uv": [ 6.55, 8.75, 16, 13.1 ], "texture": "#quartz_block_bottom" },
        "east":  { "uv": [ 0, 8.75, 9.45, 13.1 ], "texture": "#quartz_block_bottom" }
    }
},
{
    "from": [ 13.9375, 2, -3.5 ],
    "to": [ 15.4375, 6, 2 ],
    "rotation": { "origin": [ 13.9375, 2, -3.5 ], "axis": "y", "angle": 22.5 },
    "faces": {
        "down":  { "uv": [ 0.025, 16, 0, 6.55 ], "texture": "#quartz_block_bottom" },
        "up":    { "uv": [ 15.975, 6.55, 16, 16 ], "texture": "#quartz_block_bottom" },
        "north": { "uv": [ 0, 8.75, 0.025, 13.1 ], "texture": "#quartz_block_bottom" },
        "south": { "uv": [ 15.975, 8.75, 16, 13.1 ], "texture": "#quartz_block_bottom" },
        "west":  { "uv": [ 6.55, 8.75, 16, 13.1 ], "texture": "#quartz_block_bottom" },
        "east":  { "uv": [ 0, 8.75, 9.45, 13.1 ], "texture": "#quartz_block_bottom" }
    }
},
{
    "__comment": "blue*",
    "from": [ -0.5, 2, 0 ],
    "to": [ 16, 3.5, 18 ],
    "faces": {
        "down":  { "uv": [ 16, 16, 0, 3.65 ], "texture": "#wool_colored_light_blue" },
        "up":    { "uv": [ 0, 3.65, 16, 16 ], "texture": "#wool_colored_light_blue" },
        "north": { "uv": [ 0, 13.1, 16, 13.825 ], "texture": "#wool_colored_light_blue" },
        "south": { "uv": [ 0, 13.1, 16, 13.825 ], "texture": "#wool_colored_light_blue" },
        "west":  { "uv": [ 3.65, 13.1, 16, 13.825 ], "texture": "#wool_colored_light_blue" },
        "east":  { "uv": [ 0, 13.1, 12.35, 13.825 ], "texture": "#wool_colored_light_blue" }
    }
},
{
    "__comment": "blue*",
    "from": [ 0.5, 2, -7 ],
    "to": [ 15, 3.5, 0 ],
    "faces": {
        "down":  { "uv": [ 16, 16, 0, 3.65 ], "texture": "#wool_colored_light_blue" },
        "up":    { "uv": [ 0, 3.65, 16, 16 ], "texture": "#wool_colored_light_blue" },
        "north": { "uv": [ 0, 13.1, 16, 13.825 ], "texture": "#wool_colored_light_blue" },
        "south": { "uv": [ 0, 13.1, 16, 13.825 ], "texture": "#wool_colored_light_blue" },
        "west":  { "uv": [ 3.65, 13.1, 16, 13.825 ], "texture": "#wool_colored_light_blue" },
        "east":  { "uv": [ 0, 13.1, 12.35, 13.825 ], "texture": "#wool_colored_light_blue" }
    }
},
{
    "__comment": "bumper",
    "from": [ 1.5, 1.5, -10 ],
    "to": [ 14.5, 5, -6.5 ],
    "faces": {
        "down":  { "uv": [ 14.5, 0, 1.5, 0 ], "texture": "#wool_colored_light_blue" },
        "up":    { "uv": [ 1.5, 0, 14.5, 0 ], "texture": "#wool_colored_light_blue" },
        "north": { "uv": [ 1.5, 11, 14.5, 14.5 ], "texture": "#wool_colored_light_blue" },
        "south": { "uv": [ 1.5, 11, 14.5, 14.5 ], "texture": "#wool_colored_light_blue" },
        "west":  { "uv": [ 0, 11, 0, 14.5 ], "texture": "#wool_colored_light_blue" },
        "east":  { "uv": [ 16, 11, 16, 14.5 ], "texture": "#wool_colored_light_blue" }
    }
},
{
    "from": [ 10, 2, -7.5 ],
    "to": [ 14, 4, 1.5 ],
    "rotation": { "origin": [ 10, 4, -7.5 ], "axis": "x", "angle": -45 },
    "faces": {
        "down":  { "uv": [ 16, 0, 16, 0 ], "texture": "#texture" },
        "up":    { "uv": [ 0, 0, 0, 0 ], "texture": "#texture" },
        "north": { "uv": [ 16, 4, 16, 6 ], "texture": "#texture" },
        "south": { "uv": [ 0, 4, 0, 6 ], "texture": "#texture" },
        "west":  { "uv": [ 0, 4, 0, 6 ], "texture": "#texture" },
        "east":  { "uv": [ 16, 4, 16, 6 ], "texture": "#texture" }
    }
},
{
    "from": [ 0, 2, -6.5 ],
    "to": [ 2, 3.5, -1.5 ],
    "rotation": { "origin": [ 0, 3.5, -6.5 ], "axis": "x", "angle": -45 },
    "faces": {
        "down":  { "uv": [ 16, 0, 16, 0 ], "texture": "#texture" },
        "up":    { "uv": [ 0, 0, 0, 0 ], "texture": "#texture" },
        "north": { "uv": [ 16, 4, 16, 6 ], "texture": "#texture" },
        "south": { "uv": [ 0, 4, 0, 6 ], "texture": "#texture" },
        "west":  { "uv": [ 0, 4, 0, 6 ], "texture": "#texture" },
        "east":  { "uv": [ 16, 4, 16, 6 ], "texture": "#texture" }
    }
},
{
    "from": [ 14, 2, -6.5 ],
    "to": [ 16, 3.5, -1.5 ],
    "rotation": { "origin": [ 14, 3.5, -6.5 ], "axis": "x", "angle": -45 },
    "faces": {
        "down":  { "uv": [ 16, 0, 16, 0 ], "texture": "#texture" },
        "up":    { "uv": [ 0, 0, 0, 0 ], "texture": "#texture" },
        "north": { "uv": [ 16, 4, 16, 6 ], "texture": "#texture" },
        "south": { "uv": [ 0, 4, 0, 6 ], "texture": "#texture" },
        "west":  { "uv": [ 0, 4, 0, 6 ], "texture": "#texture" },
        "east":  { "uv": [ 16, 4, 16, 6 ], "texture": "#texture" }
    }
},
{
    "from": [ 2, 2, -8 ],
    "to": [ 6, 4, 1 ],
    "rotation": { "origin": [ 2, 4, -8 ], "axis": "x", "angle": -45 },
    "faces": {
        "down":  { "uv": [ 16, 0, 16, 0 ], "texture": "#texture" },
        "up":    { "uv": [ 0, 0, 0, 0 ], "texture": "#texture" },
        "north": { "uv": [ 16, 4, 16, 6 ], "texture": "#texture" },
        "south": { "uv": [ 0, 4, 0, 6 ], "texture": "#texture" },
        "west":  { "uv": [ 0, 4, 0, 6 ], "texture": "#texture" },
        "east":  { "uv": [ 16, 4, 16, 6 ], "texture": "#texture" }
    }
},
{
    "__comment": "bumper*",
    "from": [ -1.4375, 1.5, -8.625 ],
    "to": [ 2.0625, 4.5, -5.625 ],
    "rotation": { "origin": [ -1.4375, 1.5, -8.625 ], "axis": "y", "angle": 22.5 },
    "faces": {
        "down":  { "uv": [ 14.5, 0, 1.5, 0 ], "texture": "#wool_colored_light_blue" },
        "up":    { "uv": [ 1.5, 0, 14.5, 0 ], "texture": "#wool_colored_light_blue" },
        "north": { "uv": [ 1.5, 11, 14.5, 14.5 ], "texture": "#wool_colored_light_blue" },
        "south": { "uv": [ 1.5, 11, 14.5, 14.5 ], "texture": "#wool_colored_light_blue" },
        "west":  { "uv": [ 0, 11, 0, 14.5 ], "texture": "#wool_colored_light_blue" },
        "east":  { "uv": [ 16, 11, 16, 14.5 ], "texture": "#wool_colored_light_blue" }
    }
},
{
    "__comment": "bumper*",
    "from": [ 14.1875, 1.5, -9.9375 ],
    "to": [ 17.6875, 4.5, -6.9375 ],
    "rotation": { "origin": [ 14.1875, 1.5, -9.9375 ], "axis": "y", "angle": -22.5 },
    "faces": {
        "down":  { "uv": [ 14.5, 0, 1.5, 0 ], "texture": "#wool_colored_light_blue" },
        "up":    { "uv": [ 1.5, 0, 14.5, 0 ], "texture": "#wool_colored_light_blue" },
        "north": { "uv": [ 1.5, 11, 14.5, 14.5 ], "texture": "#wool_colored_light_blue" },
        "south": { "uv": [ 1.5, 11, 14.5, 14.5 ], "texture": "#wool_colored_light_blue" },
        "west":  { "uv": [ 0, 11, 0, 14.5 ], "texture": "#wool_colored_light_blue" },
        "east":  { "uv": [ 16, 11, 16, 14.5 ], "texture": "#wool_colored_light_blue" }
    }
},
{
    "__comment": "bumper*",
    "from": [ 17, 1.5, -8.5 ],
    "to": [ 20, 4, -6 ],
    "rotation": { "origin": [ 17, 1.5, -8.5 ], "axis": "y", "angle": -45 },
    "faces": {
        "down":  { "uv": [ 14.5, 0, 1.5, 0 ], "texture": "#wool_colored_light_blue" },
        "up":    { "uv": [ 1.5, 0, 14.5, 0 ], "texture": "#wool_colored_light_blue" },
        "north": { "uv": [ 1.5, 11, 14.5, 14.5 ], "texture": "#wool_colored_light_blue" },
        "south": { "uv": [ 1.5, 11, 14.5, 14.5 ], "texture": "#wool_colored_light_blue" },
        "west":  { "uv": [ 0, 11, 0, 14.5 ], "texture": "#wool_colored_light_blue" },
        "east":  { "uv": [ 16, 11, 16, 14.5 ], "texture": "#wool_colored_light_blue" }
    }
},
{
    "__comment": "bumper*",
    "from": [ -3.125, 1.5, -6.375 ],
    "to": [ -0.125, 4, -3.875 ],
    "rotation": { "origin": [ -3.125, 1.5, -6.375 ], "axis": "y", "angle": 45 },
    "faces": {
        "down":  { "uv": [ 14.5, 0, 1.5, 0 ], "texture": "#wool_colored_light_blue" },
        "up":    { "uv": [ 1.5, 0, 14.5, 0 ], "texture": "#wool_colored_light_blue" },
        "north": { "uv": [ 1.5, 11, 14.5, 14.5 ], "texture": "#wool_colored_light_blue" },
        "south": { "uv": [ 1.5, 11, 14.5, 14.5 ], "texture": "#wool_colored_light_blue" },
        "west":  { "uv": [ 0, 11, 0, 14.5 ], "texture": "#wool_colored_light_blue" },
        "east":  { "uv": [ 16, 11, 16, 14.5 ], "texture": "#wool_colored_light_blue" }
    }
},
{
    "__comment": "zijkant pijp links*",
    "from": [ 17.5, 3.625, 5 ],
    "to": [ 19, 5.8, 12 ],
    "faces": {
        "down":  { "uv": [ 2, 10, 14, 14 ], "texture": "#pijpzijkant" },
        "up":    { "uv": [ 2, 10, 14, 14 ], "texture": "#pijpzijkant" },
        "north": { "uv": [ 2, 10, 14, 14 ], "texture": "#pijpzijkant" },
        "south": { "uv": [ 2, 10, 14, 14 ], "texture": "#pijpzijkant" },
        "west":  { "uv": [ 2, 10, 14, 14 ], "texture": "#pijpzijkant" },
        "east":  { "uv": [ 2, 10, 14, 14 ], "texture": "#pijpzijkant" }
    }
},
{
    "__comment": "zijkant pijp links*",
    "from": [ -3, 3.625, 5 ],
    "to": [ -1.5, 5.8, 12 ],
    "faces": {
        "down":  { "uv": [ 2, 10, 14, 14 ], "texture": "#pijpzijkant" },
        "up":    { "uv": [ 2, 10, 14, 14 ], "texture": "#pijpzijkant" },
        "north": { "uv": [ 2, 10, 14, 14 ], "texture": "#pijpzijkant" },
        "south": { "uv": [ 2, 10, 14, 14 ], "texture": "#pijpzijkant" },
        "west":  { "uv": [ 2, 10, 14, 14 ], "texture": "#pijpzijkant" },
        "east":  { "uv": [ 2, 10, 14, 14 ], "texture": "#pijpzijkant" }
    }
}
],
"display": {
    "head": {
        "rotation": [ 0, 0, 0 ],
        "translation": [ 0, 1, -5 ],
        "scale": [ 1.5, 1.5, 1.5 ]
    },
    "gui": {
        "rotation": [ 15, 150, 0 ],
        "translation": [ -0.5, 0, 0 ],
        "scale": [ 0.4, 0.4, 0.4 ]
    }
}
}