{
    "__comment": "Model generated using MrCrayfish's Model Creator (http://mrcrayfish.com/modelcreator/)",
    "textures": {
        "0": "blocks/planks_spruce",
        "1": "blocks/stone",
        "2": "blocks/stone",
        "3": "blocks/hardened_clay_stained_brown",
        "4": "blocks/cauldron_inner",
        "5": "blocks/cauldron_inner",
        "6": "blocks/planks_big_oak",
        "7": "blocks/concrete_gray",
        "8": "blocks/wool_colored_red"
    },
    "elements": [
        {
            "name": "Cube",
            "from": [ 5.0, 0.0, 7.0 ], 
            "to": [ 13.0, 6.0, 16.0 ], 
            "faces": {
                "north": { "texture": "#0", "uv": [ 0.0, 0.0, 8.0, 16.0 ] },
                "east": { "texture": "#0", "uv": [ 0.0, 0.0, 8.0, 16.0 ] },
                "south": { "texture": "#0", "uv": [ 0.0, 0.0, 8.0, 16.0 ] },
                "west": { "texture": "#0", "uv": [ 0.0, 0.0, 7.0, 16.0 ] },
                "up": { "texture": "#0", "uv": [ 0.0, 0.0, 8.0, 7.0 ] },
                "down": { "texture": "#0", "uv": [ 0.0, 0.0, 8.0, 7.0 ] }
            }
        },
        {
            "name": "Cube",
            "from": [ 5.0, 0.0, -2.0 ], 
            "to": [ 13.0, 6.0, -1.0 ], 
            "faces": {
                "north": { "texture": "#0", "uv": [ 0.0, 0.0, 8.0, 16.0 ] },
                "east": { "texture": "#0", "uv": [ 0.0, 0.0, 3.0, 16.0 ] },
                "south": { "texture": "#0", "uv": [ 0.0, 0.0, 8.0, 16.0 ] },
                "west": { "texture": "#0", "uv": [ 0.0, 0.0, 3.0, 16.0 ] },
                "up": { "texture": "#0", "uv": [ 0.0, 0.0, 8.0, 1.0 ] },
                "down": { "texture": "#0", "uv": [ 0.0, 0.0, 8.0, 1.0 ] }
            }
        },
        {
            "name": "Cube",
            "from": [ 5.0, 0.0, -1.0 ], 
            "to": [ 13.0, 1.0, 7.0 ], 
            "faces": {
                "north": { "texture": "#0", "uv": [ 0.0, 13.0, 8.0, 16.0 ] },
                "east": { "texture": "#0", "uv": [ 0.0, 13.0, 8.0, 16.0 ] },
                "south": { "texture": "#0", "uv": [ 0.0, 13.0, 8.0, 16.0 ] },
                "west": { "texture": "#0", "uv": [ 0.0, 13.0, 8.0, 16.0 ] },
                "up": { "texture": "#0", "uv": [ 0.0, 0.0, 8.0, 8.0 ] },
                "down": { "texture": "#0", "uv": [ 0.0, 0.0, 8.0, 8.0 ] }
            }
        },
        {
            "name": "Cube",
            "from": [ 5.0, 1.0, -1.0 ], 
            "to": [ 6.0, 6.0, 7.0 ], 
            "faces": {
                "north": { "texture": "#0", "uv": [ 0.0, 0.0, 8.0, 13.0 ] },
                "east": { "texture": "#0", "uv": [ 0.0, 0.0, 8.0, 13.0 ] },
                "south": { "texture": "#0", "uv": [ 0.0, 0.0, 8.0, 13.0 ] },
                "west": { "texture": "#0", "uv": [ 0.0, 0.0, 8.0, 13.0 ] },
                "up": { "texture": "#0", "uv": [ 0.0, 0.0, 1.0, 8.0 ] },
                "down": { "texture": "#0", "uv": [ 0.0, 0.0, 1.0, 8.0 ] }
            }
        },
        {
            "name": "Cube",
            "from": [ 12.0, 1.0, -1.0 ], 
            "to": [ 13.0, 6.0, 7.0 ], 
            "faces": {
                "north": { "texture": "#0", "uv": [ 0.0, 0.0, 8.0, 13.0 ] },
                "east": { "texture": "#0", "uv": [ 0.0, 0.0, 8.0, 13.0 ] },
                "south": { "texture": "#0", "uv": [ 0.0, 0.0, 8.0, 13.0 ] },
                "west": { "texture": "#0", "uv": [ 0.0, 0.0, 8.0, 13.0 ] },
                "up": { "texture": "#0", "uv": [ 0.0, 0.0, 1.0, 7.0 ] },
                "down": { "texture": "#0", "uv": [ 0.0, 0.0, 1.0, 8.0 ] }
            }
        },
        {
            "name": "Cube",
            "from": [ 6.0, 6.0, 7.0 ], 
            "to": [ 12.0, 6.399999991059303, 15.399999991059303 ], 
            "faces": {
                "north": { "texture": "#0", "uv": [ 2.0, 7.0, 8.0, 7.399999991059303 ] },
                "east": { "texture": "#0", "uv": [ 2.0, 7.0, 8.099999986588955, 7.399999991059303 ] },
                "south": { "texture": "#0", "uv": [ 2.0, 7.0, 8.0, 7.399999991059303 ] },
                "west": { "texture": "#0", "uv": [ 3.0, 7.0, 9.099999986588955, 7.399999991059303 ] },
                "up": { "texture": "#0", "uv": [ 5.0, 4.0, 9.0, 10.099999986588955 ] },
                "down": { "texture": "#0", "uv": [ 0.0, 0.0, 6.0, 6.099999986588955 ] }
            }
        },
        {
            "name": "Cube",
            "from": [ 7.0, 6.4000000059604645, 7.0 ], 
            "to": [ 11.0, 6.699999995529652, 14.300000004470348 ], 
            "faces": {
                "north": { "texture": "#0", "uv": [ 5.0, 7.0, 9.0, 7.299999989569187 ] },
                "east": { "texture": "#0", "uv": [ 3.0, 3.0, 7.5999999940395355, 3.299999989569187 ] },
                "south": { "texture": "#0", "uv": [ 3.0, 3.0, 7.0, 3.299999989569187 ] },
                "west": { "texture": "#0", "uv": [ 3.0, 7.0, 7.5999999940395355, 7.299999989569187 ] },
                "up": { "texture": "#0", "uv": [ 5.0, 4.0, 8.0, 10.599999994039536 ] },
                "down": { "texture": "#0", "uv": [ 4.0, 2.0, 8.0, 6.5999999940395355 ] }
            }
        },
        {
            "name": "Cube",
            "from": [ 6.200000002980232, 1.5999999940395355, -1.0 ], 
            "to": [ 11.799999997019768, 2.5999999940395355, 4.0 ], 
            "faces": {
                "north": { "texture": "#1", "uv": [ 0.0, 0.0, 6.0, 1.0 ] },
                "east": { "texture": "#1", "uv": [ 0.0, 0.0, 5.0, 1.0 ] },
                "south": { "texture": "#1", "uv": [ 0.0, 0.0, 6.0, 1.0 ] },
                "west": { "texture": "#1", "uv": [ 0.0, 0.0, 5.0, 1.0 ] },
                "up": { "texture": "#1", "uv": [ 0.0, 0.0, 6.0, 5.0 ] },
                "down": { "texture": "#1", "uv": [ 0.0, 0.0, 6.0, 5.0 ] }
            }
        },
        {
            "name": "Cube",
            "from": [ 6.200000002980232, 2.5999999940395355, -1.0 ], 
            "to": [ 11.799999997019768, 7.699999995529652, 0.0 ], 
            "faces": {
                "north": { "texture": "#2", "uv": [ 0.0, 0.0, 6.0, 5.100000001490116 ] },
                "east": { "texture": "#2", "uv": [ 0.0, 0.0, 1.0, 5.100000001490116 ] },
                "south": { "texture": "#2", "uv": [ 0.0, 0.0, 6.0, 5.100000001490116 ] },
                "west": { "texture": "#2", "uv": [ 0.0, 0.0, 1.0, 5.100000001490116 ] },
                "up": { "texture": "#2", "uv": [ 0.0, 0.0, 6.0, 1.0 ] },
                "down": { "texture": "#2", "uv": [ 0.0, 0.0, 6.0, 1.0 ] }
            }
        },
        {
            "name": "Cube",
            "from": [ 9.199999988079071, 9.500000022351742, -0.98 ], 
            "to": [ 10.899999983608723, 10.500000022351742, -0.010000000000000009 ], 
            "rotation": { "origin": [ 8.0, 8.0, 8.0 ], "axis": "z", "angle": -45.0 },
            "faces": {
                "north": { "texture": "#2", "uv": [ 0.0, 0.0, 2.0, 1.0 ] },
                "east": { "texture": "#2", "uv": [ 0.0, 0.0, 1.0, 1.0 ] },
                "south": { "texture": "#2", "uv": [ 0.0, 0.0, 2.0, 1.0 ] },
                "west": { "texture": "#2", "uv": [ 0.0, 0.0, 1.0, 1.0 ] },
                "up": { "texture": "#2", "uv": [ 0.0, 0.0, 2.0, 1.0 ] },
                "down": { "texture": "#2", "uv": [ 0.0, 0.0, 2.0, 1.0 ] }
            }
        },
        {
            "name": "Cube",
            "from": [ 6.899999998509884, 6.500000007450581, -0.98 ], 
            "to": [ 7.899999998509884, 8.200000002980232, -0.010000000000000009 ], 
            "rotation": { "origin": [ 8.0, 8.0, 8.0 ], "axis": "z", "angle": -45.0 },
            "faces": {
                "north": { "texture": "#2", "uv": [ 0.0, 0.0, 1.0, 2.0 ] },
                "east": { "texture": "#2", "uv": [ 0.0, 0.0, 1.0, 2.0 ] },
                "south": { "texture": "#2", "uv": [ 0.0, 0.0, 1.0, 2.0 ] },
                "west": { "texture": "#2", "uv": [ 0.0, 0.0, 1.0, 2.0 ] },
                "up": { "texture": "#2", "uv": [ 0.0, 0.0, 1.0, 1.0 ] },
                "down": { "texture": "#2", "uv": [ 0.0, 0.0, 1.0, 1.0 ] }
            }
        },
        {
            "name": "Cube",
            "from": [ 7.399999991059303, 7.700000010430813, -1.0 ], 
            "to": [ 10.600000008940697, 8.899999998509884, 0.0 ], 
            "faces": {
                "north": { "texture": "#2", "uv": [ 0.0, 0.0, 3.2000000178813934, 1.3999999910593033 ] },
                "east": { "texture": "#2", "uv": [ 0.0, 0.0, 1.0, 1.3999999910593033 ] },
                "south": { "texture": "#2", "uv": [ 0.0, 0.0, 3.2000000178813934, 1.3999999910593033 ] },
                "west": { "texture": "#2", "uv": [ 0.0, 0.0, 1.0, 1.3999999910593033 ] },
                "up": { "texture": "#2", "uv": [ 0.0, 0.0, 3.2000000178813934, 1.0 ] },
                "down": { "texture": "#2", "uv": [ 0.0, 0.0, 3.2000000178813934, 1.0 ] }
            }
        },
        {
            "name": "Cube",
            "from": [ 8.49999999254942, 6.699999995529652, 8.0 ], 
            "to": [ 9.49999999254942, 6.999999985098839, 13.300000004470348 ], 
            "faces": {
                "north": { "texture": "#3", "uv": [ 5.0, 7.0, 9.0, 7.299999989569187 ] },
                "east": { "texture": "#3", "uv": [ 3.0, 3.0, 7.5999999940395355, 3.299999989569187 ] },
                "south": { "texture": "#3", "uv": [ 3.0, 3.0, 7.0, 3.299999989569187 ] },
                "west": { "texture": "#3", "uv": [ 3.0, 7.0, 7.5999999940395355, 7.299999989569187 ] },
                "up": { "texture": "#3", "uv": [ 5.0, 4.0, 8.0, 10.599999994039536 ] },
                "down": { "texture": "#3", "uv": [ 4.0, 2.0, 8.0, 6.5999999940395355 ] }
            }
        },
        {
            "name": "Cube",
            "from": [ 9.49999999254942, 6.699999995529652, 9.200000002980232 ], 
            "to": [ 10.699999995529652, 6.999999985098839, 10.200000002980232 ], 
            "faces": {
                "north": { "texture": "#3", "uv": [ 5.0, 7.0, 9.0, 7.299999989569187 ] },
                "east": { "texture": "#3", "uv": [ 3.0, 3.0, 7.5999999940395355, 3.299999989569187 ] },
                "south": { "texture": "#3", "uv": [ 3.0, 3.0, 7.0, 3.299999989569187 ] },
                "west": { "texture": "#3", "uv": [ 3.0, 7.0, 7.5999999940395355, 7.299999989569187 ] },
                "up": { "texture": "#3", "uv": [ 5.0, 4.0, 8.0, 10.599999994039536 ] },
                "down": { "texture": "#3", "uv": [ 4.0, 2.0, 8.0, 6.5999999940395355 ] }
            }
        },
        {
            "name": "Cube",
            "from": [ 7.299999989569187, 6.699999995529652, 9.200000002980232 ], 
            "to": [ 8.49999999254942, 6.999999985098839, 10.200000002980232 ], 
            "faces": {
                "north": { "texture": "#3", "uv": [ 5.0, 7.0, 9.0, 7.299999989569187 ] },
                "east": { "texture": "#3", "uv": [ 3.0, 3.0, 7.5999999940395355, 3.299999989569187 ] },
                "south": { "texture": "#3", "uv": [ 3.0, 3.0, 7.0, 3.299999989569187 ] },
                "west": { "texture": "#3", "uv": [ 3.0, 7.0, 7.5999999940395355, 7.299999989569187 ] },
                "up": { "texture": "#3", "uv": [ 5.0, 4.0, 8.0, 10.599999994039536 ] },
                "down": { "texture": "#3", "uv": [ 4.0, 2.0, 8.0, 6.5999999940395355 ] }
            }
        },
        {
            "name": "Cube",
            "from": [ 13.0, 3.6999999955296516, 10.200000002980232 ], 
            "to": [ 13.299999989569187, 4.499999992549419, 12.50000000745058 ], 
            "faces": {
                "north": { "texture": "#4", "uv": [ 5.0, 7.0, 9.0, 7.299999989569187 ] },
                "east": { "texture": "#4", "uv": [ 3.0, 3.0, 7.5999999940395355, 3.299999989569187 ] },
                "south": { "texture": "#4", "uv": [ 3.0, 3.0, 7.0, 3.299999989569187 ] },
                "west": { "texture": "#4", "uv": [ 3.0, 7.0, 7.5999999940395355, 7.299999989569187 ] },
                "up": { "texture": "#4", "uv": [ 5.0, 4.0, 8.0, 10.599999994039536 ] },
                "down": { "texture": "#4", "uv": [ 4.0, 2.0, 8.0, 6.5999999940395355 ] }
            }
        },
        {
            "name": "Cube",
            "from": [ 13.0, 3.6999999955296516, 1.2000000029802322 ], 
            "to": [ 13.299999989569187, 4.499999992549419, 3.5000000074505806 ], 
            "faces": {
                "north": { "texture": "#4", "uv": [ 5.0, 7.0, 9.0, 7.299999989569187 ] },
                "east": { "texture": "#4", "uv": [ 3.0, 3.0, 7.5999999940395355, 3.299999989569187 ] },
                "south": { "texture": "#4", "uv": [ 3.0, 3.0, 7.0, 3.299999989569187 ] },
                "west": { "texture": "#4", "uv": [ 3.0, 7.0, 7.5999999940395355, 7.299999989569187 ] },
                "up": { "texture": "#4", "uv": [ 5.0, 4.0, 8.0, 10.599999994039536 ] },
                "down": { "texture": "#4", "uv": [ 4.0, 2.0, 8.0, 6.5999999940395355 ] }
            }
        },
        {
            "name": "Cube",
            "from": [ 4.699999995529652, 3.6999999955296516, 1.2000000029802322 ], 
            "to": [ 4.999999985098839, 4.499999992549419, 3.5000000074505806 ], 
            "faces": {
                "north": { "texture": "#4", "uv": [ 5.0, 7.0, 9.0, 7.299999989569187 ] },
                "east": { "texture": "#4", "uv": [ 3.0, 3.0, 7.5999999940395355, 3.299999989569187 ] },
                "south": { "texture": "#4", "uv": [ 3.0, 3.0, 7.0, 3.299999989569187 ] },
                "west": { "texture": "#4", "uv": [ 3.0, 7.0, 7.5999999940395355, 7.299999989569187 ] },
                "up": { "texture": "#4", "uv": [ 5.0, 4.0, 8.0, 10.599999994039536 ] },
                "down": { "texture": "#4", "uv": [ 4.0, 2.0, 8.0, 6.5999999940395355 ] }
            }
        },
        {
            "name": "Cube",
            "from": [ 4.699999995529652, 3.6999999955296516, 10.200000002980232 ], 
            "to": [ 4.999999985098839, 4.499999992549419, 12.50000000745058 ], 
            "faces": {
                "north": { "texture": "#4", "uv": [ 5.0, 7.0, 9.0, 7.299999989569187 ] },
                "east": { "texture": "#4", "uv": [ 3.0, 3.0, 7.5999999940395355, 3.299999989569187 ] },
                "south": { "texture": "#4", "uv": [ 3.0, 3.0, 7.0, 3.299999989569187 ] },
                "west": { "texture": "#4", "uv": [ 3.0, 7.0, 7.5999999940395355, 7.299999989569187 ] },
                "up": { "texture": "#4", "uv": [ 5.0, 4.0, 8.0, 10.599999994039536 ] },
                "down": { "texture": "#4", "uv": [ 4.0, 2.0, 8.0, 6.5999999940395355 ] }
            }
        },
        {
            "name": "Cube",
            "from": [ 8.799999997019768, 1.1000000014901161, 10.50000000745058 ], 
            "to": [ 9.099999986588955, 1.6999999955296516, 12.200000002980232 ], 
            "rotation": { "origin": [ 8.0, 8.0, 8.0 ], "axis": "z", "angle": 45.0 },
            "faces": {
                "north": { "texture": "#4", "uv": [ 5.0, 7.0, 9.0, 7.299999989569187 ] },
                "east": { "texture": "#4", "uv": [ 3.0, 3.0, 7.5999999940395355, 3.299999989569187 ] },
                "south": { "texture": "#4", "uv": [ 3.0, 3.0, 7.0, 3.299999989569187 ] },
                "west": { "texture": "#4", "uv": [ 3.0, 7.0, 7.5999999940395355, 7.299999989569187 ] },
                "up": { "texture": "#4", "uv": [ 5.0, 4.0, 8.0, 10.599999994039536 ] },
                "down": { "texture": "#4", "uv": [ 4.0, 2.0, 8.0, 6.5999999940395355 ] }
            }
        },
        {
            "name": "Cube",
            "from": [ 8.799999997019768, 1.1000000014901161, 1.5000000074505806 ], 
            "to": [ 9.099999986588955, 1.6999999955296516, 3.2000000029802322 ], 
            "rotation": { "origin": [ 8.0, 8.0, 8.0 ], "axis": "z", "angle": 45.0 },
            "faces": {
                "north": { "texture": "#4", "uv": [ 5.0, 7.0, 9.0, 7.299999989569187 ] },
                "east": { "texture": "#4", "uv": [ 3.0, 3.0, 7.5999999940395355, 3.299999989569187 ] },
                "south": { "texture": "#4", "uv": [ 3.0, 3.0, 7.0, 3.299999989569187 ] },
                "west": { "texture": "#4", "uv": [ 3.0, 7.0, 7.5999999940395355, 7.299999989569187 ] },
                "up": { "texture": "#4", "uv": [ 5.0, 4.0, 8.0, 10.599999994039536 ] },
                "down": { "texture": "#4", "uv": [ 4.0, 2.0, 8.0, 6.5999999940395355 ] }
            }
        },
        {
            "name": "Cube",
            "from": [ 8.299999989569187, 2.500000022351742, 1.5000000074505806 ], 
            "to": [ 8.599999979138374, 3.1000000163912773, 3.2000000029802322 ], 
            "rotation": { "origin": [ 8.0, 8.0, 8.0 ], "axis": "z", "angle": -45.0 },
            "faces": {
                "north": { "texture": "#4", "uv": [ 5.0, 7.0, 9.0, 7.299999989569187 ] },
                "east": { "texture": "#4", "uv": [ 3.0, 3.0, 7.5999999940395355, 3.299999989569187 ] },
                "south": { "texture": "#4", "uv": [ 3.0, 3.0, 7.0, 3.299999989569187 ] },
                "west": { "texture": "#4", "uv": [ 3.0, 7.0, 7.5999999940395355, 7.299999989569187 ] },
                "up": { "texture": "#4", "uv": [ 5.0, 4.0, 8.0, 10.599999994039536 ] },
                "down": { "texture": "#4", "uv": [ 4.0, 2.0, 8.0, 6.5999999940395355 ] }
            }
        },
        {
            "name": "Cube",
            "from": [ 8.299999989569187, 2.500000022351742, 10.50000000745058 ], 
            "to": [ 8.599999979138374, 3.1000000163912773, 12.200000002980232 ], 
            "rotation": { "origin": [ 8.0, 8.0, 8.0 ], "axis": "z", "angle": -45.0 },
            "faces": {
                "north": { "texture": "#4", "uv": [ 5.0, 7.0, 9.0, 7.299999989569187 ] },
                "east": { "texture": "#4", "uv": [ 3.0, 3.0, 7.5999999940395355, 3.299999989569187 ] },
                "south": { "texture": "#4", "uv": [ 3.0, 3.0, 7.0, 3.299999989569187 ] },
                "west": { "texture": "#4", "uv": [ 3.0, 7.0, 7.5999999940395355, 7.299999989569187 ] },
                "up": { "texture": "#4", "uv": [ 5.0, 4.0, 8.0, 10.599999994039536 ] },
                "down": { "texture": "#4", "uv": [ 4.0, 2.0, 8.0, 6.5999999940395355 ] }
            }
        },
        {
            "name": "Cube",
            "from": [ 5.500000007450581, -0.5999999940395355, -1.4999999925494194 ], 
            "to": [ 12.50000000745058, 0.0, 15.500000022351742 ], 
            "faces": {
                "north": { "texture": "#4", "uv": [ 0.0, 13.0, 8.0, 16.0 ] },
                "east": { "texture": "#4", "uv": [ 0.0, 13.0, 8.0, 16.0 ] },
                "south": { "texture": "#4", "uv": [ 0.0, 13.0, 8.0, 16.0 ] },
                "west": { "texture": "#4", "uv": [ 0.0, 13.0, 8.0, 16.0 ] },
                "up": { "texture": "#4", "uv": [ 0.0, 0.0, 8.0, 8.0 ] },
                "down": { "texture": "#4", "uv": [ 0.0, 0.0, 8.0, 8.0 ] }
            }
        },
        {
            "name": "Cube",
            "from": [ 4.399999976158142, -0.4000000059604645, 15.300000004470348 ], 
            "to": [ 13.49999999254942, 0.5999999940395355, 16.30000000447035 ], 
            "faces": {
                "north": { "texture": "#5", "uv": [ 0.0, 0.0, 8.799999997019768, 1.0 ] },
                "east": { "texture": "#5", "uv": [ 0.0, 0.0, 1.0, 1.0 ] },
                "south": { "texture": "#5", "uv": [ 0.0, 0.0, 8.799999997019768, 1.0 ] },
                "west": { "texture": "#5", "uv": [ 0.0, 0.0, 1.0, 1.0 ] },
                "up": { "texture": "#5", "uv": [ 0.0, 0.0, 8.799999997019768, 1.0 ] },
                "down": { "texture": "#5", "uv": [ 0.0, 0.0, 8.799999997019768, 1.0 ] }
            }
        },
        {
            "name": "Cube",
            "from": [ 4.5999999940395355, -0.5000000074505806, -2.100000001490116 ], 
            "to": [ 13.399999991059303, 0.4999999925494194, -1.1000000014901161 ], 
            "faces": {
                "north": { "texture": "#5", "uv": [ 0.0, 0.0, 8.799999997019768, 1.0 ] },
                "east": { "texture": "#5", "uv": [ 0.0, 0.0, 1.0, 1.0 ] },
                "south": { "texture": "#5", "uv": [ 0.0, 0.0, 8.799999997019768, 1.0 ] },
                "west": { "texture": "#5", "uv": [ 0.0, 0.0, 1.0, 1.0 ] },
                "up": { "texture": "#5", "uv": [ 0.0, 0.0, 8.799999997019768, 1.0 ] },
                "down": { "texture": "#5", "uv": [ 0.0, 0.0, 8.799999997019768, 1.0 ] }
            }
        },
        {
            "name": "Cube",
            "from": [ 4.200000002980232, -0.4999999925494194, 4.0 ], 
            "to": [ 4.799999997019768, 12.50000000745058, 4.5999999940395355 ], 
            "faces": {
                "north": { "texture": "#5", "uv": [ 0.0, 0.0, 0.5999999940395355, 13.0 ] },
                "east": { "texture": "#5", "uv": [ 0.0, 0.0, 0.5999999940395355, 13.0 ] },
                "south": { "texture": "#5", "uv": [ 0.0, 0.0, 0.5999999940395355, 13.0 ] },
                "west": { "texture": "#5", "uv": [ 0.0, 0.0, 0.5999999940395355, 13.0 ] },
                "up": { "texture": "#5", "uv": [ 0.0, 0.0, 0.5999999940395355, 0.5999999940395355 ] },
                "down": { "texture": "#5", "uv": [ 0.0, 0.0, 0.5999999940395355, 0.5999999940395355 ] }
            }
        },
        {
            "name": "Cube",
            "from": [ 4.300000004470348, -0.4999999925494194, 5.399999991059303 ], 
            "to": [ 4.899999998509884, 11.50000000745058, 5.999999985098839 ], 
            "faces": {
                "north": { "texture": "#5", "uv": [ 0.0, 0.0, 0.5999999940395355, 12.0 ] },
                "east": { "texture": "#5", "uv": [ 0.0, 0.0, 0.5999999940395355, 12.0 ] },
                "south": { "texture": "#5", "uv": [ 0.0, 0.0, 0.5999999940395355, 12.0 ] },
                "west": { "texture": "#5", "uv": [ 0.0, 0.0, 0.5999999940395355, 12.0 ] },
                "up": { "texture": "#5", "uv": [ 0.0, 0.0, 0.5999999940395355, 0.5999999940395355 ] },
                "down": { "texture": "#5", "uv": [ 0.0, 0.0, 0.5999999940395355, 0.5999999940395355 ] }
            }
        },
        {
            "name": "Cube",
            "from": [ 4.300000004470348, -0.5000000074505806, 6.699999995529652 ], 
            "to": [ 4.899999998509884, 10.49999999254942, 7.299999989569187 ], 
            "faces": {
                "north": { "texture": "#5", "uv": [ 0.0, 0.0, 0.5999999940395355, 11.0 ] },
                "east": { "texture": "#5", "uv": [ 0.0, 0.0, 0.5999999940395355, 11.0 ] },
                "south": { "texture": "#5", "uv": [ 0.0, 0.0, 0.5999999940395355, 11.0 ] },
                "west": { "texture": "#5", "uv": [ 0.0, 0.0, 0.5999999940395355, 11.0 ] },
                "up": { "texture": "#5", "uv": [ 0.0, 0.0, 0.5999999940395355, 0.5999999940395355 ] },
                "down": { "texture": "#5", "uv": [ 0.0, 0.0, 0.5999999940395355, 0.5999999940395355 ] }
            }
        },
        {
            "name": "Cube",
            "from": [ 4.300000004470348, -0.4999999925494194, 8.0 ], 
            "to": [ 4.899999998509884, 9.50000000745058, 8.599999994039536 ], 
            "faces": {
                "north": { "texture": "#5", "uv": [ 0.0, 0.0, 0.5999999940395355, 10.0 ] },
                "east": { "texture": "#5", "uv": [ 0.0, 0.0, 0.5999999940395355, 10.0 ] },
                "south": { "texture": "#5", "uv": [ 0.0, 0.0, 0.5999999940395355, 10.0 ] },
                "west": { "texture": "#5", "uv": [ 0.0, 0.0, 0.5999999940395355, 10.0 ] },
                "up": { "texture": "#5", "uv": [ 0.0, 0.0, 0.5999999940395355, 0.5999999940395355 ] },
                "down": { "texture": "#5", "uv": [ 0.0, 0.0, 0.5999999940395355, 0.5999999940395355 ] }
            }
        },
        {
            "name": "Cube",
            "from": [ 4.0, -0.19999998807907104, 14.000000014901161 ], 
            "to": [ 4.399999991059303, 0.20000000298023224, 17.700000010430813 ], 
            "faces": {
                "north": { "texture": "#6", "uv": [ 1.0, 1.0, 3.0, 6.0 ] },
                "east": { "texture": "#6", "uv": [ 1.0, 1.0, 5.0, 5.0 ] },
                "south": { "texture": "#6", "uv": [ 0.0, 0.0, 0.7999999970197678, 4.0 ] },
                "west": { "texture": "#6", "uv": [ 1.0, 1.0, 14.0, 4.0 ] },
                "up": { "texture": "#6", "uv": [ 0.0, 0.0, 0.7999999970197678, 4.0 ] },
                "down": { "texture": "#6", "uv": [ 0.0, 0.0, 0.7999999970197678, 4.0 ] }
            }
        },
        {
            "name": "Cube",
            "from": [ 3.7999999970197678, 1.7000000104308128, 14.800000011920929 ], 
            "to": [ 4.5999999940395355, 2.3500000104308127, 16.80000001192093 ], 
            "faces": {
                "north": { "texture": "#7", "uv": [ 7.0, 7.0, 8.0, 8.0 ] },
                "east": { "texture": "#7", "uv": [ 7.0, 7.0, 8.0, 8.0 ] },
                "south": { "texture": "#7", "uv": [ 7.0, 6.0, 7.799999997019768, 7.0 ] },
                "west": { "texture": "#7", "uv": [ 7.0, 7.0, 8.0, 8.0 ] },
                "up": { "texture": "#7", "uv": [ 7.0, 7.0, 7.799999997019768, 8.0 ] },
                "down": { "texture": "#7", "uv": [ 7.0, 6.0, 7.799999997019768, 7.0 ] }
            }
        },
        {
            "name": "Cube",
            "from": [ 3.7999999970197678, -1.46, 6.800000011920929 ], 
            "to": [ 4.5999999940395355, -0.8099999999999999, 8.800000011920929 ], 
            "rotation": { "origin": [ 8.0, 8.0, 8.0 ], "axis": "x", "angle": -45.0 },
            "faces": {
                "north": { "texture": "#7", "uv": [ 7.0, 7.0, 8.0, 8.0 ] },
                "east": { "texture": "#7", "uv": [ 7.0, 7.0, 8.0, 8.0 ] },
                "south": { "texture": "#7", "uv": [ 7.0, 6.0, 7.799999997019768, 7.0 ] },
                "west": { "texture": "#7", "uv": [ 7.0, 7.0, 8.0, 8.0 ] },
                "up": { "texture": "#7", "uv": [ 7.0, 7.0, 7.799999997019768, 8.0 ] },
                "down": { "texture": "#7", "uv": [ 7.0, 6.0, 7.799999997019768, 7.0 ] }
            }
        },
        {
            "name": "Cube",
            "from": [ 3.7999999970197678, -1.02, 13.39 ], 
            "to": [ 4.5999999940395355, 0.9300000044703483, 14.089999995529652 ], 
            "faces": {
                "north": { "texture": "#7", "uv": [ 7.0, 7.0, 8.0, 8.0 ] },
                "east": { "texture": "#7", "uv": [ 7.0, 7.0, 8.0, 8.0 ] },
                "south": { "texture": "#7", "uv": [ 7.0, 6.0, 7.799999997019768, 7.0 ] },
                "west": { "texture": "#7", "uv": [ 7.0, 7.0, 8.0, 8.0 ] },
                "up": { "texture": "#7", "uv": [ 7.0, 7.0, 7.799999997019768, 8.0 ] },
                "down": { "texture": "#7", "uv": [ 7.0, 6.0, 7.799999997019768, 7.0 ] }
            }
        },
        {
            "name": "Cube",
            "from": [ 3.7999999970197678, 5.439999998509884, 18.200000002980232 ], 
            "to": [ 4.5999999940395355, 6.089999998509884, 20.200000002980232 ], 
            "rotation": { "origin": [ 8.0, 8.0, 8.0 ], "axis": "x", "angle": 45.0 },
            "faces": {
                "north": { "texture": "#7", "uv": [ 7.0, 7.0, 8.0, 8.0 ] },
                "east": { "texture": "#7", "uv": [ 7.0, 7.0, 8.0, 8.0 ] },
                "south": { "texture": "#7", "uv": [ 7.0, 6.0, 7.799999997019768, 7.0 ] },
                "west": { "texture": "#7", "uv": [ 7.0, 7.0, 8.0, 8.0 ] },
                "up": { "texture": "#7", "uv": [ 7.0, 7.0, 7.799999997019768, 8.0 ] },
                "down": { "texture": "#7", "uv": [ 7.0, 6.0, 7.799999997019768, 7.0 ] }
            }
        },
        {
            "name": "Cube",
            "from": [ 3.7999999970197678, -2.43, 14.800000011920929 ], 
            "to": [ 4.5999999940395355, -1.7800000000000002, 16.80000001192093 ], 
            "faces": {
                "north": { "texture": "#7", "uv": [ 7.0, 7.0, 8.0, 8.0 ] },
                "east": { "texture": "#7", "uv": [ 7.0, 7.0, 8.0, 8.0 ] },
                "south": { "texture": "#7", "uv": [ 7.0, 6.0, 7.799999997019768, 7.0 ] },
                "west": { "texture": "#7", "uv": [ 7.0, 7.0, 8.0, 8.0 ] },
                "up": { "texture": "#7", "uv": [ 7.0, 7.0, 7.799999997019768, 8.0 ] },
                "down": { "texture": "#7", "uv": [ 7.0, 6.0, 7.799999997019768, 7.0 ] }
            }
        },
        {
            "name": "Cube",
            "from": [ 3.7999999970197678, -5.61, 6.85 ], 
            "to": [ 4.5999999940395355, -4.96, 8.85 ], 
            "rotation": { "origin": [ 8.0, 8.0, 8.0 ], "axis": "x", "angle": -45.0 },
            "faces": {
                "north": { "texture": "#7", "uv": [ 7.0, 7.0, 8.0, 8.0 ] },
                "east": { "texture": "#7", "uv": [ 7.0, 7.0, 8.0, 8.0 ] },
                "south": { "texture": "#7", "uv": [ 7.0, 6.0, 7.799999997019768, 7.0 ] },
                "west": { "texture": "#7", "uv": [ 7.0, 7.0, 8.0, 8.0 ] },
                "up": { "texture": "#7", "uv": [ 7.0, 7.0, 7.799999997019768, 8.0 ] },
                "down": { "texture": "#7", "uv": [ 7.0, 6.0, 7.799999997019768, 7.0 ] }
            }
        },
        {
            "name": "Cube",
            "from": [ 3.7999999970197678, -1.02, 17.55 ], 
            "to": [ 4.5999999940395355, 0.9300000044703483, 18.249999995529652 ], 
            "faces": {
                "north": { "texture": "#7", "uv": [ 7.0, 7.0, 8.0, 8.0 ] },
                "east": { "texture": "#7", "uv": [ 7.0, 7.0, 8.0, 8.0 ] },
                "south": { "texture": "#7", "uv": [ 7.0, 6.0, 7.799999997019768, 7.0 ] },
                "west": { "texture": "#7", "uv": [ 7.0, 7.0, 8.0, 8.0 ] },
                "up": { "texture": "#7", "uv": [ 7.0, 7.0, 7.799999997019768, 8.0 ] },
                "down": { "texture": "#7", "uv": [ 7.0, 6.0, 7.799999997019768, 7.0 ] }
            }
        },
        {
            "name": "Cube",
            "from": [ 3.7999999970197678, 9.59, 18.22 ], 
            "to": [ 4.5999999940395355, 10.24, 20.22 ], 
            "rotation": { "origin": [ 8.0, 8.0, 8.0 ], "axis": "x", "angle": 45.0 },
            "faces": {
                "north": { "texture": "#7", "uv": [ 7.0, 7.0, 8.0, 8.0 ] },
                "east": { "texture": "#7", "uv": [ 7.0, 7.0, 8.0, 8.0 ] },
                "south": { "texture": "#7", "uv": [ 7.0, 6.0, 7.799999997019768, 7.0 ] },
                "west": { "texture": "#7", "uv": [ 7.0, 7.0, 8.0, 8.0 ] },
                "up": { "texture": "#7", "uv": [ 7.0, 7.0, 7.799999997019768, 8.0 ] },
                "down": { "texture": "#7", "uv": [ 7.0, 6.0, 7.799999997019768, 7.0 ] }
            }
        },
        {
            "name": "Cube",
            "from": [ 13.3, 1.7000000104308128, 14.800000011920929 ], 
            "to": [ 14.099999997019768, 2.3500000104308127, 16.80000001192093 ], 
            "faces": {
                "north": { "texture": "#7", "uv": [ 7.0, 7.0, 8.0, 8.0 ] },
                "east": { "texture": "#7", "uv": [ 7.0, 7.0, 8.0, 8.0 ] },
                "south": { "texture": "#7", "uv": [ 7.0, 6.0, 7.799999997019768, 7.0 ] },
                "west": { "texture": "#7", "uv": [ 7.0, 7.0, 8.0, 8.0 ] },
                "up": { "texture": "#7", "uv": [ 7.0, 7.0, 7.799999997019768, 8.0 ] },
                "down": { "texture": "#7", "uv": [ 7.0, 6.0, 7.799999997019768, 7.0 ] }
            }
        },
        {
            "name": "Cube",
            "from": [ 13.3, 9.59, 18.22 ], 
            "to": [ 14.099999997019768, 10.24, 20.22 ], 
            "rotation": { "origin": [ 8.0, 8.0, 8.0 ], "axis": "x", "angle": 45.0 },
            "faces": {
                "north": { "texture": "#7", "uv": [ 7.0, 7.0, 8.0, 8.0 ] },
                "east": { "texture": "#7", "uv": [ 7.0, 7.0, 8.0, 8.0 ] },
                "south": { "texture": "#7", "uv": [ 7.0, 6.0, 7.799999997019768, 7.0 ] },
                "west": { "texture": "#7", "uv": [ 7.0, 7.0, 8.0, 8.0 ] },
                "up": { "texture": "#7", "uv": [ 7.0, 7.0, 7.799999997019768, 8.0 ] },
                "down": { "texture": "#7", "uv": [ 7.0, 6.0, 7.799999997019768, 7.0 ] }
            }
        },
        {
            "name": "Cube",
            "from": [ 13.3, -1.02, 17.55 ], 
            "to": [ 14.099999997019768, 0.9300000044703483, 18.249999995529652 ], 
            "faces": {
                "north": { "texture": "#7", "uv": [ 7.0, 7.0, 8.0, 8.0 ] },
                "east": { "texture": "#7", "uv": [ 7.0, 7.0, 8.0, 8.0 ] },
                "south": { "texture": "#7", "uv": [ 7.0, 6.0, 7.799999997019768, 7.0 ] },
                "west": { "texture": "#7", "uv": [ 7.0, 7.0, 8.0, 8.0 ] },
                "up": { "texture": "#7", "uv": [ 7.0, 7.0, 7.799999997019768, 8.0 ] },
                "down": { "texture": "#7", "uv": [ 7.0, 6.0, 7.799999997019768, 7.0 ] }
            }
        },
        {
            "name": "Cube",
            "from": [ 13.3, -5.61, 6.85 ], 
            "to": [ 14.099999997019768, -4.96, 8.85 ], 
            "rotation": { "origin": [ 8.0, 8.0, 8.0 ], "axis": "x", "angle": -45.0 },
            "faces": {
                "north": { "texture": "#7", "uv": [ 7.0, 7.0, 8.0, 8.0 ] },
                "east": { "texture": "#7", "uv": [ 7.0, 7.0, 8.0, 8.0 ] },
                "south": { "texture": "#7", "uv": [ 7.0, 6.0, 7.799999997019768, 7.0 ] },
                "west": { "texture": "#7", "uv": [ 7.0, 7.0, 8.0, 8.0 ] },
                "up": { "texture": "#7", "uv": [ 7.0, 7.0, 7.799999997019768, 8.0 ] },
                "down": { "texture": "#7", "uv": [ 7.0, 6.0, 7.799999997019768, 7.0 ] }
            }
        },
        {
            "name": "Cube",
            "from": [ 13.3, -2.43, 14.800000011920929 ], 
            "to": [ 14.099999997019768, -1.7800000000000002, 16.80000001192093 ], 
            "faces": {
                "north": { "texture": "#7", "uv": [ 7.0, 7.0, 8.0, 8.0 ] },
                "east": { "texture": "#7", "uv": [ 7.0, 7.0, 8.0, 8.0 ] },
                "south": { "texture": "#7", "uv": [ 7.0, 6.0, 7.799999997019768, 7.0 ] },
                "west": { "texture": "#7", "uv": [ 7.0, 7.0, 8.0, 8.0 ] },
                "up": { "texture": "#7", "uv": [ 7.0, 7.0, 7.799999997019768, 8.0 ] },
                "down": { "texture": "#7", "uv": [ 7.0, 6.0, 7.799999997019768, 7.0 ] }
            }
        },
        {
            "name": "Cube",
            "from": [ 13.3, 5.439999998509884, 18.200000002980232 ], 
            "to": [ 14.099999997019768, 6.089999998509884, 20.200000002980232 ], 
            "rotation": { "origin": [ 8.0, 8.0, 8.0 ], "axis": "x", "angle": 45.0 },
            "faces": {
                "north": { "texture": "#7", "uv": [ 7.0, 7.0, 8.0, 8.0 ] },
                "east": { "texture": "#7", "uv": [ 7.0, 7.0, 8.0, 8.0 ] },
                "south": { "texture": "#7", "uv": [ 7.0, 6.0, 7.799999997019768, 7.0 ] },
                "west": { "texture": "#7", "uv": [ 7.0, 7.0, 8.0, 8.0 ] },
                "up": { "texture": "#7", "uv": [ 7.0, 7.0, 7.799999997019768, 8.0 ] },
                "down": { "texture": "#7", "uv": [ 7.0, 6.0, 7.799999997019768, 7.0 ] }
            }
        },
        {
            "name": "Cube",
            "from": [ 13.3, -1.02, 13.39 ], 
            "to": [ 14.099999997019768, 0.9300000044703483, 14.089999995529652 ], 
            "faces": {
                "north": { "texture": "#7", "uv": [ 7.0, 7.0, 8.0, 8.0 ] },
                "east": { "texture": "#7", "uv": [ 7.0, 7.0, 8.0, 8.0 ] },
                "south": { "texture": "#7", "uv": [ 7.0, 6.0, 7.799999997019768, 7.0 ] },
                "west": { "texture": "#7", "uv": [ 7.0, 7.0, 8.0, 8.0 ] },
                "up": { "texture": "#7", "uv": [ 7.0, 7.0, 7.799999997019768, 8.0 ] },
                "down": { "texture": "#7", "uv": [ 7.0, 6.0, 7.799999997019768, 7.0 ] }
            }
        },
        {
            "name": "Cube",
            "from": [ 13.3, -1.46, 6.800000011920929 ], 
            "to": [ 14.099999997019768, -0.8099999999999999, 8.800000011920929 ], 
            "rotation": { "origin": [ 8.0, 8.0, 8.0 ], "axis": "x", "angle": -45.0 },
            "faces": {
                "north": { "texture": "#7", "uv": [ 7.0, 7.0, 8.0, 8.0 ] },
                "east": { "texture": "#7", "uv": [ 7.0, 7.0, 8.0, 8.0 ] },
                "south": { "texture": "#7", "uv": [ 7.0, 6.0, 7.799999997019768, 7.0 ] },
                "west": { "texture": "#7", "uv": [ 7.0, 7.0, 8.0, 8.0 ] },
                "up": { "texture": "#7", "uv": [ 7.0, 7.0, 7.799999997019768, 8.0 ] },
                "down": { "texture": "#7", "uv": [ 7.0, 6.0, 7.799999997019768, 7.0 ] }
            }
        },
        {
            "name": "Cube",
            "from": [ 4.0, -3.3999999910593033, 6.000000014901161 ], 
            "to": [ 4.399999991059303, -3.0, 9.700000010430813 ], 
            "rotation": { "origin": [ 8.0, 8.0, 8.0 ], "axis": "x", "angle": -45.0 },
            "faces": {
                "north": { "texture": "#6", "uv": [ 1.0, 1.0, 3.0, 6.0 ] },
                "east": { "texture": "#6", "uv": [ 1.0, 1.0, 5.0, 5.0 ] },
                "south": { "texture": "#6", "uv": [ 0.0, 0.0, 0.7999999970197678, 4.0 ] },
                "west": { "texture": "#6", "uv": [ 1.0, 1.0, 14.0, 4.0 ] },
                "up": { "texture": "#6", "uv": [ 0.0, 0.0, 0.7999999970197678, 4.0 ] },
                "down": { "texture": "#6", "uv": [ 0.0, 0.0, 0.7999999970197678, 4.0 ] }
            }
        },
        {
            "name": "Cube",
            "from": [ 4.0, 7.600000008940697, 17.400000020861626 ], 
            "to": [ 4.399999991059303, 8.0, 21.100000016391277 ], 
            "rotation": { "origin": [ 8.0, 8.0, 8.0 ], "axis": "x", "angle": 45.0 },
            "faces": {
                "north": { "texture": "#6", "uv": [ 1.0, 1.0, 3.0, 6.0 ] },
                "east": { "texture": "#6", "uv": [ 1.0, 1.0, 5.0, 5.0 ] },
                "south": { "texture": "#6", "uv": [ 0.0, 0.0, 0.7999999970197678, 4.0 ] },
                "west": { "texture": "#6", "uv": [ 1.0, 1.0, 14.0, 4.0 ] },
                "up": { "texture": "#6", "uv": [ 0.0, 0.0, 0.7999999970197678, 4.0 ] },
                "down": { "texture": "#6", "uv": [ 0.0, 0.0, 0.7999999970197678, 4.0 ] }
            }
        },
        {
            "name": "Cube",
            "from": [ 4.0, -1.8999999836087227, 15.600000023841858 ], 
            "to": [ 4.399999991059303, 1.800000011920929, 16.00000001490116 ], 
            "faces": {
                "north": { "texture": "#6", "uv": [ 1.0, 1.0, 3.0, 6.0 ] },
                "east": { "texture": "#6", "uv": [ 1.0, 1.0, 3.0, 14.0 ] },
                "south": { "texture": "#6", "uv": [ 0.0, 0.0, 0.7999999970197678, 4.0 ] },
                "west": { "texture": "#6", "uv": [ 1.0, 1.0, 4.0, 14.0 ] },
                "up": { "texture": "#6", "uv": [ 0.0, 0.0, 0.7999999970197678, 4.0 ] },
                "down": { "texture": "#6", "uv": [ 0.0, 0.0, 0.7999999970197678, 4.0 ] }
            }
        },
        {
            "name": "Cube",
            "from": [ 13.5, -0.19999998807907104, 14.000000014901161 ], 
            "to": [ 13.899999991059303, 0.20000000298023224, 17.700000010430813 ], 
            "faces": {
                "north": { "texture": "#6", "uv": [ 1.0, 1.0, 3.0, 6.0 ] },
                "east": { "texture": "#6", "uv": [ 1.0, 1.0, 5.0, 5.0 ] },
                "south": { "texture": "#6", "uv": [ 0.0, 0.0, 0.7999999970197678, 4.0 ] },
                "west": { "texture": "#6", "uv": [ 1.0, 1.0, 14.0, 4.0 ] },
                "up": { "texture": "#6", "uv": [ 0.0, 0.0, 0.7999999970197678, 4.0 ] },
                "down": { "texture": "#6", "uv": [ 0.0, 0.0, 0.7999999970197678, 4.0 ] }
            }
        },
        {
            "name": "Cube",
            "from": [ 13.5, -3.3999999910593033, 6.000000014901161 ], 
            "to": [ 13.899999991059303, -3.0, 9.700000010430813 ], 
            "rotation": { "origin": [ 8.0, 8.0, 8.0 ], "axis": "x", "angle": -45.0 },
            "faces": {
                "north": { "texture": "#6", "uv": [ 1.0, 1.0, 3.0, 6.0 ] },
                "east": { "texture": "#6", "uv": [ 1.0, 1.0, 5.0, 5.0 ] },
                "south": { "texture": "#6", "uv": [ 0.0, 0.0, 0.7999999970197678, 4.0 ] },
                "west": { "texture": "#6", "uv": [ 1.0, 1.0, 14.0, 4.0 ] },
                "up": { "texture": "#6", "uv": [ 0.0, 0.0, 0.7999999970197678, 4.0 ] },
                "down": { "texture": "#6", "uv": [ 0.0, 0.0, 0.7999999970197678, 4.0 ] }
            }
        },
        {
            "name": "Cube",
            "from": [ 13.5, 7.600000008940697, 17.400000020861626 ], 
            "to": [ 13.899999991059303, 8.0, 21.100000016391277 ], 
            "rotation": { "origin": [ 8.0, 8.0, 8.0 ], "axis": "x", "angle": 45.0 },
            "faces": {
                "north": { "texture": "#6", "uv": [ 1.0, 1.0, 3.0, 6.0 ] },
                "east": { "texture": "#6", "uv": [ 1.0, 1.0, 5.0, 5.0 ] },
                "south": { "texture": "#6", "uv": [ 0.0, 0.0, 0.7999999970197678, 4.0 ] },
                "west": { "texture": "#6", "uv": [ 1.0, 1.0, 14.0, 4.0 ] },
                "up": { "texture": "#6", "uv": [ 0.0, 0.0, 0.7999999970197678, 4.0 ] },
                "down": { "texture": "#6", "uv": [ 0.0, 0.0, 0.7999999970197678, 4.0 ] }
            }
        },
        {
            "name": "Cube",
            "from": [ 13.5, -1.8999999836087227, 15.600000023841858 ], 
            "to": [ 13.899999991059303, 1.800000011920929, 16.00000001490116 ], 
            "faces": {
                "north": { "texture": "#6", "uv": [ 1.0, 1.0, 3.0, 6.0 ] },
                "east": { "texture": "#6", "uv": [ 1.0, 1.0, 3.0, 14.0 ] },
                "south": { "texture": "#6", "uv": [ 0.0, 0.0, 0.7999999970197678, 4.0 ] },
                "west": { "texture": "#6", "uv": [ 1.0, 1.0, 4.0, 14.0 ] },
                "up": { "texture": "#6", "uv": [ 0.0, 0.0, 0.7999999970197678, 4.0 ] },
                "down": { "texture": "#6", "uv": [ 0.0, 0.0, 0.7999999970197678, 4.0 ] }
            }
        },
        {
            "name": "Cube",
            "from": [ 13.3, -1.02, 0.08999999552965221 ], 
            "to": [ 14.099999997019768, 0.9300000044703483, 0.7899999910593039 ], 
            "faces": {
                "north": { "texture": "#7", "uv": [ 7.0, 7.0, 8.0, 8.0 ] },
                "east": { "texture": "#7", "uv": [ 7.0, 7.0, 8.0, 8.0 ] },
                "south": { "texture": "#7", "uv": [ 7.0, 6.0, 7.799999997019768, 7.0 ] },
                "west": { "texture": "#7", "uv": [ 7.0, 7.0, 8.0, 8.0 ] },
                "up": { "texture": "#7", "uv": [ 7.0, 7.0, 7.799999997019768, 8.0 ] },
                "down": { "texture": "#7", "uv": [ 7.0, 6.0, 7.799999997019768, 7.0 ] }
            }
        },
        {
            "name": "Cube",
            "from": [ 13.3, 8.080000001490117, -2.810000017881393 ], 
            "to": [ 14.099999997019768, 10.030000005960465, -2.1100000223517412 ], 
            "rotation": { "origin": [ 8.0, 8.0, 8.0 ], "axis": "x", "angle": -45.0 },
            "faces": {
                "north": { "texture": "#7", "uv": [ 7.0, 7.0, 8.0, 8.0 ] },
                "east": { "texture": "#7", "uv": [ 7.0, 7.0, 8.0, 8.0 ] },
                "south": { "texture": "#7", "uv": [ 7.0, 6.0, 7.799999997019768, 7.0 ] },
                "west": { "texture": "#7", "uv": [ 7.0, 7.0, 8.0, 8.0 ] },
                "up": { "texture": "#7", "uv": [ 7.0, 7.0, 7.799999997019768, 8.0 ] },
                "down": { "texture": "#7", "uv": [ 7.0, 6.0, 7.799999997019768, 7.0 ] }
            }
        },
        {
            "name": "Cube",
            "from": [ 13.3, 1.65, -2.5999999791383743 ], 
            "to": [ 14.099999997019768, 2.3, -0.5999999791383743 ], 
            "faces": {
                "north": { "texture": "#7", "uv": [ 7.0, 7.0, 8.0, 8.0 ] },
                "east": { "texture": "#7", "uv": [ 7.0, 7.0, 8.0, 8.0 ] },
                "south": { "texture": "#7", "uv": [ 7.0, 6.0, 7.799999997019768, 7.0 ] },
                "west": { "texture": "#7", "uv": [ 7.0, 7.0, 8.0, 8.0 ] },
                "up": { "texture": "#7", "uv": [ 7.0, 7.0, 7.799999997019768, 8.0 ] },
                "down": { "texture": "#7", "uv": [ 7.0, 6.0, 7.799999997019768, 7.0 ] }
            }
        },
        {
            "name": "Cube",
            "from": [ 13.3, -5.47, 4.54 ], 
            "to": [ 14.099999997019768, -3.5199999955296515, 5.239999995529652 ], 
            "rotation": { "origin": [ 8.0, 8.0, 8.0 ], "axis": "x", "angle": 45.0 },
            "faces": {
                "north": { "texture": "#7", "uv": [ 7.0, 7.0, 8.0, 8.0 ] },
                "east": { "texture": "#7", "uv": [ 7.0, 7.0, 8.0, 8.0 ] },
                "south": { "texture": "#7", "uv": [ 7.0, 6.0, 7.799999997019768, 7.0 ] },
                "west": { "texture": "#7", "uv": [ 7.0, 7.0, 8.0, 8.0 ] },
                "up": { "texture": "#7", "uv": [ 7.0, 7.0, 7.799999997019768, 8.0 ] },
                "down": { "texture": "#7", "uv": [ 7.0, 6.0, 7.799999997019768, 7.0 ] }
            }
        },
        {
            "name": "Cube",
            "from": [ 13.3, -1.05, -3.97 ], 
            "to": [ 14.099999997019768, 0.9000000044703482, -3.2700000044703486 ], 
            "faces": {
                "north": { "texture": "#7", "uv": [ 7.0, 7.0, 8.0, 8.0 ] },
                "east": { "texture": "#7", "uv": [ 7.0, 7.0, 8.0, 8.0 ] },
                "south": { "texture": "#7", "uv": [ 7.0, 6.0, 7.799999997019768, 7.0 ] },
                "west": { "texture": "#7", "uv": [ 7.0, 7.0, 8.0, 8.0 ] },
                "up": { "texture": "#7", "uv": [ 7.0, 7.0, 7.799999997019768, 8.0 ] },
                "down": { "texture": "#7", "uv": [ 7.0, 6.0, 7.799999997019768, 7.0 ] }
            }
        },
        {
            "name": "Cube",
            "from": [ 13.3, -5.44, 8.600000001490116 ], 
            "to": [ 14.099999997019768, -3.489999995529652, 9.299999997019768 ], 
            "rotation": { "origin": [ 8.0, 8.0, 8.0 ], "axis": "x", "angle": 45.0 },
            "faces": {
                "north": { "texture": "#7", "uv": [ 7.0, 7.0, 8.0, 8.0 ] },
                "east": { "texture": "#7", "uv": [ 7.0, 7.0, 8.0, 8.0 ] },
                "south": { "texture": "#7", "uv": [ 7.0, 6.0, 7.799999997019768, 7.0 ] },
                "west": { "texture": "#7", "uv": [ 7.0, 7.0, 8.0, 8.0 ] },
                "up": { "texture": "#7", "uv": [ 7.0, 7.0, 7.799999997019768, 8.0 ] },
                "down": { "texture": "#7", "uv": [ 7.0, 6.0, 7.799999997019768, 7.0 ] }
            }
        },
        {
            "name": "Cube",
            "from": [ 13.3, -2.450000001490116, -2.5999999791383743 ], 
            "to": [ 14.099999997019768, -1.8000000014901163, -0.5999999791383743 ], 
            "faces": {
                "north": { "texture": "#7", "uv": [ 7.0, 7.0, 8.0, 8.0 ] },
                "east": { "texture": "#7", "uv": [ 7.0, 7.0, 8.0, 8.0 ] },
                "south": { "texture": "#7", "uv": [ 7.0, 6.0, 7.799999997019768, 7.0 ] },
                "west": { "texture": "#7", "uv": [ 7.0, 7.0, 8.0, 8.0 ] },
                "up": { "texture": "#7", "uv": [ 7.0, 7.0, 7.799999997019768, 8.0 ] },
                "down": { "texture": "#7", "uv": [ 7.0, 6.0, 7.799999997019768, 7.0 ] }
            }
        },
        {
            "name": "Cube",
            "from": [ 13.3, 8.1, -6.88 ], 
            "to": [ 14.099999997019768, 10.050000004470348, -6.180000004470348 ], 
            "rotation": { "origin": [ 8.0, 8.0, 8.0 ], "axis": "x", "angle": -45.0 },
            "faces": {
                "north": { "texture": "#7", "uv": [ 7.0, 7.0, 8.0, 8.0 ] },
                "east": { "texture": "#7", "uv": [ 7.0, 7.0, 8.0, 8.0 ] },
                "south": { "texture": "#7", "uv": [ 7.0, 6.0, 7.799999997019768, 7.0 ] },
                "west": { "texture": "#7", "uv": [ 7.0, 7.0, 8.0, 8.0 ] },
                "up": { "texture": "#7", "uv": [ 7.0, 7.0, 7.799999997019768, 8.0 ] },
                "down": { "texture": "#7", "uv": [ 7.0, 6.0, 7.799999997019768, 7.0 ] }
            }
        },
        {
            "name": "Cube",
            "from": [ 13.5, -0.19999998807907104, -3.3999999910593033 ], 
            "to": [ 13.899999991059303, 0.20000000298023224, 0.30000000447034836 ], 
            "faces": {
                "north": { "texture": "#6", "uv": [ 1.0, 1.0, 3.0, 6.0 ] },
                "east": { "texture": "#6", "uv": [ 1.0, 1.0, 5.0, 5.0 ] },
                "south": { "texture": "#6", "uv": [ 0.0, 0.0, 0.7999999970197678, 4.0 ] },
                "west": { "texture": "#6", "uv": [ 1.0, 1.0, 14.0, 4.0 ] },
                "up": { "texture": "#6", "uv": [ 0.0, 0.0, 0.7999999970197678, 4.0 ] },
                "down": { "texture": "#6", "uv": [ 0.0, 0.0, 0.7999999970197678, 4.0 ] }
            }
        },
        {
            "name": "Cube",
            "from": [ 13.5, -4.700000010430813, 4.900000013411045 ], 
            "to": [ 13.899999991059303, -4.3000000193715096, 8.600000008940697 ], 
            "rotation": { "origin": [ 8.0, 8.0, 8.0 ], "axis": "x", "angle": 45.0 },
            "faces": {
                "north": { "texture": "#6", "uv": [ 1.0, 1.0, 3.0, 6.0 ] },
                "east": { "texture": "#6", "uv": [ 1.0, 1.0, 5.0, 5.0 ] },
                "south": { "texture": "#6", "uv": [ 0.0, 0.0, 0.7999999970197678, 4.0 ] },
                "west": { "texture": "#6", "uv": [ 1.0, 1.0, 14.0, 4.0 ] },
                "up": { "texture": "#6", "uv": [ 0.0, 0.0, 0.7999999970197678, 4.0 ] },
                "down": { "texture": "#6", "uv": [ 0.0, 0.0, 0.7999999970197678, 4.0 ] }
            }
        },
        {
            "name": "Cube",
            "from": [ 13.5, 8.899999983608723, -6.199999988079071 ], 
            "to": [ 13.899999991059303, 9.299999974668026, -2.299999989569187 ], 
            "rotation": { "origin": [ 8.0, 8.0, 8.0 ], "axis": "x", "angle": -45.0 },
            "faces": {
                "north": { "texture": "#6", "uv": [ 1.0, 1.0, 3.0, 6.0 ] },
                "east": { "texture": "#6", "uv": [ 1.0, 1.0, 5.0, 5.0 ] },
                "south": { "texture": "#6", "uv": [ 0.0, 0.0, 0.7999999970197678, 4.0 ] },
                "west": { "texture": "#6", "uv": [ 1.0, 1.0, 14.0, 4.0 ] },
                "up": { "texture": "#6", "uv": [ 0.0, 0.0, 0.7999999970197678, 4.0 ] },
                "down": { "texture": "#6", "uv": [ 0.0, 0.0, 0.7999999970197678, 4.0 ] }
            }
        },
        {
            "name": "Cube",
            "from": [ 13.5, -2.0000000298023224, -1.7999999821186066 ], 
            "to": [ 13.899999991059303, 1.6999999657273293, -1.3999999910593033 ], 
            "faces": {
                "north": { "texture": "#6", "uv": [ 1.0, 1.0, 3.0, 6.0 ] },
                "east": { "texture": "#6", "uv": [ 1.0, 1.0, 5.0, 5.0 ] },
                "south": { "texture": "#6", "uv": [ 0.0, 0.0, 0.7999999970197678, 4.0 ] },
                "west": { "texture": "#6", "uv": [ 1.0, 1.0, 14.0, 4.0 ] },
                "up": { "texture": "#6", "uv": [ 0.0, 0.0, 0.7999999970197678, 4.0 ] },
                "down": { "texture": "#6", "uv": [ 0.0, 0.0, 0.7999999970197678, 4.0 ] }
            }
        },
        {
            "name": "Cube",
            "from": [ 3.8, -2.450000001490116, -2.5999999791383743 ], 
            "to": [ 4.599999997019768, -1.8000000014901163, -0.5999999791383743 ], 
            "faces": {
                "north": { "texture": "#7", "uv": [ 7.0, 7.0, 8.0, 8.0 ] },
                "east": { "texture": "#7", "uv": [ 7.0, 7.0, 8.0, 8.0 ] },
                "south": { "texture": "#7", "uv": [ 7.0, 6.0, 7.799999997019768, 7.0 ] },
                "west": { "texture": "#7", "uv": [ 7.0, 7.0, 8.0, 8.0 ] },
                "up": { "texture": "#7", "uv": [ 7.0, 7.0, 7.799999997019768, 8.0 ] },
                "down": { "texture": "#7", "uv": [ 7.0, 6.0, 7.799999997019768, 7.0 ] }
            }
        },
        {
            "name": "Cube",
            "from": [ 3.8, -1.05, -3.97 ], 
            "to": [ 4.599999997019768, 0.9000000044703482, -3.2700000044703486 ], 
            "faces": {
                "north": { "texture": "#7", "uv": [ 7.0, 7.0, 8.0, 8.0 ] },
                "east": { "texture": "#7", "uv": [ 7.0, 7.0, 8.0, 8.0 ] },
                "south": { "texture": "#7", "uv": [ 7.0, 6.0, 7.799999997019768, 7.0 ] },
                "west": { "texture": "#7", "uv": [ 7.0, 7.0, 8.0, 8.0 ] },
                "up": { "texture": "#7", "uv": [ 7.0, 7.0, 7.799999997019768, 8.0 ] },
                "down": { "texture": "#7", "uv": [ 7.0, 6.0, 7.799999997019768, 7.0 ] }
            }
        },
        {
            "name": "Cube",
            "from": [ 3.8, 8.1, -6.88 ], 
            "to": [ 4.599999997019768, 10.050000004470348, -6.180000004470348 ], 
            "rotation": { "origin": [ 8.0, 8.0, 8.0 ], "axis": "x", "angle": -45.0 },
            "faces": {
                "north": { "texture": "#7", "uv": [ 7.0, 7.0, 8.0, 8.0 ] },
                "east": { "texture": "#7", "uv": [ 7.0, 7.0, 8.0, 8.0 ] },
                "south": { "texture": "#7", "uv": [ 7.0, 6.0, 7.799999997019768, 7.0 ] },
                "west": { "texture": "#7", "uv": [ 7.0, 7.0, 8.0, 8.0 ] },
                "up": { "texture": "#7", "uv": [ 7.0, 7.0, 7.799999997019768, 8.0 ] },
                "down": { "texture": "#7", "uv": [ 7.0, 6.0, 7.799999997019768, 7.0 ] }
            }
        },
        {
            "name": "Cube",
            "from": [ 3.8, -5.44, 8.600000001490116 ], 
            "to": [ 4.599999997019768, -3.489999995529652, 9.299999997019768 ], 
            "rotation": { "origin": [ 8.0, 8.0, 8.0 ], "axis": "x", "angle": 45.0 },
            "faces": {
                "north": { "texture": "#7", "uv": [ 7.0, 7.0, 8.0, 8.0 ] },
                "east": { "texture": "#7", "uv": [ 7.0, 7.0, 8.0, 8.0 ] },
                "south": { "texture": "#7", "uv": [ 7.0, 6.0, 7.799999997019768, 7.0 ] },
                "west": { "texture": "#7", "uv": [ 7.0, 7.0, 8.0, 8.0 ] },
                "up": { "texture": "#7", "uv": [ 7.0, 7.0, 7.799999997019768, 8.0 ] },
                "down": { "texture": "#7", "uv": [ 7.0, 6.0, 7.799999997019768, 7.0 ] }
            }
        },
        {
            "name": "Cube",
            "from": [ 3.8, -1.02, 0.08999999552965221 ], 
            "to": [ 4.599999997019768, 0.9300000044703483, 0.7899999910593039 ], 
            "faces": {
                "north": { "texture": "#7", "uv": [ 7.0, 7.0, 8.0, 8.0 ] },
                "east": { "texture": "#7", "uv": [ 7.0, 7.0, 8.0, 8.0 ] },
                "south": { "texture": "#7", "uv": [ 7.0, 6.0, 7.799999997019768, 7.0 ] },
                "west": { "texture": "#7", "uv": [ 7.0, 7.0, 8.0, 8.0 ] },
                "up": { "texture": "#7", "uv": [ 7.0, 7.0, 7.799999997019768, 8.0 ] },
                "down": { "texture": "#7", "uv": [ 7.0, 6.0, 7.799999997019768, 7.0 ] }
            }
        },
        {
            "name": "Cube",
            "from": [ 3.8, 8.080000001490117, -2.810000017881393 ], 
            "to": [ 4.599999997019768, 10.030000005960465, -2.1100000223517412 ], 
            "rotation": { "origin": [ 8.0, 8.0, 8.0 ], "axis": "x", "angle": -45.0 },
            "faces": {
                "north": { "texture": "#7", "uv": [ 7.0, 7.0, 8.0, 8.0 ] },
                "east": { "texture": "#7", "uv": [ 7.0, 7.0, 8.0, 8.0 ] },
                "south": { "texture": "#7", "uv": [ 7.0, 6.0, 7.799999997019768, 7.0 ] },
                "west": { "texture": "#7", "uv": [ 7.0, 7.0, 8.0, 8.0 ] },
                "up": { "texture": "#7", "uv": [ 7.0, 7.0, 7.799999997019768, 8.0 ] },
                "down": { "texture": "#7", "uv": [ 7.0, 6.0, 7.799999997019768, 7.0 ] }
            }
        },
        {
            "name": "Cube",
            "from": [ 3.8, 1.65, -2.5999999791383743 ], 
            "to": [ 4.599999997019768, 2.3, -0.5999999791383743 ], 
            "faces": {
                "north": { "texture": "#7", "uv": [ 7.0, 7.0, 8.0, 8.0 ] },
                "east": { "texture": "#7", "uv": [ 7.0, 7.0, 8.0, 8.0 ] },
                "south": { "texture": "#7", "uv": [ 7.0, 6.0, 7.799999997019768, 7.0 ] },
                "west": { "texture": "#7", "uv": [ 7.0, 7.0, 8.0, 8.0 ] },
                "up": { "texture": "#7", "uv": [ 7.0, 7.0, 7.799999997019768, 8.0 ] },
                "down": { "texture": "#7", "uv": [ 7.0, 6.0, 7.799999997019768, 7.0 ] }
            }
        },
        {
            "name": "Cube",
            "from": [ 3.8, -5.47, 4.54 ], 
            "to": [ 4.599999997019768, -3.5199999955296515, 5.239999995529652 ], 
            "rotation": { "origin": [ 8.0, 8.0, 8.0 ], "axis": "x", "angle": 45.0 },
            "faces": {
                "north": { "texture": "#7", "uv": [ 7.0, 7.0, 8.0, 8.0 ] },
                "east": { "texture": "#7", "uv": [ 7.0, 7.0, 8.0, 8.0 ] },
                "south": { "texture": "#7", "uv": [ 7.0, 6.0, 7.799999997019768, 7.0 ] },
                "west": { "texture": "#7", "uv": [ 7.0, 7.0, 8.0, 8.0 ] },
                "up": { "texture": "#7", "uv": [ 7.0, 7.0, 7.799999997019768, 8.0 ] },
                "down": { "texture": "#7", "uv": [ 7.0, 6.0, 7.799999997019768, 7.0 ] }
            }
        },
        {
            "name": "Cube",
            "from": [ 13.1, -0.4999999925494194, 4.0 ], 
            "to": [ 13.699999994039535, 12.50000000745058, 4.5999999940395355 ], 
            "faces": {
                "north": { "texture": "#5", "uv": [ 0.0, 0.0, 0.5999999940395355, 13.0 ] },
                "east": { "texture": "#5", "uv": [ 0.0, 0.0, 0.5999999940395355, 13.0 ] },
                "south": { "texture": "#5", "uv": [ 0.0, 0.0, 0.5999999940395355, 13.0 ] },
                "west": { "texture": "#5", "uv": [ 0.0, 0.0, 0.5999999940395355, 13.0 ] },
                "up": { "texture": "#5", "uv": [ 0.0, 0.0, 0.5999999940395355, 0.5999999940395355 ] },
                "down": { "texture": "#5", "uv": [ 0.0, 0.0, 0.5999999940395355, 0.5999999940395355 ] }
            }
        },
        {
            "name": "Cube",
            "from": [ 13.1, -0.4999999925494194, 5.399999991059303 ], 
            "to": [ 13.699999994039535, 11.50000000745058, 5.999999985098839 ], 
            "faces": {
                "north": { "texture": "#5", "uv": [ 0.0, 0.0, 0.5999999940395355, 12.0 ] },
                "east": { "texture": "#5", "uv": [ 0.0, 0.0, 0.5999999940395355, 12.0 ] },
                "south": { "texture": "#5", "uv": [ 0.0, 0.0, 0.5999999940395355, 12.0 ] },
                "west": { "texture": "#5", "uv": [ 0.0, 0.0, 0.5999999940395355, 12.0 ] },
                "up": { "texture": "#5", "uv": [ 0.0, 0.0, 0.5999999940395355, 0.5999999940395355 ] },
                "down": { "texture": "#5", "uv": [ 0.0, 0.0, 0.5999999940395355, 0.5999999940395355 ] }
            }
        },
        {
            "name": "Cube",
            "from": [ 13.1, -0.5000000074505806, 6.699999995529652 ], 
            "to": [ 13.699999994039535, 10.49999999254942, 7.299999989569187 ], 
            "faces": {
                "north": { "texture": "#5", "uv": [ 0.0, 0.0, 0.5999999940395355, 11.0 ] },
                "east": { "texture": "#5", "uv": [ 0.0, 0.0, 0.5999999940395355, 11.0 ] },
                "south": { "texture": "#5", "uv": [ 0.0, 0.0, 0.5999999940395355, 11.0 ] },
                "west": { "texture": "#5", "uv": [ 0.0, 0.0, 0.5999999940395355, 11.0 ] },
                "up": { "texture": "#5", "uv": [ 0.0, 0.0, 0.5999999940395355, 0.5999999940395355 ] },
                "down": { "texture": "#5", "uv": [ 0.0, 0.0, 0.5999999940395355, 0.5999999940395355 ] }
            }
        },
        {
            "name": "Cube",
            "from": [ 13.1, -0.4999999925494194, 8.0 ], 
            "to": [ 13.699999994039535, 9.50000000745058, 8.599999994039536 ], 
            "faces": {
                "north": { "texture": "#5", "uv": [ 0.0, 0.0, 0.5999999940395355, 10.0 ] },
                "east": { "texture": "#5", "uv": [ 0.0, 0.0, 0.5999999940395355, 10.0 ] },
                "south": { "texture": "#5", "uv": [ 0.0, 0.0, 0.5999999940395355, 10.0 ] },
                "west": { "texture": "#5", "uv": [ 0.0, 0.0, 0.5999999940395355, 10.0 ] },
                "up": { "texture": "#5", "uv": [ 0.0, 0.0, 0.5999999940395355, 0.5999999940395355 ] },
                "down": { "texture": "#5", "uv": [ 0.0, 0.0, 0.5999999940395355, 0.5999999940395355 ] }
            }
        },
        {
            "name": "Cube",
            "from": [ 4.0, -2.0000000298023224, -1.7999999821186066 ], 
            "to": [ 4.399999991059303, 1.6999999657273293, -1.3999999910593033 ], 
            "faces": {
                "north": { "texture": "#6", "uv": [ 1.0, 1.0, 3.0, 6.0 ] },
                "east": { "texture": "#6", "uv": [ 1.0, 1.0, 5.0, 5.0 ] },
                "south": { "texture": "#6", "uv": [ 0.0, 0.0, 0.7999999970197678, 4.0 ] },
                "west": { "texture": "#6", "uv": [ 1.0, 1.0, 14.0, 4.0 ] },
                "up": { "texture": "#6", "uv": [ 0.0, 0.0, 0.7999999970197678, 4.0 ] },
                "down": { "texture": "#6", "uv": [ 0.0, 0.0, 0.7999999970197678, 4.0 ] }
            }
        },
        {
            "name": "Cube",
            "from": [ 4.0, -0.19999998807907104, -3.3999999910593033 ], 
            "to": [ 4.399999991059303, 0.20000000298023224, 0.30000000447034836 ], 
            "faces": {
                "north": { "texture": "#6", "uv": [ 1.0, 1.0, 3.0, 6.0 ] },
                "east": { "texture": "#6", "uv": [ 1.0, 1.0, 5.0, 5.0 ] },
                "south": { "texture": "#6", "uv": [ 0.0, 0.0, 0.7999999970197678, 4.0 ] },
                "west": { "texture": "#6", "uv": [ 1.0, 1.0, 14.0, 4.0 ] },
                "up": { "texture": "#6", "uv": [ 0.0, 0.0, 0.7999999970197678, 4.0 ] },
                "down": { "texture": "#6", "uv": [ 0.0, 0.0, 0.7999999970197678, 4.0 ] }
            }
        },
        {
            "name": "Cube",
            "from": [ 4.0, -4.700000010430813, 4.900000013411045 ], 
            "to": [ 4.399999991059303, -4.3000000193715096, 8.600000008940697 ], 
            "rotation": { "origin": [ 8.0, 8.0, 8.0 ], "axis": "x", "angle": 45.0 },
            "faces": {
                "north": { "texture": "#6", "uv": [ 1.0, 1.0, 3.0, 6.0 ] },
                "east": { "texture": "#6", "uv": [ 1.0, 1.0, 5.0, 5.0 ] },
                "south": { "texture": "#6", "uv": [ 0.0, 0.0, 0.7999999970197678, 4.0 ] },
                "west": { "texture": "#6", "uv": [ 1.0, 1.0, 14.0, 4.0 ] },
                "up": { "texture": "#6", "uv": [ 0.0, 0.0, 0.7999999970197678, 4.0 ] },
                "down": { "texture": "#6", "uv": [ 0.0, 0.0, 0.7999999970197678, 4.0 ] }
            }
        },
        {
            "name": "Cube",
            "from": [ 4.0, 8.899999983608723, -6.199999988079071 ], 
            "to": [ 4.399999991059303, 9.299999974668026, -2.299999989569187 ], 
            "rotation": { "origin": [ 8.0, 8.0, 8.0 ], "axis": "x", "angle": -45.0 },
            "faces": {
                "north": { "texture": "#6", "uv": [ 1.0, 1.0, 3.0, 6.0 ] },
                "east": { "texture": "#6", "uv": [ 1.0, 1.0, 5.0, 5.0 ] },
                "south": { "texture": "#6", "uv": [ 0.0, 0.0, 0.7999999970197678, 4.0 ] },
                "west": { "texture": "#6", "uv": [ 1.0, 1.0, 14.0, 4.0 ] },
                "up": { "texture": "#6", "uv": [ 0.0, 0.0, 0.7999999970197678, 4.0 ] },
                "down": { "texture": "#6", "uv": [ 0.0, 0.0, 0.7999999970197678, 4.0 ] }
            }
        },
        {
            "name": "Cube",
            "from": [ 11.800000011920929, 1.0, -1.0 ], 
            "to": [ 12.0, 5.799999997019768, 7.0 ], 
            "faces": {
                "north": { "texture": "#8", "uv": [ 0.0, 0.0, 8.0, 9.0 ] },
                "east": { "texture": "#8", "uv": [ 0.0, 0.0, 8.0, 9.0 ] },
                "south": { "texture": "#8", "uv": [ 0.0, 0.0, 8.0, 7.0 ] },
                "west": { "texture": "#8", "uv": [ 0.0, 0.0, 8.0, 9.0 ] },
                "up": { "texture": "#8", "uv": [ 0.0, 0.0, 1.0, 7.0 ] },
                "down": { "texture": "#8", "uv": [ 0.0, 0.0, 1.0, 8.0 ] }
            }
        },
        {
            "name": "Cube",
            "from": [ 6.0, 1.0, -1.0 ], 
            "to": [ 6.199999988079071, 5.799999997019768, 7.0 ], 
            "faces": {
                "north": { "texture": "#8", "uv": [ 0.0, 0.0, 8.0, 9.0 ] },
                "east": { "texture": "#8", "uv": [ 0.0, 0.0, 8.0, 9.0 ] },
                "south": { "texture": "#8", "uv": [ 0.0, 0.0, 8.0, 7.0 ] },
                "west": { "texture": "#8", "uv": [ 0.0, 0.0, 8.0, 9.0 ] },
                "up": { "texture": "#8", "uv": [ 0.0, 0.0, 1.0, 7.0 ] },
                "down": { "texture": "#8", "uv": [ 0.0, 0.0, 1.0, 8.0 ] }
            }
        },
        {
            "name": "Cube",
            "from": [ 6.200000002980232, 1.0, 6.799999997019768 ], 
            "to": [ 11.800000011920929, 5.799999997019768, 6.999999985098839 ], 
            "faces": {
                "north": { "texture": "#8", "uv": [ 0.0, 0.0, 8.0, 9.0 ] },
                "east": { "texture": "#8", "uv": [ 0.0, 0.0, 8.0, 9.0 ] },
                "south": { "texture": "#8", "uv": [ 0.0, 0.0, 8.0, 7.0 ] },
                "west": { "texture": "#8", "uv": [ 0.0, 0.0, 7.0, 9.0 ] },
                "up": { "texture": "#8", "uv": [ 0.0, 0.0, 10.0, 1.0 ] },
                "down": { "texture": "#8", "uv": [ 0.0, 0.0, 11.0, 1.0 ] }
            }
        },
        {
            "name": "Cube",
            "from": [ 6.200000002980232, 1.0, -1.0 ], 
            "to": [ 11.800000011920929, 1.199999988079071, 6.799999997019768 ], 
            "faces": {
                "north": { "texture": "#8", "uv": [ 0.0, 0.0, 8.0, 9.0 ] },
                "east": { "texture": "#8", "uv": [ 0.0, 0.0, 8.0, 9.0 ] },
                "south": { "texture": "#8", "uv": [ 0.0, 0.0, 8.0, 7.0 ] },
                "west": { "texture": "#8", "uv": [ 0.0, 0.0, 8.0, 9.0 ] },
                "up": { "texture": "#8", "uv": [ 0.0, 0.0, 1.0, 7.0 ] },
                "down": { "texture": "#8", "uv": [ 0.0, 0.0, 1.0, 8.0 ] }
            }
        },
        {
            "name": "Cube",
            "from": [ 12.499999976158142, -0.4999999925494194, 4.0 ], 
            "to": [ 13.099999970197677, 0.10000000149011612, 4.5999999940395355 ], 
            "faces": {
                "north": { "texture": "#5", "uv": [ 0.0, 0.0, 0.5999999940395355, 13.0 ] },
                "east": { "texture": "#5", "uv": [ 0.0, 0.0, 0.5999999940395355, 13.0 ] },
                "south": { "texture": "#5", "uv": [ 0.0, 0.0, 0.5999999940395355, 13.0 ] },
                "west": { "texture": "#5", "uv": [ 0.0, 0.0, 0.5999999940395355, 13.0 ] },
                "up": { "texture": "#5", "uv": [ 0.0, 0.0, 0.5999999940395355, 0.5999999940395355 ] },
                "down": { "texture": "#5", "uv": [ 0.0, 0.0, 0.5999999940395355, 0.5999999940395355 ] }
            }
        },
        {
            "name": "Cube",
            "from": [ 4.79999998062849, -0.4999999925494194, 4.0 ], 
            "to": [ 5.499999976158142, 0.10000000149011612, 4.5999999940395355 ], 
            "faces": {
                "north": { "texture": "#5", "uv": [ 0.0, 0.0, 0.5999999940395355, 13.0 ] },
                "east": { "texture": "#5", "uv": [ 0.0, 0.0, 0.5999999940395355, 13.0 ] },
                "south": { "texture": "#5", "uv": [ 0.0, 0.0, 0.5999999940395355, 13.0 ] },
                "west": { "texture": "#5", "uv": [ 0.0, 0.0, 0.5999999940395355, 13.0 ] },
                "up": { "texture": "#5", "uv": [ 0.0, 0.0, 0.5999999940395355, 0.5999999940395355 ] },
                "down": { "texture": "#5", "uv": [ 0.0, 0.0, 0.5999999940395355, 0.5999999940395355 ] }
            }
        },
        {
            "name": "Cube",
            "from": [ 4.79999998062849, -0.4999999925494194, 5.4000000059604645 ], 
            "to": [ 5.499999976158142, 0.10000000149011612, 6.0 ], 
            "faces": {
                "north": { "texture": "#5", "uv": [ 0.0, 0.0, 0.5999999940395355, 13.0 ] },
                "east": { "texture": "#5", "uv": [ 0.0, 0.0, 0.5999999940395355, 13.0 ] },
                "south": { "texture": "#5", "uv": [ 0.0, 0.0, 0.5999999940395355, 13.0 ] },
                "west": { "texture": "#5", "uv": [ 0.0, 0.0, 0.5999999940395355, 13.0 ] },
                "up": { "texture": "#5", "uv": [ 0.0, 0.0, 0.5999999940395355, 0.5999999940395355 ] },
                "down": { "texture": "#5", "uv": [ 0.0, 0.0, 0.5999999940395355, 0.5999999940395355 ] }
            }
        },
        {
            "name": "Cube",
            "from": [ 4.79999998062849, -0.4999999925494194, 6.700000010430813 ], 
            "to": [ 5.499999976158142, 0.10000000149011612, 7.300000004470348 ], 
            "faces": {
                "north": { "texture": "#5", "uv": [ 0.0, 0.0, 0.5999999940395355, 13.0 ] },
                "east": { "texture": "#5", "uv": [ 0.0, 0.0, 0.5999999940395355, 13.0 ] },
                "south": { "texture": "#5", "uv": [ 0.0, 0.0, 0.5999999940395355, 13.0 ] },
                "west": { "texture": "#5", "uv": [ 0.0, 0.0, 0.5999999940395355, 13.0 ] },
                "up": { "texture": "#5", "uv": [ 0.0, 0.0, 0.5999999940395355, 0.5999999940395355 ] },
                "down": { "texture": "#5", "uv": [ 0.0, 0.0, 0.5999999940395355, 0.5999999940395355 ] }
            }
        },
        {
            "name": "Cube",
            "from": [ 4.79999998062849, -0.4999999925494194, 8.000000014901161 ], 
            "to": [ 5.499999976158142, 0.10000000149011612, 8.600000008940697 ], 
            "faces": {
                "north": { "texture": "#5", "uv": [ 0.0, 0.0, 0.5999999940395355, 13.0 ] },
                "east": { "texture": "#5", "uv": [ 0.0, 0.0, 0.5999999940395355, 13.0 ] },
                "south": { "texture": "#5", "uv": [ 0.0, 0.0, 0.5999999940395355, 13.0 ] },
                "west": { "texture": "#5", "uv": [ 0.0, 0.0, 0.5999999940395355, 13.0 ] },
                "up": { "texture": "#5", "uv": [ 0.0, 0.0, 0.5999999940395355, 0.5999999940395355 ] },
                "down": { "texture": "#5", "uv": [ 0.0, 0.0, 0.5999999940395355, 0.5999999940395355 ] }
            }
        },
        {
            "name": "Cube",
            "from": [ 12.499999976158142, -0.4999999925494194, 5.4000000059604645 ], 
            "to": [ 13.099999970197677, 0.10000000149011612, 6.0 ], 
            "faces": {
                "north": { "texture": "#5", "uv": [ 0.0, 0.0, 0.5999999940395355, 13.0 ] },
                "east": { "texture": "#5", "uv": [ 0.0, 0.0, 0.5999999940395355, 13.0 ] },
                "south": { "texture": "#5", "uv": [ 0.0, 0.0, 0.5999999940395355, 13.0 ] },
                "west": { "texture": "#5", "uv": [ 0.0, 0.0, 0.5999999940395355, 13.0 ] },
                "up": { "texture": "#5", "uv": [ 0.0, 0.0, 0.5999999940395355, 0.5999999940395355 ] },
                "down": { "texture": "#5", "uv": [ 0.0, 0.0, 0.5999999940395355, 0.5999999940395355 ] }
            }
        },
        {
            "name": "Cube",
            "from": [ 12.499999976158142, -0.4999999925494194, 6.700000010430813 ], 
            "to": [ 13.099999970197677, 0.10000000149011612, 7.300000004470348 ], 
            "faces": {
                "north": { "texture": "#5", "uv": [ 0.0, 0.0, 0.5999999940395355, 13.0 ] },
                "east": { "texture": "#5", "uv": [ 0.0, 0.0, 0.5999999940395355, 13.0 ] },
                "south": { "texture": "#5", "uv": [ 0.0, 0.0, 0.5999999940395355, 13.0 ] },
                "west": { "texture": "#5", "uv": [ 0.0, 0.0, 0.5999999940395355, 13.0 ] },
                "up": { "texture": "#5", "uv": [ 0.0, 0.0, 0.5999999940395355, 0.5999999940395355 ] },
                "down": { "texture": "#5", "uv": [ 0.0, 0.0, 0.5999999940395355, 0.5999999940395355 ] }
            }
        },
        {
            "name": "Cube",
            "from": [ 12.499999976158142, -0.4999999925494194, 8.000000014901161 ], 
            "to": [ 13.099999970197677, 0.10000000149011612, 8.600000008940697 ], 
            "faces": {
                "north": { "texture": "#5", "uv": [ 0.0, 0.0, 0.5999999940395355, 13.0 ] },
                "east": { "texture": "#5", "uv": [ 0.0, 0.0, 0.5999999940395355, 13.0 ] },
                "south": { "texture": "#5", "uv": [ 0.0, 0.0, 0.5999999940395355, 13.0 ] },
                "west": { "texture": "#5", "uv": [ 0.0, 0.0, 0.5999999940395355, 13.0 ] },
                "up": { "texture": "#5", "uv": [ 0.0, 0.0, 0.5999999940395355, 0.5999999940395355 ] },
                "down": { "texture": "#5", "uv": [ 0.0, 0.0, 0.5999999940395355, 0.5999999940395355 ] }
            }
        },
        {
            "name": "Cube",
            "from": [ 6.799999997019768, 5.399999991059303, 5.399999991059303 ], 
            "to": [ 11.0, 5.999999985098839, 5.6999999806284904 ], 
            "faces": {
                "north": { "texture": "#3", "uv": [ 5.0, 7.0, 9.0, 7.299999989569187 ] },
                "east": { "texture": "#3", "uv": [ 3.0, 3.0, 7.5999999940395355, 3.299999989569187 ] },
                "south": { "texture": "#3", "uv": [ 3.0, 3.0, 7.0, 3.299999989569187 ] },
                "west": { "texture": "#3", "uv": [ 3.0, 7.0, 7.5999999940395355, 7.299999989569187 ] },
                "up": { "texture": "#3", "uv": [ 5.0, 4.0, 8.0, 10.599999994039536 ] },
                "down": { "texture": "#3", "uv": [ 4.0, 2.0, 8.0, 6.5999999940395355 ] }
            }
        },
        {
            "name": "Cube",
            "from": [ 7.500000007450581, 5.999999985098839, 5.399999991059303 ], 
            "to": [ 8.100000001490116, 6.499999977648258, 5.6999999806284904 ], 
            "faces": {
                "north": { "texture": "#3", "uv": [ 5.0, 7.0, 9.0, 7.299999989569187 ] },
                "east": { "texture": "#3", "uv": [ 3.0, 3.0, 7.5999999940395355, 3.299999989569187 ] },
                "south": { "texture": "#3", "uv": [ 3.0, 3.0, 7.0, 3.299999989569187 ] },
                "west": { "texture": "#3", "uv": [ 3.0, 7.0, 7.5999999940395355, 7.299999989569187 ] },
                "up": { "texture": "#3", "uv": [ 5.0, 4.0, 8.0, 10.599999994039536 ] },
                "down": { "texture": "#3", "uv": [ 4.0, 2.0, 8.0, 6.5999999940395355 ] }
            }
        },
        {
            "name": "Cube",
            "from": [ 7.500000007450581, 4.899999983608723, 5.399999991059303 ], 
            "to": [ 8.100000001490116, 5.399999976158142, 5.6999999806284904 ], 
            "faces": {
                "north": { "texture": "#3", "uv": [ 5.0, 7.0, 9.0, 7.299999989569187 ] },
                "east": { "texture": "#3", "uv": [ 3.0, 3.0, 7.5999999940395355, 3.299999989569187 ] },
                "south": { "texture": "#3", "uv": [ 3.0, 3.0, 7.0, 3.299999989569187 ] },
                "west": { "texture": "#3", "uv": [ 3.0, 7.0, 7.5999999940395355, 7.299999989569187 ] },
                "up": { "texture": "#3", "uv": [ 5.0, 4.0, 8.0, 10.599999994039536 ] },
                "down": { "texture": "#3", "uv": [ 4.0, 2.0, 8.0, 6.5999999940395355 ] }
            }
        },
        {
            "name": "Cube",
            "from": [ 9.700000010430813, 4.899999983608723, 5.399999991059303 ], 
            "to": [ 10.300000004470348, 5.399999976158142, 5.6999999806284904 ], 
            "faces": {
                "north": { "texture": "#3", "uv": [ 5.0, 7.0, 9.0, 7.299999989569187 ] },
                "east": { "texture": "#3", "uv": [ 3.0, 3.0, 7.5999999940395355, 3.299999989569187 ] },
                "south": { "texture": "#3", "uv": [ 3.0, 3.0, 7.0, 3.299999989569187 ] },
                "west": { "texture": "#3", "uv": [ 3.0, 7.0, 7.5999999940395355, 7.299999989569187 ] },
                "up": { "texture": "#3", "uv": [ 5.0, 4.0, 8.0, 10.599999994039536 ] },
                "down": { "texture": "#3", "uv": [ 4.0, 2.0, 8.0, 6.5999999940395355 ] }
            }
        },
        {
            "name": "Cube",
            "from": [ 9.700000010430813, 5.999999985098839, 5.399999991059303 ], 
            "to": [ 10.300000004470348, 6.499999977648258, 5.6999999806284904 ], 
            "faces": {
                "north": { "texture": "#3", "uv": [ 5.0, 7.0, 9.0, 7.299999989569187 ] },
                "east": { "texture": "#3", "uv": [ 3.0, 3.0, 7.5999999940395355, 3.299999989569187 ] },
                "south": { "texture": "#3", "uv": [ 3.0, 3.0, 7.0, 3.299999989569187 ] },
                "west": { "texture": "#3", "uv": [ 3.0, 7.0, 7.5999999940395355, 7.299999989569187 ] },
                "up": { "texture": "#3", "uv": [ 5.0, 4.0, 8.0, 10.599999994039536 ] },
                "down": { "texture": "#3", "uv": [ 4.0, 2.0, 8.0, 6.5999999940395355 ] }
            }
        },
        {
            "name": "Cube",
            "from": [ 8.600000008940697, 5.599999964237213, 4.499999992549419 ], 
            "to": [ 9.200000002980232, 8.099999956786633, 4.799999982118607 ], 
            "rotation": { "origin": [ 8.0, 8.0, 8.0 ], "axis": "x", "angle": -45.0 },
            "faces": {
                "north": { "texture": "#4", "uv": [ 5.0, 7.0, 9.0, 7.299999989569187 ] },
                "east": { "texture": "#4", "uv": [ 3.0, 3.0, 7.5999999940395355, 3.299999989569187 ] },
                "south": { "texture": "#4", "uv": [ 3.0, 3.0, 7.0, 3.299999989569187 ] },
                "west": { "texture": "#4", "uv": [ 3.0, 7.0, 7.5999999940395355, 7.299999989569187 ] },
                "up": { "texture": "#4", "uv": [ 5.0, 4.0, 8.0, 10.599999994039536 ] },
                "down": { "texture": "#4", "uv": [ 4.0, 2.0, 8.0, 6.5999999940395355 ] }
            }
        }
	],
"display": {
    "head": {
        "rotation": [ 0, 180, 0 ],
        "translation": [ 3, 17, -20 ],
        "scale": [ 3, 3, 3 ]
    },
    "gui": {
        "rotation": [ 10, -30, 0 ],
        "translation": [ -0.5, 2, 0 ],
        "scale": [ 0.75, 0.75, 0.75 ]
    }
}
}