{
	"__comment": "Designed by Craftventure in the Netherlands",
	"textures": {
		"black": "blocks/hopper_outside",
		"caddy_color": "blocks/concrete_powder_white",
		"seating": "blocks/hardened_clay_stained_silver",
		"glass": "blocks/glass"
	},
	"elements": [ 	 
		{
			"__comment": "Box1",
			"from": [ 0.5, 7, 5 ],
			"to": [ 15.5, 8, 9.5 ],
			"faces": {
				"down": { "uv": [ 0.5, 6.5, 15.5, 11 ], "texture": "#seating" },
				"up": { "uv": [ 0.5, 5, 15.5, 9.5 ], "texture": "#seating" },
				"north": { "uv": [ 0.5, 8, 15.5, 9 ], "texture": "#seating" },
				"south": { "uv": [ 0.5, 8, 15.5, 9 ], "texture": "#seating" },
				"west": { "uv": [ 5, 8, 9.5, 9 ], "texture": "#seating" },
				"east": { "uv": [ 6.5, 8, 11, 9 ], "texture": "#seating" }
			}
		},
		{
			"__comment": "Box1",
			"from": [ 0, 4.5, -10 ],
			"to": [ 16, 7, -1 ],
			"rotation": { "origin": [ 0, 4.5, -10 ], "axis": "x", "angle": -45 },
			"faces": {
				"up": { "uv": [ 0, 6, 16, 15 ], "texture": "#caddy_color" },
				"north": { "uv": [ 0, 9, 16, 11.5 ], "texture": "#caddy_color" },
				"south": { "uv": [ 0, 9, 16, 11.5 ], "texture": "#caddy_color" },
				"west": { "uv": [ 6, 9, 15, 11.5 ], "texture": "#caddy_color" },
				"east": { "uv": [ 1, 9, 10, 11.5 ], "texture": "#caddy_color" }
			}
		},
		{
			"__comment": "Box1",
			"from": [ 0, 4.5, -10.5 ],
			"to": [ 16, 7, -4.5 ],
			"faces": {
				"down": { "uv": [ 0, 10.5, 16, 15 ], "texture": "#caddy_color" },
				"up": { "uv": [ 0, 1, 16, 5.5 ], "texture": "#caddy_color" },
				"north": { "uv": [ 0, 8, 16, 9 ], "texture": "#caddy_color" },
				"south": { "uv": [ 0, 8, 16, 9 ], "texture": "#caddy_color" },
				"west": { "uv": [ 1, 8, 5.5, 9 ], "texture": "#caddy_color" },
				"east": { "uv": [ 10.5, 8, 15, 9 ], "texture": "#caddy_color" }
			}
		},
		{
			"__comment": "Box1",
			"from": [ 0.5, 7, 17.5 ],
			"to": [ 15.5, 8, 22 ],
			"faces": {
				"down": { "uv": [ 0, 10.5, 16, 15 ], "texture": "#seating" },
				"up": { "uv": [ 0, 1, 16, 5.5 ], "texture": "#seating" },
				"north": { "uv": [ 0, 8, 16, 9 ], "texture": "#seating" },
				"south": { "uv": [ 0, 8, 16, 9 ], "texture": "#seating" },
				"west": { "uv": [ 1, 8, 5.5, 9 ], "texture": "#seating" },
				"east": { "uv": [ 10.5, 8, 15, 9 ], "texture": "#seating" }
			}
		},
		{
			"__comment": "Box1",
			"from": [ 0.5, 7, 9 ],
			"to": [ 15.5, 14.5, 10 ],
			"rotation": { "origin": [ 0.5, 7, 10 ], "axis": "x", "angle": 22.5 },
			"faces": {
				"down": { "uv": [ 16, 9, 0, 8 ], "texture": "#seating" },
				"up": { "uv": [ 0, 8, 16, 9 ], "texture": "#seating" },
				"north": { "uv": [ 16, 5.5, 0, 1 ], "texture": "#seating" },
				"south": { "uv": [ 0, 10.5, 16, 15 ], "texture": "#seating" },
				"west": { "uv": [ 1, 8, 5.5, 9 ], "texture": "#seating", "rotation": 270 },
				"east": { "uv": [ 10.5, 8, 15, 9 ], "texture": "#seating", "rotation": 90 }
			}
		},
		{
			"__comment": "Box1",
			"from": [ 0.5, 7.5, 17 ],
			"to": [ 15.5, 15, 18 ],
			"rotation": { "origin": [ 0.5, 7.5, 18 ], "axis": "x", "angle": -22.5 },
			"faces": {
				"down": { "uv": [ 16, 9, 0, 8 ], "texture": "#seating" },
				"up": { "uv": [ 0, 8, 16, 9 ], "texture": "#seating" },
				"north": { "uv": [ 16, 5.5, 0, 1 ], "texture": "#seating" },
				"south": { "uv": [ 0, 10.5, 16, 15 ], "texture": "#seating" },
				"west": { "uv": [ 1, 8, 5.5, 9 ], "texture": "#seating", "rotation": 270 },
				"east": { "uv": [ 10.5, 8, 15, 9 ], "texture": "#seating", "rotation": 90 }
			}
		},
		{
			"__comment": "Box1",
			"from": [ 0, 0.1465, -8.8536 ],
			"to": [ 16, 9.1465, -3.8536 ],
			"rotation": { "origin": [ 0, 9, -8.5 ], "axis": "x", "angle": -22.5 },
			"faces": {
				"down": { "uv": [ 0, 8, 16, 9 ], "texture": "#caddy_color" },
				"up": { "uv": [ 16, 9, 0, 8 ], "texture": "#caddy_color" },
				"north": { "uv": [ 16, 15, 0, 10.5 ], "texture": "#caddy_color" },
				"south": { "uv": [ 0, 1, 16, 5.5 ], "texture": "#caddy_color" },
				"west": { "uv": [ 1, 8, 5.5, 9 ], "texture": "#caddy_color", "rotation": 90 },
				"east": { "uv": [ 10.5, 8, 15, 9 ], "texture": "#caddy_color", "rotation": 270 }
			}
		},
		{
			"__comment": "Box1",
			"from": [ 0.5, 1, -5.5 ],
			"to": [ 15.5, 2.5, 7 ],
			"faces": {
				"down": { "uv": [ 0, 0, 16, 16 ], "texture": "#black" },
				"up": { "uv": [ 0, 0, 16, 16 ], "texture": "#black" },
				"north": { "uv": [ 0, 13.5, 16, 15.5 ], "texture": "#black" },
				"south": { "uv": [ 0, 13.5, 16, 15.5 ], "texture": "#black" },
				"west": { "uv": [ 0, 13.5, 16, 15.5 ], "texture": "#black" },
				"east": { "uv": [ 0, 13.5, 16, 15.5 ], "texture": "#black" }
			}
		},
		{
			"__comment": "Box1",
			"from": [ 2, 1.5, 6 ],
			"to": [ 14, 7.5, 22 ],
			"faces": {
				"down": { "uv": [ 0, 10.5, 16, 15 ], "texture": "#caddy_color" },
				"up": { "uv": [ 0, 1, 16, 5.5 ], "texture": "#caddy_color" },
				"north": { "uv": [ 0, 8, 16, 9 ], "texture": "#caddy_color" },
				"south": { "uv": [ 0, 8, 16, 9 ], "texture": "#caddy_color" },
				"west": { "uv": [ 1, 8, 5.5, 9 ], "texture": "#caddy_color" },
				"east": { "uv": [ 10.5, 8, 15, 9 ], "texture": "#caddy_color" }
			}
		},
		{
			"__comment": "Box1",
			"from": [ 0.5, 10.5, -4.5 ],
			"to": [ 1, 24.5, -4 ],
			"rotation": { "origin": [ 0.5, 10.5, -4 ], "axis": "x", "angle": 22.5 },
			"faces": {
				"down": { "uv": [ 15.5, 5.5, 15, 5 ], "texture": "#black" },
				"up": { "uv": [ 0.5, 5, 1, 5.5 ], "texture": "#black" },
				"north": { "uv": [ 1, 10, 0.5, 0 ], "texture": "#black" },
				"south": { "uv": [ 0.5, 6, 1, 16 ], "texture": "#black" },
				"west": { "uv": [ 0, 5, 10, 5.5 ], "texture": "#black", "rotation": 270 },
				"east": { "uv": [ 6, 5, 16, 5.5 ], "texture": "#black", "rotation": 90 }
			}
		},
		{
			"__comment": "Box1",
			"from": [ 15, 10.5, -4.5 ],
			"to": [ 15.5, 24.5, -4 ],
			"rotation": { "origin": [ 15, 10.5, -4 ], "axis": "x", "angle": 22.5 },
			"faces": {
				"down": { "uv": [ 1, 5.5, 0.5, 5 ], "texture": "#black" },
				"up": { "uv": [ 15, 5, 15.5, 5.5 ], "texture": "#black" },
				"north": { "uv": [ 15.5, 10, 15, 0 ], "texture": "#black" },
				"south": { "uv": [ 15, 6, 15.5, 16 ], "texture": "#black" },
				"west": { "uv": [ 0, 5, 10, 5.5 ], "texture": "#black", "rotation": 270 },
				"east": { "uv": [ 6, 5, 16, 5.5 ], "texture": "#black", "rotation": 90 }
			}
		},
		{
			"__comment": "Box1",
			"from": [ 0, 23.5, -1.5 ],
			"to": [ 16, 24.5, 22 ],
			"faces": {
				"down": { "uv": [ 0, 10.5, 16, 15 ], "texture": "#caddy_color" },
				"up": { "uv": [ 0, 1, 16, 5.5 ], "texture": "#caddy_color" },
				"north": { "uv": [ 0, 8, 16, 9 ], "texture": "#caddy_color" },
				"south": { "uv": [ 0, 8, 16, 9 ], "texture": "#caddy_color" },
				"west": { "uv": [ 1, 8, 5.5, 9 ], "texture": "#caddy_color" },
				"east": { "uv": [ 10.5, 8, 15, 9 ], "texture": "#caddy_color" }
			}
		},
		{
			"__comment": "Box1",
			"from": [ 1, 24.125, 0.5 ],
			"to": [ 15, 25.125, 21 ],
			"faces": {
				"down": { "uv": [ 0, 10.5, 16, 15 ], "texture": "#caddy_color" },
				"up": { "uv": [ 0, 1, 16, 5.5 ], "texture": "#caddy_color" },
				"north": { "uv": [ 0, 8, 16, 9 ], "texture": "#caddy_color" },
				"south": { "uv": [ 0, 8, 16, 9 ], "texture": "#caddy_color" },
				"west": { "uv": [ 1, 8, 5.5, 9 ], "texture": "#caddy_color" },
				"east": { "uv": [ 10.5, 8, 15, 9 ], "texture": "#caddy_color" }
			}
		},
		{
			"__comment": "Box1",
			"from": [ 0.5, 6, 20.5 ],
			"to": [ 1, 24, 21 ],
			"faces": {
				"down": { "uv": [ 15.5, 10, 15, 9.5 ], "texture": "#black" },
				"up": { "uv": [ 0.5, 9.5, 1, 10 ], "texture": "#black" },
				"north": { "uv": [ 1, 16, 0.5, 5 ], "texture": "#black" },
				"south": { "uv": [ 0.5, 0, 1, 11 ], "texture": "#black" },
				"west": { "uv": [ 5, 9.5, 16, 10 ], "texture": "#black", "rotation": 270 },
				"east": { "uv": [ 0, 9.5, 11, 10 ], "texture": "#black", "rotation": 90 }
			}
		},
		{
			"__comment": "Box1",
			"from": [ 15, 6, 20.5 ],
			"to": [ 15.5, 24, 21 ],
			"faces": {
				"down": { "uv": [ 1, 10, 0.5, 9.5 ], "texture": "#black" },
				"up": { "uv": [ 15, 9.5, 15.5, 10 ], "texture": "#black" },
				"north": { "uv": [ 15.5, 16, 15, 5 ], "texture": "#black" },
				"south": { "uv": [ 15, 0, 15.5, 11 ], "texture": "#black" },
				"west": { "uv": [ 5, 9.5, 16, 10 ], "texture": "#black", "rotation": 270 },
				"east": { "uv": [ 0, 9.5, 11, 10 ], "texture": "#black", "rotation": 90 }
			}
		},
		{
			"__comment": "Box1",
			"from": [ 14, -2.5, -12 ],
			"to": [ 16, 2.5, -7 ],
			"faces": {
				"down": { "uv": [ 14, 7, 16, 12 ], "texture": "#black" },
				"up": { "uv": [ 14, 4, 16, 9 ], "texture": "#black" },
				"north": { "uv": [ 0, 13.5, 2, 16 ], "texture": "#black" },
				"south": { "uv": [ 14, 13.5, 16, 16 ], "texture": "#black" },
				"west": { "uv": [ 4, 13.5, 9, 16 ], "texture": "#black" },
				"east": { "uv": [ 7, 13.5, 12, 16 ], "texture": "#black" }
			}
		},
		{
			"__comment": "Box1",
			"from": [ 1, -0.5, -10 ],
			"to": [ 15.5, 1, -8.5 ],
			"faces": {
				"down": { "uv": [ 1, 8.5, 15.5, 10 ], "texture": "#black" },
				"up": { "uv": [ 1, 6, 15.5, 7.5 ], "texture": "#black" },
				"north": { "uv": [ 0.5, 15, 15, 16 ], "texture": "#black" },
				"south": { "uv": [ 1, 15, 15.5, 16 ], "texture": "#black" },
				"west": { "uv": [ 6, 15, 7.5, 16 ], "texture": "#black" },
				"east": { "uv": [ 8.5, 15, 10, 16 ], "texture": "#black" }
			}
		},
		{
			"__comment": "Box1",
			"from": [ 14, -1.5, -13 ],
			"to": [ 16, 1.5, -6 ],
			"faces": {
				"down": { "uv": [ 14, 6, 16, 13 ], "texture": "#black" },
				"up": { "uv": [ 14, 3, 16, 10 ], "texture": "#black" },
				"north": { "uv": [ 0, 14.5, 2, 16 ], "texture": "#black" },
				"south": { "uv": [ 14, 14.5, 16, 16 ], "texture": "#black" },
				"west": { "uv": [ 3, 14.5, 10, 16 ], "texture": "#black" },
				"east": { "uv": [ 6, 14.5, 13, 16 ], "texture": "#black" }
			}
		},
		{
			"__comment": "Box1",
			"from": [ 14, -3.5, -11 ],
			"to": [ 16, 3.5, -8 ],
			"faces": {
				"down": { "uv": [ 14, 9.5, 16, 12.5 ], "texture": "#black" },
				"up": { "uv": [ 2, 12.5, 0, 9.5 ], "texture": "#black" },
				"north": { "uv": [ 16, 11, 14, 4 ], "texture": "#black" },
				"south": { "uv": [ 14, 5, 16, 12 ], "texture": "#black" },
				"west": { "uv": [ 5, 9.5, 12, 12.5 ], "texture": "#black", "rotation": 90 },
				"east": { "uv": [ 4, 9.5, 11, 12.5 ], "texture": "#black", "rotation": 270 }
			}
		},
		{
			"__comment": "Box1",
			"from": [ 0, 6, 7 ],
			"to": [ 16, 7.5, 21.5 ],
			"faces": {
				"down": { "uv": [ 0, 0, 16, 16 ], "texture": "#caddy_color" },
				"up": { "uv": [ 0, 0, 16, 16 ], "texture": "#caddy_color" },
				"north": { "uv": [ 0, 13.5, 16, 15.5 ], "texture": "#caddy_color" },
				"south": { "uv": [ 0, 13.5, 16, 15.5 ], "texture": "#caddy_color" },
				"west": { "uv": [ 0, 13.5, 16, 15.5 ], "texture": "#caddy_color" },
				"east": { "uv": [ 0, 13.5, 16, 15.5 ], "texture": "#caddy_color" }
			}
		},
		{
			"__comment": "Box1",
			"from": [ 14, -2.5, 13 ],
			"to": [ 16, 2.5, 18 ],
			"faces": {
				"down": { "uv": [ 14, 7, 16, 12 ], "texture": "#black" },
				"up": { "uv": [ 14, 4, 16, 9 ], "texture": "#black" },
				"north": { "uv": [ 0, 13.5, 2, 16 ], "texture": "#black" },
				"south": { "uv": [ 14, 13.5, 16, 16 ], "texture": "#black" },
				"west": { "uv": [ 4, 13.5, 9, 16 ], "texture": "#black" },
				"east": { "uv": [ 7, 13.5, 12, 16 ], "texture": "#black" }
			}
		},
		{
			"__comment": "Box1",
			"from": [ 0, 0.5, 21.5 ],
			"to": [ 16, 7, 24 ],
			"rotation": { "origin": [ 0, 0.5, 21.5 ], "axis": "x", "angle": -22.5 },
			"faces": {
				"down": { "uv": [ 0, 10.5, 16, 15 ], "texture": "#caddy_color" },
				"up": { "uv": [ 0, 1, 16, 5.5 ], "texture": "#caddy_color" },
				"north": { "uv": [ 0, 8, 16, 9 ], "texture": "#caddy_color" },
				"south": { "uv": [ 0, 8, 16, 9 ], "texture": "#caddy_color" },
				"west": { "uv": [ 1, 8, 5.5, 9 ], "texture": "#caddy_color" },
				"east": { "uv": [ 10.5, 8, 15, 9 ], "texture": "#caddy_color" }
			}
		},
		{
			"__comment": "Box1",
			"from": [ 1, 12, -4 ],
			"to": [ 15, 23, -3.5 ],
			"rotation": { "origin": [ 1, 12, -3.5 ], "axis": "x", "angle": 22.5 },
			"faces": {
				"down": { "uv": [ 16, 1, 0, 0 ], "texture": "#glass" },
				"up": { "uv": [ 0, 15, 16, 16 ], "texture": "#glass" },
				"north": { "uv": [ 16, 16, 0, 0 ], "texture": "#glass" },
				"south": { "uv": [ 0, 0, 16, 16 ], "texture": "#glass" },
				"west": { "uv": [ 0, 0, 1, 16 ], "texture": "#glass", "rotation": 270 },
				"east": { "uv": [ 15, 0, 16, 16 ], "texture": "#glass", "rotation": 90 }
			}
		},
		{
			"__comment": "Box1",
			"from": [ 0, 1.5, 6 ],
			"to": [ 16, 7.5, 9.5 ],
			"faces": {
				"down": { "uv": [ 0, 10.5, 16, 15 ], "texture": "#caddy_color" },
				"up": { "uv": [ 0, 1, 16, 5.5 ], "texture": "#caddy_color" },
				"north": { "uv": [ 0, 8, 16, 9 ], "texture": "#caddy_color" },
				"south": { "uv": [ 0, 8, 16, 9 ], "texture": "#caddy_color" },
				"west": { "uv": [ 1, 8, 5.5, 9 ], "texture": "#caddy_color" },
				"east": { "uv": [ 10.5, 8, 15, 9 ], "texture": "#caddy_color" }
			}
		},
		{
			"__comment": "Box1",
			"from": [ 0, 0.5, -5.5 ],
			"to": [ 16, 2, 9.5 ],
			"faces": {
				"down": { "uv": [ 0, 0, 16, 16 ], "texture": "#caddy_color" },
				"up": { "uv": [ 0, 0, 16, 16 ], "texture": "#caddy_color" },
				"north": { "uv": [ 0, 13.5, 16, 15.5 ], "texture": "#caddy_color" },
				"south": { "uv": [ 0, 13.5, 16, 15.5 ], "texture": "#caddy_color" },
				"west": { "uv": [ 0, 13.5, 16, 15.5 ], "texture": "#caddy_color" },
				"east": { "uv": [ 0, 13.5, 16, 15.5 ], "texture": "#caddy_color" }
			}
		},
		{
			"__comment": "Box1",
			"from": [ 2, 0.5, 6 ],
			"to": [ 14, 2, 22 ],
			"faces": {
				"down": { "uv": [ 0, 0, 16, 16 ], "texture": "#caddy_color" },
				"up": { "uv": [ 0, 0, 16, 16 ], "texture": "#caddy_color" },
				"north": { "uv": [ 0, 13.5, 16, 15.5 ], "texture": "#caddy_color" },
				"south": { "uv": [ 0, 13.5, 16, 15.5 ], "texture": "#caddy_color" },
				"west": { "uv": [ 0, 13.5, 16, 15.5 ], "texture": "#caddy_color" },
				"east": { "uv": [ 0, 13.5, 16, 15.5 ], "texture": "#caddy_color" }
			}
		},
		{
			"__comment": "Box1",
			"from": [ 14, -1.5, 12 ],
			"to": [ 16, 1.5, 19 ],
			"faces": {
				"down": { "uv": [ 14, 6, 16, 13 ], "texture": "#black" },
				"up": { "uv": [ 14, 3, 16, 10 ], "texture": "#black" },
				"north": { "uv": [ 0, 14.5, 2, 16 ], "texture": "#black" },
				"south": { "uv": [ 14, 14.5, 16, 16 ], "texture": "#black" },
				"west": { "uv": [ 3, 14.5, 10, 16 ], "texture": "#black" },
				"east": { "uv": [ 6, 14.5, 13, 16 ], "texture": "#black" }
			}
		},
		{
			"__comment": "Box1",
			"from": [ 0, -3.5, -11 ],
			"to": [ 2, 3.5, -8 ],
			"faces": {
				"down": { "uv": [ 14, 9.5, 16, 12.5 ], "texture": "#black" },
				"up": { "uv": [ 2, 12.5, 0, 9.5 ], "texture": "#black" },
				"north": { "uv": [ 16, 11, 14, 4 ], "texture": "#black" },
				"south": { "uv": [ 14, 5, 16, 12 ], "texture": "#black" },
				"west": { "uv": [ 5, 9.5, 12, 12.5 ], "texture": "#black", "rotation": 90 },
				"east": { "uv": [ 4, 9.5, 11, 12.5 ], "texture": "#black", "rotation": 270 }
			}
		},
		{
			"__comment": "Box1",
			"from": [ 0, -1.5, -13 ],
			"to": [ 2, 1.5, -6 ],
			"faces": {
				"down": { "uv": [ 14, 6, 16, 13 ], "texture": "#black" },
				"up": { "uv": [ 14, 3, 16, 10 ], "texture": "#black" },
				"north": { "uv": [ 0, 14.5, 2, 16 ], "texture": "#black" },
				"south": { "uv": [ 14, 14.5, 16, 16 ], "texture": "#black" },
				"west": { "uv": [ 3, 14.5, 10, 16 ], "texture": "#black" },
				"east": { "uv": [ 6, 14.5, 13, 16 ], "texture": "#black" }
			}
		},
		{
			"__comment": "Box1",
			"from": [ 0, -2.5, -12 ],
			"to": [ 2, 2.5, -7 ],
			"faces": {
				"down": { "uv": [ 14, 7, 16, 12 ], "texture": "#black" },
				"up": { "uv": [ 14, 4, 16, 9 ], "texture": "#black" },
				"north": { "uv": [ 0, 13.5, 2, 16 ], "texture": "#black" },
				"south": { "uv": [ 14, 13.5, 16, 16 ], "texture": "#black" },
				"west": { "uv": [ 4, 13.5, 9, 16 ], "texture": "#black" },
				"east": { "uv": [ 7, 13.5, 12, 16 ], "texture": "#black" }
			}
		},
		{
			"__comment": "Box1",
			"from": [ 14, -3.5, 14 ],
			"to": [ 16, 3.5, 17 ],
			"faces": {
				"down": { "uv": [ 14, 9.5, 16, 12.5 ], "texture": "#black" },
				"up": { "uv": [ 2, 12.5, 0, 9.5 ], "texture": "#black" },
				"north": { "uv": [ 16, 11, 14, 4 ], "texture": "#black" },
				"south": { "uv": [ 14, 5, 16, 12 ], "texture": "#black" },
				"west": { "uv": [ 5, 9.5, 12, 12.5 ], "texture": "#black", "rotation": 90 },
				"east": { "uv": [ 4, 9.5, 11, 12.5 ], "texture": "#black", "rotation": 270 }
			}
		},
		{
			"__comment": "Box1",
			"from": [ 0, -3.5, 14 ],
			"to": [ 2, 3.5, 17 ],
			"faces": {
				"down": { "uv": [ 14, 9.5, 16, 12.5 ], "texture": "#black" },
				"up": { "uv": [ 2, 12.5, 0, 9.5 ], "texture": "#black" },
				"north": { "uv": [ 16, 11, 14, 4 ], "texture": "#black" },
				"south": { "uv": [ 14, 5, 16, 12 ], "texture": "#black" },
				"west": { "uv": [ 5, 9.5, 12, 12.5 ], "texture": "#black", "rotation": 90 },
				"east": { "uv": [ 4, 9.5, 11, 12.5 ], "texture": "#black", "rotation": 270 }
			}
		},
		{
			"__comment": "Box1",
			"from": [ 0, -1.5, 12 ],
			"to": [ 2, 1.5, 19 ],
			"faces": {
				"down": { "uv": [ 14, 6, 16, 13 ], "texture": "#black" },
				"up": { "uv": [ 14, 3, 16, 10 ], "texture": "#black" },
				"north": { "uv": [ 0, 14.5, 2, 16 ], "texture": "#black" },
				"south": { "uv": [ 14, 14.5, 16, 16 ], "texture": "#black" },
				"west": { "uv": [ 3, 14.5, 10, 16 ], "texture": "#black" },
				"east": { "uv": [ 6, 14.5, 13, 16 ], "texture": "#black" }
			}
		},
		{
			"__comment": "Box1",
			"from": [ 0, -2.5, 13 ],
			"to": [ 2, 2.5, 18 ],
			"faces": {
				"down": { "uv": [ 14, 7, 16, 12 ], "texture": "#black" },
				"up": { "uv": [ 14, 4, 16, 9 ], "texture": "#black" },
				"north": { "uv": [ 0, 13.5, 2, 16 ], "texture": "#black" },
				"south": { "uv": [ 14, 13.5, 16, 16 ], "texture": "#black" },
				"west": { "uv": [ 4, 13.5, 9, 16 ], "texture": "#black" },
				"east": { "uv": [ 7, 13.5, 12, 16 ], "texture": "#black" }
			}
		}
	],
	"display": {
		"head": {
			"translation":  [ 11.2, 2.0878, 0.6956 ],
			"scale":  [ 2.6, 2.6, 2.6 ]
		}
	}
}