{
    "__comment": "Model generated using MrCrayfish's Model Creator (http://mrcrayfish.com/modelcreator/)",
    "textures": {
        "0": "blocks/iron_block",
        "1": "blocks/anvil_base",
        "2": "blocks/concrete_black",
        "3": "blocks/concrete_silver",
        "4": "blocks/concrete_black"
    },
    "elements": [
        {
            "name": "Cube",
            "from": [ 0.0, 0.0, 0.0 ], 
            "to": [ 1.0, 17.0, 1.0 ], 
            "faces": {
                "north": { "texture": "#0", "uv": [ 0.0, 0.0, 1.0, 17.0 ] },
                "east": { "texture": "#0", "uv": [ 0.0, 0.0, 1.0, 17.0 ] },
                "south": { "texture": "#0", "uv": [ 0.0, 0.0, 1.0, 17.0 ] },
                "west": { "texture": "#0", "uv": [ 0.0, 0.0, 1.0, 17.0 ] },
                "up": { "texture": "#0", "uv": [ 0.0, 0.0, 1.0, 1.0 ] },
                "down": { "texture": "#0", "uv": [ 0.0, 0.0, 1.0, 1.0 ] }
            }
        },
        {
            "name": "Cube",
            "from": [ 12.0, 0.0, 0.0 ], 
            "to": [ 13.0, 13.0, 1.0 ], 
            "faces": {
                "north": { "texture": "#0", "uv": [ 0.0, 0.0, 1.0, 13.0 ] },
                "east": { "texture": "#0", "uv": [ 0.0, 0.0, 1.0, 13.0 ] },
                "south": { "texture": "#0", "uv": [ 0.0, 0.0, 1.0, 13.0 ] },
                "west": { "texture": "#0", "uv": [ 0.0, 0.0, 1.0, 13.0 ] },
                "up": { "texture": "#0", "uv": [ 0.0, 0.0, 1.0, 1.0 ] },
                "down": { "texture": "#0", "uv": [ 0.0, 0.0, 1.0, 1.0 ] }
            }
        },
        {
            "name": "Cube",
            "from": [ 12.0, 0.0, 15.0 ], 
            "to": [ 13.0, 13.0, 16.0 ], 
            "faces": {
                "north": { "texture": "#0", "uv": [ 0.0, 0.0, 1.0, 13.0 ] },
                "east": { "texture": "#0", "uv": [ 0.0, 0.0, 1.0, 13.0 ] },
                "south": { "texture": "#0", "uv": [ 0.0, 0.0, 1.0, 13.0 ] },
                "west": { "texture": "#0", "uv": [ 0.0, 0.0, 1.0, 13.0 ] },
                "up": { "texture": "#0", "uv": [ 0.0, 0.0, 1.0, 1.0 ] },
                "down": { "texture": "#0", "uv": [ 0.0, 0.0, 1.0, 1.0 ] }
            }
        },
        {
            "name": "Cube",
            "from": [ 0.0, 0.0, 15.0 ], 
            "to": [ 1.0, 17.0, 16.0 ], 
            "faces": {
                "north": { "texture": "#0", "uv": [ 0.0, 0.0, 1.0, 17.0 ] },
                "east": { "texture": "#0", "uv": [ 0.0, 0.0, 1.0, 17.0 ] },
                "south": { "texture": "#0", "uv": [ 0.0, 0.0, 1.0, 17.0 ] },
                "west": { "texture": "#0", "uv": [ 0.0, 0.0, 1.0, 17.0 ] },
                "up": { "texture": "#0", "uv": [ 0.0, 0.0, 1.0, 1.0 ] },
                "down": { "texture": "#0", "uv": [ 0.0, 0.0, 1.0, 1.0 ] }
            }
        },
        {
            "name": "Cube",
            "from": [ -3.0, 16.0, 15.0 ], 
            "to": [ 0.0, 17.0, 16.0 ], 
            "faces": {
                "north": { "texture": "#0", "uv": [ 0.0, 0.0, 3.0, 1.0 ] },
                "east": { "texture": "#0", "uv": [ 0.0, 0.0, 1.0, 1.0 ] },
                "south": { "texture": "#0", "uv": [ 0.0, 0.0, 3.0, 1.0 ] },
                "west": { "texture": "#0", "uv": [ 0.0, 0.0, 1.0, 1.0 ] },
                "up": { "texture": "#0", "uv": [ 0.0, 0.0, 3.0, 1.0 ] },
                "down": { "texture": "#0", "uv": [ 0.0, 0.0, 3.0, 1.0 ] }
            }
        },
        {
            "name": "Cube",
            "from": [ -3.0, 16.0, 0.0 ], 
            "to": [ 0.0, 17.0, 1.0 ], 
            "faces": {
                "north": { "texture": "#0", "uv": [ 0.0, 0.0, 3.0, 1.0 ] },
                "east": { "texture": "#0", "uv": [ 0.0, 0.0, 1.0, 1.0 ] },
                "south": { "texture": "#0", "uv": [ 0.0, 0.0, 3.0, 1.0 ] },
                "west": { "texture": "#0", "uv": [ 0.0, 0.0, 1.0, 1.0 ] },
                "up": { "texture": "#0", "uv": [ 0.0, 0.0, 3.0, 1.0 ] },
                "down": { "texture": "#0", "uv": [ 0.0, 0.0, 3.0, 1.0 ] }
            }
        },
        {
            "name": "Cube",
            "from": [ 1.0, 12.0, 15.0 ], 
            "to": [ 12.0, 13.0, 16.0 ], 
            "faces": {
                "north": { "texture": "#0", "uv": [ 0.0, 0.0, 11.0, 1.0 ] },
                "east": { "texture": "#0", "uv": [ 0.0, 0.0, 1.0, 1.0 ] },
                "south": { "texture": "#0", "uv": [ 0.0, 0.0, 11.0, 1.0 ] },
                "west": { "texture": "#0", "uv": [ 0.0, 0.0, 1.0, 1.0 ] },
                "up": { "texture": "#0", "uv": [ 0.0, 0.0, 11.0, 1.0 ] },
                "down": { "texture": "#0", "uv": [ 0.0, 0.0, 11.0, 1.0 ] }
            }
        },
        {
            "name": "Cube",
            "from": [ 1.0, 12.0, 0.0 ], 
            "to": [ 12.0, 13.0, 1.0 ], 
            "faces": {
                "north": { "texture": "#0", "uv": [ 0.0, 0.0, 11.0, 1.0 ] },
                "east": { "texture": "#0", "uv": [ 0.0, 0.0, 1.0, 1.0 ] },
                "south": { "texture": "#0", "uv": [ 0.0, 0.0, 11.0, 1.0 ] },
                "west": { "texture": "#0", "uv": [ 0.0, 0.0, 1.0, 1.0 ] },
                "up": { "texture": "#0", "uv": [ 0.0, 0.0, 11.0, 1.0 ] },
                "down": { "texture": "#0", "uv": [ 0.0, 0.0, 11.0, 1.0 ] }
            }
        },
        {
            "name": "Cube",
            "from": [ 1.0, 0.0, 0.0 ], 
            "to": [ 12.0, 1.0, 1.0 ], 
            "faces": {
                "north": { "texture": "#0", "uv": [ 0.0, 0.0, 11.0, 1.0 ] },
                "east": { "texture": "#0", "uv": [ 0.0, 0.0, 1.0, 1.0 ] },
                "south": { "texture": "#0", "uv": [ 0.0, 0.0, 11.0, 1.0 ] },
                "west": { "texture": "#0", "uv": [ 0.0, 0.0, 1.0, 1.0 ] },
                "up": { "texture": "#0", "uv": [ 0.0, 0.0, 11.0, 1.0 ] },
                "down": { "texture": "#0", "uv": [ 0.0, 0.0, 11.0, 1.0 ] }
            }
        },
        {
            "name": "Cube",
            "from": [ 1.0, 0.0, 15.0 ], 
            "to": [ 12.0, 1.0, 16.0 ], 
            "faces": {
                "north": { "texture": "#0", "uv": [ 0.0, 0.0, 11.0, 1.0 ] },
                "east": { "texture": "#0", "uv": [ 0.0, 0.0, 1.0, 1.0 ] },
                "south": { "texture": "#0", "uv": [ 0.0, 0.0, 11.0, 1.0 ] },
                "west": { "texture": "#0", "uv": [ 0.0, 0.0, 1.0, 1.0 ] },
                "up": { "texture": "#0", "uv": [ 0.0, 0.0, 11.0, 1.0 ] },
                "down": { "texture": "#0", "uv": [ 0.0, 0.0, 11.0, 1.0 ] }
            }
        },
        {
            "name": "Cube",
            "from": [ 1.0, 6.0, 15.0 ], 
            "to": [ 12.0, 7.500000007450581, 16.0 ], 
            "faces": {
                "north": { "texture": "#0", "uv": [ 0.0, 0.0, 11.0, 1.5000000074505806 ] },
                "east": { "texture": "#0", "uv": [ 0.0, 0.0, 1.0, 1.5000000074505806 ] },
                "south": { "texture": "#0", "uv": [ 0.0, 0.0, 11.0, 1.5000000074505806 ] },
                "west": { "texture": "#0", "uv": [ 0.0, 0.0, 1.0, 1.5000000074505806 ] },
                "up": { "texture": "#0", "uv": [ 0.0, 0.0, 11.0, 1.0 ] },
                "down": { "texture": "#0", "uv": [ 0.0, 0.0, 11.0, 1.0 ] }
            }
        },
        {
            "name": "Cube",
            "from": [ 1.0, 6.0, 0.0 ], 
            "to": [ 12.0, 7.500000007450581, 1.0 ], 
            "faces": {
                "north": { "texture": "#0", "uv": [ 0.0, 0.0, 11.0, 1.5000000074505806 ] },
                "east": { "texture": "#0", "uv": [ 0.0, 0.0, 1.0, 1.5000000074505806 ] },
                "south": { "texture": "#0", "uv": [ 0.0, 0.0, 11.0, 1.5000000074505806 ] },
                "west": { "texture": "#0", "uv": [ 0.0, 0.0, 1.0, 1.5000000074505806 ] },
                "up": { "texture": "#0", "uv": [ 0.0, 0.0, 11.0, 1.0 ] },
                "down": { "texture": "#0", "uv": [ 0.0, 0.0, 11.0, 1.0 ] }
            }
        },
        {
            "name": "Cube",
            "from": [ 1.0, 6.300000004470348, 1.0 ], 
            "to": [ 12.0, 7.300000004470348, 15.0 ], 
            "faces": {
                "north": { "texture": "#0", "uv": [ 0.0, 0.0, 11.0, 1.0 ] },
                "east": { "texture": "#0", "uv": [ 0.0, 0.0, 14.0, 1.0 ] },
                "south": { "texture": "#0", "uv": [ 0.0, 0.0, 11.0, 1.0 ] },
                "west": { "texture": "#0", "uv": [ 0.0, 0.0, 14.0, 1.0 ] },
                "up": { "texture": "#0", "uv": [ 0.0, 0.0, 11.0, 14.0 ] },
                "down": { "texture": "#0", "uv": [ 0.0, 0.0, 11.0, 14.0 ] }
            }
        },
        {
            "name": "Cube",
            "from": [ 1.0, 8.0, 0.20000000298023224 ], 
            "to": [ 12.0, 11.0, 0.7999999970197678 ], 
            "faces": {
                "north": { "texture": "#0", "uv": [ 0.0, 0.0, 11.0, 3.0 ] },
                "east": { "texture": "#0", "uv": [ 0.0, 0.0, 0.5999999940395355, 3.0 ] },
                "south": { "texture": "#0", "uv": [ 0.0, 0.0, 11.0, 3.0 ] },
                "west": { "texture": "#0", "uv": [ 0.0, 0.0, 0.5999999940395355, 3.0 ] },
                "up": { "texture": "#0", "uv": [ 0.0, 0.0, 11.0, 0.5999999940395355 ] },
                "down": { "texture": "#0", "uv": [ 0.0, 0.0, 11.0, 0.5999999940395355 ] }
            }
        },
        {
            "name": "Cube",
            "from": [ 1.0, 8.0, 15.200000002980232 ], 
            "to": [ 12.0, 11.0, 15.799999997019768 ], 
            "faces": {
                "north": { "texture": "#0", "uv": [ 0.0, 0.0, 11.0, 3.0 ] },
                "east": { "texture": "#0", "uv": [ 0.0, 0.0, 0.5999999940395355, 3.0 ] },
                "south": { "texture": "#0", "uv": [ 0.0, 0.0, 11.0, 3.0 ] },
                "west": { "texture": "#0", "uv": [ 0.0, 0.0, 0.5999999940395355, 3.0 ] },
                "up": { "texture": "#0", "uv": [ 0.0, 0.0, 11.0, 0.5999999940395355 ] },
                "down": { "texture": "#0", "uv": [ 0.0, 0.0, 11.0, 0.5999999940395355 ] }
            }
        },
        {
            "name": "Cube",
            "from": [ 0.19999998807907104, 9.300000004470348, 1.0 ], 
            "to": [ 0.7999999821186066, 14.300000004470348, 15.0 ], 
            "faces": {
                "north": { "texture": "#1", "uv": [ 0.0, 0.0, 0.5999999940395355, 5.0 ] },
                "east": { "texture": "#1", "uv": [ 0.0, 0.0, 14.0, 5.0 ] },
                "south": { "texture": "#1", "uv": [ 0.0, 0.0, 0.5999999940395355, 5.0 ] },
                "west": { "texture": "#1", "uv": [ 0.0, 0.0, 14.0, 5.0 ] },
                "up": { "texture": "#1", "uv": [ 0.0, 0.0, 0.5999999940395355, 14.0 ] },
                "down": { "texture": "#1", "uv": [ 0.0, 0.0, 0.5999999940395355, 14.0 ] }
            }
        },
        {
            "name": "Cube",
            "from": [ 13.0, 5.0, 15.200000002980232 ], 
            "to": [ 14.0, 5.5999999940395355, 15.799999997019768 ], 
            "faces": {
                "north": { "texture": "#0", "uv": [ 0.0, 0.0, 1.0, 0.5999999940395355 ] },
                "east": { "texture": "#0", "uv": [ 0.0, 0.0, 0.5999999940395355, 0.5999999940395355 ] },
                "south": { "texture": "#0", "uv": [ 0.0, 0.0, 1.0, 0.5999999940395355 ] },
                "west": { "texture": "#0", "uv": [ 0.0, 0.0, 0.5999999940395355, 0.5999999940395355 ] },
                "up": { "texture": "#0", "uv": [ 0.0, 0.0, 1.0, 0.5999999940395355 ] },
                "down": { "texture": "#0", "uv": [ 0.0, 0.0, 1.0, 0.5999999940395355 ] }
            }
        },
        {
            "name": "Cube",
            "from": [ 13.95, 9.95, 15.200000002980232 ], 
            "to": [ 17.95, 10.549999994039535, 15.799999997019768 ], 
            "rotation": { "origin": [ 8.0, 8.0, 8.0 ], "axis": "z", "angle": -45.0 },
            "faces": {
                "north": { "texture": "#0", "uv": [ 0.0, 0.0, 4.0, 0.5999999940395355 ] },
                "east": { "texture": "#0", "uv": [ 0.0, 0.0, 0.5999999940395355, 0.5999999940395355 ] },
                "south": { "texture": "#0", "uv": [ 0.0, 0.0, 4.0, 0.5999999940395355 ] },
                "west": { "texture": "#0", "uv": [ 0.0, 0.0, 0.5999999940395355, 0.5999999940395355 ] },
                "up": { "texture": "#0", "uv": [ 0.0, 0.0, 4.0, 0.5999999940395355 ] },
                "down": { "texture": "#0", "uv": [ 0.0, 0.0, 4.0, 0.5999999940395355 ] }
            }
        },
        {
            "name": "Cube",
            "from": [ 13.0, 5.0, 0.20000000298023224 ], 
            "to": [ 14.0, 5.5999999940395355, 0.7999999970197678 ], 
            "faces": {
                "north": { "texture": "#0", "uv": [ 0.0, 0.0, 1.0, 0.5999999940395355 ] },
                "east": { "texture": "#0", "uv": [ 0.0, 0.0, 0.5999999940395355, 0.5999999940395355 ] },
                "south": { "texture": "#0", "uv": [ 0.0, 0.0, 1.0, 0.5999999940395355 ] },
                "west": { "texture": "#0", "uv": [ 0.0, 0.0, 0.5999999940395355, 0.5999999940395355 ] },
                "up": { "texture": "#0", "uv": [ 0.0, 0.0, 1.0, 0.5999999940395355 ] },
                "down": { "texture": "#0", "uv": [ 0.0, 0.0, 1.0, 0.5999999940395355 ] }
            }
        },
        {
            "name": "Cube",
            "from": [ 13.95, 9.95, 0.20000000298023224 ], 
            "to": [ 17.95, 10.549999994039535, 0.7999999970197678 ], 
            "rotation": { "origin": [ 8.0, 8.0, 8.0 ], "axis": "z", "angle": -45.0 },
            "faces": {
                "north": { "texture": "#0", "uv": [ 0.0, 0.0, 4.0, 0.5999999940395355 ] },
                "east": { "texture": "#0", "uv": [ 0.0, 0.0, 0.5999999940395355, 0.5999999940395355 ] },
                "south": { "texture": "#0", "uv": [ 0.0, 0.0, 4.0, 0.5999999940395355 ] },
                "west": { "texture": "#0", "uv": [ 0.0, 0.0, 0.5999999940395355, 0.5999999940395355 ] },
                "up": { "texture": "#0", "uv": [ 0.0, 0.0, 4.0, 0.5999999940395355 ] },
                "down": { "texture": "#0", "uv": [ 0.0, 0.0, 4.0, 0.5999999940395355 ] }
            }
        },
        {
            "name": "Cube",
            "from": [ 17.95, 9.95, 0.20000000298023224 ], 
            "to": [ 18.349999991059303, 13.549999994039535, 3.7999999970197678 ], 
            "rotation": { "origin": [ 8.0, 8.0, 8.0 ], "axis": "z", "angle": -45.0 },
            "faces": {
                "north": { "texture": "#1", "uv": [ 0.0, 0.0, 0.3999999910593033, 3.5999999940395355 ] },
                "east": { "texture": "#1", "uv": [ 0.0, 0.0, 3.5999999940395355, 3.5999999940395355 ] },
                "south": { "texture": "#1", "uv": [ 0.0, 0.0, 0.3999999910593033, 3.5999999940395355 ] },
                "west": { "texture": "#1", "uv": [ 0.0, 0.0, 3.5999999940395355, 3.5999999940395355 ] },
                "up": { "texture": "#1", "uv": [ 0.0, 0.0, 0.3999999910593033, 3.5999999940395355 ] },
                "down": { "texture": "#1", "uv": [ 0.0, 0.0, 0.3999999910593033, 3.5999999940395355 ] }
            }
        },
        {
            "name": "Cube",
            "from": [ 17.95, 9.95, 12.200000002980232 ], 
            "to": [ 18.349999991059303, 13.549999994039535, 15.799999997019768 ], 
            "rotation": { "origin": [ 8.0, 8.0, 8.0 ], "axis": "z", "angle": -45.0 },
            "faces": {
                "north": { "texture": "#1", "uv": [ 0.0, 0.0, 0.3999999910593033, 3.5999999940395355 ] },
                "east": { "texture": "#1", "uv": [ 0.0, 0.0, 3.5999999940395355, 3.5999999940395355 ] },
                "south": { "texture": "#1", "uv": [ 0.0, 0.0, 0.3999999910593033, 3.5999999940395355 ] },
                "west": { "texture": "#1", "uv": [ 0.0, 0.0, 3.5999999940395355, 3.5999999940395355 ] },
                "up": { "texture": "#1", "uv": [ 0.0, 0.0, 0.3999999910593033, 3.5999999940395355 ] },
                "down": { "texture": "#1", "uv": [ 0.0, 0.0, 0.3999999910593033, 3.5999999940395355 ] }
            }
        },
        {
            "name": "Cube",
            "from": [ -2.4999999925494194, 10.0, 16.200000002980232 ], 
            "to": [ 3.5000000074505806, 10.599999994039536, 16.799999997019768 ], 
            "faces": {
                "north": { "texture": "#2", "uv": [ 0.0, 0.0, 6.0, 0.5999999940395355 ] },
                "east": { "texture": "#2", "uv": [ 0.0, 0.0, 0.5999999940395355, 0.5999999940395355 ] },
                "south": { "texture": "#2", "uv": [ 0.0, 0.0, 6.0, 0.5999999940395355 ] },
                "west": { "texture": "#2", "uv": [ 0.0, 0.0, 0.5999999940395355, 0.5999999940395355 ] },
                "up": { "texture": "#2", "uv": [ 0.0, 0.0, 6.0, 0.5999999940395355 ] },
                "down": { "texture": "#2", "uv": [ 0.0, 0.0, 6.0, 0.5999999940395355 ] }
            }
        },
        {
            "name": "Cube",
            "from": [ -2.4999999925494194, -3.0, 16.200000002980232 ], 
            "to": [ 3.5000000074505806, -2.4000000059604645, 16.799999997019768 ], 
            "faces": {
                "north": { "texture": "#2", "uv": [ 0.0, 0.0, 6.0, 0.5999999940395355 ] },
                "east": { "texture": "#2", "uv": [ 0.0, 0.0, 0.5999999940395355, 0.5999999940395355 ] },
                "south": { "texture": "#2", "uv": [ 0.0, 0.0, 6.0, 0.5999999940395355 ] },
                "west": { "texture": "#2", "uv": [ 0.0, 0.0, 0.5999999940395355, 0.5999999940395355 ] },
                "up": { "texture": "#2", "uv": [ 0.0, 0.0, 6.0, 0.5999999940395355 ] },
                "down": { "texture": "#2", "uv": [ 0.0, 0.0, 6.0, 0.5999999940395355 ] }
            }
        },
        {
            "name": "Cube",
            "from": [ -6.699999995529652, 1.2000000029802322, 16.200000002980232 ], 
            "to": [ -6.100000001490116, 6.499999992549419, 16.799999997019768 ], 
            "faces": {
                "north": { "texture": "#2", "uv": [ 0.0, 0.0, 0.5999999940395355, 5.299999989569187 ] },
                "east": { "texture": "#2", "uv": [ 0.0, 0.0, 0.5999999940395355, 5.299999989569187 ] },
                "south": { "texture": "#2", "uv": [ 0.0, 0.0, 0.5999999940395355, 5.299999989569187 ] },
                "west": { "texture": "#2", "uv": [ 0.0, 0.0, 0.5999999940395355, 5.299999989569187 ] },
                "up": { "texture": "#2", "uv": [ 0.0, 0.0, 0.5999999940395355, 0.5999999940395355 ] },
                "down": { "texture": "#2", "uv": [ 0.0, 0.0, 0.5999999940395355, 0.5999999940395355 ] }
            }
        },
        {
            "name": "Cube",
            "from": [ -1.2999999895691872, -3.5000000074505806, 16.200000002980232 ], 
            "to": [ -0.6999999955296516, 2.3999999910593033, 16.799999997019768 ], 
            "rotation": { "origin": [ 8.0, 8.0, 8.0 ], "axis": "z", "angle": -45.0 },
            "faces": {
                "north": { "texture": "#2", "uv": [ 0.0, 0.0, 0.5999999940395355, 5.899999998509884 ] },
                "east": { "texture": "#2", "uv": [ 0.0, 0.0, 0.5999999940395355, 5.899999998509884 ] },
                "south": { "texture": "#2", "uv": [ 0.0, 0.0, 0.5999999940395355, 5.899999998509884 ] },
                "west": { "texture": "#2", "uv": [ 0.0, 0.0, 0.5999999940395355, 5.899999998509884 ] },
                "up": { "texture": "#2", "uv": [ 0.0, 0.0, 0.5999999940395355, 0.5999999940395355 ] },
                "down": { "texture": "#2", "uv": [ 0.0, 0.0, 0.5999999940395355, 0.5999999940395355 ] }
            }
        },
        {
            "name": "Cube",
            "from": [ 12.000000014901161, -2.999999985098839, 16.200000002980232 ], 
            "to": [ 12.600000008940697, 3.000000014901161, 16.799999997019768 ], 
            "rotation": { "origin": [ 8.0, 8.0, 8.0 ], "axis": "z", "angle": -45.0 },
            "faces": {
                "north": { "texture": "#2", "uv": [ 0.0, 0.0, 0.5999999940395355, 6.0 ] },
                "east": { "texture": "#2", "uv": [ 0.0, 0.0, 0.5999999940395355, 6.0 ] },
                "south": { "texture": "#2", "uv": [ 0.0, 0.0, 0.5999999940395355, 6.0 ] },
                "west": { "texture": "#2", "uv": [ 0.0, 0.0, 0.5999999940395355, 6.0 ] },
                "up": { "texture": "#2", "uv": [ 0.0, 0.0, 0.5999999940395355, 0.5999999940395355 ] },
                "down": { "texture": "#2", "uv": [ 0.0, 0.0, 0.5999999940395355, 0.5999999940395355 ] }
            }
        },
        {
            "name": "Cube",
            "from": [ 6.100000001490116, 7.100000001490116, 16.200000002980232 ], 
            "to": [ 6.699999995529652, 13.0, 16.799999997019768 ], 
            "rotation": { "origin": [ 8.0, 8.0, 8.0 ], "axis": "z", "angle": 45.0 },
            "faces": {
                "north": { "texture": "#2", "uv": [ 0.0, 0.0, 0.5999999940395355, 5.899999998509884 ] },
                "east": { "texture": "#2", "uv": [ 0.0, 0.0, 0.5999999940395355, 5.899999998509884 ] },
                "south": { "texture": "#2", "uv": [ 0.0, 0.0, 0.5999999940395355, 5.899999998509884 ] },
                "west": { "texture": "#2", "uv": [ 0.0, 0.0, 0.5999999940395355, 5.899999998509884 ] },
                "up": { "texture": "#2", "uv": [ 0.0, 0.0, 0.5999999940395355, 0.5999999940395355 ] },
                "down": { "texture": "#2", "uv": [ 0.0, 0.0, 0.5999999940395355, 0.5999999940395355 ] }
            }
        },
        {
            "name": "Cube",
            "from": [ 7.100000001490116, 1.2000000029802322, 16.200000002980232 ], 
            "to": [ 7.699999995529652, 6.499999992549419, 16.799999997019768 ], 
            "faces": {
                "north": { "texture": "#2", "uv": [ 0.0, 0.0, 0.5999999940395355, 5.299999989569187 ] },
                "east": { "texture": "#2", "uv": [ 0.0, 0.0, 0.5999999940395355, 5.299999989569187 ] },
                "south": { "texture": "#2", "uv": [ 0.0, 0.0, 0.5999999940395355, 5.299999989569187 ] },
                "west": { "texture": "#2", "uv": [ 0.0, 0.0, 0.5999999940395355, 5.299999989569187 ] },
                "up": { "texture": "#2", "uv": [ 0.0, 0.0, 0.5999999940395355, 0.5999999940395355 ] },
                "down": { "texture": "#2", "uv": [ 0.0, 0.0, 0.5999999940395355, 0.5999999940395355 ] }
            }
        },
        {
            "name": "Cube",
            "from": [ -7.200000002980232, 7.700000010430813, 16.200000002980232 ], 
            "to": [ -6.600000008940697, 13.600000008940697, 16.799999997019768 ], 
            "rotation": { "origin": [ 8.0, 8.0, 8.0 ], "axis": "z", "angle": 45.0 },
            "faces": {
                "north": { "texture": "#2", "uv": [ 0.0, 0.0, 0.5999999940395355, 5.899999998509884 ] },
                "east": { "texture": "#2", "uv": [ 0.0, 0.0, 0.5999999940395355, 5.899999998509884 ] },
                "south": { "texture": "#2", "uv": [ 0.0, 0.0, 0.5999999940395355, 5.899999998509884 ] },
                "west": { "texture": "#2", "uv": [ 0.0, 0.0, 0.5999999940395355, 5.899999998509884 ] },
                "up": { "texture": "#2", "uv": [ 0.0, 0.0, 0.5999999940395355, 0.5999999940395355 ] },
                "down": { "texture": "#2", "uv": [ 0.0, 0.0, 0.5999999940395355, 0.5999999940395355 ] }
            }
        },
        {
            "name": "Cube",
            "from": [ -6.5999999940395355, 9.899999998509884, 16.30000000447035 ], 
            "to": [ 6.100000001490116, 10.799999997019768, 16.69999999552965 ], 
            "rotation": { "origin": [ 8.0, 8.0, 8.0 ], "axis": "z", "angle": 45.0 },
            "faces": {
                "north": { "texture": "#1", "uv": [ 0.0, 0.0, 12.699999995529652, 0.8999999985098839 ] },
                "east": { "texture": "#1", "uv": [ 0.0, 0.0, 0.3999999910593033, 0.8999999985098839 ] },
                "south": { "texture": "#1", "uv": [ 0.0, 0.0, 12.699999995529652, 0.8999999985098839 ] },
                "west": { "texture": "#1", "uv": [ 0.0, 0.0, 0.3999999910593033, 0.8999999985098839 ] },
                "up": { "texture": "#1", "uv": [ 0.0, 0.0, 12.699999995529652, 0.3999999910593033 ] },
                "down": { "texture": "#1", "uv": [ 0.0, 0.0, 12.699999995529652, 0.3999999910593033 ] }
            }
        },
        {
            "name": "Cube",
            "from": [ -0.6999999806284904, -0.6000000089406967, 16.30000000447035 ], 
            "to": [ 12.100000016391277, 0.29999998956918716, 16.69999999552965 ], 
            "rotation": { "origin": [ 8.0, 8.0, 8.0 ], "axis": "z", "angle": -45.0 },
            "faces": {
                "north": { "texture": "#1", "uv": [ 0.0, 0.0, 12.799999997019768, 0.8999999985098839 ] },
                "east": { "texture": "#1", "uv": [ 0.0, 0.0, 0.3999999910593033, 0.8999999985098839 ] },
                "south": { "texture": "#1", "uv": [ 0.0, 0.0, 12.799999997019768, 0.8999999985098839 ] },
                "west": { "texture": "#1", "uv": [ 0.0, 0.0, 0.3999999910593033, 0.8999999985098839 ] },
                "up": { "texture": "#1", "uv": [ 0.0, 0.0, 12.799999997019768, 0.3999999910593033 ] },
                "down": { "texture": "#1", "uv": [ 0.0, 0.0, 12.799999997019768, 0.3999999910593033 ] }
            }
        },
        {
            "name": "Cube",
            "from": [ -6.499999977648258, 3.3999999910593033, 16.30000000447035 ], 
            "to": [ 7.200000032782555, 4.299999989569187, 16.69999999552965 ], 
            "faces": {
                "north": { "texture": "#1", "uv": [ 0.0, 0.0, 13.700000010430813, 0.8999999985098839 ] },
                "east": { "texture": "#1", "uv": [ 0.0, 0.0, 0.3999999910593033, 0.8999999985098839 ] },
                "south": { "texture": "#1", "uv": [ 0.0, 0.0, 13.700000010430813, 0.8999999985098839 ] },
                "west": { "texture": "#1", "uv": [ 0.0, 0.0, 0.3999999910593033, 0.8999999985098839 ] },
                "up": { "texture": "#1", "uv": [ 0.0, 0.0, 13.700000010430813, 0.3999999910593033 ] },
                "down": { "texture": "#1", "uv": [ 0.0, 0.0, 13.700000010430813, 0.3999999910593033 ] }
            }
        },
        {
            "name": "Cube",
            "from": [ 0.10000001639127731, -2.6000000089406967, 16.30000000447035 ], 
            "to": [ 1.0000000298023224, 9.999999970197678, 16.69999999552965 ], 
            "faces": {
                "north": { "texture": "#1", "uv": [ 0.0, 0.0, 0.9000000134110451, 12.599999979138374 ] },
                "east": { "texture": "#1", "uv": [ 0.0, 0.0, 0.3999999910593033, 12.599999979138374 ] },
                "south": { "texture": "#1", "uv": [ 0.0, 0.0, 0.9000000134110451, 12.599999979138374 ] },
                "west": { "texture": "#1", "uv": [ 0.0, 0.0, 0.3999999910593033, 12.599999979138374 ] },
                "up": { "texture": "#1", "uv": [ 0.0, 0.0, 0.9000000134110451, 0.3999999910593033 ] },
                "down": { "texture": "#1", "uv": [ 0.0, 0.0, 0.9000000134110451, 0.3999999910593033 ] }
            }
        },
        {
            "name": "Cube",
            "from": [ -6.699999995529652, 1.2000000029802322, -0.7999999970197678 ], 
            "to": [ -6.100000001490116, 6.499999992549419, -0.20000000298023224 ], 
            "faces": {
                "north": { "texture": "#2", "uv": [ 0.0, 0.0, 0.5999999940395355, 5.299999989569187 ] },
                "east": { "texture": "#2", "uv": [ 0.0, 0.0, 0.5999999940395355, 5.299999989569187 ] },
                "south": { "texture": "#2", "uv": [ 0.0, 0.0, 0.5999999940395355, 5.299999989569187 ] },
                "west": { "texture": "#2", "uv": [ 0.0, 0.0, 0.5999999940395355, 5.299999989569187 ] },
                "up": { "texture": "#2", "uv": [ 0.0, 0.0, 0.5999999940395355, 0.5999999940395355 ] },
                "down": { "texture": "#2", "uv": [ 0.0, 0.0, 0.5999999940395355, 0.5999999940395355 ] }
            }
        },
        {
            "name": "Cube",
            "from": [ -2.4999999925494194, -3.0, -0.8 ], 
            "to": [ 3.5000000074505806, -2.4000000059604645, -0.20000000596046452 ], 
            "faces": {
                "north": { "texture": "#2", "uv": [ 0.0, 0.0, 6.0, 0.5999999940395355 ] },
                "east": { "texture": "#2", "uv": [ 0.0, 0.0, 0.5999999940395355, 0.5999999940395355 ] },
                "south": { "texture": "#2", "uv": [ 0.0, 0.0, 6.0, 0.5999999940395355 ] },
                "west": { "texture": "#2", "uv": [ 0.0, 0.0, 0.5999999940395355, 0.5999999940395355 ] },
                "up": { "texture": "#2", "uv": [ 0.0, 0.0, 6.0, 0.5999999940395355 ] },
                "down": { "texture": "#2", "uv": [ 0.0, 0.0, 6.0, 0.5999999940395355 ] }
            }
        },
        {
            "name": "Cube",
            "from": [ 7.100000001490116, 1.2000000029802322, -0.8 ], 
            "to": [ 7.699999995529652, 6.499999992549419, -0.20000000596046452 ], 
            "faces": {
                "north": { "texture": "#2", "uv": [ 0.0, 0.0, 0.5999999940395355, 5.299999989569187 ] },
                "east": { "texture": "#2", "uv": [ 0.0, 0.0, 0.5999999940395355, 5.299999989569187 ] },
                "south": { "texture": "#2", "uv": [ 0.0, 0.0, 0.5999999940395355, 5.299999989569187 ] },
                "west": { "texture": "#2", "uv": [ 0.0, 0.0, 0.5999999940395355, 5.299999989569187 ] },
                "up": { "texture": "#2", "uv": [ 0.0, 0.0, 0.5999999940395355, 0.5999999940395355 ] },
                "down": { "texture": "#2", "uv": [ 0.0, 0.0, 0.5999999940395355, 0.5999999940395355 ] }
            }
        },
        {
            "name": "Cube",
            "from": [ -2.4999999925494194, 10.0, -0.8 ], 
            "to": [ 3.5000000074505806, 10.599999994039536, -0.20000000596046452 ], 
            "faces": {
                "north": { "texture": "#2", "uv": [ 0.0, 0.0, 6.0, 0.5999999940395355 ] },
                "east": { "texture": "#2", "uv": [ 0.0, 0.0, 0.5999999940395355, 0.5999999940395355 ] },
                "south": { "texture": "#2", "uv": [ 0.0, 0.0, 6.0, 0.5999999940395355 ] },
                "west": { "texture": "#2", "uv": [ 0.0, 0.0, 0.5999999940395355, 0.5999999940395355 ] },
                "up": { "texture": "#2", "uv": [ 0.0, 0.0, 6.0, 0.5999999940395355 ] },
                "down": { "texture": "#2", "uv": [ 0.0, 0.0, 6.0, 0.5999999940395355 ] }
            }
        },
        {
            "name": "Cube",
            "from": [ -1.2999999895691872, -3.5000000074505806, -0.8 ], 
            "to": [ -0.6999999955296516, 2.3999999910593033, -0.20000000596046452 ], 
            "rotation": { "origin": [ 8.0, 8.0, 8.0 ], "axis": "z", "angle": -45.0 },
            "faces": {
                "north": { "texture": "#2", "uv": [ 0.0, 0.0, 0.5999999940395355, 5.899999998509884 ] },
                "east": { "texture": "#2", "uv": [ 0.0, 0.0, 0.5999999940395355, 5.899999998509884 ] },
                "south": { "texture": "#2", "uv": [ 0.0, 0.0, 0.5999999940395355, 5.899999998509884 ] },
                "west": { "texture": "#2", "uv": [ 0.0, 0.0, 0.5999999940395355, 5.899999998509884 ] },
                "up": { "texture": "#2", "uv": [ 0.0, 0.0, 0.5999999940395355, 0.5999999940395355 ] },
                "down": { "texture": "#2", "uv": [ 0.0, 0.0, 0.5999999940395355, 0.5999999940395355 ] }
            }
        },
        {
            "name": "Cube",
            "from": [ -7.200000002980232, 7.700000010430813, -0.8 ], 
            "to": [ -6.600000008940697, 13.600000008940697, -0.20000000596046452 ], 
            "rotation": { "origin": [ 8.0, 8.0, 8.0 ], "axis": "z", "angle": 45.0 },
            "faces": {
                "north": { "texture": "#2", "uv": [ 0.0, 0.0, 0.5999999940395355, 5.899999998509884 ] },
                "east": { "texture": "#2", "uv": [ 0.0, 0.0, 0.5999999940395355, 5.899999998509884 ] },
                "south": { "texture": "#2", "uv": [ 0.0, 0.0, 0.5999999940395355, 5.899999998509884 ] },
                "west": { "texture": "#2", "uv": [ 0.0, 0.0, 0.5999999940395355, 5.899999998509884 ] },
                "up": { "texture": "#2", "uv": [ 0.0, 0.0, 0.5999999940395355, 0.5999999940395355 ] },
                "down": { "texture": "#2", "uv": [ 0.0, 0.0, 0.5999999940395355, 0.5999999940395355 ] }
            }
        },
        {
            "name": "Cube",
            "from": [ 12.000000014901161, -2.999999985098839, -0.8 ], 
            "to": [ 12.600000008940697, 3.000000014901161, -0.20000000596046452 ], 
            "rotation": { "origin": [ 8.0, 8.0, 8.0 ], "axis": "z", "angle": -45.0 },
            "faces": {
                "north": { "texture": "#2", "uv": [ 0.0, 0.0, 0.5999999940395355, 6.0 ] },
                "east": { "texture": "#2", "uv": [ 0.0, 0.0, 0.5999999940395355, 6.0 ] },
                "south": { "texture": "#2", "uv": [ 0.0, 0.0, 0.5999999940395355, 6.0 ] },
                "west": { "texture": "#2", "uv": [ 0.0, 0.0, 0.5999999940395355, 6.0 ] },
                "up": { "texture": "#2", "uv": [ 0.0, 0.0, 0.5999999940395355, 0.5999999940395355 ] },
                "down": { "texture": "#2", "uv": [ 0.0, 0.0, 0.5999999940395355, 0.5999999940395355 ] }
            }
        },
        {
            "name": "Cube",
            "from": [ 6.100000001490116, 7.100000001490116, -0.8 ], 
            "to": [ 6.699999995529652, 13.0, -0.20000000596046452 ], 
            "rotation": { "origin": [ 8.0, 8.0, 8.0 ], "axis": "z", "angle": 45.0 },
            "faces": {
                "north": { "texture": "#2", "uv": [ 0.0, 0.0, 0.5999999940395355, 5.899999998509884 ] },
                "east": { "texture": "#2", "uv": [ 0.0, 0.0, 0.5999999940395355, 5.899999998509884 ] },
                "south": { "texture": "#2", "uv": [ 0.0, 0.0, 0.5999999940395355, 5.899999998509884 ] },
                "west": { "texture": "#2", "uv": [ 0.0, 0.0, 0.5999999940395355, 5.899999998509884 ] },
                "up": { "texture": "#2", "uv": [ 0.0, 0.0, 0.5999999940395355, 0.5999999940395355 ] },
                "down": { "texture": "#2", "uv": [ 0.0, 0.0, 0.5999999940395355, 0.5999999940395355 ] }
            }
        },
        {
            "name": "Cube",
            "from": [ -6.499999977648258, 3.3999999910593033, -0.7 ], 
            "to": [ 7.200000032782555, 4.299999989569187, -0.30000000894069667 ], 
            "faces": {
                "north": { "texture": "#1", "uv": [ 0.0, 0.0, 13.700000010430813, 0.8999999985098839 ] },
                "east": { "texture": "#1", "uv": [ 0.0, 0.0, 0.3999999910593033, 0.8999999985098839 ] },
                "south": { "texture": "#1", "uv": [ 0.0, 0.0, 13.700000010430813, 0.8999999985098839 ] },
                "west": { "texture": "#1", "uv": [ 0.0, 0.0, 0.3999999910593033, 0.8999999985098839 ] },
                "up": { "texture": "#1", "uv": [ 0.0, 0.0, 13.700000010430813, 0.3999999910593033 ] },
                "down": { "texture": "#1", "uv": [ 0.0, 0.0, 13.700000010430813, 0.3999999910593033 ] }
            }
        },
        {
            "name": "Cube",
            "from": [ -0.6999999806284904, -0.6000000089406967, -0.7 ], 
            "to": [ 12.100000016391277, 0.29999998956918716, -0.30000000894069667 ], 
            "rotation": { "origin": [ 8.0, 8.0, 8.0 ], "axis": "z", "angle": -45.0 },
            "faces": {
                "north": { "texture": "#1", "uv": [ 0.0, 0.0, 12.799999997019768, 0.8999999985098839 ] },
                "east": { "texture": "#1", "uv": [ 0.0, 0.0, 0.3999999910593033, 0.8999999985098839 ] },
                "south": { "texture": "#1", "uv": [ 0.0, 0.0, 12.799999997019768, 0.8999999985098839 ] },
                "west": { "texture": "#1", "uv": [ 0.0, 0.0, 0.3999999910593033, 0.8999999985098839 ] },
                "up": { "texture": "#1", "uv": [ 0.0, 0.0, 12.799999997019768, 0.3999999910593033 ] },
                "down": { "texture": "#1", "uv": [ 0.0, 0.0, 12.799999997019768, 0.3999999910593033 ] }
            }
        },
        {
            "name": "Cube",
            "from": [ -6.5999999940395355, 9.899999998509884, -0.7 ], 
            "to": [ 6.100000001490116, 10.799999997019768, -0.30000000894069667 ], 
            "rotation": { "origin": [ 8.0, 8.0, 8.0 ], "axis": "z", "angle": 45.0 },
            "faces": {
                "north": { "texture": "#1", "uv": [ 0.0, 0.0, 12.699999995529652, 0.8999999985098839 ] },
                "east": { "texture": "#1", "uv": [ 0.0, 0.0, 0.3999999910593033, 0.8999999985098839 ] },
                "south": { "texture": "#1", "uv": [ 0.0, 0.0, 12.699999995529652, 0.8999999985098839 ] },
                "west": { "texture": "#1", "uv": [ 0.0, 0.0, 0.3999999910593033, 0.8999999985098839 ] },
                "up": { "texture": "#1", "uv": [ 0.0, 0.0, 12.699999995529652, 0.3999999910593033 ] },
                "down": { "texture": "#1", "uv": [ 0.0, 0.0, 12.699999995529652, 0.3999999910593033 ] }
            }
        },
        {
            "name": "Cube",
            "from": [ 0.10000001639127731, -2.6000000089406967, -0.7 ], 
            "to": [ 1.0000000298023224, 9.999999970197678, -0.30000000894069667 ], 
            "faces": {
                "north": { "texture": "#1", "uv": [ 0.0, 0.0, 0.9000000134110451, 12.599999979138374 ] },
                "east": { "texture": "#1", "uv": [ 0.0, 0.0, 0.3999999910593033, 12.599999979138374 ] },
                "south": { "texture": "#1", "uv": [ 0.0, 0.0, 0.9000000134110451, 12.599999979138374 ] },
                "west": { "texture": "#1", "uv": [ 0.0, 0.0, 0.3999999910593033, 12.599999979138374 ] },
                "up": { "texture": "#1", "uv": [ 0.0, 0.0, 0.9000000134110451, 0.3999999910593033 ] },
                "down": { "texture": "#1", "uv": [ 0.0, 0.0, 0.9000000134110451, 0.3999999910593033 ] }
            }
        },
        {
            "name": "Cube",
            "from": [ 11.500000022351742, -3.0, 16.200000002980232 ], 
            "to": [ 13.500000022351742, -2.4000000059604645, 16.799999997019768 ], 
            "faces": {
                "north": { "texture": "#2", "uv": [ 0.0, 0.0, 2.0, 0.5999999940395355 ] },
                "east": { "texture": "#2", "uv": [ 0.0, 0.0, 0.5999999940395355, 0.5999999940395355 ] },
                "south": { "texture": "#2", "uv": [ 0.0, 0.0, 2.0, 0.5999999940395355 ] },
                "west": { "texture": "#2", "uv": [ 0.0, 0.0, 0.5999999940395355, 0.5999999940395355 ] },
                "up": { "texture": "#2", "uv": [ 0.0, 0.0, 2.0, 0.5999999940395355 ] },
                "down": { "texture": "#2", "uv": [ 0.0, 0.0, 2.0, 0.5999999940395355 ] }
            }
        },
        {
            "name": "Cube",
            "from": [ 11.50000000745058, 1.3000000044703484, 16.200000002980232 ], 
            "to": [ 13.50000000745058, 1.8999999985098839, 16.799999997019768 ], 
            "faces": {
                "north": { "texture": "#2", "uv": [ 0.0, 0.0, 2.0, 0.5999999940395355 ] },
                "east": { "texture": "#2", "uv": [ 0.0, 0.0, 0.5999999940395355, 0.5999999940395355 ] },
                "south": { "texture": "#2", "uv": [ 0.0, 0.0, 2.0, 0.5999999940395355 ] },
                "west": { "texture": "#2", "uv": [ 0.0, 0.0, 0.5999999940395355, 0.5999999940395355 ] },
                "up": { "texture": "#2", "uv": [ 0.0, 0.0, 2.0, 0.5999999940395355 ] },
                "down": { "texture": "#2", "uv": [ 0.0, 0.0, 2.0, 0.5999999940395355 ] }
            }
        },
        {
            "name": "Cube",
            "from": [ 14.35, -1.4999999925494194, 16.200000002980232 ], 
            "to": [ 14.949999964237213, 0.5000000074505806, 16.799999997019768 ], 
            "faces": {
                "north": { "texture": "#2", "uv": [ 0.0, 0.0, 0.5999999642372131, 2.0 ] },
                "east": { "texture": "#2", "uv": [ 0.0, 0.0, 0.5999999940395355, 2.0 ] },
                "south": { "texture": "#2", "uv": [ 0.0, 0.0, 0.5999999642372131, 2.0 ] },
                "west": { "texture": "#2", "uv": [ 0.0, 0.0, 0.5999999940395355, 2.0 ] },
                "up": { "texture": "#2", "uv": [ 0.0, 0.0, 0.5999999642372131, 0.5999999940395355 ] },
                "down": { "texture": "#2", "uv": [ 0.0, 0.0, 0.5999999642372131, 0.5999999940395355 ] }
            }
        },
        {
            "name": "Cube",
            "from": [ 10.0, -1.4999999925494194, 16.200000002980232 ], 
            "to": [ 10.599999964237213, 0.4000000059604645, 16.799999997019768 ], 
            "faces": {
                "north": { "texture": "#2", "uv": [ 0.0, 0.0, 0.5999999642372131, 1.8999999985098839 ] },
                "east": { "texture": "#2", "uv": [ 0.0, 0.0, 0.5999999940395355, 1.8999999985098839 ] },
                "south": { "texture": "#2", "uv": [ 0.0, 0.0, 0.5999999642372131, 1.8999999985098839 ] },
                "west": { "texture": "#2", "uv": [ 0.0, 0.0, 0.5999999940395355, 1.8999999985098839 ] },
                "up": { "texture": "#2", "uv": [ 0.0, 0.0, 0.5999999642372131, 0.5999999940395355 ] },
                "down": { "texture": "#2", "uv": [ 0.0, 0.0, 0.5999999642372131, 0.5999999940395355 ] }
            }
        },
        {
            "name": "Cube",
            "from": [ 16.100000016391277, 2.700000010430813, 16.200000002980232 ], 
            "to": [ 18.200000017881393, 3.3000000044703484, 16.799999997019768 ], 
            "rotation": { "origin": [ 8.0, 8.0, 8.0 ], "axis": "z", "angle": -45.0 },
            "faces": {
                "north": { "texture": "#2", "uv": [ 0.0, 0.0, 2.100000001490116, 0.5999999940395355 ] },
                "east": { "texture": "#2", "uv": [ 0.0, 0.0, 0.5999999940395355, 0.5999999940395355 ] },
                "south": { "texture": "#2", "uv": [ 0.0, 0.0, 2.100000001490116, 0.5999999940395355 ] },
                "west": { "texture": "#2", "uv": [ 0.0, 0.0, 0.5999999940395355, 0.5999999940395355 ] },
                "up": { "texture": "#2", "uv": [ 0.0, 0.0, 2.100000001490116, 0.5999999940395355 ] },
                "down": { "texture": "#2", "uv": [ 0.0, 0.0, 2.100000001490116, 0.5999999940395355 ] }
            }
        },
        {
            "name": "Cube",
            "from": [ 16.249999997019767, 7.000000014901161, 16.200000002980232 ], 
            "to": [ 18.249999997019767, 7.600000008940697, 16.799999997019768 ], 
            "rotation": { "origin": [ 8.0, 8.0, 8.0 ], "axis": "z", "angle": -45.0 },
            "faces": {
                "north": { "texture": "#2", "uv": [ 0.0, 0.0, 2.0, 0.5999999940395355 ] },
                "east": { "texture": "#2", "uv": [ 0.0, 0.0, 0.5999999940395355, 0.5999999940395355 ] },
                "south": { "texture": "#2", "uv": [ 0.0, 0.0, 2.0, 0.5999999940395355 ] },
                "west": { "texture": "#2", "uv": [ 0.0, 0.0, 0.5999999940395355, 0.5999999940395355 ] },
                "up": { "texture": "#2", "uv": [ 0.0, 0.0, 2.0, 0.5999999940395355 ] },
                "down": { "texture": "#2", "uv": [ 0.0, 0.0, 2.0, 0.5999999940395355 ] }
            }
        },
        {
            "name": "Cube",
            "from": [ 4.049999994039535, 0.6000000089406967, 16.200000002980232 ], 
            "to": [ 6.149999995529651, 1.2000000029802322, 16.799999997019768 ], 
            "rotation": { "origin": [ 8.0, 8.0, 8.0 ], "axis": "z", "angle": 45.0 },
            "faces": {
                "north": { "texture": "#2", "uv": [ 0.0, 0.0, 2.100000001490116, 0.5999999940395355 ] },
                "east": { "texture": "#2", "uv": [ 0.0, 0.0, 0.5999999940395355, 0.5999999940395355 ] },
                "south": { "texture": "#2", "uv": [ 0.0, 0.0, 2.100000001490116, 0.5999999940395355 ] },
                "west": { "texture": "#2", "uv": [ 0.0, 0.0, 0.5999999940395355, 0.5999999940395355 ] },
                "up": { "texture": "#2", "uv": [ 0.0, 0.0, 2.100000001490116, 0.5999999940395355 ] },
                "down": { "texture": "#2", "uv": [ 0.0, 0.0, 2.100000001490116, 0.5999999940395355 ] }
            }
        },
        {
            "name": "Cube",
            "from": [ 4.05, -3.65, 16.200000002980232 ], 
            "to": [ 6.150000001490116, -3.0500000059604644, 16.799999997019768 ], 
            "rotation": { "origin": [ 8.0, 8.0, 8.0 ], "axis": "z", "angle": 45.0 },
            "faces": {
                "north": { "texture": "#2", "uv": [ 0.0, 0.0, 2.100000001490116, 0.5999999940395355 ] },
                "east": { "texture": "#2", "uv": [ 0.0, 0.0, 0.5999999940395355, 0.5999999940395355 ] },
                "south": { "texture": "#2", "uv": [ 0.0, 0.0, 2.100000001490116, 0.5999999940395355 ] },
                "west": { "texture": "#2", "uv": [ 0.0, 0.0, 0.5999999940395355, 0.5999999940395355 ] },
                "up": { "texture": "#2", "uv": [ 0.0, 0.0, 2.100000001490116, 0.5999999940395355 ] },
                "down": { "texture": "#2", "uv": [ 0.0, 0.0, 2.100000001490116, 0.5999999940395355 ] }
            }
        },
        {
            "name": "Cube",
            "from": [ 12.0, -1.0, 15.0 ], 
            "to": [ 13.0, 0.0, 16.0 ], 
            "faces": {
                "north": { "texture": "#3", "uv": [ 0.0, 0.0, 1.0, 1.0 ] },
                "east": { "texture": "#3", "uv": [ 0.0, 0.0, 1.0, 1.0 ] },
                "south": { "texture": "#3", "uv": [ 0.0, 0.0, 1.0, 1.0 ] },
                "west": { "texture": "#3", "uv": [ 0.0, 0.0, 1.0, 1.0 ] },
                "up": { "texture": "#3", "uv": [ 0.0, 0.0, 1.0, 1.0 ] },
                "down": { "texture": "#3", "uv": [ 0.0, 0.0, 1.0, 1.0 ] }
            }
        },
        {
            "name": "Cube",
            "from": [ 10.500000022351742, -0.800000011920929, 16.30000000447035 ], 
            "to": [ 14.400000035762787, -0.20000001788139343, 16.69999999552965 ], 
            "faces": {
                "north": { "texture": "#1", "uv": [ 0.0, 0.0, 3.900000013411045, 0.5999999940395355 ] },
                "east": { "texture": "#1", "uv": [ 0.0, 0.0, 0.3999999910593033, 0.5999999940395355 ] },
                "south": { "texture": "#1", "uv": [ 0.0, 0.0, 3.900000013411045, 0.5999999940395355 ] },
                "west": { "texture": "#1", "uv": [ 0.0, 0.0, 0.3999999910593033, 0.5999999940395355 ] },
                "up": { "texture": "#1", "uv": [ 0.0, 0.0, 3.900000013411045, 0.3999999910593033 ] },
                "down": { "texture": "#1", "uv": [ 0.0, 0.0, 3.900000013411045, 0.3999999910593033 ] }
            }
        },
        {
            "name": "Cube",
            "from": [ 3.2000000178813934, -1.5000000223517418, 16.3 ], 
            "to": [ 7.1000000312924385, -0.9000000283122063, 16.699999991059304 ], 
            "rotation": { "origin": [ 8.0, 8.0, 8.0 ], "axis": "z", "angle": 45.0 },
            "faces": {
                "north": { "texture": "#1", "uv": [ 0.0, 0.0, 3.900000013411045, 0.5999999940395355 ] },
                "east": { "texture": "#1", "uv": [ 0.0, 0.0, 0.3999999910593033, 0.5999999940395355 ] },
                "south": { "texture": "#1", "uv": [ 0.0, 0.0, 3.900000013411045, 0.5999999940395355 ] },
                "west": { "texture": "#1", "uv": [ 0.0, 0.0, 0.3999999910593033, 0.5999999940395355 ] },
                "up": { "texture": "#1", "uv": [ 0.0, 0.0, 3.900000013411045, 0.3999999910593033 ] },
                "down": { "texture": "#1", "uv": [ 0.0, 0.0, 3.900000013411045, 0.3999999910593033 ] }
            }
        },
        {
            "name": "Cube",
            "from": [ 15.200000017881393, 4.899999983608723, 16.30000000447035 ], 
            "to": [ 19.10000003129244, 5.499999977648258, 16.69999999552965 ], 
            "rotation": { "origin": [ 8.0, 8.0, 8.0 ], "axis": "z", "angle": -45.0 },
            "faces": {
                "north": { "texture": "#1", "uv": [ 0.0, 0.0, 3.900000013411045, 0.5999999940395355 ] },
                "east": { "texture": "#1", "uv": [ 0.0, 0.0, 0.3999999910593033, 0.5999999940395355 ] },
                "south": { "texture": "#1", "uv": [ 0.0, 0.0, 3.900000013411045, 0.5999999940395355 ] },
                "west": { "texture": "#1", "uv": [ 0.0, 0.0, 0.3999999910593033, 0.5999999940395355 ] },
                "up": { "texture": "#1", "uv": [ 0.0, 0.0, 3.900000013411045, 0.3999999910593033 ] },
                "down": { "texture": "#1", "uv": [ 0.0, 0.0, 3.900000013411045, 0.3999999910593033 ] }
            }
        },
        {
            "name": "Cube",
            "from": [ 12.200000032782555, -2.4000000208616257, 16.30000000447035 ], 
            "to": [ 12.800000041723251, 1.4999999776482582, 16.69999999552965 ], 
            "faces": {
                "north": { "texture": "#1", "uv": [ 0.0, 0.0, 0.6000000089406967, 3.899999998509884 ] },
                "east": { "texture": "#1", "uv": [ 0.0, 0.0, 0.3999999910593033, 3.899999998509884 ] },
                "south": { "texture": "#1", "uv": [ 0.0, 0.0, 0.6000000089406967, 3.899999998509884 ] },
                "west": { "texture": "#1", "uv": [ 0.0, 0.0, 0.3999999910593033, 3.899999998509884 ] },
                "up": { "texture": "#1", "uv": [ 0.0, 0.0, 0.6000000089406967, 0.3999999910593033 ] },
                "down": { "texture": "#1", "uv": [ 0.0, 0.0, 0.6000000089406967, 0.3999999910593033 ] }
            }
        },
        {
            "name": "Cube",
            "from": [ 12.0, -1.0, 0.0 ], 
            "to": [ 13.0, 0.0, 1.0 ], 
            "faces": {
                "north": { "texture": "#3", "uv": [ 0.0, 0.0, 1.0, 1.0 ] },
                "east": { "texture": "#3", "uv": [ 0.0, 0.0, 1.0, 1.0 ] },
                "south": { "texture": "#3", "uv": [ 0.0, 0.0, 1.0, 1.0 ] },
                "west": { "texture": "#3", "uv": [ 0.0, 0.0, 1.0, 1.0 ] },
                "up": { "texture": "#3", "uv": [ 0.0, 0.0, 1.0, 1.0 ] },
                "down": { "texture": "#3", "uv": [ 0.0, 0.0, 1.0, 1.0 ] }
            }
        },
        {
            "name": "Cube",
            "from": [ 1.1000000014901161, 6.399999991059303, 2.0 ], 
            "to": [ 12.200000002980232, 7.399999991059303, 14.0 ], 
            "faces": {
                "north": { "texture": "#1", "uv": [ 0.0, 0.0, 11.100000001490116, 1.0 ] },
                "east": { "texture": "#1", "uv": [ 0.0, 0.0, 12.0, 1.0 ] },
                "south": { "texture": "#1", "uv": [ 0.0, 0.0, 11.100000001490116, 1.0 ] },
                "west": { "texture": "#1", "uv": [ 0.0, 0.0, 12.0, 1.0 ] },
                "up": { "texture": "#1", "uv": [ 0.0, 0.0, 11.100000001490116, 12.0 ] },
                "down": { "texture": "#1", "uv": [ 0.0, 0.0, 11.100000001490116, 12.0 ] }
            }
        },
        {
            "name": "Cube",
            "from": [ 14.35, -1.4999999925494194, -0.8 ], 
            "to": [ 14.949999964237213, 0.5000000074505806, -0.20000000596046452 ], 
            "faces": {
                "north": { "texture": "#2", "uv": [ 0.0, 0.0, 0.5999999642372131, 2.0 ] },
                "east": { "texture": "#2", "uv": [ 0.0, 0.0, 0.5999999940395355, 2.0 ] },
                "south": { "texture": "#2", "uv": [ 0.0, 0.0, 0.5999999642372131, 2.0 ] },
                "west": { "texture": "#2", "uv": [ 0.0, 0.0, 0.5999999940395355, 2.0 ] },
                "up": { "texture": "#2", "uv": [ 0.0, 0.0, 0.5999999642372131, 0.5999999940395355 ] },
                "down": { "texture": "#2", "uv": [ 0.0, 0.0, 0.5999999642372131, 0.5999999940395355 ] }
            }
        },
        {
            "name": "Cube",
            "from": [ 16.249999997019767, 7.000000014901161, -0.8 ], 
            "to": [ 18.249999997019767, 7.600000008940697, -0.20000000596046452 ], 
            "rotation": { "origin": [ 8.0, 8.0, 8.0 ], "axis": "z", "angle": -45.0 },
            "faces": {
                "north": { "texture": "#2", "uv": [ 0.0, 0.0, 2.0, 0.5999999940395355 ] },
                "east": { "texture": "#2", "uv": [ 0.0, 0.0, 0.5999999940395355, 0.5999999940395355 ] },
                "south": { "texture": "#2", "uv": [ 0.0, 0.0, 2.0, 0.5999999940395355 ] },
                "west": { "texture": "#2", "uv": [ 0.0, 0.0, 0.5999999940395355, 0.5999999940395355 ] },
                "up": { "texture": "#2", "uv": [ 0.0, 0.0, 2.0, 0.5999999940395355 ] },
                "down": { "texture": "#2", "uv": [ 0.0, 0.0, 2.0, 0.5999999940395355 ] }
            }
        },
        {
            "name": "Cube",
            "from": [ 11.50000000745058, 1.3000000044703484, -0.8 ], 
            "to": [ 13.50000000745058, 1.8999999985098839, -0.20000000596046452 ], 
            "faces": {
                "north": { "texture": "#2", "uv": [ 0.0, 0.0, 2.0, 0.5999999940395355 ] },
                "east": { "texture": "#2", "uv": [ 0.0, 0.0, 0.5999999940395355, 0.5999999940395355 ] },
                "south": { "texture": "#2", "uv": [ 0.0, 0.0, 2.0, 0.5999999940395355 ] },
                "west": { "texture": "#2", "uv": [ 0.0, 0.0, 0.5999999940395355, 0.5999999940395355 ] },
                "up": { "texture": "#2", "uv": [ 0.0, 0.0, 2.0, 0.5999999940395355 ] },
                "down": { "texture": "#2", "uv": [ 0.0, 0.0, 2.0, 0.5999999940395355 ] }
            }
        },
        {
            "name": "Cube",
            "from": [ 4.049999994039535, 0.6000000089406967, -0.8 ], 
            "to": [ 6.149999995529651, 1.2000000029802322, -0.20000000596046452 ], 
            "rotation": { "origin": [ 8.0, 8.0, 8.0 ], "axis": "z", "angle": 45.0 },
            "faces": {
                "north": { "texture": "#2", "uv": [ 0.0, 0.0, 2.100000001490116, 0.5999999940395355 ] },
                "east": { "texture": "#2", "uv": [ 0.0, 0.0, 0.5999999940395355, 0.5999999940395355 ] },
                "south": { "texture": "#2", "uv": [ 0.0, 0.0, 2.100000001490116, 0.5999999940395355 ] },
                "west": { "texture": "#2", "uv": [ 0.0, 0.0, 0.5999999940395355, 0.5999999940395355 ] },
                "up": { "texture": "#2", "uv": [ 0.0, 0.0, 2.100000001490116, 0.5999999940395355 ] },
                "down": { "texture": "#2", "uv": [ 0.0, 0.0, 2.100000001490116, 0.5999999940395355 ] }
            }
        },
        {
            "name": "Cube",
            "from": [ 10.0, -1.4999999925494194, -0.8 ], 
            "to": [ 10.599999964237213, 0.4000000059604645, -0.20000000596046452 ], 
            "faces": {
                "north": { "texture": "#2", "uv": [ 0.0, 0.0, 0.5999999642372131, 1.8999999985098839 ] },
                "east": { "texture": "#2", "uv": [ 0.0, 0.0, 0.5999999940395355, 1.8999999985098839 ] },
                "south": { "texture": "#2", "uv": [ 0.0, 0.0, 0.5999999642372131, 1.8999999985098839 ] },
                "west": { "texture": "#2", "uv": [ 0.0, 0.0, 0.5999999940395355, 1.8999999985098839 ] },
                "up": { "texture": "#2", "uv": [ 0.0, 0.0, 0.5999999642372131, 0.5999999940395355 ] },
                "down": { "texture": "#2", "uv": [ 0.0, 0.0, 0.5999999642372131, 0.5999999940395355 ] }
            }
        },
        {
            "name": "Cube",
            "from": [ 11.500000022351742, -3.0, -0.8 ], 
            "to": [ 13.500000022351742, -2.4000000059604645, -0.20000000596046452 ], 
            "faces": {
                "north": { "texture": "#2", "uv": [ 0.0, 0.0, 2.0, 0.5999999940395355 ] },
                "east": { "texture": "#2", "uv": [ 0.0, 0.0, 0.5999999940395355, 0.5999999940395355 ] },
                "south": { "texture": "#2", "uv": [ 0.0, 0.0, 2.0, 0.5999999940395355 ] },
                "west": { "texture": "#2", "uv": [ 0.0, 0.0, 0.5999999940395355, 0.5999999940395355 ] },
                "up": { "texture": "#2", "uv": [ 0.0, 0.0, 2.0, 0.5999999940395355 ] },
                "down": { "texture": "#2", "uv": [ 0.0, 0.0, 2.0, 0.5999999940395355 ] }
            }
        },
        {
            "name": "Cube",
            "from": [ 16.100000016391277, 2.700000010430813, -0.8 ], 
            "to": [ 18.200000017881393, 3.3000000044703484, -0.20000000596046452 ], 
            "rotation": { "origin": [ 8.0, 8.0, 8.0 ], "axis": "z", "angle": -45.0 },
            "faces": {
                "north": { "texture": "#2", "uv": [ 0.0, 0.0, 2.100000001490116, 0.5999999940395355 ] },
                "east": { "texture": "#2", "uv": [ 0.0, 0.0, 0.5999999940395355, 0.5999999940395355 ] },
                "south": { "texture": "#2", "uv": [ 0.0, 0.0, 2.100000001490116, 0.5999999940395355 ] },
                "west": { "texture": "#2", "uv": [ 0.0, 0.0, 0.5999999940395355, 0.5999999940395355 ] },
                "up": { "texture": "#2", "uv": [ 0.0, 0.0, 2.100000001490116, 0.5999999940395355 ] },
                "down": { "texture": "#2", "uv": [ 0.0, 0.0, 2.100000001490116, 0.5999999940395355 ] }
            }
        },
        {
            "name": "Cube",
            "from": [ 4.05, -3.65, -0.8 ], 
            "to": [ 6.150000001490116, -3.0500000059604644, -0.20000000596046452 ], 
            "rotation": { "origin": [ 8.0, 8.0, 8.0 ], "axis": "z", "angle": 45.0 },
            "faces": {
                "north": { "texture": "#2", "uv": [ 0.0, 0.0, 2.100000001490116, 0.5999999940395355 ] },
                "east": { "texture": "#2", "uv": [ 0.0, 0.0, 0.5999999940395355, 0.5999999940395355 ] },
                "south": { "texture": "#2", "uv": [ 0.0, 0.0, 2.100000001490116, 0.5999999940395355 ] },
                "west": { "texture": "#2", "uv": [ 0.0, 0.0, 0.5999999940395355, 0.5999999940395355 ] },
                "up": { "texture": "#2", "uv": [ 0.0, 0.0, 2.100000001490116, 0.5999999940395355 ] },
                "down": { "texture": "#2", "uv": [ 0.0, 0.0, 2.100000001490116, 0.5999999940395355 ] }
            }
        },
        {
            "name": "Cube",
            "from": [ 10.500000022351742, -0.800000011920929, -0.7 ], 
            "to": [ 14.400000035762787, -0.20000001788139343, -0.30000000894069667 ], 
            "faces": {
                "north": { "texture": "#1", "uv": [ 0.0, 0.0, 3.900000013411045, 0.5999999940395355 ] },
                "east": { "texture": "#1", "uv": [ 0.0, 0.0, 0.3999999910593033, 0.5999999940395355 ] },
                "south": { "texture": "#1", "uv": [ 0.0, 0.0, 3.900000013411045, 0.5999999940395355 ] },
                "west": { "texture": "#1", "uv": [ 0.0, 0.0, 0.3999999910593033, 0.5999999940395355 ] },
                "up": { "texture": "#1", "uv": [ 0.0, 0.0, 3.900000013411045, 0.3999999910593033 ] },
                "down": { "texture": "#1", "uv": [ 0.0, 0.0, 3.900000013411045, 0.3999999910593033 ] }
            }
        },
        {
            "name": "Cube",
            "from": [ 3.2000000178813934, -1.5000000223517418, -0.7 ], 
            "to": [ 7.1000000312924385, -0.9000000283122063, -0.30000000894069667 ], 
            "rotation": { "origin": [ 8.0, 8.0, 8.0 ], "axis": "z", "angle": 45.0 },
            "faces": {
                "north": { "texture": "#1", "uv": [ 0.0, 0.0, 3.900000013411045, 0.5999999940395355 ] },
                "east": { "texture": "#1", "uv": [ 0.0, 0.0, 0.3999999910593033, 0.5999999940395355 ] },
                "south": { "texture": "#1", "uv": [ 0.0, 0.0, 3.900000013411045, 0.5999999940395355 ] },
                "west": { "texture": "#1", "uv": [ 0.0, 0.0, 0.3999999910593033, 0.5999999940395355 ] },
                "up": { "texture": "#1", "uv": [ 0.0, 0.0, 3.900000013411045, 0.3999999910593033 ] },
                "down": { "texture": "#1", "uv": [ 0.0, 0.0, 3.900000013411045, 0.3999999910593033 ] }
            }
        },
        {
            "name": "Cube",
            "from": [ 15.200000017881393, 4.899999983608723, -0.7 ], 
            "to": [ 19.10000003129244, 5.499999977648258, -0.30000000894069667 ], 
            "rotation": { "origin": [ 8.0, 8.0, 8.0 ], "axis": "z", "angle": -45.0 },
            "faces": {
                "north": { "texture": "#1", "uv": [ 0.0, 0.0, 3.900000013411045, 0.5999999940395355 ] },
                "east": { "texture": "#1", "uv": [ 0.0, 0.0, 0.3999999910593033, 0.5999999940395355 ] },
                "south": { "texture": "#1", "uv": [ 0.0, 0.0, 3.900000013411045, 0.5999999940395355 ] },
                "west": { "texture": "#1", "uv": [ 0.0, 0.0, 0.3999999910593033, 0.5999999940395355 ] },
                "up": { "texture": "#1", "uv": [ 0.0, 0.0, 3.900000013411045, 0.3999999910593033 ] },
                "down": { "texture": "#1", "uv": [ 0.0, 0.0, 3.900000013411045, 0.3999999910593033 ] }
            }
        },
        {
            "name": "Cube",
            "from": [ 12.200000032782555, -2.4000000208616257, -0.7 ], 
            "to": [ 12.800000041723251, 1.4999999776482582, -0.30000000894069667 ], 
            "faces": {
                "north": { "texture": "#1", "uv": [ 0.0, 0.0, 0.6000000089406967, 3.899999998509884 ] },
                "east": { "texture": "#1", "uv": [ 0.0, 0.0, 0.3999999910593033, 3.899999998509884 ] },
                "south": { "texture": "#1", "uv": [ 0.0, 0.0, 0.6000000089406967, 3.899999998509884 ] },
                "west": { "texture": "#1", "uv": [ 0.0, 0.0, 0.3999999910593033, 3.899999998509884 ] },
                "up": { "texture": "#1", "uv": [ 0.0, 0.0, 0.6000000089406967, 0.3999999910593033 ] },
                "down": { "texture": "#1", "uv": [ 0.0, 0.0, 0.6000000089406967, 0.3999999910593033 ] }
            }
        },
        {
            "name": "Cube",
            "from": [ 3.0, 12.100000001490116, -0.10000000149011612 ], 
            "to": [ 11.0, 13.100000001490116, 1.1000000014901161 ], 
            "faces": {
                "north": { "texture": "#1", "uv": [ 0.0, 0.0, 8.0, 1.0 ] },
                "east": { "texture": "#1", "uv": [ 0.0, 0.0, 1.2000000029802322, 1.0 ] },
                "south": { "texture": "#1", "uv": [ 0.0, 0.0, 8.0, 1.0 ] },
                "west": { "texture": "#1", "uv": [ 0.0, 0.0, 1.2000000029802322, 1.0 ] },
                "up": { "texture": "#1", "uv": [ 0.0, 0.0, 8.0, 1.2000000029802322 ] },
                "down": { "texture": "#1", "uv": [ 0.0, 0.0, 8.0, 1.2000000029802322 ] }
            }
        },
        {
            "name": "Cube",
            "from": [ 3.0, 12.100000001490116, 14.899999998509884 ], 
            "to": [ 11.0, 13.100000001490116, 16.100000001490116 ], 
            "faces": {
                "north": { "texture": "#1", "uv": [ 0.0, 0.0, 8.0, 1.0 ] },
                "east": { "texture": "#1", "uv": [ 0.0, 0.0, 1.2000000029802322, 1.0 ] },
                "south": { "texture": "#1", "uv": [ 0.0, 0.0, 8.0, 1.0 ] },
                "west": { "texture": "#1", "uv": [ 0.0, 0.0, 1.2000000029802322, 1.0 ] },
                "up": { "texture": "#1", "uv": [ 0.0, 0.0, 8.0, 1.2000000029802322 ] },
                "down": { "texture": "#1", "uv": [ 0.0, 0.0, 8.0, 1.2000000029802322 ] }
            }
        },
        {
            "name": "Cube",
            "from": [ -4.0, 15.899999998509884, 14.899999998509884 ], 
            "to": [ -1.0, 17.100000001490116, 16.100000001490116 ], 
            "faces": {
                "north": { "texture": "#1", "uv": [ 0.0, 0.0, 3.0, 1.2000000029802322 ] },
                "east": { "texture": "#1", "uv": [ 0.0, 0.0, 1.2000000029802322, 1.2000000029802322 ] },
                "south": { "texture": "#1", "uv": [ 0.0, 0.0, 3.0, 1.2000000029802322 ] },
                "west": { "texture": "#1", "uv": [ 0.0, 0.0, 1.2000000029802322, 1.2000000029802322 ] },
                "up": { "texture": "#1", "uv": [ 0.0, 0.0, 3.0, 1.2000000029802322 ] },
                "down": { "texture": "#1", "uv": [ 0.0, 0.0, 3.0, 1.2000000029802322 ] }
            }
        },
        {
            "name": "Cube",
            "from": [ -4.0, 15.899999998509884, -0.10000000149011612 ], 
            "to": [ -1.0, 17.100000001490116, 1.1000000014901161 ], 
            "faces": {
                "north": { "texture": "#1", "uv": [ 0.0, 0.0, 3.0, 1.2000000029802322 ] },
                "east": { "texture": "#1", "uv": [ 0.0, 0.0, 1.2000000029802322, 1.2000000029802322 ] },
                "south": { "texture": "#1", "uv": [ 0.0, 0.0, 3.0, 1.2000000029802322 ] },
                "west": { "texture": "#1", "uv": [ 0.0, 0.0, 1.2000000029802322, 1.2000000029802322 ] },
                "up": { "texture": "#1", "uv": [ 0.0, 0.0, 3.0, 1.2000000029802322 ] },
                "down": { "texture": "#1", "uv": [ 0.0, 0.0, 3.0, 1.2000000029802322 ] }
            }
        },
        {
            "name": "Cube",
            "from": [ 12.300000004470348, -0.7999999970197678, 15.700000010430813 ], 
            "to": [ 12.699999995529652, -0.4000000059604645, 16.400000005960464 ], 
            "faces": {
                "north": { "texture": "#4", "uv": [ 0.0, 0.0, 0.3999999910593033, 0.3999999910593033 ] },
                "east": { "texture": "#4", "uv": [ 0.0, 0.0, 0.6999999955296516, 0.3999999910593033 ] },
                "south": { "texture": "#4", "uv": [ 0.0, 0.0, 0.3999999910593033, 0.3999999910593033 ] },
                "west": { "texture": "#4", "uv": [ 0.0, 0.0, 0.6999999955296516, 0.3999999910593033 ] },
                "up": { "texture": "#4", "uv": [ 0.0, 0.0, 0.3999999910593033, 0.6999999955296516 ] },
                "down": { "texture": "#4", "uv": [ 0.0, 0.0, 0.3999999910593033, 0.6999999955296516 ] }
            }
        },
        {
            "name": "Cube",
            "from": [ 12.300000004470348, -0.7999999970197678, -0.29999998956918716 ], 
            "to": [ 12.699999995529652, -0.4000000059604645, 0.4000000059604645 ], 
            "faces": {
                "north": { "texture": "#4", "uv": [ 0.0, 0.0, 0.3999999910593033, 0.3999999910593033 ] },
                "east": { "texture": "#4", "uv": [ 0.0, 0.0, 0.6999999955296516, 0.3999999910593033 ] },
                "south": { "texture": "#4", "uv": [ 0.0, 0.0, 0.3999999910593033, 0.3999999910593033 ] },
                "west": { "texture": "#4", "uv": [ 0.0, 0.0, 0.6999999955296516, 0.3999999910593033 ] },
                "up": { "texture": "#4", "uv": [ 0.0, 0.0, 0.3999999910593033, 0.6999999955296516 ] },
                "down": { "texture": "#4", "uv": [ 0.0, 0.0, 0.3999999910593033, 0.6999999955296516 ] }
            }
        },
        {
            "name": "Cube",
            "from": [ 0.30000000447034836, 3.6999999955296516, -0.29999998956918716 ], 
            "to": [ 0.6999999955296516, 4.099999986588955, 0.4000000059604645 ], 
            "faces": {
                "north": { "texture": "#4", "uv": [ 0.0, 0.0, 0.3999999910593033, 0.3999999910593033 ] },
                "east": { "texture": "#4", "uv": [ 0.0, 0.0, 0.6999999955296516, 0.3999999910593033 ] },
                "south": { "texture": "#4", "uv": [ 0.0, 0.0, 0.3999999910593033, 0.3999999910593033 ] },
                "west": { "texture": "#4", "uv": [ 0.0, 0.0, 0.6999999955296516, 0.3999999910593033 ] },
                "up": { "texture": "#4", "uv": [ 0.0, 0.0, 0.3999999910593033, 0.6999999955296516 ] },
                "down": { "texture": "#4", "uv": [ 0.0, 0.0, 0.3999999910593033, 0.6999999955296516 ] }
            }
        },
        {
            "name": "Cube",
            "from": [ 0.30000000447034836, 3.6999999955296516, 15.700000010430813 ], 
            "to": [ 0.6999999955296516, 4.099999986588955, 16.400000005960464 ], 
            "faces": {
                "north": { "texture": "#4", "uv": [ 0.0, 0.0, 0.3999999910593033, 0.3999999910593033 ] },
                "east": { "texture": "#4", "uv": [ 0.0, 0.0, 0.6999999955296516, 0.3999999910593033 ] },
                "south": { "texture": "#4", "uv": [ 0.0, 0.0, 0.3999999910593033, 0.3999999910593033 ] },
                "west": { "texture": "#4", "uv": [ 0.0, 0.0, 0.6999999955296516, 0.3999999910593033 ] },
                "up": { "texture": "#4", "uv": [ 0.0, 0.0, 0.3999999910593033, 0.6999999955296516 ] },
                "down": { "texture": "#4", "uv": [ 0.0, 0.0, 0.3999999910593033, 0.6999999955296516 ] }
            }
        }
	],
"display": {
    "head": {
        "rotation": [ 0, 90, 0 ],
        "translation": [ 0, 1, -5 ],
        "scale": [ 1.4, 1.4, 1.4 ]
    },
    "gui": {
        "rotation": [ 15, 240, 0 ],
        "translation": [ -0.5, 0, 0 ],
        "scale": [ 0.4, 0.4, 0.4 ]
    }
}
}