{
  "__comment": "Generated by the Craftventure Resourcepack Compiler on 2018-02-20T16:05:05Z+01:00",
  "parent": "item/handheld",
  "textures": {
    "layer0": "items/carrot_on_a_stick"
  },
  "overrides": [
    {
      "predicate": {
        "damaged": 0,
        "damage": 0.00398406374501992
      },
      "model": "item/swords/viking_horn"
    },
    {
      "predicate": {
        "damaged": 0,
        "damage": 0.00796812749003984
      },
      "model": "item/swords/nightblade"
    },
    {
      "predicate": {
        "damaged": 0,
        "damage": 0.011952191235059761
      },
      "model": "item/swords/lightsaber-blue"
    },
    {
      "predicate": {
        "damaged": 0,
        "damage": 0.015936254980079681
      },
      "model": "item/swords/lightsaber-red"
    },
    {
      "predicate": {
        "damaged": 0,
        "damage": 0.0199203187250996
      },
      "model": "item/misc/candycane"
    }
  ]
}