{
  "__comment": "Generated by the Craftventure Resourcepack Compiler on 2018-02-20T16:05:05Z+01:00",
  "parent": "item/handheld",
  "textures": {
    "layer0": "items/diamond_hoe"
  },
  "overrides": [
    {
      "predicate": {
        "damaged": 0,
        "damage": 0.00064020486555697821
      },
      "model": "item/hats/fenrir_hat"
    },
    {
      "predicate": {
        "damaged": 0,
        "damage": 0.0012804097311139564
      },
      "model": "item/hats/axe_in_head"
    },
    {
      "predicate": {
        "damaged": 0,
        "damage": 0.0019206145966709346
      },
      "model": "item/hats/viking_helmet"
    },
    {
      "predicate": {
        "damaged": 0,
        "damage": 0.0025608194622279128
      },
      "model": "item/hats/halloween_horns"
    },
    {
      "predicate": {
        "damaged": 0,
        "damage": 0.003201024327784891
      },
      "model": "item/hats/golden_chicken"
    },
    {
      "predicate": {
        "damaged": 0,
        "damage": 0.0038412291933418692
      },
      "model": "item/hats/sombrero"
    },
    {
      "predicate": {
        "damaged": 0,
        "damage": 0.0044814340588988479
      },
      "model": "item/hats/pilgrim_hat"
    },
    {
      "predicate": {
        "damaged": 0,
        "damage": 0.0051216389244558257
      },
      "model": "item/hats/racoon_hat"
    },
    {
      "predicate": {
        "damaged": 0,
        "damage": 0.0057618437900128043
      },
      "model": "item/hats/stapelhoed/hat_addict_1"
    },
    {
      "predicate": {
        "damaged": 0,
        "damage": 0.0064020486555697821
      },
      "model": "item/hats/stapelhoed/hat_addict_2"
    },
    {
      "predicate": {
        "damaged": 0,
        "damage": 0.0070422535211267607
      },
      "model": "item/hats/stapelhoed/hat_addict_3"
    },
    {
      "predicate": {
        "damaged": 0,
        "damage": 0.0076824583866837385
      },
      "model": "item/balloons/snowglobe"
    },
    {
      "predicate": {
        "damaged": 0,
        "damage": 0.0083226632522407171
      },
      "model": "item/hats/stapelhoed/hat_addict_4"
    },
    {
      "predicate": {
        "damaged": 0,
        "damage": 0.0089628681177976958
      },
      "model": "item/hats/gopro"
    },
    {
      "predicate": {
        "damaged": 0,
        "damage": 0.0096030729833546727
      },
      "model": "item/hats/propeller_hat"
    },
    {
      "predicate": {
        "damaged": 0,
        "damage": 0.010243277848911651
      },
      "model": "item/hats/plunger"
    },
    {
      "predicate": {
        "damaged": 0,
        "damage": 0.01088348271446863
      },
      "model": "item/hats/magicarp"
    },
    {
      "predicate": {
        "damaged": 0,
        "damage": 0.011523687580025609
      },
      "model": "item/hats/flowers/allium_hat"
    },
    {
      "predicate": {
        "damaged": 0,
        "damage": 0.012163892445582587
      },
      "model": "item/hats/flowers/bluet_hat"
    },
    {
      "predicate": {
        "damaged": 0,
        "damage": 0.012804097311139564
      },
      "model": "item/hats/flowers/daisy_hat"
    },
    {
      "predicate": {
        "damaged": 0,
        "damage": 0.013444302176696543
      },
      "model": "item/hats/flowers/dandelion_hat"
    },
    {
      "predicate": {
        "damaged": 0,
        "damage": 0.014084507042253521
      },
      "model": "item/hats/flowers/dark_oak_hat"
    },
    {
      "predicate": {
        "damaged": 0,
        "damage": 0.0147247119078105
      },
      "model": "item/hats/flowers/deadbush_hat"
    },
    {
      "predicate": {
        "damaged": 0,
        "damage": 0.015364916773367477
      },
      "model": "item/hats/flowers/orchid_hat"
    },
    {
      "predicate": {
        "damaged": 0,
        "damage": 0.016005121638924456
      },
      "model": "item/hats/flowers/rose_hat"
    },
    {
      "predicate": {
        "damaged": 0,
        "damage": 0.016645326504481434
      },
      "model": "item/hats/flowers/tulip_orange"
    },
    {
      "predicate": {
        "damaged": 0,
        "damage": 0.017285531370038413
      },
      "model": "item/misc/casino_arrow"
    },
    {
      "predicate": {
        "damaged": 0,
        "damage": 0.017925736235595392
      },
      "model": "item/hats/flowers/tulip_pink"
    },
    {
      "predicate": {
        "damaged": 0,
        "damage": 0.01856594110115237
      },
      "model": "item/hats/flowers/tulip_red"
    },
    {
      "predicate": {
        "damaged": 0,
        "damage": 0.019206145966709345
      },
      "model": "item/hats/flowers/tulip_white"
    },
    {
      "predicate": {
        "damaged": 0,
        "damage": 0.019846350832266324
      },
      "model": "item/hats/cookie_hat"
    },
    {
      "predicate": {
        "damaged": 0,
        "damage": 0.020486555697823303
      },
      "model": "item/hats/5year_hat"
    },
    {
      "predicate": {
        "damaged": 0,
        "damage": 0.021126760563380281
      },
      "model": "item/hats/astro_helmet"
    },
    {
      "predicate": {
        "damaged": 0,
        "damage": 0.02176696542893726
      },
      "model": "item/hats/box_hat"
    },
    {
      "predicate": {
        "damaged": 0,
        "damage": 0.022407170294494239
      },
      "model": "item/hats/pirate_hat"
    },
    {
      "predicate": {
        "damaged": 0,
        "damage": 0.023047375160051217
      },
      "model": "item/hats/blikjeshoed"
    },
    {
      "predicate": {
        "damaged": 0,
        "damage": 0.023687580025608196
      },
      "model": "item/hats/patriot"
    },
    {
      "predicate": {
        "damaged": 0,
        "damage": 0.024327784891165175
      },
      "model": "item/hats/creeper_hat"
    },
    {
      "predicate": {
        "damaged": 0,
        "damage": 0.02496798975672215
      },
      "model": "item/hats/devilhorns"
    },
    {
      "predicate": {
        "damaged": 0,
        "damage": 0.025608194622279128
      },
      "model": "item/hats/spider_hat"
    },
    {
      "predicate": {
        "damaged": 0,
        "damage": 0.026248399487836107
      },
      "model": "item/hats/tombstone"
    },
    {
      "predicate": {
        "damaged": 0,
        "damage": 0.026888604353393086
      },
      "model": "item/hats/snowman_hat"
    },
    {
      "predicate": {
        "damaged": 0,
        "damage": 0.027528809218950064
      },
      "model": "item/hats/small_christmastree"
    },
    {
      "predicate": {
        "damaged": 0,
        "damage": 0.028169014084507043
      },
      "model": "item/hats/santa_hat"
    },
    {
      "predicate": {
        "damaged": 0,
        "damage": 0.028809218950064022
      },
      "model": "item/hats/elf_hat"
    },
    {
      "predicate": {
        "damaged": 0,
        "damage": 0.029449423815621
      },
      "model": "item/hats/antlers"
    },
    {
      "predicate": {
        "damaged": 0,
        "damage": 0.030089628681177975
      },
      "model": "item/hats/gonbao_lever"
    },
    {
      "predicate": {
        "damaged": 0,
        "damage": 0.030729833546734954
      },
      "model": "item/hats/newyear"
    }
  ]
}