{
  "__comment": "Generated by the Craftventure Resourcepack Compiler on 2018-02-20T16:05:05Z+01:00",
  "parent": "item/handheld",
  "textures": {
    "layer0": "items/diamond_sword"
  },
  "overrides": [
    {
      "predicate": {
        "damaged": 0,
        "damage": 0.00064020486555697821
      },
      "model": "item/ride/fenrir_front"
    },
    {
      "predicate": {
        "damaged": 0,
        "damage": 0.0012804097311139564
      },
      "model": "item/ride/fenrir_normal"
    },
    {
      "predicate": {
        "damaged": 0,
        "damage": 0.0019206145966709346
      },
      "model": "item/ride/rapid"
    },
    {
      "predicate": {
        "damaged": 0,
        "damage": 0.0025608194622279128
      },
      "model": "item/ride/pinatafiesta"
    },
    {
      "predicate": {
        "damaged": 0,
        "damage": 0.003201024327784891
      },
      "model": "item/ride/logflume"
    },
    {
      "predicate": {
        "damaged": 0,
        "damage": 0.0038412291933418692
      },
      "model": "item/ride/tlaloc_arm"
    },
    {
      "predicate": {
        "damaged": 0,
        "damage": 0.0044814340588988479
      },
      "model": "item/ride/tlaloc_centerarm"
    },
    {
      "predicate": {
        "damaged": 0,
        "damage": 0.0051216389244558257
      },
      "model": "item/ride/tlaloc_side"
    },
    {
      "predicate": {
        "damaged": 0,
        "damage": 0.0057618437900128043
      },
      "model": "item/ride/tlaloc_normal"
    },
    {
      "predicate": {
        "damaged": 0,
        "damage": 0.0064020486555697821
      },
      "model": "item/ride/mexicoloco"
    },
    {
      "predicate": {
        "damaged": 0,
        "damage": 0.0070422535211267607
      },
      "model": "item/karts/oldtimer/oldtimer"
    },
    {
      "predicate": {
        "damaged": 0,
        "damage": 0.0076824583866837385
      },
      "model": "item/ride/divecoaster"
    },
    {
      "predicate": {
        "damaged": 0,
        "damage": 0.0083226632522407171
      },
      "model": "item/ride/boot_midden"
    },
    {
      "predicate": {
        "damaged": 0,
        "damage": 0.0089628681177976958
      },
      "model": "item/ride/boot_buiten"
    },
    {
      "predicate": {
        "damaged": 0,
        "damage": 0.0096030729833546727
      },
      "model": "item/ride/boot_balk"
    },
    {
      "predicate": {
        "damaged": 0,
        "damage": 0.010243277848911651
      },
      "model": "item/ride/rapid_lift"
    },
    {
      "predicate": {
        "damaged": 0,
        "damage": 0.01088348271446863
      },
      "model": "item/ride/fenrir_normalback"
    },
    {
      "predicate": {
        "damaged": 0,
        "damage": 0.011523687580025609
      },
      "model": "item/ride/fenrir_normalfront"
    },
    {
      "predicate": {
        "damaged": 0,
        "damage": 0.012163892445582587
      },
      "model": "item/ride/pinatafiesta_plaat"
    },
    {
      "predicate": {
        "damaged": 0,
        "damage": 0.012804097311139564
      },
      "model": "item/ride/ccr_cart"
    },
    {
      "predicate": {
        "damaged": 0,
        "damage": 0.013444302176696543
      },
      "model": "item/ride/ccr_loco"
    },
    {
      "predicate": {
        "damaged": 0,
        "damage": 0.014084507042253521
      },
      "model": "item/ride/gonbao"
    },
    {
      "predicate": {
        "damaged": 0,
        "damage": 0.0147247119078105
      },
      "model": "item/ride/eaglefury"
    },
    {
      "predicate": {
        "damaged": 0,
        "damage": 0.015364916773367477
      },
      "model": "item/ride/fenghuang_normal"
    },
    {
      "predicate": {
        "damaged": 0,
        "damage": 0.016005121638924456
      },
      "model": "item/ride/sm_front"
    },
    {
      "predicate": {
        "damaged": 0,
        "damage": 0.016645326504481434
      },
      "model": "item/ride/sm_normal"
    },
    {
      "predicate": {
        "damaged": 0,
        "damage": 0.017285531370038413
      },
      "model": "item/karts/racer/racer"
    },
    {
      "predicate": {
        "damaged": 0,
        "damage": 0.017925736235595392
      },
      "model": "item/ride/seasouls_boat"
    },
    {
      "predicate": {
        "damaged": 0,
        "damage": 0.01856594110115237
      },
      "model": "item/ride/fenghuang_rechts"
    },
    {
      "predicate": {
        "damaged": 0,
        "damage": 0.019206145966709345
      },
      "model": "item/ride/fenghuang_links"
    },
    {
      "predicate": {
        "damaged": 0,
        "damage": 0.019846350832266324
      },
      "model": "item/ride/hyperion"
    },
    {
      "predicate": {
        "damaged": 0,
        "damage": 0.020486555697823303
      },
      "model": "item/ride/soarin"
    },
    {
      "predicate": {
        "damaged": 0,
        "damage": 0.021126760563380281
      },
      "model": "item/ride/indy"
    },
    {
      "predicate": {
        "damaged": 0,
        "damage": 0.02176696542893726
      },
      "model": "item/karts/spongebob"
    },
    {
      "predicate": {
        "damaged": 0,
        "damage": 0.022407170294494239
      },
      "model": "item/karts/golfcaddy"
    },
    {
      "predicate": {
        "damaged": 0,
        "damage": 0.023047375160051217
      },
      "model": "item/misc/placeholder"
    },
    {
      "predicate": {
        "damaged": 0,
        "damage": 0.023687580025608196
      },
      "model": "item/karts/wheelchair"
    },
    {
      "predicate": {
        "damaged": 0,
        "damage": 0.024327784891165175
      },
      "model": "item/karts/autopia/autopia_blauw"
    },
    {
      "predicate": {
        "damaged": 0,
        "damage": 0.02496798975672215
      },
      "model": "item/karts/autopia/autopia_bruin"
    },
    {
      "predicate": {
        "damaged": 0,
        "damage": 0.025608194622279128
      },
      "model": "item/karts/autopia/autopia_geel"
    },
    {
      "predicate": {
        "damaged": 0,
        "damage": 0.026248399487836107
      },
      "model": "item/karts/autopia/autopia_grijs"
    },
    {
      "predicate": {
        "damaged": 0,
        "damage": 0.026888604353393086
      },
      "model": "item/karts/autopia/autopia_groen"
    },
    {
      "predicate": {
        "damaged": 0,
        "damage": 0.027528809218950064
      },
      "model": "item/karts/autopia/autopia_lichtblauw"
    },
    {
      "predicate": {
        "damaged": 0,
        "damage": 0.028169014084507043
      },
      "model": "item/karts/autopia/autopia_lichtgroen"
    },
    {
      "predicate": {
        "damaged": 0,
        "damage": 0.028809218950064022
      },
      "model": "item/karts/autopia/autopia_oranje"
    },
    {
      "predicate": {
        "damaged": 0,
        "damage": 0.029449423815621
      },
      "model": "item/karts/autopia/autopia_pink"
    },
    {
      "predicate": {
        "damaged": 0,
        "damage": 0.030089628681177975
      },
      "model": "item/karts/autopia/autopia_purple"
    },
    {
      "predicate": {
        "damaged": 0,
        "damage": 0.030729833546734954
      },
      "model": "item/karts/autopia/autopia_red"
    },
    {
      "predicate": {
        "damaged": 0,
        "damage": 0.031370038412291933
      },
      "model": "item/karts/autopia/autopia_zwart"
    },
    {
      "predicate": {
        "damaged": 0,
        "damage": 0.032010243277848911
      },
      "model": "item/karts/oldtimer/oldtimer_bruin"
    },
    {
      "predicate": {
        "damaged": 0,
        "damage": 0.03265044814340589
      },
      "model": "item/karts/oldtimer/oldtimer_donkerblauw"
    },
    {
      "predicate": {
        "damaged": 0,
        "damage": 0.033290653008962869
      },
      "model": "item/karts/oldtimer/oldtimer_geel"
    },
    {
      "predicate": {
        "damaged": 0,
        "damage": 0.033930857874519847
      },
      "model": "item/karts/oldtimer/oldtimer_groen"
    },
    {
      "predicate": {
        "damaged": 0,
        "damage": 0.034571062740076826
      },
      "model": "item/karts/oldtimer/oldtimer_rood"
    },
    {
      "predicate": {
        "damaged": 0,
        "damage": 0.035211267605633804
      },
      "model": "item/karts/oldtimer/oldtimer_roze"
    },
    {
      "predicate": {
        "damaged": 0,
        "damage": 0.035851472471190783
      },
      "model": "item/karts/oldtimer/oldtimer_wit"
    },
    {
      "predicate": {
        "damaged": 0,
        "damage": 0.036491677336747762
      },
      "model": "item/karts/oldtimer/oldtimer_zwart"
    },
    {
      "predicate": {
        "damaged": 0,
        "damage": 0.03713188220230474
      },
      "model": "item/karts/racer/racer_blauwwit"
    },
    {
      "predicate": {
        "damaged": 0,
        "damage": 0.037772087067861719
      },
      "model": "item/karts/racer/racer_groengeel"
    },
    {
      "predicate": {
        "damaged": 0,
        "damage": 0.038412291933418691
      },
      "model": "item/karts/racer/racer_lichtblauwroze"
    },
    {
      "predicate": {
        "damaged": 0,
        "damage": 0.039052496798975669
      },
      "model": "item/karts/racer/racer_lichtgroenoranje"
    },
    {
      "predicate": {
        "damaged": 0,
        "damage": 0.039692701664532648
      },
      "model": "item/karts/racer/racer_paarsgeel"
    },
    {
      "predicate": {
        "damaged": 0,
        "damage": 0.040332906530089627
      },
      "model": "item/karts/racer/racer_roodwit"
    },
    {
      "predicate": {
        "damaged": 0,
        "damage": 0.040973111395646605
      },
      "model": "item/karts/racer/racer_witcyan"
    },
    {
      "predicate": {
        "damaged": 0,
        "damage": 0.041613316261203584
      },
      "model": "item/karts/racer/racer_zwartoranje"
    },
    {
      "predicate": {
        "damaged": 0,
        "damage": 0.042253521126760563
      },
      "model": "item/karts/jeep/jeep_africansunset"
    },
    {
      "predicate": {
        "damaged": 0,
        "damage": 0.042893725992317541
      },
      "model": "item/karts/jeep/jeep_blackwidow"
    },
    {
      "predicate": {
        "damaged": 0,
        "damage": 0.04353393085787452
      },
      "model": "item/karts/jeep/jeep_desertsnake"
    },
    {
      "predicate": {
        "damaged": 0,
        "damage": 0.0441741357234315
      },
      "model": "item/karts/jeep/jeep_junglecruiser"
    },
    {
      "predicate": {
        "damaged": 0,
        "damage": 0.044814340588988477
      },
      "model": "item/karts/jeep/jeep_safarijeep"
    },
    {
      "predicate": {
        "damaged": 0,
        "damage": 0.045454545454545456
      },
      "model": "item/karts/jeep/jeep_treehugger"
    },
    {
      "predicate": {
        "damaged": 0,
        "damage": 0.046094750320102434
      },
      "model": "item/ride/eurobat_mid"
    },
    {
      "predicate": {
        "damaged": 0,
        "damage": 0.046734955185659413
      },
      "model": "item/ride/eurobat_front"
    },
    {
      "predicate": {
        "damaged": 0,
        "damage": 0.047375160051216392
      },
      "model": "item/karts/bone_rattler"
    },
    {
      "predicate": {
        "damaged": 0,
        "damage": 0.04801536491677337
      },
      "model": "item/karts/normal_sleigh"
    },
    {
      "predicate": {
        "damaged": 0,
        "damage": 0.048655569782330349
      },
      "model": "item/karts/santa_sleigh"
    },
    {
      "predicate": {
        "damaged": 0,
        "damage": 0.049295774647887321
      },
      "model": "item/props/indy_rock"
    },
    {
      "predicate": {
        "damaged": 0,
        "damage": 0.0499359795134443
      },
      "model": "item/ride/skyfoogle"
    },
    {
      "predicate": {
        "damaged": 0,
        "damage": 0.050576184379001278
      },
      "model": "item/ride/chairswing"
    },
    {
      "predicate": {
        "damaged": 0,
        "damage": 0.051216389244558257
      },
      "model": "item/karts/mm18"
    }
  ]
}