{
"__comment": "Designed by Kukamonda with BDcraft Cubik PRO 0.96 Beta - http://bdcraft.net",
"textures": {
    "texture": "blocks/hardened_clay_stained_brown",
    "log_oak_top": "blocks/log_oak_top",
    "hardened_clay_stained_red": "blocks/hardened_clay_stained_red",
    "hardened_clay_stained_yellow": "blocks/hardened_clay_stained_yellow",
    "stone_slab_top": "blocks/stone_slab_top"
},
"elements": [ 
{
    "__comment": "leuning",
    "from": [ -3.5, -5.5, 10.5 ],
    "to": [ 19.5, 3.5, 11.5 ],
    "faces": {
        "down":  { "uv": [ 16, 14, 0, 12.5 ], "texture": "#hardened_clay_stained_red" },
        "up":    { "uv": [ 0, 12.5, 16, 14 ], "texture": "#hardened_clay_stained_red" },
        "north": { "uv": [ 0, 7, 16, 15 ], "texture": "#hardened_clay_stained_red" },
        "south": { "uv": [ 0, 7, 16, 15 ], "texture": "#hardened_clay_stained_red" },
        "west":  { "uv": [ 12.5, 7, 14, 15 ], "texture": "#hardened_clay_stained_red" },
        "east":  { "uv": [ 2, 7, 3.5, 15 ], "texture": "#hardened_clay_stained_red" }
    }
},
{
    "__comment": "zijkant",
    "from": [ -4.5, -5, 6.5 ],
    "to": [ -3.5, 0.5, 11.5 ],
    "faces": {
        "down":  { "uv": [ 16, 16, 16, 16 ], "texture": "#texture" },
        "up":    { "uv": [ 0, 16, 0, 16 ], "texture": "#texture" },
        "north": { "uv": [ 16, 6, 16, 12 ], "texture": "#texture" },
        "south": { "uv": [ 0, 6, 0, 12 ], "texture": "#texture" },
        "west":  { "uv": [ 16, 6, 16, 12 ], "texture": "#texture" },
        "east":  { "uv": [ 0, 6, 0, 12 ], "texture": "#texture" }
    }
},
{
    "__comment": "onderkant*",
    "from": [ -4.5, -9.625, 1.9375 ],
    "to": [ 20.5, -8.125, 13.9375 ],
    "rotation": { "origin": [ -4.5, -8.125, 1.9375 ], "axis": "x", "angle": -22.5 },
    "faces": {
        "down":  { "uv": [ 16, 14.5, 0, 2 ], "texture": "#texture" },
        "up":    { "uv": [ 0, 2, 16, 14.5 ], "texture": "#texture" },
        "north": { "uv": [ 0, 15, 16, 16 ], "texture": "#texture" },
        "south": { "uv": [ 0, 15, 16, 16 ], "texture": "#texture" },
        "west":  { "uv": [ 2, 15, 14.5, 16 ], "texture": "#texture" },
        "east":  { "uv": [ 1.5, 15, 14, 16 ], "texture": "#texture" }
    }
},
{
    "__comment": "goudenrandje*",
    "from": [ -5, -6.5, 6 ],
    "to": [ -3, 0.5, 6.5 ],
    "faces": {
        "down":  { "uv": [ 16, 6.5, 16, 6 ], "texture": "#hardened_clay_stained_yellow" },
        "up":    { "uv": [ 0, 6, 0, 6.5 ], "texture": "#hardened_clay_stained_yellow" },
        "north": { "uv": [ 16, 15.5, 16, 16 ], "texture": "#hardened_clay_stained_yellow" },
        "south": { "uv": [ 0, 15.5, 0, 16 ], "texture": "#hardened_clay_stained_yellow" },
        "west":  { "uv": [ 6, 15.5, 6.5, 16 ], "texture": "#hardened_clay_stained_yellow" },
        "east":  { "uv": [ 9.5, 15.5, 10, 16 ], "texture": "#hardened_clay_stained_yellow" }
    }
},
{
    "__comment": "goudenrandje*",
    "from": [ -5, -0.5, 6 ],
    "to": [ -3, 0.5, 12 ],
    "rotation": { "origin": [ -5, 0.5, 6 ], "axis": "x", "angle": -22.5 },
    "faces": {
        "down":  { "uv": [ 16, 16, 16, 16 ], "texture": "#hardened_clay_stained_yellow" },
        "up":    { "uv": [ 0, 16, 0, 16 ], "texture": "#hardened_clay_stained_yellow" },
        "north": { "uv": [ 16, 5.5, 16, 6.5 ], "texture": "#hardened_clay_stained_yellow" },
        "south": { "uv": [ 0, 5.5, 0, 6.5 ], "texture": "#hardened_clay_stained_yellow" },
        "west":  { "uv": [ 16, 5.5, 16, 6.5 ], "texture": "#hardened_clay_stained_yellow" },
        "east":  { "uv": [ 0, 5.5, 0, 6.5 ], "texture": "#hardened_clay_stained_yellow" }
    }
},
{
    "__comment": "goudenrandje*",
    "from": [ 19, -4.5, 11.5 ],
    "to": [ 21, 2, 12 ],
    "faces": {
        "down":  { "uv": [ 16, 16, 16, 16 ], "texture": "#hardened_clay_stained_yellow" },
        "up":    { "uv": [ 0, 16, 0, 16 ], "texture": "#hardened_clay_stained_yellow" },
        "north": { "uv": [ 16, 4, 16, 11 ], "texture": "#hardened_clay_stained_yellow" },
        "south": { "uv": [ 0, 4, 0, 11 ], "texture": "#hardened_clay_stained_yellow" },
        "west":  { "uv": [ 16, 4, 16, 11 ], "texture": "#hardened_clay_stained_yellow" },
        "east":  { "uv": [ 0, 4, 0, 11 ], "texture": "#hardened_clay_stained_yellow" }
    }
},
{
    "__comment": "goudenrandje*",
    "from": [ -4, -2.5, 16 ],
    "to": [ -2, 4.5, 16.5 ],
    "faces": {
        "down":  { "uv": [ 16, 16, 16, 16 ], "texture": "#hardened_clay_stained_yellow" },
        "up":    { "uv": [ 0, 16, 0, 16 ], "texture": "#hardened_clay_stained_yellow" },
        "north": { "uv": [ 16, 11.5, 16, 16 ], "texture": "#hardened_clay_stained_yellow" },
        "south": { "uv": [ 0, 11.5, 0, 16 ], "texture": "#hardened_clay_stained_yellow" },
        "west":  { "uv": [ 16, 11.5, 16, 16 ], "texture": "#hardened_clay_stained_yellow" },
        "east":  { "uv": [ 0, 11.5, 0, 16 ], "texture": "#hardened_clay_stained_yellow" }
    }
},
{
    "__comment": "goudenrandje*",
    "from": [ -4, 3.5, 16 ],
    "to": [ -2, 4.5, 22 ],
    "rotation": { "origin": [ -4, 4.5, 16 ], "axis": "x", "angle": -22.5 },
    "faces": {
        "down":  { "uv": [ 16, 16, 16, 16 ], "texture": "#hardened_clay_stained_yellow" },
        "up":    { "uv": [ 0, 16, 0, 16 ], "texture": "#hardened_clay_stained_yellow" },
        "north": { "uv": [ 16, 5.5, 16, 6.5 ], "texture": "#hardened_clay_stained_yellow" },
        "south": { "uv": [ 0, 5.5, 0, 6.5 ], "texture": "#hardened_clay_stained_yellow" },
        "west":  { "uv": [ 16, 5.5, 16, 6.5 ], "texture": "#hardened_clay_stained_yellow" },
        "east":  { "uv": [ 0, 5.5, 0, 6.5 ], "texture": "#hardened_clay_stained_yellow" }
    }
},
{
    "__comment": "goudenrandje*",
    "from": [ -4, 0.5, 21.5 ],
    "to": [ -2, 6, 22 ],
    "faces": {
        "down":  { "uv": [ 16, 16, 16, 16 ], "texture": "#hardened_clay_stained_yellow" },
        "up":    { "uv": [ 0, 16, 0, 16 ], "texture": "#hardened_clay_stained_yellow" },
        "north": { "uv": [ 16, 4, 16, 11 ], "texture": "#hardened_clay_stained_yellow" },
        "south": { "uv": [ 0, 4, 0, 11 ], "texture": "#hardened_clay_stained_yellow" },
        "west":  { "uv": [ 16, 4, 16, 11 ], "texture": "#hardened_clay_stained_yellow" },
        "east":  { "uv": [ 0, 4, 0, 11 ], "texture": "#hardened_clay_stained_yellow" }
    }
},
{
    "__comment": "leuning",
    "from": [ -3.5, -6, 7 ],
    "to": [ 19.5, -2, 11 ],
    "faces": {
        "down":  { "uv": [ 16, 11, 0, 7 ], "texture": "#hardened_clay_stained_red" },
        "up":    { "uv": [ 0, 7, 16, 11 ], "texture": "#hardened_clay_stained_red" },
        "north": { "uv": [ 0, 16, 16, 16 ], "texture": "#hardened_clay_stained_red" },
        "south": { "uv": [ 0, 16, 16, 16 ], "texture": "#hardened_clay_stained_red" },
        "west":  { "uv": [ 7, 16, 11, 16 ], "texture": "#hardened_clay_stained_red" },
        "east":  { "uv": [ 5, 16, 9, 16 ], "texture": "#hardened_clay_stained_red" }
    }
},
{
    "__comment": "leuning*",
    "from": [ -3.625, 2, 10.5 ],
    "to": [ -2.625, 3.5, 11.5 ],
    "rotation": { "origin": [ -3.625, 3.5, 10.5 ], "axis": "z", "angle": -45 },
    "faces": {
        "down":  { "uv": [ 16, 14, 0, 12.5 ], "texture": "#hardened_clay_stained_red" },
        "up":    { "uv": [ 0, 12.5, 16, 14 ], "texture": "#hardened_clay_stained_red" },
        "north": { "uv": [ 0, 7, 16, 15 ], "texture": "#hardened_clay_stained_red" },
        "south": { "uv": [ 0, 7, 16, 15 ], "texture": "#hardened_clay_stained_red" },
        "west":  { "uv": [ 12.5, 7, 14, 15 ], "texture": "#hardened_clay_stained_red" },
        "east":  { "uv": [ 2, 7, 3.5, 15 ], "texture": "#hardened_clay_stained_red" }
    }
},
{
    "__comment": "goudenrandje*",
    "from": [ 19, -0.5, 6 ],
    "to": [ 21, 0.5, 12 ],
    "rotation": { "origin": [ 19, 0.5, 6 ], "axis": "x", "angle": -22.5 },
    "faces": {
        "down":  { "uv": [ 16, 16, 16, 16 ], "texture": "#hardened_clay_stained_yellow" },
        "up":    { "uv": [ 0, 16, 0, 16 ], "texture": "#hardened_clay_stained_yellow" },
        "north": { "uv": [ 16, 5.5, 16, 6.5 ], "texture": "#hardened_clay_stained_yellow" },
        "south": { "uv": [ 0, 5.5, 0, 6.5 ], "texture": "#hardened_clay_stained_yellow" },
        "west":  { "uv": [ 16, 5.5, 16, 6.5 ], "texture": "#hardened_clay_stained_yellow" },
        "east":  { "uv": [ 0, 5.5, 0, 6.5 ], "texture": "#hardened_clay_stained_yellow" }
    }
},
{
    "__comment": "goudenrandje*",
    "from": [ -5, -4.5, 11.5 ],
    "to": [ -3, 2, 12 ],
    "faces": {
        "down":  { "uv": [ 16, 16, 16, 16 ], "texture": "#hardened_clay_stained_yellow" },
        "up":    { "uv": [ 0, 16, 0, 16 ], "texture": "#hardened_clay_stained_yellow" },
        "north": { "uv": [ 16, 4, 16, 11 ], "texture": "#hardened_clay_stained_yellow" },
        "south": { "uv": [ 0, 4, 0, 11 ], "texture": "#hardened_clay_stained_yellow" },
        "west":  { "uv": [ 16, 4, 16, 11 ], "texture": "#hardened_clay_stained_yellow" },
        "east":  { "uv": [ 0, 4, 0, 11 ], "texture": "#hardened_clay_stained_yellow" }
    }
},
{
    "__comment": "goudenrandje*",
    "from": [ 19, -6.5, 6 ],
    "to": [ 21, 0.5, 6.5 ],
    "faces": {
        "down":  { "uv": [ 0, 6.5, 0, 6 ], "texture": "#hardened_clay_stained_yellow" },
        "up":    { "uv": [ 16, 6, 16, 6.5 ], "texture": "#hardened_clay_stained_yellow" },
        "north": { "uv": [ 0, 15.5, 0, 16 ], "texture": "#hardened_clay_stained_yellow" },
        "south": { "uv": [ 16, 15.5, 16, 16 ], "texture": "#hardened_clay_stained_yellow" },
        "west":  { "uv": [ 6, 15.5, 6.5, 16 ], "texture": "#hardened_clay_stained_yellow" },
        "east":  { "uv": [ 9.5, 15.5, 10, 16 ], "texture": "#hardened_clay_stained_yellow" }
    }
},
{
    "__comment": "leuning*",
    "from": [ 18.8125, 1.10538, 10.5 ],
    "to": [ 19.8125, 2.60538, 11.5 ],
    "rotation": { "origin": [ 18.8125, 2.60538, 10.5 ], "axis": "z", "angle": 45 },
    "faces": {
        "down":  { "uv": [ 16, 14, 0, 12.5 ], "texture": "#hardened_clay_stained_red" },
        "up":    { "uv": [ 0, 12.5, 16, 14 ], "texture": "#hardened_clay_stained_red" },
        "north": { "uv": [ 0, 7, 16, 15 ], "texture": "#hardened_clay_stained_red" },
        "south": { "uv": [ 0, 7, 16, 15 ], "texture": "#hardened_clay_stained_red" },
        "west":  { "uv": [ 12.5, 7, 14, 15 ], "texture": "#hardened_clay_stained_red" },
        "east":  { "uv": [ 2, 7, 3.5, 15 ], "texture": "#hardened_clay_stained_red" }
    }
},
{
    "__comment": "zijkant*",
    "from": [ -4.5, 0.5, 8.5 ],
    "to": [ -3.5, 1.5, 11.5 ],
    "faces": {
        "down":  { "uv": [ 16, 16, 16, 16 ], "texture": "#texture" },
        "up":    { "uv": [ 0, 16, 0, 16 ], "texture": "#texture" },
        "north": { "uv": [ 16, 6, 16, 12 ], "texture": "#texture" },
        "south": { "uv": [ 0, 6, 0, 12 ], "texture": "#texture" },
        "west":  { "uv": [ 16, 6, 16, 12 ], "texture": "#texture" },
        "east":  { "uv": [ 0, 6, 0, 12 ], "texture": "#texture" }
    }
},
{
    "__comment": "zijkant*",
    "from": [ -4.5, -6, 6.5 ],
    "to": [ -3.5, -5, 9.5 ],
    "faces": {
        "down":  { "uv": [ 16, 16, 16, 16 ], "texture": "#texture" },
        "up":    { "uv": [ 0, 16, 0, 16 ], "texture": "#texture" },
        "north": { "uv": [ 16, 6, 16, 12 ], "texture": "#texture" },
        "south": { "uv": [ 0, 6, 0, 12 ], "texture": "#texture" },
        "west":  { "uv": [ 16, 6, 16, 12 ], "texture": "#texture" },
        "east":  { "uv": [ 0, 6, 0, 12 ], "texture": "#texture" }
    }
},
{
    "__comment": "zijkant*",
    "from": [ 19.5, -5, 6.5 ],
    "to": [ 20.5, 0.5, 11.5 ],
    "faces": {
        "down":  { "uv": [ 0, 11.5, 0, 6.5 ], "texture": "#texture" },
        "up":    { "uv": [ 16, 6.5, 16, 11.5 ], "texture": "#texture" },
        "north": { "uv": [ 0, 15.5, 0, 16 ], "texture": "#texture" },
        "south": { "uv": [ 16, 15.5, 16, 16 ], "texture": "#texture" },
        "west":  { "uv": [ 6.5, 15.5, 11.5, 16 ], "texture": "#texture" },
        "east":  { "uv": [ 4.5, 15.5, 9.5, 16 ], "texture": "#texture" }
    }
},
{
    "__comment": "zijkant*",
    "from": [ 19.5, 0.5, 8.5 ],
    "to": [ 20.5, 1.5, 11.5 ],
    "faces": {
        "down":  { "uv": [ 0, 11.5, 0, 8.5 ], "texture": "#texture" },
        "up":    { "uv": [ 16, 8.5, 16, 11.5 ], "texture": "#texture" },
        "north": { "uv": [ 0, 14.5, 0, 15.5 ], "texture": "#texture" },
        "south": { "uv": [ 16, 14.5, 16, 15.5 ], "texture": "#texture" },
        "west":  { "uv": [ 8.5, 14.5, 11.5, 15.5 ], "texture": "#texture" },
        "east":  { "uv": [ 4.5, 14.5, 7.5, 15.5 ], "texture": "#texture" }
    }
},
{
    "__comment": "zijkant*",
    "from": [ 19.5, -6, 6.5 ],
    "to": [ 20.5, -5, 9.5 ],
    "faces": {
        "down":  { "uv": [ 0, 9.5, 0, 6.5 ], "texture": "#texture" },
        "up":    { "uv": [ 16, 6.5, 16, 9.5 ], "texture": "#texture" },
        "north": { "uv": [ 0, 16, 0, 16 ], "texture": "#texture" },
        "south": { "uv": [ 16, 16, 16, 16 ], "texture": "#texture" },
        "west":  { "uv": [ 6.5, 16, 9.5, 16 ], "texture": "#texture" },
        "east":  { "uv": [ 6.5, 16, 9.5, 16 ], "texture": "#texture" }
    }
},
{
    "__comment": "onderkant*",
    "from": [ -3.5, -5, 13 ],
    "to": [ 19.5, -3.5, 23 ],
    "rotation": { "origin": [ -3.5, -3.5, 13 ], "axis": "x", "angle": -22.5 },
    "faces": {
        "down":  { "uv": [ 16, 14.5, 0, 2 ], "texture": "#texture" },
        "up":    { "uv": [ 0, 2, 16, 14.5 ], "texture": "#texture" },
        "north": { "uv": [ 0, 15, 16, 16 ], "texture": "#texture" },
        "south": { "uv": [ 0, 15, 16, 16 ], "texture": "#texture" },
        "west":  { "uv": [ 2, 15, 14.5, 16 ], "texture": "#texture" },
        "east":  { "uv": [ 1.5, 15, 14, 16 ], "texture": "#texture" }
    }
},
{
    "__comment": "goudenrandje*",
    "from": [ -5, -9, 2 ],
    "to": [ -3, -8, 14.5 ],
    "rotation": { "origin": [ -5, -8, 2 ], "axis": "x", "angle": -22.5 },
    "faces": {
        "down":  { "uv": [ 16, 16, 16, 16 ], "texture": "#hardened_clay_stained_yellow" },
        "up":    { "uv": [ 0, 16, 0, 16 ], "texture": "#hardened_clay_stained_yellow" },
        "north": { "uv": [ 16, 14, 16, 15 ], "texture": "#hardened_clay_stained_yellow" },
        "south": { "uv": [ 0, 14, 0, 15 ], "texture": "#hardened_clay_stained_yellow" },
        "west":  { "uv": [ 16, 14, 16, 15 ], "texture": "#hardened_clay_stained_yellow" },
        "east":  { "uv": [ 0, 14, 0, 15 ], "texture": "#hardened_clay_stained_yellow" }
    }
},
{
    "__comment": "goudenrandje*",
    "from": [ -4, -4.5, 12.5 ],
    "to": [ -2, -3.5, 23.5 ],
    "rotation": { "origin": [ -4, -3.5, 12.5 ], "axis": "x", "angle": -22.5 },
    "faces": {
        "down":  { "uv": [ 16, 16, 16, 16 ], "texture": "#hardened_clay_stained_yellow" },
        "up":    { "uv": [ 0, 16, 0, 16 ], "texture": "#hardened_clay_stained_yellow" },
        "north": { "uv": [ 16, 14, 16, 15 ], "texture": "#hardened_clay_stained_yellow" },
        "south": { "uv": [ 0, 14, 0, 15 ], "texture": "#hardened_clay_stained_yellow" },
        "west":  { "uv": [ 16, 14, 16, 15 ], "texture": "#hardened_clay_stained_yellow" },
        "east":  { "uv": [ 0, 14, 0, 15 ], "texture": "#hardened_clay_stained_yellow" }
    }
},
{
    "__comment": "log",
    "from": [ -5, -3.5, 7.5 ],
    "to": [ -4.5, -0.5, 10.5 ],
    "faces": {
        "down":  { "uv": [ 0, 0, 1, 16 ], "texture": "#log_oak_top" },
        "up":    { "uv": [ 0, 0, 1, 16 ], "texture": "#log_oak_top" },
        "north": { "uv": [ 0, 0, 1, 16 ], "texture": "#log_oak_top" },
        "south": { "uv": [ 0, 0, 1, 16 ], "texture": "#log_oak_top" },
        "west":  { "uv": [ 0, 0, 16, 16 ], "texture": "#log_oak_top" },
        "east":  { "uv": [ 0, 0, 16, 16 ], "texture": "#log_oak_top" }
    }
},
{
    "__comment": "log*",
    "from": [ -4, 0.5, 17.5 ],
    "to": [ -3.5, 3.5, 20.5 ],
    "faces": {
        "down":  { "uv": [ 0, 0, 1, 16 ], "texture": "#log_oak_top" },
        "up":    { "uv": [ 0, 0, 1, 16 ], "texture": "#log_oak_top" },
        "north": { "uv": [ 0, 0, 1, 16 ], "texture": "#log_oak_top" },
        "south": { "uv": [ 0, 0, 1, 16 ], "texture": "#log_oak_top" },
        "west":  { "uv": [ 0, 0, 16, 16 ], "texture": "#log_oak_top" },
        "east":  { "uv": [ 0, 0, 16, 16 ], "texture": "#log_oak_top" }
    }
},
{
    "__comment": "goudenrandje*",
    "from": [ 19, -9, 2 ],
    "to": [ 21, -8, 14.5 ],
    "rotation": { "origin": [ 19, -8, 2 ], "axis": "x", "angle": -22.5 },
    "faces": {
        "down":  { "uv": [ 16, 16, 16, 16 ], "texture": "#hardened_clay_stained_yellow" },
        "up":    { "uv": [ 0, 16, 0, 16 ], "texture": "#hardened_clay_stained_yellow" },
        "north": { "uv": [ 16, 14, 16, 15 ], "texture": "#hardened_clay_stained_yellow" },
        "south": { "uv": [ 0, 14, 0, 15 ], "texture": "#hardened_clay_stained_yellow" },
        "west":  { "uv": [ 16, 14, 16, 15 ], "texture": "#hardened_clay_stained_yellow" },
        "east":  { "uv": [ 0, 14, 0, 15 ], "texture": "#hardened_clay_stained_yellow" }
    }
},
{
    "__comment": "goudenrandje*",
    "from": [ 18, -4.5, 12.5 ],
    "to": [ 20, -3.5, 23.5 ],
    "rotation": { "origin": [ 18, -3.5, 12.5 ], "axis": "x", "angle": -22.5 },
    "faces": {
        "down":  { "uv": [ 16, 16, 16, 16 ], "texture": "#hardened_clay_stained_yellow" },
        "up":    { "uv": [ 0, 16, 0, 16 ], "texture": "#hardened_clay_stained_yellow" },
        "north": { "uv": [ 16, 14, 16, 15 ], "texture": "#hardened_clay_stained_yellow" },
        "south": { "uv": [ 0, 14, 0, 15 ], "texture": "#hardened_clay_stained_yellow" },
        "west":  { "uv": [ 16, 14, 16, 15 ], "texture": "#hardened_clay_stained_yellow" },
        "east":  { "uv": [ 0, 14, 0, 15 ], "texture": "#hardened_clay_stained_yellow" }
    }
},
{
    "__comment": "goudenrandje*",
    "from": [ 18, 3.5, 16 ],
    "to": [ 20, 4.5, 22 ],
    "rotation": { "origin": [ 18, 4.5, 16 ], "axis": "x", "angle": -22.5 },
    "faces": {
        "down":  { "uv": [ 16, 16, 16, 16 ], "texture": "#hardened_clay_stained_yellow" },
        "up":    { "uv": [ 0, 16, 0, 16 ], "texture": "#hardened_clay_stained_yellow" },
        "north": { "uv": [ 16, 5.5, 16, 6.5 ], "texture": "#hardened_clay_stained_yellow" },
        "south": { "uv": [ 0, 5.5, 0, 6.5 ], "texture": "#hardened_clay_stained_yellow" },
        "west":  { "uv": [ 16, 5.5, 16, 6.5 ], "texture": "#hardened_clay_stained_yellow" },
        "east":  { "uv": [ 0, 5.5, 0, 6.5 ], "texture": "#hardened_clay_stained_yellow" }
    }
},
{
    "__comment": "goudenrandje*",
    "from": [ 18, 0, 21.5 ],
    "to": [ 20, 6, 22 ],
    "faces": {
        "down":  { "uv": [ 16, 16, 16, 16 ], "texture": "#hardened_clay_stained_yellow" },
        "up":    { "uv": [ 0, 16, 0, 16 ], "texture": "#hardened_clay_stained_yellow" },
        "north": { "uv": [ 16, 4, 16, 11 ], "texture": "#hardened_clay_stained_yellow" },
        "south": { "uv": [ 0, 4, 0, 11 ], "texture": "#hardened_clay_stained_yellow" },
        "west":  { "uv": [ 16, 4, 16, 11 ], "texture": "#hardened_clay_stained_yellow" },
        "east":  { "uv": [ 0, 4, 0, 11 ], "texture": "#hardened_clay_stained_yellow" }
    }
},
{
    "__comment": "goudenrandje*",
    "from": [ 18, -2.5, 16 ],
    "to": [ 20, 4.5, 16.5 ],
    "faces": {
        "down":  { "uv": [ 0, 16, 0, 16 ], "texture": "#hardened_clay_stained_yellow" },
        "up":    { "uv": [ 16, 16, 16, 16 ], "texture": "#hardened_clay_stained_yellow" },
        "north": { "uv": [ 0, 11.5, 0, 16 ], "texture": "#hardened_clay_stained_yellow" },
        "south": { "uv": [ 16, 11.5, 16, 16 ], "texture": "#hardened_clay_stained_yellow" },
        "west":  { "uv": [ 16, 11.5, 16, 16 ], "texture": "#hardened_clay_stained_yellow" },
        "east":  { "uv": [ 0, 11.5, 0, 16 ], "texture": "#hardened_clay_stained_yellow" }
    }
},
{
    "__comment": "leuning*",
    "from": [ -2.5, -1.5, 20.5 ],
    "to": [ 18.5, 7.5, 21.5 ],
    "faces": {
        "down":  { "uv": [ 16, 14, 0, 12.5 ], "texture": "#hardened_clay_stained_red" },
        "up":    { "uv": [ 0, 12.5, 16, 14 ], "texture": "#hardened_clay_stained_red" },
        "north": { "uv": [ 0, 7, 16, 15 ], "texture": "#hardened_clay_stained_red" },
        "south": { "uv": [ 0, 7, 16, 15 ], "texture": "#hardened_clay_stained_red" },
        "west":  { "uv": [ 12.5, 7, 14, 15 ], "texture": "#hardened_clay_stained_red" },
        "east":  { "uv": [ 2, 7, 3.5, 15 ], "texture": "#hardened_clay_stained_red" }
    }
},
{
    "__comment": "onderkant*",
    "from": [ -4, -11.125, 1.9375 ],
    "to": [ 20, -9.625, 14.4375 ],
    "rotation": { "origin": [ -4, -9.625, 1.9375 ], "axis": "x", "angle": -22.5 },
    "faces": {
        "down":  { "uv": [ 16, 14.5, 0, 2 ], "texture": "#texture" },
        "up":    { "uv": [ 0, 2, 16, 14.5 ], "texture": "#texture" },
        "north": { "uv": [ 0, 15, 16, 16 ], "texture": "#texture" },
        "south": { "uv": [ 0, 15, 16, 16 ], "texture": "#texture" },
        "west":  { "uv": [ 2, 15, 14.5, 16 ], "texture": "#texture" },
        "east":  { "uv": [ 1.5, 15, 14, 16 ], "texture": "#texture" }
    }
},
{
    "__comment": "onderkant*",
    "from": [ -3, -12.625, 1.9375 ],
    "to": [ 19, -11.125, 14.9375 ],
    "rotation": { "origin": [ -3, -11.125, 1.9375 ], "axis": "x", "angle": -22.5 },
    "faces": {
        "down":  { "uv": [ 16, 14.5, 0, 2 ], "texture": "#texture" },
        "up":    { "uv": [ 0, 2, 16, 14.5 ], "texture": "#texture" },
        "north": { "uv": [ 0, 15, 16, 16 ], "texture": "#texture" },
        "south": { "uv": [ 0, 15, 16, 16 ], "texture": "#texture" },
        "west":  { "uv": [ 2, 15, 14.5, 16 ], "texture": "#texture" },
        "east":  { "uv": [ 1.5, 15, 14, 16 ], "texture": "#texture" }
    }
},
{
    "__comment": "onderkant*",
    "from": [ -0.5, -14.0625, 2.3125 ],
    "to": [ 16.5, -13.5625, 15.8125 ],
    "rotation": { "origin": [ -0.5, -13.5625, 2.3125 ], "axis": "x", "angle": -22.5 },
    "faces": {
        "down":  { "uv": [ 16, 14.5, 0, 2 ], "texture": "#texture" },
        "up":    { "uv": [ 0, 2, 16, 14.5 ], "texture": "#texture" },
        "north": { "uv": [ 0, 15, 16, 16 ], "texture": "#texture" },
        "south": { "uv": [ 0, 15, 16, 16 ], "texture": "#texture" },
        "west":  { "uv": [ 2, 15, 14.5, 16 ], "texture": "#texture" },
        "east":  { "uv": [ 1.5, 15, 14, 16 ], "texture": "#texture" }
    }
},
{
    "__comment": "onderkant*",
    "from": [ -2, -13.5625, 2.125 ],
    "to": [ 18, -12.5625, 15.625 ],
    "rotation": { "origin": [ -2, -12.5625, 2.125 ], "axis": "x", "angle": -22.5 },
    "faces": {
        "down":  { "uv": [ 16, 14.5, 0, 2 ], "texture": "#texture" },
        "up":    { "uv": [ 0, 2, 16, 14.5 ], "texture": "#texture" },
        "north": { "uv": [ 0, 15, 16, 16 ], "texture": "#texture" },
        "south": { "uv": [ 0, 15, 16, 16 ], "texture": "#texture" },
        "west":  { "uv": [ 2, 15, 14.5, 16 ], "texture": "#texture" },
        "east":  { "uv": [ 1.5, 15, 14, 16 ], "texture": "#texture" }
    }
},
{
    "__comment": "onderkant*",
    "from": [ -3.5, -5, 13 ],
    "to": [ 19.5, -3.5, 23 ],
    "rotation": { "origin": [ -3.5, -3.5, 13 ], "axis": "x", "angle": -22.5 },
    "faces": {
        "down":  { "uv": [ 16, 14.5, 0, 2 ], "texture": "#texture" },
        "up":    { "uv": [ 0, 2, 16, 14.5 ], "texture": "#texture" },
        "north": { "uv": [ 0, 15, 16, 16 ], "texture": "#texture" },
        "south": { "uv": [ 0, 15, 16, 16 ], "texture": "#texture" },
        "west":  { "uv": [ 2, 15, 14.5, 16 ], "texture": "#texture" },
        "east":  { "uv": [ 1.5, 15, 14, 16 ], "texture": "#texture" }
    }
},
{
    "__comment": "leuning*",
    "from": [ -2.5625, 6, 20.5 ],
    "to": [ -1.5625, 7.5, 21.5 ],
    "rotation": { "origin": [ -2.5625, 7.5, 20.5 ], "axis": "z", "angle": -45 },
    "faces": {
        "down":  { "uv": [ 16, 14, 0, 12.5 ], "texture": "#hardened_clay_stained_red" },
        "up":    { "uv": [ 0, 12.5, 16, 14 ], "texture": "#hardened_clay_stained_red" },
        "north": { "uv": [ 0, 7, 16, 15 ], "texture": "#hardened_clay_stained_red" },
        "south": { "uv": [ 0, 7, 16, 15 ], "texture": "#hardened_clay_stained_red" },
        "west":  { "uv": [ 12.5, 7, 14, 15 ], "texture": "#hardened_clay_stained_red" },
        "east":  { "uv": [ 2, 7, 3.5, 15 ], "texture": "#hardened_clay_stained_red" }
    }
},
{
    "__comment": "leuning*",
    "from": [ 17.8125, 5.3125, 20.5 ],
    "to": [ 18.8125, 6.8125, 21.5 ],
    "rotation": { "origin": [ 17.8125, 6.8125, 20.5 ], "axis": "z", "angle": 45 },
    "faces": {
        "down":  { "uv": [ 16, 14, 0, 12.5 ], "texture": "#hardened_clay_stained_red" },
        "up":    { "uv": [ 0, 12.5, 16, 14 ], "texture": "#hardened_clay_stained_red" },
        "north": { "uv": [ 0, 7, 16, 15 ], "texture": "#hardened_clay_stained_red" },
        "south": { "uv": [ 0, 7, 16, 15 ], "texture": "#hardened_clay_stained_red" },
        "west":  { "uv": [ 12.5, 7, 14, 15 ], "texture": "#hardened_clay_stained_red" },
        "east":  { "uv": [ 2, 7, 3.5, 15 ], "texture": "#hardened_clay_stained_red" }
    }
},
{
    "__comment": "onderkant*",
    "from": [ -3, -6.5, 12.9375 ],
    "to": [ 19, -5, 23.4375 ],
    "rotation": { "origin": [ -3, -5, 12.9375 ], "axis": "x", "angle": -22.5 },
    "faces": {
        "down":  { "uv": [ 16, 14.5, 0, 2 ], "texture": "#texture" },
        "up":    { "uv": [ 0, 2, 16, 14.5 ], "texture": "#texture" },
        "north": { "uv": [ 0, 15, 16, 16 ], "texture": "#texture" },
        "south": { "uv": [ 0, 15, 16, 16 ], "texture": "#texture" },
        "west":  { "uv": [ 2, 15, 14.5, 16 ], "texture": "#texture" },
        "east":  { "uv": [ 1.5, 15, 14, 16 ], "texture": "#texture" }
    }
},
{
    "__comment": "onderkant*",
    "from": [ -2, -7.5, 13.5 ],
    "to": [ 18, -6, 24 ],
    "rotation": { "origin": [ -2, -6, 13.5 ], "axis": "x", "angle": -22.5 },
    "faces": {
        "down":  { "uv": [ 16, 14.5, 0, 2 ], "texture": "#texture" },
        "up":    { "uv": [ 0, 2, 16, 14.5 ], "texture": "#texture" },
        "north": { "uv": [ 0, 15, 16, 16 ], "texture": "#texture" },
        "south": { "uv": [ 0, 15, 16, 16 ], "texture": "#texture" },
        "west":  { "uv": [ 2, 15, 14.5, 16 ], "texture": "#texture" },
        "east":  { "uv": [ 1.5, 15, 14, 16 ], "texture": "#texture" }
    }
},
{
    "__comment": "onderkant*",
    "from": [ -1, -8.5, 13.5 ],
    "to": [ 17, -7.5, 24.5 ],
    "rotation": { "origin": [ -1, -7.5, 13.5 ], "axis": "x", "angle": -22.5 },
    "faces": {
        "down":  { "uv": [ 16, 14.5, 0, 2 ], "texture": "#texture" },
        "up":    { "uv": [ 0, 2, 16, 14.5 ], "texture": "#texture" },
        "north": { "uv": [ 0, 15, 16, 16 ], "texture": "#texture" },
        "south": { "uv": [ 0, 15, 16, 16 ], "texture": "#texture" },
        "west":  { "uv": [ 2, 15, 14.5, 16 ], "texture": "#texture" },
        "east":  { "uv": [ 1.5, 15, 14, 16 ], "texture": "#texture" }
    }
},
{
    "__comment": "onderkant*",
    "from": [ 0.5, -8.5, 14.5 ],
    "to": [ 15.5, -8, 25 ],
    "rotation": { "origin": [ 0.5, -8, 14.5 ], "axis": "x", "angle": -22.5 },
    "faces": {
        "down":  { "uv": [ 16, 14.5, 0, 2 ], "texture": "#texture" },
        "up":    { "uv": [ 0, 2, 16, 14.5 ], "texture": "#texture" },
        "north": { "uv": [ 0, 15, 16, 16 ], "texture": "#texture" },
        "south": { "uv": [ 0, 15, 16, 16 ], "texture": "#texture" },
        "west":  { "uv": [ 2, 15, 14.5, 16 ], "texture": "#texture" },
        "east":  { "uv": [ 1.5, 15, 14, 16 ], "texture": "#texture" }
    }
},
{
    "__comment": "leuning",
    "from": [ -2.5, -2, 17 ],
    "to": [ 18.5, 2, 21 ],
    "faces": {
        "down":  { "uv": [ 16, 16, 0, 16 ], "texture": "#hardened_clay_stained_red" },
        "up":    { "uv": [ 0, 16, 16, 16 ], "texture": "#hardened_clay_stained_red" },
        "north": { "uv": [ 0, 14, 16, 16 ], "texture": "#hardened_clay_stained_red" },
        "south": { "uv": [ 0, 14, 16, 16 ], "texture": "#hardened_clay_stained_red" },
        "west":  { "uv": [ 16, 14, 16, 16 ], "texture": "#hardened_clay_stained_red" },
        "east":  { "uv": [ 0, 14, 0, 16 ], "texture": "#hardened_clay_stained_red" }
    }
},
{
    "__comment": "log*",
    "from": [ 19.5, 0.5, 17.5 ],
    "to": [ 20, 3.5, 20.5 ],
    "faces": {
        "down":  { "uv": [ 0, 0, 1, 16 ], "texture": "#log_oak_top" },
        "up":    { "uv": [ 0, 0, 1, 16 ], "texture": "#log_oak_top" },
        "north": { "uv": [ 0, 0, 1, 16 ], "texture": "#log_oak_top" },
        "south": { "uv": [ 0, 0, 1, 16 ], "texture": "#log_oak_top" },
        "west":  { "uv": [ 0, 0, 16, 16 ], "texture": "#log_oak_top" },
        "east":  { "uv": [ 0, 0, 16, 16 ], "texture": "#log_oak_top" }
    }
},
{
    "__comment": "log*",
    "from": [ 20.5, -3.5, 7.5 ],
    "to": [ 21, -0.5, 10.5 ],
    "faces": {
        "down":  { "uv": [ 0, 0, 1, 16 ], "texture": "#log_oak_top" },
        "up":    { "uv": [ 0, 0, 1, 16 ], "texture": "#log_oak_top" },
        "north": { "uv": [ 0, 0, 1, 16 ], "texture": "#log_oak_top" },
        "south": { "uv": [ 0, 0, 1, 16 ], "texture": "#log_oak_top" },
        "west":  { "uv": [ 0, 0, 16, 16 ], "texture": "#log_oak_top" },
        "east":  { "uv": [ 0, 0, 16, 16 ], "texture": "#log_oak_top" }
    }
},
{
    "__comment": "zijkant*",
    "from": [ 18.5, -1, 16.5 ],
    "to": [ 19.5, 4.5, 21.5 ],
    "faces": {
        "down":  { "uv": [ 16, 16, 16, 16 ], "texture": "#texture" },
        "up":    { "uv": [ 0, 16, 0, 16 ], "texture": "#texture" },
        "north": { "uv": [ 16, 6, 16, 12 ], "texture": "#texture" },
        "south": { "uv": [ 0, 6, 0, 12 ], "texture": "#texture" },
        "west":  { "uv": [ 16, 6, 16, 12 ], "texture": "#texture" },
        "east":  { "uv": [ 0, 6, 0, 12 ], "texture": "#texture" }
    }
},
{
    "__comment": "zijkant*",
    "from": [ -3.5, -1, 16.5 ],
    "to": [ -2.5, 4.5, 21.5 ],
    "faces": {
        "down":  { "uv": [ 16, 16, 16, 16 ], "texture": "#texture" },
        "up":    { "uv": [ 0, 16, 0, 16 ], "texture": "#texture" },
        "north": { "uv": [ 16, 6, 16, 12 ], "texture": "#texture" },
        "south": { "uv": [ 0, 6, 0, 12 ], "texture": "#texture" },
        "west":  { "uv": [ 16, 6, 16, 12 ], "texture": "#texture" },
        "east":  { "uv": [ 0, 6, 0, 12 ], "texture": "#texture" }
    }
},
{
    "__comment": "zijkant*",
    "from": [ -3.5, 4.5, 18.5 ],
    "to": [ -2.5, 5.5, 21.5 ],
    "faces": {
        "down":  { "uv": [ 16, 16, 16, 16 ], "texture": "#texture" },
        "up":    { "uv": [ 0, 16, 0, 16 ], "texture": "#texture" },
        "north": { "uv": [ 16, 6, 16, 12 ], "texture": "#texture" },
        "south": { "uv": [ 0, 6, 0, 12 ], "texture": "#texture" },
        "west":  { "uv": [ 16, 6, 16, 12 ], "texture": "#texture" },
        "east":  { "uv": [ 0, 6, 0, 12 ], "texture": "#texture" }
    }
},
{
    "__comment": "zijkant*",
    "from": [ 18.5, 4.5, 18.5 ],
    "to": [ 19.5, 5.5, 21.5 ],
    "faces": {
        "down":  { "uv": [ 16, 16, 16, 16 ], "texture": "#texture" },
        "up":    { "uv": [ 0, 16, 0, 16 ], "texture": "#texture" },
        "north": { "uv": [ 16, 6, 16, 12 ], "texture": "#texture" },
        "south": { "uv": [ 0, 6, 0, 12 ], "texture": "#texture" },
        "west":  { "uv": [ 16, 6, 16, 12 ], "texture": "#texture" },
        "east":  { "uv": [ 0, 6, 0, 12 ], "texture": "#texture" }
    }
},
{
    "__comment": "zijkant*",
    "from": [ 18.5, -2, 16.5 ],
    "to": [ 19.5, -1, 19 ],
    "faces": {
        "down":  { "uv": [ 16, 16, 16, 16 ], "texture": "#texture" },
        "up":    { "uv": [ 0, 16, 0, 16 ], "texture": "#texture" },
        "north": { "uv": [ 16, 6, 16, 12 ], "texture": "#texture" },
        "south": { "uv": [ 0, 6, 0, 12 ], "texture": "#texture" },
        "west":  { "uv": [ 16, 6, 16, 12 ], "texture": "#texture" },
        "east":  { "uv": [ 0, 6, 0, 12 ], "texture": "#texture" }
    }
},
{
    "__comment": "zijkant*",
    "from": [ -3.5, -2, 16.5 ],
    "to": [ -2.5, -1, 19 ],
    "faces": {
        "down":  { "uv": [ 16, 16, 16, 16 ], "texture": "#texture" },
        "up":    { "uv": [ 0, 16, 0, 16 ], "texture": "#texture" },
        "north": { "uv": [ 16, 6, 16, 12 ], "texture": "#texture" },
        "south": { "uv": [ 0, 6, 0, 12 ], "texture": "#texture" },
        "west":  { "uv": [ 16, 6, 16, 12 ], "texture": "#texture" },
        "east":  { "uv": [ 0, 6, 0, 12 ], "texture": "#texture" }
    }
},
{
    "__comment": "onderkant*",
    "from": [ -2, -1.5, 21.9375 ],
    "to": [ 18, 0, 25.4375 ],
    "rotation": { "origin": [ -2, 0, 21.9375 ], "axis": "x", "angle": -22.5 },
    "faces": {
        "down":  { "uv": [ 16, 14.5, 0, 2 ], "texture": "#texture" },
        "up":    { "uv": [ 0, 2, 16, 14.5 ], "texture": "#texture" },
        "north": { "uv": [ 0, 15, 16, 16 ], "texture": "#texture" },
        "south": { "uv": [ 0, 15, 16, 16 ], "texture": "#texture" },
        "west":  { "uv": [ 2, 15, 14.5, 16 ], "texture": "#texture" },
        "east":  { "uv": [ 1.5, 15, 14, 16 ], "texture": "#texture" }
    }
},
{
    "__comment": "onderkant*",
    "from": [ -1.5, -2.5, 22.5 ],
    "to": [ 17.5, -1, 26 ],
    "rotation": { "origin": [ -1.5, -1, 22.5 ], "axis": "x", "angle": -22.5 },
    "faces": {
        "down":  { "uv": [ 16, 14.5, 0, 2 ], "texture": "#texture" },
        "up":    { "uv": [ 0, 2, 16, 14.5 ], "texture": "#texture" },
        "north": { "uv": [ 0, 15, 16, 16 ], "texture": "#texture" },
        "south": { "uv": [ 0, 15, 16, 16 ], "texture": "#texture" },
        "west":  { "uv": [ 2, 15, 14.5, 16 ], "texture": "#texture" },
        "east":  { "uv": [ 1.5, 15, 14, 16 ], "texture": "#texture" }
    }
},
{
    "__comment": "onderkant*",
    "from": [ -0.5, -3.5, 22.9375 ],
    "to": [ 16.5, -2, 26.4375 ],
    "rotation": { "origin": [ -0.5, -2, 22.9375 ], "axis": "x", "angle": -22.5 },
    "faces": {
        "down":  { "uv": [ 16, 14.5, 0, 2 ], "texture": "#texture" },
        "up":    { "uv": [ 0, 2, 16, 14.5 ], "texture": "#texture" },
        "north": { "uv": [ 0, 15, 16, 16 ], "texture": "#texture" },
        "south": { "uv": [ 0, 15, 16, 16 ], "texture": "#texture" },
        "west":  { "uv": [ 2, 15, 14.5, 16 ], "texture": "#texture" },
        "east":  { "uv": [ 1.5, 15, 14, 16 ], "texture": "#texture" }
    }
},
{
    "__comment": "onderkant*",
    "from": [ 0.5, -4.5, 23 ],
    "to": [ 15.5, -3.5, 27 ],
    "rotation": { "origin": [ 0.5, -3.5, 23 ], "axis": "x", "angle": -22.5 },
    "faces": {
        "down":  { "uv": [ 16, 14.5, 0, 2 ], "texture": "#texture" },
        "up":    { "uv": [ 0, 2, 16, 14.5 ], "texture": "#texture" },
        "north": { "uv": [ 0, 15, 16, 16 ], "texture": "#texture" },
        "south": { "uv": [ 0, 15, 16, 16 ], "texture": "#texture" },
        "west":  { "uv": [ 2, 15, 14.5, 16 ], "texture": "#texture" },
        "east":  { "uv": [ 1.5, 15, 14, 16 ], "texture": "#texture" }
    }
},
{
    "__comment": "onderkant*",
    "from": [ 2, -4.5, 24 ],
    "to": [ 14, -4, 27 ],
    "rotation": { "origin": [ 2, -4, 24 ], "axis": "x", "angle": -22.5 },
    "faces": {
        "down":  { "uv": [ 16, 14.5, 0, 2 ], "texture": "#texture" },
        "up":    { "uv": [ 0, 2, 16, 14.5 ], "texture": "#texture" },
        "north": { "uv": [ 0, 15, 16, 16 ], "texture": "#texture" },
        "south": { "uv": [ 0, 15, 16, 16 ], "texture": "#texture" },
        "west":  { "uv": [ 2, 15, 14.5, 16 ], "texture": "#texture" },
        "east":  { "uv": [ 1.5, 15, 14, 16 ], "texture": "#texture" }
    }
},
{
    "__comment": "onderkant*",
    "from": [ -0.5, -0.4375, 24.4375 ],
    "to": [ 16.5, 1.0625, 26.4375 ],
    "rotation": { "origin": [ -0.5, 1.0625, 24.4375 ], "axis": "x", "angle": -45 },
    "faces": {
        "down":  { "uv": [ 16, 14.5, 0, 2 ], "texture": "#texture" },
        "up":    { "uv": [ 0, 2, 16, 14.5 ], "texture": "#texture" },
        "north": { "uv": [ 0, 15, 16, 16 ], "texture": "#texture" },
        "south": { "uv": [ 0, 15, 16, 16 ], "texture": "#texture" },
        "west":  { "uv": [ 2, 15, 14.5, 16 ], "texture": "#texture" },
        "east":  { "uv": [ 1.5, 15, 14, 16 ], "texture": "#texture" }
    }
},
{
    "__comment": "goudenrandje*",
    "from": [ 16.5, -0.5, 21.5 ],
    "to": [ 18.5, 0.5, 25.5 ],
    "rotation": { "origin": [ 16.5, 0.5, 21.5 ], "axis": "x", "angle": -22.5 },
    "faces": {
        "down":  { "uv": [ 16, 16, 16, 16 ], "texture": "#hardened_clay_stained_yellow" },
        "up":    { "uv": [ 0, 16, 0, 16 ], "texture": "#hardened_clay_stained_yellow" },
        "north": { "uv": [ 16, 14, 16, 15 ], "texture": "#hardened_clay_stained_yellow" },
        "south": { "uv": [ 0, 14, 0, 15 ], "texture": "#hardened_clay_stained_yellow" },
        "west":  { "uv": [ 16, 14, 16, 15 ], "texture": "#hardened_clay_stained_yellow" },
        "east":  { "uv": [ 0, 14, 0, 15 ], "texture": "#hardened_clay_stained_yellow" }
    }
},
{
    "__comment": "goudenrandje*",
    "from": [ -2.5, -0.5, 21.5 ],
    "to": [ -0.5, 0.5, 25.5 ],
    "rotation": { "origin": [ -2.5, 0.5, 21.5 ], "axis": "x", "angle": -22.5 },
    "faces": {
        "down":  { "uv": [ 16, 16, 16, 16 ], "texture": "#hardened_clay_stained_yellow" },
        "up":    { "uv": [ 0, 16, 0, 16 ], "texture": "#hardened_clay_stained_yellow" },
        "north": { "uv": [ 16, 14, 16, 15 ], "texture": "#hardened_clay_stained_yellow" },
        "south": { "uv": [ 0, 14, 0, 15 ], "texture": "#hardened_clay_stained_yellow" },
        "west":  { "uv": [ 16, 14, 16, 15 ], "texture": "#hardened_clay_stained_yellow" },
        "east":  { "uv": [ 0, 14, 0, 15 ], "texture": "#hardened_clay_stained_yellow" }
    }
},
{
    "__comment": "onderkant*",
    "from": [ 0, -1.3125, 24.9375 ],
    "to": [ 16, 0.1875, 27.4375 ],
    "rotation": { "origin": [ 0, 0.1875, 24.9375 ], "axis": "x", "angle": -45 },
    "faces": {
        "down":  { "uv": [ 16, 14.5, 0, 2 ], "texture": "#texture" },
        "up":    { "uv": [ 0, 2, 16, 14.5 ], "texture": "#texture" },
        "north": { "uv": [ 0, 15, 16, 16 ], "texture": "#texture" },
        "south": { "uv": [ 0, 15, 16, 16 ], "texture": "#texture" },
        "west":  { "uv": [ 2, 15, 14.5, 16 ], "texture": "#texture" },
        "east":  { "uv": [ 1.5, 15, 14, 16 ], "texture": "#texture" }
    }
},
{
    "__comment": "onderkant*",
    "from": [ 1, -2.25, 25.625 ],
    "to": [ 15, -0.75, 28.625 ],
    "rotation": { "origin": [ 1, -0.75, 25.625 ], "axis": "x", "angle": -45 },
    "faces": {
        "down":  { "uv": [ 16, 14.5, 0, 2 ], "texture": "#texture" },
        "up":    { "uv": [ 0, 2, 16, 14.5 ], "texture": "#texture" },
        "north": { "uv": [ 0, 15, 16, 16 ], "texture": "#texture" },
        "south": { "uv": [ 0, 15, 16, 16 ], "texture": "#texture" },
        "west":  { "uv": [ 2, 15, 14.5, 16 ], "texture": "#texture" },
        "east":  { "uv": [ 1.5, 15, 14, 16 ], "texture": "#texture" }
    }
},
{
    "__comment": "onderkant*",
    "from": [ 2, -3.0625, 26.125 ],
    "to": [ 14, -2.0625, 29.625 ],
    "rotation": { "origin": [ 2, -2.0625, 26.125 ], "axis": "x", "angle": -45 },
    "faces": {
        "down":  { "uv": [ 16, 14.5, 0, 2 ], "texture": "#texture" },
        "up":    { "uv": [ 0, 2, 16, 14.5 ], "texture": "#texture" },
        "north": { "uv": [ 0, 15, 16, 16 ], "texture": "#texture" },
        "south": { "uv": [ 0, 15, 16, 16 ], "texture": "#texture" },
        "west":  { "uv": [ 2, 15, 14.5, 16 ], "texture": "#texture" },
        "east":  { "uv": [ 1.5, 15, 14, 16 ], "texture": "#texture" }
    }
},
{
    "__comment": "onderkant*",
    "from": [ 3.5, -3.5625, 26.3125 ],
    "to": [ 12.5, -3.0625, 30.3125 ],
    "rotation": { "origin": [ 3.5, -3.0625, 26.3125 ], "axis": "x", "angle": -45 },
    "faces": {
        "down":  { "uv": [ 16, 14.5, 0, 2 ], "texture": "#texture" },
        "up":    { "uv": [ 0, 2, 16, 14.5 ], "texture": "#texture" },
        "north": { "uv": [ 0, 15, 16, 16 ], "texture": "#texture" },
        "south": { "uv": [ 0, 15, 16, 16 ], "texture": "#texture" },
        "west":  { "uv": [ 2, 15, 14.5, 16 ], "texture": "#texture" },
        "east":  { "uv": [ 1.5, 15, 14, 16 ], "texture": "#texture" }
    }
},
{
    "__comment": "onderkant*",
    "from": [ 1, 1.5, 25.5 ],
    "to": [ 15, 8.5, 26.5 ],
    "faces": {
        "down":  { "uv": [ 16, 14.5, 0, 2 ], "texture": "#texture" },
        "up":    { "uv": [ 0, 2, 16, 14.5 ], "texture": "#texture" },
        "north": { "uv": [ 0, 15, 16, 16 ], "texture": "#texture" },
        "south": { "uv": [ 0, 15, 16, 16 ], "texture": "#texture" },
        "west":  { "uv": [ 2, 15, 14.5, 16 ], "texture": "#texture" },
        "east":  { "uv": [ 1.5, 15, 14, 16 ], "texture": "#texture" }
    }
},
{
    "__comment": "onderkant*",
    "from": [ 2, 1, 26.5 ],
    "to": [ 14, 8.5, 27.5 ],
    "faces": {
        "down":  { "uv": [ 16, 14.5, 0, 2 ], "texture": "#texture" },
        "up":    { "uv": [ 0, 2, 16, 14.5 ], "texture": "#texture" },
        "north": { "uv": [ 0, 15, 16, 16 ], "texture": "#texture" },
        "south": { "uv": [ 0, 15, 16, 16 ], "texture": "#texture" },
        "west":  { "uv": [ 2, 15, 14.5, 16 ], "texture": "#texture" },
        "east":  { "uv": [ 1.5, 15, 14, 16 ], "texture": "#texture" }
    }
},
{
    "__comment": "goudenrandje*",
    "from": [ -1, 0.75, 24.625 ],
    "to": [ 1, 1.75, 26.125 ],
    "rotation": { "origin": [ -1, 1.75, 24.625 ], "axis": "x", "angle": -45 },
    "faces": {
        "down":  { "uv": [ 16, 16, 16, 16 ], "texture": "#hardened_clay_stained_yellow" },
        "up":    { "uv": [ 0, 16, 0, 16 ], "texture": "#hardened_clay_stained_yellow" },
        "north": { "uv": [ 16, 14, 16, 15 ], "texture": "#hardened_clay_stained_yellow" },
        "south": { "uv": [ 0, 14, 0, 15 ], "texture": "#hardened_clay_stained_yellow" },
        "west":  { "uv": [ 16, 14, 16, 15 ], "texture": "#hardened_clay_stained_yellow" },
        "east":  { "uv": [ 0, 14, 0, 15 ], "texture": "#hardened_clay_stained_yellow" }
    }
},
{
    "__comment": "goudenrandje*",
    "from": [ 15, 0.75, 24.625 ],
    "to": [ 17, 1.75, 26.125 ],
    "rotation": { "origin": [ 15, 1.75, 24.625 ], "axis": "x", "angle": -45 },
    "faces": {
        "down":  { "uv": [ 16, 16, 16, 16 ], "texture": "#hardened_clay_stained_yellow" },
        "up":    { "uv": [ 0, 16, 0, 16 ], "texture": "#hardened_clay_stained_yellow" },
        "north": { "uv": [ 16, 14, 16, 15 ], "texture": "#hardened_clay_stained_yellow" },
        "south": { "uv": [ 0, 14, 0, 15 ], "texture": "#hardened_clay_stained_yellow" },
        "west":  { "uv": [ 16, 14, 16, 15 ], "texture": "#hardened_clay_stained_yellow" },
        "east":  { "uv": [ 0, 14, 0, 15 ], "texture": "#hardened_clay_stained_yellow" }
    }
},
{
    "__comment": "onderkant*",
    "from": [ 3, -0.5, 27.5 ],
    "to": [ 13, 8.5, 28.5 ],
    "faces": {
        "down":  { "uv": [ 16, 14.5, 0, 2 ], "texture": "#texture" },
        "up":    { "uv": [ 0, 2, 16, 14.5 ], "texture": "#texture" },
        "north": { "uv": [ 0, 15, 16, 16 ], "texture": "#texture" },
        "south": { "uv": [ 0, 15, 16, 16 ], "texture": "#texture" },
        "west":  { "uv": [ 2, 15, 14.5, 16 ], "texture": "#texture" },
        "east":  { "uv": [ 1.5, 15, 14, 16 ], "texture": "#texture" }
    }
},
{
    "__comment": "onderkant*",
    "from": [ 3.5, -0.5, 28.5 ],
    "to": [ 12.5, 8.5, 29.5 ],
    "faces": {
        "down":  { "uv": [ 16, 14.5, 0, 2 ], "texture": "#texture" },
        "up":    { "uv": [ 0, 2, 16, 14.5 ], "texture": "#texture" },
        "north": { "uv": [ 0, 15, 16, 16 ], "texture": "#texture" },
        "south": { "uv": [ 0, 15, 16, 16 ], "texture": "#texture" },
        "west":  { "uv": [ 2, 15, 14.5, 16 ], "texture": "#texture" },
        "east":  { "uv": [ 1.5, 15, 14, 16 ], "texture": "#texture" }
    }
},
{
    "__comment": "goudenrandje*",
    "from": [ 0.5, 2, 25 ],
    "to": [ 2.5, 9, 26 ],
    "faces": {
        "down":  { "uv": [ 16, 16, 16, 16 ], "texture": "#hardened_clay_stained_yellow" },
        "up":    { "uv": [ 0, 16, 0, 16 ], "texture": "#hardened_clay_stained_yellow" },
        "north": { "uv": [ 16, 14, 16, 15 ], "texture": "#hardened_clay_stained_yellow" },
        "south": { "uv": [ 0, 14, 0, 15 ], "texture": "#hardened_clay_stained_yellow" },
        "west":  { "uv": [ 16, 14, 16, 15 ], "texture": "#hardened_clay_stained_yellow" },
        "east":  { "uv": [ 0, 14, 0, 15 ], "texture": "#hardened_clay_stained_yellow" }
    }
},
{
    "__comment": "zijkant*",
    "from": [ -2, -0.5, 20.5 ],
    "to": [ 18, 5, 23 ],
    "rotation": { "origin": [ -2, 5, 20.5 ], "axis": "x", "angle": -22.5 },
    "faces": {
        "down":  { "uv": [ 16, 16, 16, 16 ], "texture": "#texture" },
        "up":    { "uv": [ 0, 16, 0, 16 ], "texture": "#texture" },
        "north": { "uv": [ 16, 6, 16, 12 ], "texture": "#texture" },
        "south": { "uv": [ 0, 6, 0, 12 ], "texture": "#texture" },
        "west":  { "uv": [ 16, 6, 16, 12 ], "texture": "#texture" },
        "east":  { "uv": [ 0, 6, 0, 12 ], "texture": "#texture" }
    }
},
{
    "__comment": "zijkant*",
    "from": [ 13.5, -0.5, 21 ],
    "to": [ 16.5, 4.5, 22.5 ],
    "rotation": { "origin": [ 13.5, 4.5, 21 ], "axis": "x", "angle": -45 },
    "faces": {
        "down":  { "uv": [ 16, 16, 16, 16 ], "texture": "#texture" },
        "up":    { "uv": [ 0, 16, 0, 16 ], "texture": "#texture" },
        "north": { "uv": [ 16, 6, 16, 12 ], "texture": "#texture" },
        "south": { "uv": [ 0, 6, 0, 12 ], "texture": "#texture" },
        "west":  { "uv": [ 16, 6, 16, 12 ], "texture": "#texture" },
        "east":  { "uv": [ 0, 6, 0, 12 ], "texture": "#texture" }
    }
},
{
    "__comment": "zijkant*",
    "from": [ 1, 1, 21.5 ],
    "to": [ 15, 6.5, 25.5 ],
    "faces": {
        "down":  { "uv": [ 16, 16, 16, 16 ], "texture": "#texture" },
        "up":    { "uv": [ 0, 16, 0, 16 ], "texture": "#texture" },
        "north": { "uv": [ 16, 6, 16, 12 ], "texture": "#texture" },
        "south": { "uv": [ 0, 6, 0, 12 ], "texture": "#texture" },
        "west":  { "uv": [ 16, 6, 16, 12 ], "texture": "#texture" },
        "east":  { "uv": [ 0, 6, 0, 12 ], "texture": "#texture" }
    }
},
{
    "__comment": "goudenrandje*",
    "from": [ 13.5, 2, 25 ],
    "to": [ 15.5, 9, 26 ],
    "faces": {
        "down":  { "uv": [ 16, 16, 16, 16 ], "texture": "#hardened_clay_stained_yellow" },
        "up":    { "uv": [ 0, 16, 0, 16 ], "texture": "#hardened_clay_stained_yellow" },
        "north": { "uv": [ 16, 14, 16, 15 ], "texture": "#hardened_clay_stained_yellow" },
        "south": { "uv": [ 0, 14, 0, 15 ], "texture": "#hardened_clay_stained_yellow" },
        "west":  { "uv": [ 16, 14, 16, 15 ], "texture": "#hardened_clay_stained_yellow" },
        "east":  { "uv": [ 0, 14, 0, 15 ], "texture": "#hardened_clay_stained_yellow" }
    }
},
{
    "__comment": "zijkant*",
    "from": [ -0.5, -0.5, 21.5 ],
    "to": [ 2.5, 4.5, 23 ],
    "rotation": { "origin": [ -0.5, 4.5, 21.5 ], "axis": "x", "angle": -45 },
    "faces": {
        "down":  { "uv": [ 16, 16, 16, 16 ], "texture": "#texture" },
        "up":    { "uv": [ 0, 16, 0, 16 ], "texture": "#texture" },
        "north": { "uv": [ 16, 6, 16, 12 ], "texture": "#texture" },
        "south": { "uv": [ 0, 6, 0, 12 ], "texture": "#texture" },
        "west":  { "uv": [ 16, 6, 16, 12 ], "texture": "#texture" },
        "east":  { "uv": [ 0, 6, 0, 12 ], "texture": "#texture" }
    }
},
{
    "__comment": "onderkant*",
    "from": [ 2.5, 7.5625, 22.875 ],
    "to": [ 13.5, 14.5625, 23.875 ],
    "rotation": { "origin": [ 2.5, 14.5625, 22.875 ], "axis": "x", "angle": -22.5 },
    "faces": {
        "down":  { "uv": [ 16, 14.5, 0, 2 ], "texture": "#texture" },
        "up":    { "uv": [ 0, 2, 16, 14.5 ], "texture": "#texture" },
        "north": { "uv": [ 0, 15, 16, 16 ], "texture": "#texture" },
        "south": { "uv": [ 0, 15, 16, 16 ], "texture": "#texture" },
        "west":  { "uv": [ 2, 15, 14.5, 16 ], "texture": "#texture" },
        "east":  { "uv": [ 1.5, 15, 14, 16 ], "texture": "#texture" }
    }
},
{
    "__comment": "onderkant*",
    "from": [ 3.5, 7.5625, 23.6875 ],
    "to": [ 12.5, 15.0625, 24.6875 ],
    "rotation": { "origin": [ 3.5, 15.0625, 23.6875 ], "axis": "x", "angle": -22.5 },
    "faces": {
        "down":  { "uv": [ 16, 14.5, 0, 2 ], "texture": "#texture" },
        "up":    { "uv": [ 0, 2, 16, 14.5 ], "texture": "#texture" },
        "north": { "uv": [ 0, 15, 16, 16 ], "texture": "#texture" },
        "south": { "uv": [ 0, 15, 16, 16 ], "texture": "#texture" },
        "west":  { "uv": [ 2, 15, 14.5, 16 ], "texture": "#texture" },
        "east":  { "uv": [ 1.5, 15, 14, 16 ], "texture": "#texture" }
    }
},
{
    "__comment": "onderkant*",
    "from": [ 4.5, 7.5, 24.5 ],
    "to": [ 11.5, 15.5, 25.5 ],
    "rotation": { "origin": [ 4.5, 15.5, 24.5 ], "axis": "x", "angle": -22.5 },
    "faces": {
        "down":  { "uv": [ 16, 14.5, 0, 2 ], "texture": "#texture" },
        "up":    { "uv": [ 0, 2, 16, 14.5 ], "texture": "#texture" },
        "north": { "uv": [ 0, 15, 16, 16 ], "texture": "#texture" },
        "south": { "uv": [ 0, 15, 16, 16 ], "texture": "#texture" },
        "west":  { "uv": [ 2, 15, 14.5, 16 ], "texture": "#texture" },
        "east":  { "uv": [ 1.5, 15, 14, 16 ], "texture": "#texture" }
    }
},
{
    "__comment": "onderkant*",
    "from": [ 6, 7.5, 25.3125 ],
    "to": [ 10, 16, 26.3125 ],
    "rotation": { "origin": [ 6, 16, 25.3125 ], "axis": "x", "angle": -22.5 },
    "faces": {
        "down":  { "uv": [ 16, 14.5, 0, 2 ], "texture": "#texture" },
        "up":    { "uv": [ 0, 2, 16, 14.5 ], "texture": "#texture" },
        "north": { "uv": [ 0, 15, 16, 16 ], "texture": "#texture" },
        "south": { "uv": [ 0, 15, 16, 16 ], "texture": "#texture" },
        "west":  { "uv": [ 2, 15, 14.5, 16 ], "texture": "#texture" },
        "east":  { "uv": [ 1.5, 15, 14, 16 ], "texture": "#texture" }
    }
},
{
    "__comment": "goudenrandje*",
    "from": [ 2, 8.125, 22.5625 ],
    "to": [ 4, 14.625, 23.5625 ],
    "rotation": { "origin": [ 2, 14.625, 22.5625 ], "axis": "x", "angle": -22.5 },
    "faces": {
        "down":  { "uv": [ 16, 16, 16, 16 ], "texture": "#hardened_clay_stained_yellow" },
        "up":    { "uv": [ 0, 16, 0, 16 ], "texture": "#hardened_clay_stained_yellow" },
        "north": { "uv": [ 16, 14, 16, 15 ], "texture": "#hardened_clay_stained_yellow" },
        "south": { "uv": [ 0, 14, 0, 15 ], "texture": "#hardened_clay_stained_yellow" },
        "west":  { "uv": [ 16, 14, 16, 15 ], "texture": "#hardened_clay_stained_yellow" },
        "east":  { "uv": [ 0, 14, 0, 15 ], "texture": "#hardened_clay_stained_yellow" }
    }
},
{
    "__comment": "goudenrandje*",
    "from": [ 12, 8.125, 22.5625 ],
    "to": [ 14, 14.625, 23.5625 ],
    "rotation": { "origin": [ 12, 14.625, 22.5625 ], "axis": "x", "angle": -22.5 },
    "faces": {
        "down":  { "uv": [ 16, 16, 16, 16 ], "texture": "#hardened_clay_stained_yellow" },
        "up":    { "uv": [ 0, 16, 0, 16 ], "texture": "#hardened_clay_stained_yellow" },
        "north": { "uv": [ 16, 14, 16, 15 ], "texture": "#hardened_clay_stained_yellow" },
        "south": { "uv": [ 0, 14, 0, 15 ], "texture": "#hardened_clay_stained_yellow" },
        "west":  { "uv": [ 16, 14, 16, 15 ], "texture": "#hardened_clay_stained_yellow" },
        "east":  { "uv": [ 0, 14, 0, 15 ], "texture": "#hardened_clay_stained_yellow" }
    }
},
{
    "__comment": "onderkant*",
    "from": [ 4, 14.5, 23 ],
    "to": [ 12, 19.5, 24 ],
    "faces": {
        "down":  { "uv": [ 16, 14.5, 0, 2 ], "texture": "#texture" },
        "up":    { "uv": [ 0, 2, 16, 14.5 ], "texture": "#texture" },
        "north": { "uv": [ 0, 15, 16, 16 ], "texture": "#texture" },
        "south": { "uv": [ 0, 15, 16, 16 ], "texture": "#texture" },
        "west":  { "uv": [ 2, 15, 14.5, 16 ], "texture": "#texture" },
        "east":  { "uv": [ 1.5, 15, 14, 16 ], "texture": "#texture" }
    }
},
{
    "__comment": "onderkant*",
    "from": [ 5, 14.5, 24 ],
    "to": [ 11, 19.5, 25 ],
    "faces": {
        "down":  { "uv": [ 16, 14.5, 0, 2 ], "texture": "#texture" },
        "up":    { "uv": [ 0, 2, 16, 14.5 ], "texture": "#texture" },
        "north": { "uv": [ 0, 15, 16, 16 ], "texture": "#texture" },
        "south": { "uv": [ 0, 15, 16, 16 ], "texture": "#texture" },
        "west":  { "uv": [ 2, 15, 14.5, 16 ], "texture": "#texture" },
        "east":  { "uv": [ 1.5, 15, 14, 16 ], "texture": "#texture" }
    }
},
{
    "__comment": "onderkant*",
    "from": [ 6, 14.5, 25 ],
    "to": [ 10, 19.5, 25.5 ],
    "faces": {
        "down":  { "uv": [ 16, 14.5, 0, 2 ], "texture": "#texture" },
        "up":    { "uv": [ 0, 2, 16, 14.5 ], "texture": "#texture" },
        "north": { "uv": [ 0, 15, 16, 16 ], "texture": "#texture" },
        "south": { "uv": [ 0, 15, 16, 16 ], "texture": "#texture" },
        "west":  { "uv": [ 2, 15, 14.5, 16 ], "texture": "#texture" },
        "east":  { "uv": [ 1.5, 15, 14, 16 ], "texture": "#texture" }
    }
},
{
    "__comment": "onderkant*",
    "from": [ 7.5, 14.5, 25.5 ],
    "to": [ 8.5, 19.5, 26 ],
    "faces": {
        "down":  { "uv": [ 16, 14.5, 0, 2 ], "texture": "#texture" },
        "up":    { "uv": [ 0, 2, 16, 14.5 ], "texture": "#texture" },
        "north": { "uv": [ 0, 15, 16, 16 ], "texture": "#texture" },
        "south": { "uv": [ 0, 15, 16, 16 ], "texture": "#texture" },
        "west":  { "uv": [ 2, 15, 14.5, 16 ], "texture": "#texture" },
        "east":  { "uv": [ 1.5, 15, 14, 16 ], "texture": "#texture" }
    }
},
{
    "__comment": "goudenrandje*",
    "from": [ 3.5, 14.5, 22.5 ],
    "to": [ 5.5, 19.5, 23.5 ],
    "faces": {
        "down":  { "uv": [ 16, 16, 16, 16 ], "texture": "#hardened_clay_stained_yellow" },
        "up":    { "uv": [ 0, 16, 0, 16 ], "texture": "#hardened_clay_stained_yellow" },
        "north": { "uv": [ 16, 14, 16, 15 ], "texture": "#hardened_clay_stained_yellow" },
        "south": { "uv": [ 0, 14, 0, 15 ], "texture": "#hardened_clay_stained_yellow" },
        "west":  { "uv": [ 16, 14, 16, 15 ], "texture": "#hardened_clay_stained_yellow" },
        "east":  { "uv": [ 0, 14, 0, 15 ], "texture": "#hardened_clay_stained_yellow" }
    }
},
{
    "__comment": "goudenrandje*",
    "from": [ 10.5, 14.5, 22.5 ],
    "to": [ 12.5, 19.5, 23.5 ],
    "faces": {
        "down":  { "uv": [ 16, 16, 16, 16 ], "texture": "#hardened_clay_stained_yellow" },
        "up":    { "uv": [ 0, 16, 0, 16 ], "texture": "#hardened_clay_stained_yellow" },
        "north": { "uv": [ 16, 14, 16, 15 ], "texture": "#hardened_clay_stained_yellow" },
        "south": { "uv": [ 0, 14, 0, 15 ], "texture": "#hardened_clay_stained_yellow" },
        "west":  { "uv": [ 16, 14, 16, 15 ], "texture": "#hardened_clay_stained_yellow" },
        "east":  { "uv": [ 0, 14, 0, 15 ], "texture": "#hardened_clay_stained_yellow" }
    }
},
{
    "__comment": "onderkant*",
    "from": [ 5.5, 19.125, 24.9375 ],
    "to": [ 10.5, 24.125, 25.9375 ],
    "rotation": { "origin": [ 5.5, 24.125, 24.9375 ], "axis": "x", "angle": 22.5 },
    "faces": {
        "down":  { "uv": [ 16, 14.5, 0, 2 ], "texture": "#texture" },
        "up":    { "uv": [ 0, 2, 16, 14.5 ], "texture": "#texture" },
        "north": { "uv": [ 0, 15, 16, 16 ], "texture": "#texture" },
        "south": { "uv": [ 0, 15, 16, 16 ], "texture": "#texture" },
        "west":  { "uv": [ 2, 15, 14.5, 16 ], "texture": "#texture" },
        "east":  { "uv": [ 1.5, 15, 14, 16 ], "texture": "#texture" }
    }
},
{
    "__comment": "onderkant*",
    "from": [ 7, 19, 25.5 ],
    "to": [ 9, 24, 27 ],
    "rotation": { "origin": [ 7, 24, 25.5 ], "axis": "x", "angle": 22.5 },
    "faces": {
        "down":  { "uv": [ 16, 14.5, 0, 2 ], "texture": "#texture" },
        "up":    { "uv": [ 0, 2, 16, 14.5 ], "texture": "#texture" },
        "north": { "uv": [ 0, 15, 16, 16 ], "texture": "#texture" },
        "south": { "uv": [ 0, 15, 16, 16 ], "texture": "#texture" },
        "west":  { "uv": [ 2, 15, 14.5, 16 ], "texture": "#texture" },
        "east":  { "uv": [ 1.5, 15, 14, 16 ], "texture": "#texture" }
    }
},
{
    "__comment": "goudenrandje*",
    "from": [ 5, 19.1875, 24.25 ],
    "to": [ 7, 23.6875, 25.25 ],
    "rotation": { "origin": [ 5, 23.6875, 24.25 ], "axis": "x", "angle": 22.5 },
    "faces": {
        "down":  { "uv": [ 16, 16, 16, 16 ], "texture": "#hardened_clay_stained_yellow" },
        "up":    { "uv": [ 0, 16, 0, 16 ], "texture": "#hardened_clay_stained_yellow" },
        "north": { "uv": [ 16, 14, 16, 15 ], "texture": "#hardened_clay_stained_yellow" },
        "south": { "uv": [ 0, 14, 0, 15 ], "texture": "#hardened_clay_stained_yellow" },
        "west":  { "uv": [ 16, 14, 16, 15 ], "texture": "#hardened_clay_stained_yellow" },
        "east":  { "uv": [ 0, 14, 0, 15 ], "texture": "#hardened_clay_stained_yellow" }
    }
},
{
    "__comment": "goudenrandje*",
    "from": [ 9, 19.1875, 24.25 ],
    "to": [ 11, 23.6875, 25.25 ],
    "rotation": { "origin": [ 9, 23.6875, 24.25 ], "axis": "x", "angle": 22.5 },
    "faces": {
        "down":  { "uv": [ 16, 16, 16, 16 ], "texture": "#hardened_clay_stained_yellow" },
        "up":    { "uv": [ 0, 16, 0, 16 ], "texture": "#hardened_clay_stained_yellow" },
        "north": { "uv": [ 16, 14, 16, 15 ], "texture": "#hardened_clay_stained_yellow" },
        "south": { "uv": [ 0, 14, 0, 15 ], "texture": "#hardened_clay_stained_yellow" },
        "west":  { "uv": [ 16, 14, 16, 15 ], "texture": "#hardened_clay_stained_yellow" },
        "east":  { "uv": [ 0, 14, 0, 15 ], "texture": "#hardened_clay_stained_yellow" }
    }
},
{
    "__comment": "goudenrandje*",
    "from": [ 0.5, 6, 21.5 ],
    "to": [ 2.5, 7, 25.5 ],
    "faces": {
        "down":  { "uv": [ 16, 16, 16, 16 ], "texture": "#hardened_clay_stained_yellow" },
        "up":    { "uv": [ 0, 16, 0, 16 ], "texture": "#hardened_clay_stained_yellow" },
        "north": { "uv": [ 16, 14, 16, 15 ], "texture": "#hardened_clay_stained_yellow" },
        "south": { "uv": [ 0, 14, 0, 15 ], "texture": "#hardened_clay_stained_yellow" },
        "west":  { "uv": [ 16, 14, 16, 15 ], "texture": "#hardened_clay_stained_yellow" },
        "east":  { "uv": [ 0, 14, 0, 15 ], "texture": "#hardened_clay_stained_yellow" }
    }
},
{
    "__comment": "goudenrandje*",
    "from": [ 13.5, 6, 21.5 ],
    "to": [ 15.5, 7, 25.5 ],
    "faces": {
        "down":  { "uv": [ 16, 16, 16, 16 ], "texture": "#hardened_clay_stained_yellow" },
        "up":    { "uv": [ 0, 16, 0, 16 ], "texture": "#hardened_clay_stained_yellow" },
        "north": { "uv": [ 16, 14, 16, 15 ], "texture": "#hardened_clay_stained_yellow" },
        "south": { "uv": [ 0, 14, 0, 15 ], "texture": "#hardened_clay_stained_yellow" },
        "west":  { "uv": [ 16, 14, 16, 15 ], "texture": "#hardened_clay_stained_yellow" },
        "east":  { "uv": [ 0, 14, 0, 15 ], "texture": "#hardened_clay_stained_yellow" }
    }
},
{
    "__comment": "bolleke",
    "from": [ 5, 23.625, 24.9375 ],
    "to": [ 11, 27.625, 28.9375 ],
    "rotation": { "origin": [ 5, 27.625, 24.9375 ], "axis": "x", "angle": 22.5 },
    "faces": {
        "down":  { "uv": [ 0.5, 16, 0, 16 ], "texture": "#hardened_clay_stained_yellow" },
        "up":    { "uv": [ 15.5, 16, 16, 16 ], "texture": "#hardened_clay_stained_yellow" },
        "north": { "uv": [ 0, 0, 0.5, 0 ], "texture": "#hardened_clay_stained_yellow" },
        "south": { "uv": [ 15.5, 0, 16, 0 ], "texture": "#hardened_clay_stained_yellow" },
        "west":  { "uv": [ 16, 0, 16, 0 ], "texture": "#hardened_clay_stained_yellow" },
        "east":  { "uv": [ 0, 0, 0, 0 ], "texture": "#hardened_clay_stained_yellow" }
    }
},
{
    "__comment": "bolleke*",
    "from": [ 4.5, 23.9375, 25.1875 ],
    "to": [ 11.5, 26.9375, 28.1875 ],
    "rotation": { "origin": [ 4.5, 26.9375, 25.1875 ], "axis": "x", "angle": 22.5 },
    "faces": {
        "down":  { "uv": [ 0.5, 16, 0, 16 ], "texture": "#hardened_clay_stained_yellow" },
        "up":    { "uv": [ 15.5, 16, 16, 16 ], "texture": "#hardened_clay_stained_yellow" },
        "north": { "uv": [ 0, 0, 0.5, 0 ], "texture": "#hardened_clay_stained_yellow" },
        "south": { "uv": [ 15.5, 0, 16, 0 ], "texture": "#hardened_clay_stained_yellow" },
        "west":  { "uv": [ 16, 0, 16, 0 ], "texture": "#hardened_clay_stained_yellow" },
        "east":  { "uv": [ 0, 0, 0, 0 ], "texture": "#hardened_clay_stained_yellow" }
    }
},
{
    "from": [ -2, -6, 3 ],
    "to": [ -1, 1, 3.5 ],
    "rotation": { "origin": [ -2, 1, 3 ], "axis": "x", "angle": 22.5 },
    "faces": {
        "down":  { "uv": [ 16, 4.5, 16, 4 ], "texture": "#stone_slab_top" },
        "up":    { "uv": [ 0, 4, 0, 4.5 ], "texture": "#stone_slab_top" },
        "north": { "uv": [ 16, 16, 16, 16 ], "texture": "#stone_slab_top" },
        "south": { "uv": [ 0, 16, 0, 16 ], "texture": "#stone_slab_top" },
        "west":  { "uv": [ 4, 16, 4.5, 16 ], "texture": "#stone_slab_top" },
        "east":  { "uv": [ 11.5, 16, 12, 16 ], "texture": "#stone_slab_top" }
    }
},
{
    "from": [ -3, 0.5, 3 ],
    "to": [ 19, 1, 4 ],
    "rotation": { "origin": [ -3, 1, 3 ], "axis": "x", "angle": 22.5 },
    "faces": {
        "down":  { "uv": [ 16, 4.5, 16, 4 ], "texture": "#stone_slab_top" },
        "up":    { "uv": [ 0, 4, 0, 4.5 ], "texture": "#stone_slab_top" },
        "north": { "uv": [ 16, 16, 16, 16 ], "texture": "#stone_slab_top" },
        "south": { "uv": [ 0, 16, 0, 16 ], "texture": "#stone_slab_top" },
        "west":  { "uv": [ 4, 16, 4.5, 16 ], "texture": "#stone_slab_top" },
        "east":  { "uv": [ 11.5, 16, 12, 16 ], "texture": "#stone_slab_top" }
    }
},
{
    "from": [ 7.5, -6, 3 ],
    "to": [ 8.5, 1, 3.5 ],
    "rotation": { "origin": [ 7.5, 1, 3 ], "axis": "x", "angle": 22.5 },
    "faces": {
        "down":  { "uv": [ 16, 4.5, 16, 4 ], "texture": "#stone_slab_top" },
        "up":    { "uv": [ 0, 4, 0, 4.5 ], "texture": "#stone_slab_top" },
        "north": { "uv": [ 16, 16, 16, 16 ], "texture": "#stone_slab_top" },
        "south": { "uv": [ 0, 16, 0, 16 ], "texture": "#stone_slab_top" },
        "west":  { "uv": [ 4, 16, 4.5, 16 ], "texture": "#stone_slab_top" },
        "east":  { "uv": [ 11.5, 16, 12, 16 ], "texture": "#stone_slab_top" }
    }
},
{
    "from": [ 17, -6, 3 ],
    "to": [ 18, 1, 3.5 ],
    "rotation": { "origin": [ 17, 1, 3 ], "axis": "x", "angle": 22.5 },
    "faces": {
        "down":  { "uv": [ 16, 4.5, 16, 4 ], "texture": "#stone_slab_top" },
        "up":    { "uv": [ 0, 4, 0, 4.5 ], "texture": "#stone_slab_top" },
        "north": { "uv": [ 16, 16, 16, 16 ], "texture": "#stone_slab_top" },
        "south": { "uv": [ 0, 16, 0, 16 ], "texture": "#stone_slab_top" },
        "west":  { "uv": [ 4, 16, 4.5, 16 ], "texture": "#stone_slab_top" },
        "east":  { "uv": [ 11.5, 16, 12, 16 ], "texture": "#stone_slab_top" }
    }
},
{
    "from": [ -2, 4, 13 ],
    "to": [ 18, 4.5, 14 ],
    "rotation": { "origin": [ -2, 4.5, 13 ], "axis": "x", "angle": 22.5 },
    "faces": {
        "down":  { "uv": [ 16, 4.5, 16, 4 ], "texture": "#stone_slab_top" },
        "up":    { "uv": [ 0, 4, 0, 4.5 ], "texture": "#stone_slab_top" },
        "north": { "uv": [ 16, 16, 16, 16 ], "texture": "#stone_slab_top" },
        "south": { "uv": [ 0, 16, 0, 16 ], "texture": "#stone_slab_top" },
        "west":  { "uv": [ 4, 16, 4.5, 16 ], "texture": "#stone_slab_top" },
        "east":  { "uv": [ 11.5, 16, 12, 16 ], "texture": "#stone_slab_top" }
    }
},
{
    "from": [ -1, -2.5, 13 ],
    "to": [ 0, 4.5, 13.5 ],
    "rotation": { "origin": [ -1, 4.5, 13 ], "axis": "x", "angle": 22.5 },
    "faces": {
        "down":  { "uv": [ 16, 4.5, 16, 4 ], "texture": "#stone_slab_top" },
        "up":    { "uv": [ 0, 4, 0, 4.5 ], "texture": "#stone_slab_top" },
        "north": { "uv": [ 16, 16, 16, 16 ], "texture": "#stone_slab_top" },
        "south": { "uv": [ 0, 16, 0, 16 ], "texture": "#stone_slab_top" },
        "west":  { "uv": [ 4, 16, 4.5, 16 ], "texture": "#stone_slab_top" },
        "east":  { "uv": [ 11.5, 16, 12, 16 ], "texture": "#stone_slab_top" }
    }
},
{
    "from": [ 16, -2.5, 13 ],
    "to": [ 17, 4.5, 13.5 ],
    "rotation": { "origin": [ 16, 4.5, 13 ], "axis": "x", "angle": 22.5 },
    "faces": {
        "down":  { "uv": [ 16, 4.5, 16, 4 ], "texture": "#stone_slab_top" },
        "up":    { "uv": [ 0, 4, 0, 4.5 ], "texture": "#stone_slab_top" },
        "north": { "uv": [ 16, 16, 16, 16 ], "texture": "#stone_slab_top" },
        "south": { "uv": [ 0, 16, 0, 16 ], "texture": "#stone_slab_top" },
        "west":  { "uv": [ 4, 16, 4.5, 16 ], "texture": "#stone_slab_top" },
        "east":  { "uv": [ 11.5, 16, 12, 16 ], "texture": "#stone_slab_top" }
    }
},
{
    "from": [ 7.5, -2.5, 13 ],
    "to": [ 8.5, 4.5, 13.5 ],
    "rotation": { "origin": [ 7.5, 4.5, 13 ], "axis": "x", "angle": 22.5 },
    "faces": {
        "down":  { "uv": [ 16, 4.5, 16, 4 ], "texture": "#stone_slab_top" },
        "up":    { "uv": [ 0, 4, 0, 4.5 ], "texture": "#stone_slab_top" },
        "north": { "uv": [ 16, 16, 16, 16 ], "texture": "#stone_slab_top" },
        "south": { "uv": [ 0, 16, 0, 16 ], "texture": "#stone_slab_top" },
        "west":  { "uv": [ 4, 16, 4.5, 16 ], "texture": "#stone_slab_top" },
        "east":  { "uv": [ 11.5, 16, 12, 16 ], "texture": "#stone_slab_top" }
    }
}
],
"display": {
    "head": {
        "rotation": [ 0, 0, 0 ],
        "translation": [ 0, 24, 24 ],
        "scale": [ 4, 4, 4 ]
    }
}
}