{
"__comment": "Designed by Kukamonda with BDcraft Cubik PRO 0.92 Beta - http://bdcraft.net",
"textures": {
    "texture": "blocks/hardened_clay_stained_light_blue",
    "wielen inner": "blocks/piston_inner",
    "cauldron_inner": "blocks/cauldron_inner",
    "anvil_base": "blocks/anvil_base",
    "frame": "blocks/fenrirzwart",
    "wielen": "blocks/coal_block",
    "remmen": "blocks/furnace_side",
    "minecart": "entity/minecart",
    "hopper_outside": "blocks/hopper_outside",
    "stone_slab_top": "blocks/coal_block",
    "stone_slab": "blocks/stone_slab_top",
    "bone_block_side": "blocks/bone_block_side"
},
"elements": [ 
{
    "__comment": "stoel",
    "from": [ 4, 3, 5 ],
    "to": [ 12, 4, 10 ],
    "faces": {
        "down":  { "uv": [ 0, 0, 16, 16 ], "texture": "#anvil_base" },
        "up":    { "uv": [ 0, 0, 16, 16 ], "texture": "#anvil_base" },
        "north": { "uv": [ 0, 0, 16, 16 ], "texture": "#anvil_base" },
        "south": { "uv": [ 0, 0, 16, 16 ], "texture": "#anvil_base" },
        "west":  { "uv": [ 0, 0, 16, 16 ], "texture": "#anvil_base" },
        "east":  { "uv": [ 0, 0, 16, 16 ], "texture": "#anvil_base" }
    }
},
{
    "__comment": "stoel*",
    "from": [ 7.5, 3.5625, 5.57018 ],
    "to": [ 8.5, 4.5625, 7.07018 ],
    "rotation": { "origin": [ 7.5, 4.5625, 5.57018 ], "axis": "x", "angle": 22.5 },
    "faces": {
        "down":  { "uv": [ 0, 0, 16, 16 ], "texture": "#anvil_base" },
        "up":    { "uv": [ 0, 0, 16, 16 ], "texture": "#anvil_base" },
        "north": { "uv": [ 0, 0, 16, 16 ], "texture": "#anvil_base" },
        "south": { "uv": [ 0, 0, 16, 16 ], "texture": "#anvil_base" },
        "west":  { "uv": [ 0, 0, 16, 16 ], "texture": "#anvil_base" },
        "east":  { "uv": [ 0, 0, 16, 16 ], "texture": "#anvil_base" }
    }
},
{
    "__comment": "stoel*",
    "from": [ 4, 2.67981, 4.0625 ],
    "to": [ 7.5, 3.67981, 5.0625 ],
    "rotation": { "origin": [ 4, 3.67981, 4.0625 ], "axis": "x", "angle": -22.5 },
    "faces": {
        "down":  { "uv": [ 0, 0, 16, 16 ], "texture": "#anvil_base" },
        "up":    { "uv": [ 0, 0, 16, 16 ], "texture": "#anvil_base" },
        "north": { "uv": [ 0, 0, 16, 16 ], "texture": "#anvil_base" },
        "south": { "uv": [ 0, 0, 16, 16 ], "texture": "#anvil_base" },
        "west":  { "uv": [ 0, 0, 16, 16 ], "texture": "#anvil_base" },
        "east":  { "uv": [ 0, 0, 16, 16 ], "texture": "#anvil_base" }
    }
},
{
    "__comment": "stoel*",
    "from": [ 4, 3.125, 10.8125 ],
    "to": [ 12, 5.125, 11.8125 ],
    "rotation": { "origin": [ 4, 5.125, 10.8125 ], "axis": "x", "angle": 45 },
    "faces": {
        "down":  { "uv": [ 0, 0, 16, 16 ], "texture": "#anvil_base" },
        "up":    { "uv": [ 0, 0, 16, 16 ], "texture": "#anvil_base" },
        "north": { "uv": [ 0, 0, 16, 16 ], "texture": "#anvil_base" },
        "south": { "uv": [ 0, 0, 16, 16 ], "texture": "#anvil_base" },
        "west":  { "uv": [ 0, 0, 16, 16 ], "texture": "#anvil_base" },
        "east":  { "uv": [ 0, 0, 16, 16 ], "texture": "#anvil_base" }
    }
},
{
    "__comment": "stoel*",
    "from": [ 4, 4.5, 11.5 ],
    "to": [ 12, 7, 12.5 ],
    "rotation": { "origin": [ 4, 7, 11.5 ], "axis": "x", "angle": 22.5 },
    "faces": {
        "down":  { "uv": [ 0, 0, 16, 16 ], "texture": "#anvil_base" },
        "up":    { "uv": [ 0, 0, 16, 16 ], "texture": "#anvil_base" },
        "north": { "uv": [ 0, 0, 16, 16 ], "texture": "#anvil_base" },
        "south": { "uv": [ 0, 0, 16, 16 ], "texture": "#anvil_base" },
        "west":  { "uv": [ 0, 0, 16, 16 ], "texture": "#anvil_base" },
        "east":  { "uv": [ 0, 0, 16, 16 ], "texture": "#anvil_base" }
    }
},
{
    "__comment": "stoel*",
    "from": [ 4, 6.5, 11.5 ],
    "to": [ 12, 12, 12.5 ],
    "faces": {
        "down":  { "uv": [ 0, 0, 16, 16 ], "texture": "#anvil_base" },
        "up":    { "uv": [ 0, 0, 16, 16 ], "texture": "#anvil_base" },
        "north": { "uv": [ 0, 0, 16, 16 ], "texture": "#anvil_base" },
        "south": { "uv": [ 0, 0, 16, 16 ], "texture": "#anvil_base" },
        "west":  { "uv": [ 0, 0, 16, 16 ], "texture": "#anvil_base" },
        "east":  { "uv": [ 0, 0, 16, 16 ], "texture": "#anvil_base" }
    }
},
{
    "__comment": "stoel*",
    "from": [ 5, 11, 11.5 ],
    "to": [ 11, 15.5, 12.5 ],
    "faces": {
        "down":  { "uv": [ 0, 0, 16, 16 ], "texture": "#anvil_base" },
        "up":    { "uv": [ 0, 0, 16, 16 ], "texture": "#anvil_base" },
        "north": { "uv": [ 0, 0, 16, 16 ], "texture": "#anvil_base" },
        "south": { "uv": [ 0, 0, 16, 16 ], "texture": "#anvil_base" },
        "west":  { "uv": [ 0, 0, 16, 16 ], "texture": "#anvil_base" },
        "east":  { "uv": [ 0, 0, 16, 16 ], "texture": "#anvil_base" }
    }
},
{
    "__comment": "stoel*",
    "from": [ 5.5, 11.5, 11.5 ],
    "to": [ 6.5, 15.5, 12.5 ],
    "rotation": { "origin": [ 5.5, 15.5, 11.5 ], "axis": "z", "angle": -22.5 },
    "faces": {
        "down":  { "uv": [ 0, 0, 16, 16 ], "texture": "#anvil_base" },
        "up":    { "uv": [ 0, 0, 16, 16 ], "texture": "#anvil_base" },
        "north": { "uv": [ 0, 0, 16, 16 ], "texture": "#anvil_base" },
        "south": { "uv": [ 0, 0, 16, 16 ], "texture": "#anvil_base" },
        "west":  { "uv": [ 0, 0, 16, 16 ], "texture": "#anvil_base" },
        "east":  { "uv": [ 0, 0, 16, 16 ], "texture": "#anvil_base" }
    }
},
{
    "__comment": "stoel*",
    "from": [ 9.5, 11, 11.5 ],
    "to": [ 10.5, 15, 12.5 ],
    "rotation": { "origin": [ 9.5, 15, 11.5 ], "axis": "z", "angle": 22.5 },
    "faces": {
        "down":  { "uv": [ 0, 0, 16, 16 ], "texture": "#anvil_base" },
        "up":    { "uv": [ 0, 0, 16, 16 ], "texture": "#anvil_base" },
        "north": { "uv": [ 0, 0, 16, 16 ], "texture": "#anvil_base" },
        "south": { "uv": [ 0, 0, 16, 16 ], "texture": "#anvil_base" },
        "west":  { "uv": [ 0, 0, 16, 16 ], "texture": "#anvil_base" },
        "east":  { "uv": [ 0, 0, 16, 16 ], "texture": "#anvil_base" }
    }
},
{
    "__comment": "stoel*",
    "from": [ 6, 15.0548, 11 ],
    "to": [ 10, 16.0548, 12 ],
    "rotation": { "origin": [ 6, 16.0548, 11 ], "axis": "x", "angle": -22.5 },
    "faces": {
        "down":  { "uv": [ 0, 0, 16, 16 ], "texture": "#anvil_base" },
        "up":    { "uv": [ 0, 0, 16, 16 ], "texture": "#anvil_base" },
        "north": { "uv": [ 0, 0, 16, 16 ], "texture": "#anvil_base" },
        "south": { "uv": [ 0, 0, 16, 16 ], "texture": "#anvil_base" },
        "west":  { "uv": [ 0, 0, 16, 16 ], "texture": "#anvil_base" },
        "east":  { "uv": [ 0, 0, 16, 16 ], "texture": "#anvil_base" }
    }
},
{
    "__comment": "stoel*",
    "from": [ 6, 16, 11 ],
    "to": [ 10, 20.5, 12 ],
    "faces": {
        "down":  { "uv": [ 0, 0, 16, 16 ], "texture": "#anvil_base" },
        "up":    { "uv": [ 0, 0, 16, 16 ], "texture": "#anvil_base" },
        "north": { "uv": [ 0, 0, 16, 16 ], "texture": "#anvil_base" },
        "south": { "uv": [ 0, 0, 16, 16 ], "texture": "#anvil_base" },
        "west":  { "uv": [ 0, 0, 16, 16 ], "texture": "#anvil_base" },
        "east":  { "uv": [ 0, 0, 16, 16 ], "texture": "#anvil_base" }
    }
},
{
    "__comment": "Stoel frame*",
    "from": [ 4.5, 2, 7 ],
    "to": [ 11.5, 3, 10 ],
    "faces": {
        "down":  { "uv": [ 16, 10, 10, 6.5 ], "texture": "#stone_slab_top" },
        "up":    { "uv": [ 0, 6.5, 6, 10 ], "texture": "#stone_slab_top" },
        "north": { "uv": [ 10, 8, 16, 9 ], "texture": "#stone_slab_top" },
        "south": { "uv": [ 0, 8, 6, 9 ], "texture": "#stone_slab_top" },
        "west":  { "uv": [ 6.5, 8, 10, 9 ], "texture": "#stone_slab_top" },
        "east":  { "uv": [ 6, 8, 9.5, 9 ], "texture": "#stone_slab_top" }
    }
},
{
    "__comment": "stoel*",
    "from": [ 8.5, 2.67981, 4.125 ],
    "to": [ 12, 3.67981, 5.125 ],
    "rotation": { "origin": [ 8.5, 3.67981, 4.125 ], "axis": "x", "angle": -22.5 },
    "faces": {
        "down":  { "uv": [ 0, 0, 16, 16 ], "texture": "#anvil_base" },
        "up":    { "uv": [ 0, 0, 16, 16 ], "texture": "#anvil_base" },
        "north": { "uv": [ 0, 0, 16, 16 ], "texture": "#anvil_base" },
        "south": { "uv": [ 0, 0, 16, 16 ], "texture": "#anvil_base" },
        "west":  { "uv": [ 0, 0, 16, 16 ], "texture": "#anvil_base" },
        "east":  { "uv": [ 0, 0, 16, 16 ], "texture": "#anvil_base" }
    }
},
{
    "__comment": "Stoel frame*",
    "from": [ 6, 15.5, 12 ],
    "to": [ 10, 19, 13.5 ],
    "faces": {
        "down":  { "uv": [ 16, 13, 10.5, 12.5 ], "texture": "#stone_slab_top" },
        "up":    { "uv": [ 0, 12.5, 5.5, 13 ], "texture": "#stone_slab_top" },
        "north": { "uv": [ 10.5, 0, 16, 0 ], "texture": "#stone_slab_top" },
        "south": { "uv": [ 0, 0, 5.5, 0 ], "texture": "#stone_slab_top" },
        "west":  { "uv": [ 12.5, 0, 13, 0 ], "texture": "#stone_slab_top" },
        "east":  { "uv": [ 3, 0, 3.5, 0 ], "texture": "#stone_slab_top" }
    }
},
{
    "__comment": "Stoel frame*",
    "from": [ 6.5, 17.3768, 11 ],
    "to": [ 9.5, 19.3768, 12.5 ],
    "rotation": { "origin": [ 6.5, 19.3768, 11 ], "axis": "x", "angle": -45 },
    "faces": {
        "down":  { "uv": [ 16, 13, 10.5, 12.5 ], "texture": "#stone_slab_top" },
        "up":    { "uv": [ 0, 12.5, 5.5, 13 ], "texture": "#stone_slab_top" },
        "north": { "uv": [ 10.5, 0, 16, 0 ], "texture": "#stone_slab_top" },
        "south": { "uv": [ 0, 0, 5.5, 0 ], "texture": "#stone_slab_top" },
        "west":  { "uv": [ 12.5, 0, 13, 0 ], "texture": "#stone_slab_top" },
        "east":  { "uv": [ 3, 0, 3.5, 0 ], "texture": "#stone_slab_top" }
    }
},
{
    "__comment": "Stoel frame*",
    "from": [ 6, 14.375, 12.5625 ],
    "to": [ 10, 15.875, 13.5625 ],
    "rotation": { "origin": [ 6, 15.875, 12.5625 ], "axis": "x", "angle": 22.5 },
    "faces": {
        "down":  { "uv": [ 16, 13, 10.5, 12.5 ], "texture": "#stone_slab_top" },
        "up":    { "uv": [ 0, 12.5, 5.5, 13 ], "texture": "#stone_slab_top" },
        "north": { "uv": [ 10.5, 0, 16, 0 ], "texture": "#stone_slab_top" },
        "south": { "uv": [ 0, 0, 5.5, 0 ], "texture": "#stone_slab_top" },
        "west":  { "uv": [ 12.5, 0, 13, 0 ], "texture": "#stone_slab_top" },
        "east":  { "uv": [ 3, 0, 3.5, 0 ], "texture": "#stone_slab_top" }
    }
},
{
    "__comment": "stoel*",
    "from": [ 3, 3.00369, 8 ],
    "to": [ 4, 5.00369, 11 ],
    "rotation": { "origin": [ 3, 5.00369, 8 ], "axis": "x", "angle": -45 },
    "faces": {
        "down":  { "uv": [ 0, 0, 16, 16 ], "texture": "#anvil_base" },
        "up":    { "uv": [ 0, 0, 16, 16 ], "texture": "#anvil_base" },
        "north": { "uv": [ 0, 0, 16, 16 ], "texture": "#anvil_base" },
        "south": { "uv": [ 0, 0, 16, 16 ], "texture": "#anvil_base" },
        "west":  { "uv": [ 0, 0, 16, 16 ], "texture": "#anvil_base" },
        "east":  { "uv": [ 0, 0, 16, 16 ], "texture": "#anvil_base" }
    }
},
{
    "__comment": "stoel*",
    "from": [ 12, 3.00369, 8 ],
    "to": [ 13, 5.00369, 11 ],
    "rotation": { "origin": [ 12, 5.00369, 8 ], "axis": "x", "angle": -45 },
    "faces": {
        "down":  { "uv": [ 0, 0, 16, 16 ], "texture": "#anvil_base" },
        "up":    { "uv": [ 0, 0, 16, 16 ], "texture": "#anvil_base" },
        "north": { "uv": [ 0, 0, 16, 16 ], "texture": "#anvil_base" },
        "south": { "uv": [ 0, 0, 16, 16 ], "texture": "#anvil_base" },
        "west":  { "uv": [ 0, 0, 16, 16 ], "texture": "#anvil_base" },
        "east":  { "uv": [ 0, 0, 16, 16 ], "texture": "#anvil_base" }
    }
},
{
    "__comment": "Stoel frame*",
    "from": [ 5.5, 3.5, 12 ],
    "to": [ 10.5, 15.5, 14.5 ],
    "faces": {
        "down":  { "uv": [ 14.5, 13, 12.5, 12 ], "texture": "#stone_slab_top" },
        "up":    { "uv": [ 1.5, 12, 3.5, 13 ], "texture": "#stone_slab_top" },
        "north": { "uv": [ 12.5, 0, 14.5, 6 ], "texture": "#stone_slab_top" },
        "south": { "uv": [ 1.5, 0, 3.5, 6 ], "texture": "#stone_slab_top" },
        "west":  { "uv": [ 12, 0, 13, 6 ], "texture": "#stone_slab_top" },
        "east":  { "uv": [ 3, 0, 4, 6 ], "texture": "#stone_slab_top" }
    }
},
{
    "__comment": "Stoel frame*",
    "from": [ 5.5, 2, 12 ],
    "to": [ 10.5, 6, 15.5 ],
    "rotation": { "origin": [ 5.5, 6, 12 ], "axis": "x", "angle": 45 },
    "faces": {
        "down":  { "uv": [ 14.5, 13, 12.5, 12 ], "texture": "#stone_slab_top" },
        "up":    { "uv": [ 1.5, 12, 3.5, 13 ], "texture": "#stone_slab_top" },
        "north": { "uv": [ 12.5, 5.5, 14.5, 9.5 ], "texture": "#stone_slab_top" },
        "south": { "uv": [ 1.5, 5.5, 3.5, 9.5 ], "texture": "#stone_slab_top" },
        "west":  { "uv": [ 12, 5.5, 13, 9.5 ], "texture": "#stone_slab_top" },
        "east":  { "uv": [ 3, 5.5, 4, 9.5 ], "texture": "#stone_slab_top" }
    }
},
{
    "__comment": "Stoel frame*",
    "from": [ 5.5, 0.5, 11.5 ],
    "to": [ 10.5, 4, 13.5 ],
    "rotation": { "origin": [ 5.5, 4, 11.5 ], "axis": "x", "angle": 22.5 },
    "faces": {
        "down":  { "uv": [ 14.5, 9, 12.5, 7 ], "texture": "#stone_slab_top" },
        "up":    { "uv": [ 1.5, 7, 3.5, 9 ], "texture": "#stone_slab_top" },
        "north": { "uv": [ 12.5, 8, 14.5, 11.5 ], "texture": "#stone_slab_top" },
        "south": { "uv": [ 1.5, 8, 3.5, 11.5 ], "texture": "#stone_slab_top" },
        "west":  { "uv": [ 7, 8, 9, 11.5 ], "texture": "#stone_slab_top" },
        "east":  { "uv": [ 7, 8, 9, 11.5 ], "texture": "#stone_slab_top" }
    }
},
{
    "__comment": "Stoel frame*",
    "from": [ 5.5, 0, 6.5 ],
    "to": [ 10.5, 3, 12 ],
    "faces": {
        "down":  { "uv": [ 14.5, 9, 12.5, 7 ], "texture": "#stone_slab_top" },
        "up":    { "uv": [ 1.5, 7, 3.5, 9 ], "texture": "#stone_slab_top" },
        "north": { "uv": [ 12.5, 8, 14.5, 11.5 ], "texture": "#stone_slab_top" },
        "south": { "uv": [ 1.5, 8, 3.5, 11.5 ], "texture": "#stone_slab_top" },
        "west":  { "uv": [ 7, 8, 9, 11.5 ], "texture": "#stone_slab_top" },
        "east":  { "uv": [ 7, 8, 9, 11.5 ], "texture": "#stone_slab_top" }
    }
},
{
    "__comment": "Stoel frame*",
    "from": [ 5.5, -0.5, 5 ],
    "to": [ 10.5, 3, 7 ],
    "rotation": { "origin": [ 5.5, 3, 5 ], "axis": "x", "angle": -22.5 },
    "faces": {
        "down":  { "uv": [ 14.5, 9, 12.5, 7 ], "texture": "#stone_slab_top" },
        "up":    { "uv": [ 1.5, 7, 3.5, 9 ], "texture": "#stone_slab_top" },
        "north": { "uv": [ 12.5, 8, 14.5, 11.5 ], "texture": "#stone_slab_top" },
        "south": { "uv": [ 1.5, 8, 3.5, 11.5 ], "texture": "#stone_slab_top" },
        "west":  { "uv": [ 7, 8, 9, 11.5 ], "texture": "#stone_slab_top" },
        "east":  { "uv": [ 7, 8, 9, 11.5 ], "texture": "#stone_slab_top" }
    }
},
{
    "__comment": "achterwant",
    "from": [ 2, 5.5, 17 ],
    "to": [ 5.5, 28, 21 ],
    "faces": {
        "down":  { "uv": [ 14, 16, 10.5, 16 ], "texture": "#bone_block_side" },
        "up":    { "uv": [ 2, 16, 5.5, 16 ], "texture": "#bone_block_side" },
        "north": { "uv": [ 10.5, 0, 14, 10.5 ], "texture": "#bone_block_side" },
        "south": { "uv": [ 2, 0, 5.5, 10.5 ], "texture": "#bone_block_side" },
        "west":  { "uv": [ 16, 0, 16, 10.5 ], "texture": "#bone_block_side" },
        "east":  { "uv": [ 0, 0, 0, 10.5 ], "texture": "#bone_block_side" }
    }
},
{
    "__comment": "Stoel frame*",
    "from": [ 6, 3, 16.9516 ],
    "to": [ 7.5, 8.5, 18.4516 ],
    "rotation": { "origin": [ 6, 8.5, 16.9516 ], "axis": "x", "angle": 45 },
    "faces": {
        "down":  { "uv": [ 14.5, 13, 12.5, 12 ], "texture": "#stone_slab_top" },
        "up":    { "uv": [ 1.5, 12, 3.5, 13 ], "texture": "#stone_slab_top" },
        "north": { "uv": [ 12.5, 5.5, 14.5, 9.5 ], "texture": "#stone_slab_top" },
        "south": { "uv": [ 1.5, 5.5, 3.5, 9.5 ], "texture": "#stone_slab_top" },
        "west":  { "uv": [ 12, 5.5, 13, 9.5 ], "texture": "#stone_slab_top" },
        "east":  { "uv": [ 3, 5.5, 4, 9.5 ], "texture": "#stone_slab_top" }
    }
},
{
    "__comment": "Stoel frame*",
    "from": [ 8.5, 3, 16.9516 ],
    "to": [ 10, 8.5, 18.4516 ],
    "rotation": { "origin": [ 8.5, 8.5, 16.9516 ], "axis": "x", "angle": 45 },
    "faces": {
        "down":  { "uv": [ 14.5, 13, 12.5, 12 ], "texture": "#stone_slab_top" },
        "up":    { "uv": [ 1.5, 12, 3.5, 13 ], "texture": "#stone_slab_top" },
        "north": { "uv": [ 12.5, 5.5, 14.5, 9.5 ], "texture": "#stone_slab_top" },
        "south": { "uv": [ 1.5, 5.5, 3.5, 9.5 ], "texture": "#stone_slab_top" },
        "west":  { "uv": [ 12, 5.5, 13, 9.5 ], "texture": "#stone_slab_top" },
        "east":  { "uv": [ 3, 5.5, 4, 9.5 ], "texture": "#stone_slab_top" }
    }
},
{
    "__comment": "Stoel frame*",
    "from": [ 7.5, 14.5, 17.5 ],
    "to": [ 8.5, 27.5, 18.5 ],
    "rotation": { "origin": [ 7.5, 27.5, 17.5 ], "axis": "x", "angle": 22.5 },
    "faces": {
        "down":  { "uv": [ 14.5, 13, 12.5, 12 ], "texture": "#stone_slab_top" },
        "up":    { "uv": [ 1.5, 12, 3.5, 13 ], "texture": "#stone_slab_top" },
        "north": { "uv": [ 12.5, 5.5, 14.5, 9.5 ], "texture": "#stone_slab_top" },
        "south": { "uv": [ 1.5, 5.5, 3.5, 9.5 ], "texture": "#stone_slab_top" },
        "west":  { "uv": [ 12, 5.5, 13, 9.5 ], "texture": "#stone_slab_top" },
        "east":  { "uv": [ 3, 5.5, 4, 9.5 ], "texture": "#stone_slab_top" }
    }
},
{
    "__comment": "achterwant*",
    "from": [ 2, 28, 16.5 ],
    "to": [ 14, 28.5, 21.5 ],
    "faces": {
        "down":  { "uv": [ 14, 16, 2, 16 ], "texture": "#bone_block_side" },
        "up":    { "uv": [ 2, 16, 14, 16 ], "texture": "#bone_block_side" },
        "north": { "uv": [ 2, 0, 14, 0 ], "texture": "#bone_block_side" },
        "south": { "uv": [ 2, 0, 14, 0 ], "texture": "#bone_block_side" },
        "west":  { "uv": [ 16, 0, 16, 0 ], "texture": "#bone_block_side" },
        "east":  { "uv": [ 0, 0, 0, 0 ], "texture": "#bone_block_side" }
    }
},
{
    "__comment": "achterwant*",
    "from": [ 10.5, 5.5, 17 ],
    "to": [ 14, 28, 21 ],
    "faces": {
        "down":  { "uv": [ 5.5, 16, 2, 16 ], "texture": "#bone_block_side" },
        "up":    { "uv": [ 10.5, 16, 14, 16 ], "texture": "#bone_block_side" },
        "north": { "uv": [ 2, 0, 5.5, 10.5 ], "texture": "#bone_block_side" },
        "south": { "uv": [ 10.5, 0, 14, 10.5 ], "texture": "#bone_block_side" },
        "west":  { "uv": [ 16, 0, 16, 10.5 ], "texture": "#bone_block_side" },
        "east":  { "uv": [ 0, 0, 0, 10.5 ], "texture": "#bone_block_side" }
    }
},
{
    "__comment": "achterwant*",
    "from": [ 2, 5, 16.5 ],
    "to": [ 14, 5.5, 21.5 ],
    "faces": {
        "down":  { "uv": [ 14, 16, 2, 16 ], "texture": "#bone_block_side" },
        "up":    { "uv": [ 2, 16, 14, 16 ], "texture": "#bone_block_side" },
        "north": { "uv": [ 2, 10.5, 14, 11 ], "texture": "#bone_block_side" },
        "south": { "uv": [ 2, 10.5, 14, 11 ], "texture": "#bone_block_side" },
        "west":  { "uv": [ 16, 10.5, 16, 11 ], "texture": "#bone_block_side" },
        "east":  { "uv": [ 0, 10.5, 0, 11 ], "texture": "#bone_block_side" }
    }
},
{
    "__comment": "achterwant*",
    "from": [ 5, 22.5, 17 ],
    "to": [ 11, 28, 21 ],
    "faces": {
        "down":  { "uv": [ 11, 16, 5, 16 ], "texture": "#bone_block_side" },
        "up":    { "uv": [ 5, 16, 11, 16 ], "texture": "#bone_block_side" },
        "north": { "uv": [ 5, 0, 11, 0 ], "texture": "#bone_block_side" },
        "south": { "uv": [ 5, 0, 11, 0 ], "texture": "#bone_block_side" },
        "west":  { "uv": [ 16, 0, 16, 0 ], "texture": "#bone_block_side" },
        "east":  { "uv": [ 0, 0, 0, 0 ], "texture": "#bone_block_side" }
    }
},
{
    "__comment": "achterwant*",
    "from": [ 5, 5.5, 17 ],
    "to": [ 11, 12.5, 21 ],
    "faces": {
        "down":  { "uv": [ 11, 16, 5, 16 ], "texture": "#bone_block_side" },
        "up":    { "uv": [ 5, 16, 11, 16 ], "texture": "#bone_block_side" },
        "north": { "uv": [ 5, 3.5, 11, 10.5 ], "texture": "#bone_block_side" },
        "south": { "uv": [ 5, 3.5, 11, 10.5 ], "texture": "#bone_block_side" },
        "west":  { "uv": [ 16, 3.5, 16, 10.5 ], "texture": "#bone_block_side" },
        "east":  { "uv": [ 0, 3.5, 0, 10.5 ], "texture": "#bone_block_side" }
    }
},
{
    "__comment": "achterwant*",
    "from": [ 5.5, 12.5, 17 ],
    "to": [ 8.5, 14, 21 ],
    "rotation": { "origin": [ 5.5, 14, 17 ], "axis": "z", "angle": -45 },
    "faces": {
        "down":  { "uv": [ 2, 16, 0, 16 ], "texture": "#bone_block_side" },
        "up":    { "uv": [ 14, 16, 16, 16 ], "texture": "#bone_block_side" },
        "north": { "uv": [ 0, 0, 2, 0 ], "texture": "#bone_block_side" },
        "south": { "uv": [ 14, 0, 16, 0 ], "texture": "#bone_block_side" },
        "west":  { "uv": [ 16, 0, 16, 0 ], "texture": "#bone_block_side" },
        "east":  { "uv": [ 0, 0, 0, 0 ], "texture": "#bone_block_side" }
    }
},
{
    "__comment": "achterwant*",
    "from": [ 8.4375, 10.4375, 17 ],
    "to": [ 11.4375, 11.9375, 21 ],
    "rotation": { "origin": [ 8.4375, 11.9375, 17 ], "axis": "z", "angle": 45 },
    "faces": {
        "down":  { "uv": [ 2, 16, 0, 16 ], "texture": "#bone_block_side" },
        "up":    { "uv": [ 14, 16, 16, 16 ], "texture": "#bone_block_side" },
        "north": { "uv": [ 0, 0, 2, 0 ], "texture": "#bone_block_side" },
        "south": { "uv": [ 14, 0, 16, 0 ], "texture": "#bone_block_side" },
        "west":  { "uv": [ 16, 0, 16, 0 ], "texture": "#bone_block_side" },
        "east":  { "uv": [ 0, 0, 0, 0 ], "texture": "#bone_block_side" }
    }
},
{
    "__comment": "achterwant*",
    "from": [ 9.5, 22.625, 17 ],
    "to": [ 12.5, 24.125, 21 ],
    "rotation": { "origin": [ 9.5, 24.125, 17 ], "axis": "z", "angle": -45 },
    "faces": {
        "down":  { "uv": [ 2, 16, 0, 16 ], "texture": "#bone_block_side" },
        "up":    { "uv": [ 14, 16, 16, 16 ], "texture": "#bone_block_side" },
        "north": { "uv": [ 0, 0, 2, 0 ], "texture": "#bone_block_side" },
        "south": { "uv": [ 14, 0, 16, 0 ], "texture": "#bone_block_side" },
        "west":  { "uv": [ 16, 0, 16, 0 ], "texture": "#bone_block_side" },
        "east":  { "uv": [ 0, 0, 0, 0 ], "texture": "#bone_block_side" }
    }
},
{
    "__comment": "achterwant*",
    "from": [ 4.375, 20.5, 17 ],
    "to": [ 7.375, 22, 21 ],
    "rotation": { "origin": [ 4.375, 22, 17 ], "axis": "z", "angle": 45 },
    "faces": {
        "down":  { "uv": [ 2, 16, 0, 16 ], "texture": "#bone_block_side" },
        "up":    { "uv": [ 14, 16, 16, 16 ], "texture": "#bone_block_side" },
        "north": { "uv": [ 0, 0, 2, 0 ], "texture": "#bone_block_side" },
        "south": { "uv": [ 14, 0, 16, 0 ], "texture": "#bone_block_side" },
        "west":  { "uv": [ 16, 0, 16, 0 ], "texture": "#bone_block_side" },
        "east":  { "uv": [ 0, 0, 0, 0 ], "texture": "#bone_block_side" }
    }
},
{
    "__comment": "achterwant*",
    "from": [ 7, 24.5, 17 ],
    "to": [ 9, 27.5, 19 ],
    "rotation": { "origin": [ 7, 27.5, 17 ], "axis": "x", "angle": 22.5 },
    "faces": {
        "down":  { "uv": [ 9, 16, 7, 15 ], "texture": "#bone_block_side" },
        "up":    { "uv": [ 7, 15, 9, 16 ], "texture": "#bone_block_side" },
        "north": { "uv": [ 7, 0, 9, 0 ], "texture": "#bone_block_side" },
        "south": { "uv": [ 7, 0, 9, 0 ], "texture": "#bone_block_side" },
        "west":  { "uv": [ 15, 0, 16, 0 ], "texture": "#bone_block_side" },
        "east":  { "uv": [ 0, 0, 1, 0 ], "texture": "#bone_block_side" }
    }
}
],
"display": {
    "head": {
        "rotation": [ 0, 0, 0 ],
        "translation": [ 0, 8, -1 ],
        "scale": [ 2, 2, 2 ]
    }
}
}