{
"__comment": "Designed by Kukamonda with BDcraft Cubik PRO 0.92 Beta - http://bdcraft.net",
"textures": {
    "texture": "blocks/coal_block",
    "wielen inner": "blocks/piston_inner",
    "cauldron_inner": "blocks/cauldron_inner",
    "anvil_base": "blocks/anvil_base",
    "frame": "blocks/fenrirzwart",
    "wielen": "blocks/coal_block",
    "remmen": "blocks/furnace_side",
    "minecart": "entity/minecart",
    "hopper_outside": "blocks/hopper_outside",
    "stone_slab_top": "blocks/coal_block",
    "stone_slab": "blocks/stone_slab_top",
    "kar_frame": "blocks/anvil_base",
    "versiering": "blocks/magma"
},
"elements": [ 
{
    "__comment": "wieldop",
    "from": [ 4, 5.5, 6.25 ],
    "to": [ 4.75, 6.75, 7.5 ],
    "faces": {
        "down":  { "uv": [ 4, 4, 12, 12 ], "texture": "#wielen inner" },
        "up":    { "uv": [ 4, 4, 12, 12 ], "texture": "#wielen inner" },
        "north": { "uv": [ 4, 4, 12, 12 ], "texture": "#wielen inner" },
        "south": { "uv": [ 5, 5, 11, 11 ], "texture": "#wielen inner" },
        "west":  { "uv": [ 4, 4, 12, 12 ], "texture": "#wielen inner" },
        "east":  { "uv": [ 4, 4, 12, 12 ], "texture": "#wielen inner" }
    }
},
{
    "__comment": "wielen",
    "from": [ 4, 6.75, 6.25 ],
    "to": [ 4.75, 7, 7.5 ],
    "faces": {
        "down":  { "uv": [ 16, 16, 14.5, 16 ], "texture": "#anvil_base" },
        "up":    { "uv": [ 0, 16, 1.5, 16 ], "texture": "#anvil_base" },
        "north": { "uv": [ 14.5, 13, 16, 13.5 ], "texture": "#anvil_base" },
        "south": { "uv": [ 0, 13, 1.5, 13.5 ], "texture": "#anvil_base" },
        "west":  { "uv": [ 16, 13, 16, 13.5 ], "texture": "#anvil_base" },
        "east":  { "uv": [ 0, 13, 0, 13.5 ], "texture": "#anvil_base" }
    }
},
{
    "__comment": "wielen",
    "from": [ 4, 5.25, 6.25 ],
    "to": [ 4.75, 5.5, 7.5 ],
    "faces": {
        "down":  { "uv": [ 16, 16, 14.5, 16 ], "texture": "#anvil_base" },
        "up":    { "uv": [ 0, 16, 1.5, 16 ], "texture": "#anvil_base" },
        "north": { "uv": [ 14.5, 16, 16, 16 ], "texture": "#anvil_base" },
        "south": { "uv": [ 0, 16, 1.5, 16 ], "texture": "#anvil_base" },
        "west":  { "uv": [ 16, 16, 16, 16 ], "texture": "#anvil_base" },
        "east":  { "uv": [ 0, 16, 0, 16 ], "texture": "#anvil_base" }
    }
},
{
    "__comment": "wieldop",
    "from": [ 11.25, 5.5, 8.5 ],
    "to": [ 12, 6.75, 9.75 ],
    "faces": {
        "down":  { "uv": [ 4, 4, 12, 12 ], "texture": "#wielen inner" },
        "up":    { "uv": [ 4, 4, 12, 12 ], "texture": "#wielen inner" },
        "north": { "uv": [ 4, 4, 12, 12 ], "texture": "#wielen inner" },
        "south": { "uv": [ 4, 4, 12, 12 ], "texture": "#wielen inner" },
        "west":  { "uv": [ 4, 4, 12, 12 ], "texture": "#wielen inner" },
        "east":  { "uv": [ 4, 4, 12, 12 ], "texture": "#wielen inner" }
    }
},
{
    "__comment": "wielen*",
    "from": [ 12, 4.5, 6.5 ],
    "to": [ 12.25, 5, 7.5 ],
    "faces": {
        "down":  { "uv": [ 0, 16, 0, 16 ], "texture": "#anvil_base" },
        "up":    { "uv": [ 16, 16, 16, 16 ], "texture": "#anvil_base" },
        "north": { "uv": [ 0, 16, 0, 16 ], "texture": "#anvil_base" },
        "south": { "uv": [ 16, 16, 16, 16 ], "texture": "#anvil_base" },
        "west":  { "uv": [ 16, 16, 16, 16 ], "texture": "#anvil_base" },
        "east":  { "uv": [ 0, 16, 0, 16 ], "texture": "#anvil_base" }
    }
},
{
    "__comment": "wielen*",
    "from": [ 12.25, 4.5, 9.5 ],
    "to": [ 13.25, 5, 9.75 ],
    "faces": {
        "down":  { "uv": [ 15, 16, 14, 16 ], "texture": "#anvil_base" },
        "up":    { "uv": [ 1, 16, 2, 16 ], "texture": "#anvil_base" },
        "north": { "uv": [ 14, 16, 15, 16 ], "texture": "#anvil_base" },
        "south": { "uv": [ 1, 16, 2, 16 ], "texture": "#anvil_base" },
        "west":  { "uv": [ 16, 16, 16, 16 ], "texture": "#anvil_base" },
        "east":  { "uv": [ 0, 16, 0, 16 ], "texture": "#anvil_base" }
    }
},
{
    "__comment": "wielen*",
    "from": [ 4, 5.5, 6 ],
    "to": [ 4.75, 6.75, 6.25 ],
    "faces": {
        "down":  { "uv": [ 16, 16, 14.5, 16 ], "texture": "#anvil_base" },
        "up":    { "uv": [ 0, 16, 1.5, 16 ], "texture": "#anvil_base" },
        "north": { "uv": [ 14.5, 13.5, 16, 16 ], "texture": "#anvil_base" },
        "south": { "uv": [ 0, 13.5, 1.5, 16 ], "texture": "#anvil_base" },
        "west":  { "uv": [ 16, 13.5, 16, 16 ], "texture": "#anvil_base" },
        "east":  { "uv": [ 0, 13.5, 0, 16 ], "texture": "#anvil_base" }
    }
},
{
    "__comment": "wielen*",
    "from": [ 12.25, 4.5, 6.25 ],
    "to": [ 13.25, 5, 6.5 ],
    "faces": {
        "down":  { "uv": [ 0, 16, 0, 16 ], "texture": "#anvil_base" },
        "up":    { "uv": [ 16, 16, 16, 16 ], "texture": "#anvil_base" },
        "north": { "uv": [ 0, 16, 0, 16 ], "texture": "#anvil_base" },
        "south": { "uv": [ 16, 16, 16, 16 ], "texture": "#anvil_base" },
        "west":  { "uv": [ 16, 16, 16, 16 ], "texture": "#anvil_base" },
        "east":  { "uv": [ 0, 16, 0, 16 ], "texture": "#anvil_base" }
    }
},
{
    "__comment": "wielen*",
    "from": [ 4, 5.5, 7.5 ],
    "to": [ 4.75, 6.75, 7.75 ],
    "faces": {
        "down":  { "uv": [ 16, 16, 14.5, 16 ], "texture": "#anvil_base" },
        "up":    { "uv": [ 0, 16, 1.5, 16 ], "texture": "#anvil_base" },
        "north": { "uv": [ 14.5, 13.5, 16, 16 ], "texture": "#anvil_base" },
        "south": { "uv": [ 0, 13.5, 1.5, 16 ], "texture": "#anvil_base" },
        "west":  { "uv": [ 16, 13.5, 16, 16 ], "texture": "#anvil_base" },
        "east":  { "uv": [ 0, 13.5, 0, 16 ], "texture": "#anvil_base" }
    }
},
{
    "__comment": "wielkast*",
    "from": [ 3.75, 5.75, 6.75 ],
    "to": [ 4, 6.5, 9.25 ],
    "faces": {
        "down":  { "uv": [ 16, 16, 16, 16 ], "texture": "#stone_slab" },
        "up":    { "uv": [ 0, 16, 0, 16 ], "texture": "#stone_slab" },
        "north": { "uv": [ 16, 14, 16, 15.5 ], "texture": "#stone_slab" },
        "south": { "uv": [ 0, 14, 0, 15.5 ], "texture": "#stone_slab" },
        "west":  { "uv": [ 16, 14, 16, 15.5 ], "texture": "#stone_slab" },
        "east":  { "uv": [ 0, 14, 0, 15.5 ], "texture": "#stone_slab" }
    }
},
{
    "__comment": "wielen*",
    "from": [ 11.25, 5.5, 9.75 ],
    "to": [ 12, 6.75, 10 ],
    "faces": {
        "down":  { "uv": [ 1.5, 16, 0, 16 ], "texture": "#anvil_base" },
        "up":    { "uv": [ 14.5, 16, 16, 16 ], "texture": "#anvil_base" },
        "north": { "uv": [ 0, 13.5, 1.5, 16 ], "texture": "#anvil_base" },
        "south": { "uv": [ 14.5, 13.5, 16, 16 ], "texture": "#anvil_base" },
        "west":  { "uv": [ 16, 13.5, 16, 16 ], "texture": "#anvil_base" },
        "east":  { "uv": [ 0, 13.5, 0, 16 ], "texture": "#anvil_base" }
    }
},
{
    "__comment": "wielen*",
    "from": [ 11.25, 5.25, 8.5 ],
    "to": [ 12, 5.5, 9.75 ],
    "faces": {
        "down":  { "uv": [ 1.5, 16, 0, 16 ], "texture": "#anvil_base" },
        "up":    { "uv": [ 14.5, 16, 16, 16 ], "texture": "#anvil_base" },
        "north": { "uv": [ 0, 16, 1.5, 16 ], "texture": "#anvil_base" },
        "south": { "uv": [ 14.5, 16, 16, 16 ], "texture": "#anvil_base" },
        "west":  { "uv": [ 16, 16, 16, 16 ], "texture": "#anvil_base" },
        "east":  { "uv": [ 0, 16, 0, 16 ], "texture": "#anvil_base" }
    }
},
{
    "__comment": "wielen*",
    "from": [ 11.25, 6.75, 8.5 ],
    "to": [ 12, 7, 9.75 ],
    "faces": {
        "down":  { "uv": [ 1.5, 16, 0, 16 ], "texture": "#anvil_base" },
        "up":    { "uv": [ 14.5, 16, 16, 16 ], "texture": "#anvil_base" },
        "north": { "uv": [ 0, 13, 1.5, 13.5 ], "texture": "#anvil_base" },
        "south": { "uv": [ 14.5, 13, 16, 13.5 ], "texture": "#anvil_base" },
        "west":  { "uv": [ 16, 13, 16, 13.5 ], "texture": "#anvil_base" },
        "east":  { "uv": [ 0, 13, 0, 13.5 ], "texture": "#anvil_base" }
    }
},
{
    "__comment": "wielkast*",
    "from": [ 12, 5.75, 6.75 ],
    "to": [ 12.25, 6.5, 9.25 ],
    "faces": {
        "down":  { "uv": [ 0, 16, 0, 16 ], "texture": "#stone_slab" },
        "up":    { "uv": [ 16, 16, 16, 16 ], "texture": "#stone_slab" },
        "north": { "uv": [ 0, 14, 0, 15.5 ], "texture": "#stone_slab" },
        "south": { "uv": [ 16, 14, 16, 15.5 ], "texture": "#stone_slab" },
        "west":  { "uv": [ 16, 14, 16, 15.5 ], "texture": "#stone_slab" },
        "east":  { "uv": [ 0, 14, 0, 15.5 ], "texture": "#stone_slab" }
    }
},
{
    "__comment": "wielkast*",
    "from": [ 12.25, 6, 7.5 ],
    "to": [ 13.75, 6.5, 8.5 ],
    "rotation": { "origin": [ 12.25, 6.5, 7.5 ], "axis": "z", "angle": -45 },
    "faces": {
        "down":  { "uv": [ 16, 16, 15.5, 16 ], "texture": "#stone_slab" },
        "up":    { "uv": [ 0, 16, 0.5, 16 ], "texture": "#stone_slab" },
        "north": { "uv": [ 15.5, 11.5, 16, 12.5 ], "texture": "#stone_slab" },
        "south": { "uv": [ 0, 11.5, 0.5, 12.5 ], "texture": "#stone_slab" },
        "west":  { "uv": [ 16, 11.5, 16, 12.5 ], "texture": "#stone_slab" },
        "east":  { "uv": [ 0, 11.5, 0, 12.5 ], "texture": "#stone_slab" }
    }
},
{
    "__comment": "wielkast*",
    "from": [ 12.75, 5, 7.5 ],
    "to": [ 13.5, 5.5, 8.5 ],
    "faces": {
        "down":  { "uv": [ 16, 16, 15.5, 16 ], "texture": "#stone_slab" },
        "up":    { "uv": [ 0, 16, 0.5, 16 ], "texture": "#stone_slab" },
        "north": { "uv": [ 15.5, 11.5, 16, 12.5 ], "texture": "#stone_slab" },
        "south": { "uv": [ 0, 11.5, 0.5, 12.5 ], "texture": "#stone_slab" },
        "west":  { "uv": [ 16, 11.5, 16, 12.5 ], "texture": "#stone_slab" },
        "east":  { "uv": [ 0, 11.5, 0, 12.5 ], "texture": "#stone_slab" }
    }
},
{
    "__comment": "wielkast*",
    "from": [ 12.5, 4.25, 7 ],
    "to": [ 13.25, 4.5, 9 ],
    "faces": {
        "down":  { "uv": [ 16, 16, 15.5, 16 ], "texture": "#stone_slab" },
        "up":    { "uv": [ 0, 16, 0.5, 16 ], "texture": "#stone_slab" },
        "north": { "uv": [ 15.5, 11.5, 16, 12.5 ], "texture": "#stone_slab" },
        "south": { "uv": [ 0, 11.5, 0.5, 12.5 ], "texture": "#stone_slab" },
        "west":  { "uv": [ 16, 11.5, 16, 12.5 ], "texture": "#stone_slab" },
        "east":  { "uv": [ 0, 11.5, 0, 12.5 ], "texture": "#stone_slab" }
    }
},
{
    "__comment": "wielkast*",
    "from": [ 13.25, 4.25, 7.75 ],
    "to": [ 13.5, 5.5, 8.25 ],
    "faces": {
        "down":  { "uv": [ 16, 16, 15.5, 16 ], "texture": "#stone_slab" },
        "up":    { "uv": [ 0, 16, 0.5, 16 ], "texture": "#stone_slab" },
        "north": { "uv": [ 15.5, 11.5, 16, 12.5 ], "texture": "#stone_slab" },
        "south": { "uv": [ 0, 11.5, 0.5, 12.5 ], "texture": "#stone_slab" },
        "west":  { "uv": [ 16, 11.5, 16, 12.5 ], "texture": "#stone_slab" },
        "east":  { "uv": [ 0, 11.5, 0, 12.5 ], "texture": "#stone_slab" }
    }
},
{
    "__comment": "wielkast*",
    "from": [ 12.5, 5, 7 ],
    "to": [ 13.25, 5.25, 9 ],
    "faces": {
        "down":  { "uv": [ 16, 16, 15.5, 16 ], "texture": "#stone_slab" },
        "up":    { "uv": [ 0, 16, 0.5, 16 ], "texture": "#stone_slab" },
        "north": { "uv": [ 15.5, 11.5, 16, 12.5 ], "texture": "#stone_slab" },
        "south": { "uv": [ 0, 11.5, 0.5, 12.5 ], "texture": "#stone_slab" },
        "west":  { "uv": [ 16, 11.5, 16, 12.5 ], "texture": "#stone_slab" },
        "east":  { "uv": [ 0, 11.5, 0, 12.5 ], "texture": "#stone_slab" }
    }
},
{
    "__comment": "wieldop",
    "from": [ 12.25, 4.5, 6.5 ],
    "to": [ 13.25, 5, 7.5 ],
    "faces": {
        "down":  { "uv": [ 4, 4, 12, 12 ], "texture": "#wielen inner" },
        "up":    { "uv": [ 4, 4, 12, 12 ], "texture": "#wielen inner" },
        "north": { "uv": [ 4, 4, 12, 12 ], "texture": "#wielen inner" },
        "south": { "uv": [ 4, 4, 12, 12 ], "texture": "#wielen inner" },
        "west":  { "uv": [ 4, 4, 12, 12 ], "texture": "#wielen inner" },
        "east":  { "uv": [ 4, 4, 12, 12 ], "texture": "#wielen inner" }
    }
},
{
    "__comment": "wielen*",
    "from": [ 11.25, 5.5, 8.25 ],
    "to": [ 12, 6.75, 8.5 ],
    "faces": {
        "down":  { "uv": [ 1.5, 16, 0, 16 ], "texture": "#anvil_base" },
        "up":    { "uv": [ 14.5, 16, 16, 16 ], "texture": "#anvil_base" },
        "north": { "uv": [ 0, 13.5, 1.5, 16 ], "texture": "#anvil_base" },
        "south": { "uv": [ 14.5, 13.5, 16, 16 ], "texture": "#anvil_base" },
        "west":  { "uv": [ 16, 13.5, 16, 16 ], "texture": "#anvil_base" },
        "east":  { "uv": [ 0, 13.5, 0, 16 ], "texture": "#anvil_base" }
    }
},
{
    "__comment": "wielen*",
    "from": [ 11.25, 5.5, 7.5 ],
    "to": [ 12, 6.75, 7.75 ],
    "faces": {
        "down":  { "uv": [ 1.5, 16, 0, 16 ], "texture": "#anvil_base" },
        "up":    { "uv": [ 14.5, 16, 16, 16 ], "texture": "#anvil_base" },
        "north": { "uv": [ 0, 13.5, 1.5, 16 ], "texture": "#anvil_base" },
        "south": { "uv": [ 14.5, 13.5, 16, 16 ], "texture": "#anvil_base" },
        "west":  { "uv": [ 16, 13.5, 16, 16 ], "texture": "#anvil_base" },
        "east":  { "uv": [ 0, 13.5, 0, 16 ], "texture": "#anvil_base" }
    }
},
{
    "__comment": "wielen*",
    "from": [ 11.25, 6.75, 6.25 ],
    "to": [ 12, 7, 7.5 ],
    "faces": {
        "down":  { "uv": [ 1.5, 16, 0, 16 ], "texture": "#anvil_base" },
        "up":    { "uv": [ 14.5, 16, 16, 16 ], "texture": "#anvil_base" },
        "north": { "uv": [ 0, 13, 1.5, 13.5 ], "texture": "#anvil_base" },
        "south": { "uv": [ 14.5, 13, 16, 13.5 ], "texture": "#anvil_base" },
        "west":  { "uv": [ 16, 13, 16, 13.5 ], "texture": "#anvil_base" },
        "east":  { "uv": [ 0, 13, 0, 13.5 ], "texture": "#anvil_base" }
    }
},
{
    "__comment": "wielen*",
    "from": [ 11.25, 5.25, 6.25 ],
    "to": [ 12, 5.5, 7.5 ],
    "faces": {
        "down":  { "uv": [ 1.5, 16, 0, 16 ], "texture": "#anvil_base" },
        "up":    { "uv": [ 14.5, 16, 16, 16 ], "texture": "#anvil_base" },
        "north": { "uv": [ 0, 16, 1.5, 16 ], "texture": "#anvil_base" },
        "south": { "uv": [ 14.5, 16, 16, 16 ], "texture": "#anvil_base" },
        "west":  { "uv": [ 16, 16, 16, 16 ], "texture": "#anvil_base" },
        "east":  { "uv": [ 0, 16, 0, 16 ], "texture": "#anvil_base" }
    }
},
{
    "__comment": "wielen*",
    "from": [ 11.25, 5.5, 6 ],
    "to": [ 12, 6.75, 6.25 ],
    "faces": {
        "down":  { "uv": [ 1.5, 16, 0, 16 ], "texture": "#anvil_base" },
        "up":    { "uv": [ 14.5, 16, 16, 16 ], "texture": "#anvil_base" },
        "north": { "uv": [ 0, 13.5, 1.5, 16 ], "texture": "#anvil_base" },
        "south": { "uv": [ 14.5, 13.5, 16, 16 ], "texture": "#anvil_base" },
        "west":  { "uv": [ 16, 13.5, 16, 16 ], "texture": "#anvil_base" },
        "east":  { "uv": [ 0, 13.5, 0, 16 ], "texture": "#anvil_base" }
    }
},
{
    "__comment": "wieldop",
    "from": [ 11.25, 5.5, 6.25 ],
    "to": [ 12, 6.75, 7.5 ],
    "faces": {
        "down":  { "uv": [ 4, 4, 12, 12 ], "texture": "#wielen inner" },
        "up":    { "uv": [ 4, 4, 12, 12 ], "texture": "#wielen inner" },
        "north": { "uv": [ 4, 4, 12, 12 ], "texture": "#wielen inner" },
        "south": { "uv": [ 4, 4, 12, 12 ], "texture": "#wielen inner" },
        "west":  { "uv": [ 4, 4, 12, 12 ], "texture": "#wielen inner" },
        "east":  { "uv": [ 4, 4, 12, 12 ], "texture": "#wielen inner" }
    }
},
{
    "__comment": "wielkast*",
    "from": [ 11.75, 6.5, 7.75 ],
    "to": [ 12.25, 8, 8.25 ],
    "faces": {
        "down":  { "uv": [ 16, 16, 15.5, 16 ], "texture": "#stone_slab" },
        "up":    { "uv": [ 0, 16, 0.5, 16 ], "texture": "#stone_slab" },
        "north": { "uv": [ 15.5, 11.5, 16, 12.5 ], "texture": "#stone_slab" },
        "south": { "uv": [ 0, 11.5, 0.5, 12.5 ], "texture": "#stone_slab" },
        "west":  { "uv": [ 16, 11.5, 16, 12.5 ], "texture": "#stone_slab" },
        "east":  { "uv": [ 0, 11.5, 0, 12.5 ], "texture": "#stone_slab" }
    }
},
{
    "__comment": "wielen*",
    "from": [ 13.25, 4.5, 6.5 ],
    "to": [ 13.5, 5, 7.5 ],
    "faces": {
        "down":  { "uv": [ 0, 16, 0, 16 ], "texture": "#anvil_base" },
        "up":    { "uv": [ 16, 16, 16, 16 ], "texture": "#anvil_base" },
        "north": { "uv": [ 0, 16, 0, 16 ], "texture": "#anvil_base" },
        "south": { "uv": [ 16, 16, 16, 16 ], "texture": "#anvil_base" },
        "west":  { "uv": [ 16, 16, 16, 16 ], "texture": "#anvil_base" },
        "east":  { "uv": [ 0, 16, 0, 16 ], "texture": "#anvil_base" }
    }
},
{
    "__comment": "wielen*",
    "from": [ 12.25, 4.5, 8.25 ],
    "to": [ 13.25, 5, 8.5 ],
    "faces": {
        "down":  { "uv": [ 0, 16, 0, 16 ], "texture": "#anvil_base" },
        "up":    { "uv": [ 16, 16, 16, 16 ], "texture": "#anvil_base" },
        "north": { "uv": [ 0, 16, 0, 16 ], "texture": "#anvil_base" },
        "south": { "uv": [ 16, 16, 16, 16 ], "texture": "#anvil_base" },
        "west":  { "uv": [ 16, 16, 16, 16 ], "texture": "#anvil_base" },
        "east":  { "uv": [ 0, 16, 0, 16 ], "texture": "#anvil_base" }
    }
},
{
    "__comment": "wieldop",
    "from": [ 12.25, 4.5, 8.5 ],
    "to": [ 13.25, 5, 9.5 ],
    "faces": {
        "down":  { "uv": [ 4, 4, 12, 12 ], "texture": "#wielen inner" },
        "up":    { "uv": [ 4, 4, 12, 12 ], "texture": "#wielen inner" },
        "north": { "uv": [ 4, 4, 12, 12 ], "texture": "#wielen inner" },
        "south": { "uv": [ 4, 4, 12, 12 ], "texture": "#wielen inner" },
        "west":  { "uv": [ 4, 4, 12, 12 ], "texture": "#wielen inner" },
        "east":  { "uv": [ 4, 4, 12, 12 ], "texture": "#wielen inner" }
    }
},
{
    "__comment": "wielen*",
    "from": [ 13.25, 4.5, 8.5 ],
    "to": [ 13.5, 5, 9.5 ],
    "faces": {
        "down":  { "uv": [ 0, 16, 0, 16 ], "texture": "#anvil_base" },
        "up":    { "uv": [ 16, 16, 16, 16 ], "texture": "#anvil_base" },
        "north": { "uv": [ 0, 16, 0, 16 ], "texture": "#anvil_base" },
        "south": { "uv": [ 16, 16, 16, 16 ], "texture": "#anvil_base" },
        "west":  { "uv": [ 16, 16, 16, 16 ], "texture": "#anvil_base" },
        "east":  { "uv": [ 0, 16, 0, 16 ], "texture": "#anvil_base" }
    }
},
{
    "__comment": "wielen*",
    "from": [ 12, 4.5, 8.5 ],
    "to": [ 12.25, 5, 9.5 ],
    "faces": {
        "down":  { "uv": [ 0, 16, 0, 16 ], "texture": "#anvil_base" },
        "up":    { "uv": [ 16, 16, 16, 16 ], "texture": "#anvil_base" },
        "north": { "uv": [ 0, 16, 0, 16 ], "texture": "#anvil_base" },
        "south": { "uv": [ 16, 16, 16, 16 ], "texture": "#anvil_base" },
        "west":  { "uv": [ 16, 16, 16, 16 ], "texture": "#anvil_base" },
        "east":  { "uv": [ 0, 16, 0, 16 ], "texture": "#anvil_base" }
    }
},
{
    "__comment": "wielen*",
    "from": [ 12.25, 4.5, 7.5 ],
    "to": [ 13.25, 5, 7.75 ],
    "faces": {
        "down":  { "uv": [ 15, 16, 14, 16 ], "texture": "#anvil_base" },
        "up":    { "uv": [ 1, 16, 2, 16 ], "texture": "#anvil_base" },
        "north": { "uv": [ 14, 16, 15, 16 ], "texture": "#anvil_base" },
        "south": { "uv": [ 1, 16, 2, 16 ], "texture": "#anvil_base" },
        "west":  { "uv": [ 16, 16, 16, 16 ], "texture": "#anvil_base" },
        "east":  { "uv": [ 0, 16, 0, 16 ], "texture": "#anvil_base" }
    }
},
{
    "__comment": "wieldop",
    "from": [ 4, 5.5, 8.5 ],
    "to": [ 4.75, 6.75, 9.75 ],
    "faces": {
        "down":  { "uv": [ 4, 4, 12, 12 ], "texture": "#wielen inner" },
        "up":    { "uv": [ 4, 4, 12, 12 ], "texture": "#wielen inner" },
        "north": { "uv": [ 4, 4, 12, 12 ], "texture": "#wielen inner" },
        "south": { "uv": [ 4, 4, 12, 12 ], "texture": "#wielen inner" },
        "west":  { "uv": [ 4, 4, 12, 12 ], "texture": "#wielen inner" },
        "east":  { "uv": [ 4, 4, 12, 12 ], "texture": "#wielen inner" }
    }
},
{
    "__comment": "wielen*",
    "from": [ 4, 5.5, 8.25 ],
    "to": [ 4.75, 6.75, 8.5 ],
    "faces": {
        "down":  { "uv": [ 16, 16, 14.5, 16 ], "texture": "#anvil_base" },
        "up":    { "uv": [ 0, 16, 1.5, 16 ], "texture": "#anvil_base" },
        "north": { "uv": [ 14.5, 13.5, 16, 16 ], "texture": "#anvil_base" },
        "south": { "uv": [ 0, 13.5, 1.5, 16 ], "texture": "#anvil_base" },
        "west":  { "uv": [ 16, 13.5, 16, 16 ], "texture": "#anvil_base" },
        "east":  { "uv": [ 0, 13.5, 0, 16 ], "texture": "#anvil_base" }
    }
},
{
    "__comment": "wielen*",
    "from": [ 4, 5.5, 9.75 ],
    "to": [ 4.75, 6.75, 10 ],
    "faces": {
        "down":  { "uv": [ 16, 16, 14.5, 16 ], "texture": "#anvil_base" },
        "up":    { "uv": [ 0, 16, 1.5, 16 ], "texture": "#anvil_base" },
        "north": { "uv": [ 14.5, 13.5, 16, 16 ], "texture": "#anvil_base" },
        "south": { "uv": [ 0, 13.5, 1.5, 16 ], "texture": "#anvil_base" },
        "west":  { "uv": [ 16, 13.5, 16, 16 ], "texture": "#anvil_base" },
        "east":  { "uv": [ 0, 13.5, 0, 16 ], "texture": "#anvil_base" }
    }
},
{
    "__comment": "wielen*",
    "from": [ 4, 6.75, 8.5 ],
    "to": [ 4.75, 7, 9.75 ],
    "faces": {
        "down":  { "uv": [ 16, 16, 14.5, 16 ], "texture": "#anvil_base" },
        "up":    { "uv": [ 0, 16, 1.5, 16 ], "texture": "#anvil_base" },
        "north": { "uv": [ 14.5, 13, 16, 13.5 ], "texture": "#anvil_base" },
        "south": { "uv": [ 0, 13, 1.5, 13.5 ], "texture": "#anvil_base" },
        "west":  { "uv": [ 16, 13, 16, 13.5 ], "texture": "#anvil_base" },
        "east":  { "uv": [ 0, 13, 0, 13.5 ], "texture": "#anvil_base" }
    }
},
{
    "__comment": "wielen*",
    "from": [ 4, 5.25, 8.5 ],
    "to": [ 4.75, 5.5, 9.75 ],
    "faces": {
        "down":  { "uv": [ 16, 16, 14.5, 16 ], "texture": "#anvil_base" },
        "up":    { "uv": [ 0, 16, 1.5, 16 ], "texture": "#anvil_base" },
        "north": { "uv": [ 14.5, 16, 16, 16 ], "texture": "#anvil_base" },
        "south": { "uv": [ 0, 16, 1.5, 16 ], "texture": "#anvil_base" },
        "west":  { "uv": [ 16, 16, 16, 16 ], "texture": "#anvil_base" },
        "east":  { "uv": [ 0, 16, 0, 16 ], "texture": "#anvil_base" }
    }
},
{
    "__comment": "wieldop",
    "from": [ 2.75, 4.5, 8.5 ],
    "to": [ 3.75, 5, 9.5 ],
    "faces": {
        "down":  { "uv": [ 4, 4, 12, 12 ], "texture": "#wielen inner" },
        "up":    { "uv": [ 4, 4, 12, 12 ], "texture": "#wielen inner" },
        "north": { "uv": [ 4, 4, 12, 12 ], "texture": "#wielen inner" },
        "south": { "uv": [ 4, 4, 12, 12 ], "texture": "#wielen inner" },
        "west":  { "uv": [ 4, 4, 12, 12 ], "texture": "#wielen inner" },
        "east":  { "uv": [ 4, 4, 12, 12 ], "texture": "#wielen inner" }
    }
},
{
    "__comment": "wielen*",
    "from": [ 2.5, 4.5, 8.5 ],
    "to": [ 2.75, 5, 9.5 ],
    "faces": {
        "down":  { "uv": [ 16, 16, 16, 16 ], "texture": "#anvil_base" },
        "up":    { "uv": [ 0, 16, 0, 16 ], "texture": "#anvil_base" },
        "north": { "uv": [ 16, 16, 16, 16 ], "texture": "#anvil_base" },
        "south": { "uv": [ 0, 16, 0, 16 ], "texture": "#anvil_base" },
        "west":  { "uv": [ 16, 16, 16, 16 ], "texture": "#anvil_base" },
        "east":  { "uv": [ 0, 16, 0, 16 ], "texture": "#anvil_base" }
    }
},
{
    "__comment": "wielen*",
    "from": [ 3.75, 4.5, 8.5 ],
    "to": [ 4, 5, 9.5 ],
    "faces": {
        "down":  { "uv": [ 16, 16, 16, 16 ], "texture": "#anvil_base" },
        "up":    { "uv": [ 0, 16, 0, 16 ], "texture": "#anvil_base" },
        "north": { "uv": [ 16, 16, 16, 16 ], "texture": "#anvil_base" },
        "south": { "uv": [ 0, 16, 0, 16 ], "texture": "#anvil_base" },
        "west":  { "uv": [ 16, 16, 16, 16 ], "texture": "#anvil_base" },
        "east":  { "uv": [ 0, 16, 0, 16 ], "texture": "#anvil_base" }
    }
},
{
    "__comment": "wielen*",
    "from": [ 2.75, 4.5, 9.5 ],
    "to": [ 3.75, 5, 9.75 ],
    "faces": {
        "down":  { "uv": [ 16, 16, 16, 16 ], "texture": "#anvil_base" },
        "up":    { "uv": [ 0, 16, 0, 16 ], "texture": "#anvil_base" },
        "north": { "uv": [ 16, 16, 16, 16 ], "texture": "#anvil_base" },
        "south": { "uv": [ 0, 16, 0, 16 ], "texture": "#anvil_base" },
        "west":  { "uv": [ 16, 16, 16, 16 ], "texture": "#anvil_base" },
        "east":  { "uv": [ 0, 16, 0, 16 ], "texture": "#anvil_base" }
    }
},
{
    "__comment": "wielen*",
    "from": [ 2.75, 4.5, 8.25 ],
    "to": [ 3.75, 5, 8.5 ],
    "faces": {
        "down":  { "uv": [ 16, 16, 16, 16 ], "texture": "#anvil_base" },
        "up":    { "uv": [ 0, 16, 0, 16 ], "texture": "#anvil_base" },
        "north": { "uv": [ 16, 16, 16, 16 ], "texture": "#anvil_base" },
        "south": { "uv": [ 0, 16, 0, 16 ], "texture": "#anvil_base" },
        "west":  { "uv": [ 16, 16, 16, 16 ], "texture": "#anvil_base" },
        "east":  { "uv": [ 0, 16, 0, 16 ], "texture": "#anvil_base" }
    }
},
{
    "__comment": "wieldop",
    "from": [ 2.75, 4.5, 6.5 ],
    "to": [ 3.75, 5, 7.5 ],
    "faces": {
        "down":  { "uv": [ 4, 4, 12, 12 ], "texture": "#wielen inner" },
        "up":    { "uv": [ 4, 4, 12, 12 ], "texture": "#wielen inner" },
        "north": { "uv": [ 4, 4, 12, 12 ], "texture": "#wielen inner" },
        "south": { "uv": [ 4, 4, 12, 12 ], "texture": "#wielen inner" },
        "west":  { "uv": [ 4, 4, 12, 12 ], "texture": "#wielen inner" },
        "east":  { "uv": [ 4, 4, 12, 12 ], "texture": "#wielen inner" }
    }
},
{
    "__comment": "wielen*",
    "from": [ 2.75, 4.5, 6.25 ],
    "to": [ 3.75, 5, 6.5 ],
    "faces": {
        "down":  { "uv": [ 16, 16, 16, 16 ], "texture": "#anvil_base" },
        "up":    { "uv": [ 0, 16, 0, 16 ], "texture": "#anvil_base" },
        "north": { "uv": [ 16, 16, 16, 16 ], "texture": "#anvil_base" },
        "south": { "uv": [ 0, 16, 0, 16 ], "texture": "#anvil_base" },
        "west":  { "uv": [ 16, 16, 16, 16 ], "texture": "#anvil_base" },
        "east":  { "uv": [ 0, 16, 0, 16 ], "texture": "#anvil_base" }
    }
},
{
    "__comment": "wielen*",
    "from": [ 3.75, 4.5, 6.5 ],
    "to": [ 4, 5, 7.5 ],
    "faces": {
        "down":  { "uv": [ 16, 16, 16, 16 ], "texture": "#anvil_base" },
        "up":    { "uv": [ 0, 16, 0, 16 ], "texture": "#anvil_base" },
        "north": { "uv": [ 16, 16, 16, 16 ], "texture": "#anvil_base" },
        "south": { "uv": [ 0, 16, 0, 16 ], "texture": "#anvil_base" },
        "west":  { "uv": [ 16, 16, 16, 16 ], "texture": "#anvil_base" },
        "east":  { "uv": [ 0, 16, 0, 16 ], "texture": "#anvil_base" }
    }
},
{
    "__comment": "wielen*",
    "from": [ 2.75, 4.5, 7.5 ],
    "to": [ 3.75, 5, 7.75 ],
    "faces": {
        "down":  { "uv": [ 16, 16, 16, 16 ], "texture": "#anvil_base" },
        "up":    { "uv": [ 0, 16, 0, 16 ], "texture": "#anvil_base" },
        "north": { "uv": [ 16, 16, 16, 16 ], "texture": "#anvil_base" },
        "south": { "uv": [ 0, 16, 0, 16 ], "texture": "#anvil_base" },
        "west":  { "uv": [ 16, 16, 16, 16 ], "texture": "#anvil_base" },
        "east":  { "uv": [ 0, 16, 0, 16 ], "texture": "#anvil_base" }
    }
},
{
    "__comment": "wielen*",
    "from": [ 2.5, 4.5, 6.5 ],
    "to": [ 2.75, 5, 7.5 ],
    "faces": {
        "down":  { "uv": [ 16, 16, 16, 16 ], "texture": "#anvil_base" },
        "up":    { "uv": [ 0, 16, 0, 16 ], "texture": "#anvil_base" },
        "north": { "uv": [ 16, 16, 16, 16 ], "texture": "#anvil_base" },
        "south": { "uv": [ 0, 16, 0, 16 ], "texture": "#anvil_base" },
        "west":  { "uv": [ 16, 16, 16, 16 ], "texture": "#anvil_base" },
        "east":  { "uv": [ 0, 16, 0, 16 ], "texture": "#anvil_base" }
    }
},
{
    "__comment": "wielkast*",
    "from": [ 2.6875, 5, 7.5 ],
    "to": [ 4.1875, 5.5, 8.5 ],
    "rotation": { "origin": [ 2.6875, 5.5, 7.5 ], "axis": "z", "angle": 45 },
    "faces": {
        "down":  { "uv": [ 16, 16, 15.5, 16 ], "texture": "#stone_slab" },
        "up":    { "uv": [ 0, 16, 0.5, 16 ], "texture": "#stone_slab" },
        "north": { "uv": [ 15.5, 11.5, 16, 12.5 ], "texture": "#stone_slab" },
        "south": { "uv": [ 0, 11.5, 0.5, 12.5 ], "texture": "#stone_slab" },
        "west":  { "uv": [ 16, 11.5, 16, 12.5 ], "texture": "#stone_slab" },
        "east":  { "uv": [ 0, 11.5, 0, 12.5 ], "texture": "#stone_slab" }
    }
},
{
    "__comment": "wielkast*",
    "from": [ 2.5, 4.5, 7.5 ],
    "to": [ 3.25, 5, 8.5 ],
    "faces": {
        "down":  { "uv": [ 16, 16, 15.5, 16 ], "texture": "#stone_slab" },
        "up":    { "uv": [ 0, 16, 0.5, 16 ], "texture": "#stone_slab" },
        "north": { "uv": [ 15.5, 11.5, 16, 12.5 ], "texture": "#stone_slab" },
        "south": { "uv": [ 0, 11.5, 0.5, 12.5 ], "texture": "#stone_slab" },
        "west":  { "uv": [ 16, 11.5, 16, 12.5 ], "texture": "#stone_slab" },
        "east":  { "uv": [ 0, 11.5, 0, 12.5 ], "texture": "#stone_slab" }
    }
},
{
    "__comment": "wielkast*",
    "from": [ 2.5, 4.25, 7.75 ],
    "to": [ 2.75, 5.5, 8.25 ],
    "faces": {
        "down":  { "uv": [ 16, 16, 15.5, 16 ], "texture": "#stone_slab" },
        "up":    { "uv": [ 0, 16, 0.5, 16 ], "texture": "#stone_slab" },
        "north": { "uv": [ 15.5, 11.5, 16, 12.5 ], "texture": "#stone_slab" },
        "south": { "uv": [ 0, 11.5, 0.5, 12.5 ], "texture": "#stone_slab" },
        "west":  { "uv": [ 16, 11.5, 16, 12.5 ], "texture": "#stone_slab" },
        "east":  { "uv": [ 0, 11.5, 0, 12.5 ], "texture": "#stone_slab" }
    }
},
{
    "__comment": "wielkast*",
    "from": [ 2.75, 5, 7 ],
    "to": [ 3.5, 5.25, 9 ],
    "faces": {
        "down":  { "uv": [ 16, 16, 15.5, 16 ], "texture": "#stone_slab" },
        "up":    { "uv": [ 0, 16, 0.5, 16 ], "texture": "#stone_slab" },
        "north": { "uv": [ 15.5, 11.5, 16, 12.5 ], "texture": "#stone_slab" },
        "south": { "uv": [ 0, 11.5, 0.5, 12.5 ], "texture": "#stone_slab" },
        "west":  { "uv": [ 16, 11.5, 16, 12.5 ], "texture": "#stone_slab" },
        "east":  { "uv": [ 0, 11.5, 0, 12.5 ], "texture": "#stone_slab" }
    }
},
{
    "__comment": "wielkast*",
    "from": [ 2.75, 4.25, 7 ],
    "to": [ 3.5, 4.5, 9 ],
    "faces": {
        "down":  { "uv": [ 16, 16, 15.5, 16 ], "texture": "#stone_slab" },
        "up":    { "uv": [ 0, 16, 0.5, 16 ], "texture": "#stone_slab" },
        "north": { "uv": [ 15.5, 11.5, 16, 12.5 ], "texture": "#stone_slab" },
        "south": { "uv": [ 0, 11.5, 0.5, 12.5 ], "texture": "#stone_slab" },
        "west":  { "uv": [ 16, 11.5, 16, 12.5 ], "texture": "#stone_slab" },
        "east":  { "uv": [ 0, 11.5, 0, 12.5 ], "texture": "#stone_slab" }
    }
},
{
    "__comment": "stoel*",
    "from": [ 17.5313, 8.1875, 9.75 ],
    "to": [ 18.0313, 10.1875, 10.25 ],
    "rotation": { "origin": [ 17.5313, 10.1875, 9.75 ], "axis": "z", "angle": -22.5 },
    "faces": {
        "down":  { "uv": [ 0, 0, 16, 16 ], "texture": "#anvil_base" },
        "up":    { "uv": [ 0, 0, 16, 16 ], "texture": "#anvil_base" },
        "north": { "uv": [ 0, 0, 16, 16 ], "texture": "#anvil_base" },
        "south": { "uv": [ 0, 0, 16, 16 ], "texture": "#anvil_base" },
        "west":  { "uv": [ 0, 0, 16, 16 ], "texture": "#anvil_base" },
        "east":  { "uv": [ 0, 0, 16, 16 ], "texture": "#anvil_base" }
    }
},
{
    "__comment": "stoel*",
    "from": [ 18.5, 4.28125, 6.78509 ],
    "to": [ 19, 4.78125, 7.53509 ],
    "rotation": { "origin": [ 18.5, 4.78125, 6.78509 ], "axis": "x", "angle": 22.5 },
    "faces": {
        "down":  { "uv": [ 0, 0, 16, 16 ], "texture": "#anvil_base" },
        "up":    { "uv": [ 0, 0, 16, 16 ], "texture": "#anvil_base" },
        "north": { "uv": [ 0, 0, 16, 16 ], "texture": "#anvil_base" },
        "south": { "uv": [ 0, 0, 16, 16 ], "texture": "#anvil_base" },
        "west":  { "uv": [ 0, 0, 16, 16 ], "texture": "#anvil_base" },
        "east":  { "uv": [ 0, 0, 16, 16 ], "texture": "#anvil_base" }
    }
},
{
    "__comment": "wielkast*",
    "from": [ 3.75, 6.5, 7.75 ],
    "to": [ 4.25, 8, 8.25 ],
    "faces": {
        "down":  { "uv": [ 16, 16, 15.5, 16 ], "texture": "#stone_slab" },
        "up":    { "uv": [ 0, 16, 0.5, 16 ], "texture": "#stone_slab" },
        "north": { "uv": [ 15.5, 11.5, 16, 12.5 ], "texture": "#stone_slab" },
        "south": { "uv": [ 0, 11.5, 0.5, 12.5 ], "texture": "#stone_slab" },
        "west":  { "uv": [ 16, 11.5, 16, 12.5 ], "texture": "#stone_slab" },
        "east":  { "uv": [ 0, 11.5, 0, 12.5 ], "texture": "#stone_slab" }
    }
},
{
    "__comment": "stoel*",
    "from": [ 16.5, 4.00184, 8 ],
    "to": [ 17, 5.00184, 9.5 ],
    "rotation": { "origin": [ 16.5, 5.00184, 8 ], "axis": "x", "angle": -45 },
    "faces": {
        "down":  { "uv": [ 0, 0, 16, 16 ], "texture": "#anvil_base" },
        "up":    { "uv": [ 0, 0, 16, 16 ], "texture": "#anvil_base" },
        "north": { "uv": [ 0, 0, 16, 16 ], "texture": "#anvil_base" },
        "south": { "uv": [ 0, 0, 16, 16 ], "texture": "#anvil_base" },
        "west":  { "uv": [ 0, 0, 16, 16 ], "texture": "#anvil_base" },
        "east":  { "uv": [ 0, 0, 16, 16 ], "texture": "#anvil_base" }
    }
},
{
    "__comment": "stoel*",
    "from": [ 22.75, 4, 6.5 ],
    "to": [ 26.75, 4.5, 9 ],
    "faces": {
        "down":  { "uv": [ 0, 0, 16, 16 ], "texture": "#anvil_base" },
        "up":    { "uv": [ 0, 0, 16, 16 ], "texture": "#anvil_base" },
        "north": { "uv": [ 0, 0, 16, 16 ], "texture": "#anvil_base" },
        "south": { "uv": [ 0, 0, 16, 16 ], "texture": "#anvil_base" },
        "west":  { "uv": [ 0, 0, 16, 16 ], "texture": "#anvil_base" },
        "east":  { "uv": [ 0, 0, 16, 16 ], "texture": "#anvil_base" }
    }
},
{
    "__comment": "stoel*",
    "from": [ 20.5, 4.00184, 8 ],
    "to": [ 21, 5.00184, 9.5 ],
    "rotation": { "origin": [ 20.5, 5.00184, 8 ], "axis": "x", "angle": -45 },
    "faces": {
        "down":  { "uv": [ 0, 0, 16, 16 ], "texture": "#anvil_base" },
        "up":    { "uv": [ 0, 0, 16, 16 ], "texture": "#anvil_base" },
        "north": { "uv": [ 0, 0, 16, 16 ], "texture": "#anvil_base" },
        "south": { "uv": [ 0, 0, 16, 16 ], "texture": "#anvil_base" },
        "west":  { "uv": [ 0, 0, 16, 16 ], "texture": "#anvil_base" },
        "east":  { "uv": [ 0, 0, 16, 16 ], "texture": "#anvil_base" }
    }
},
{
    "__comment": "stoel*",
    "from": [ 19, 3.83991, 6.03125 ],
    "to": [ 20.75, 4.33991, 6.53125 ],
    "rotation": { "origin": [ 19, 4.33991, 6.03125 ], "axis": "x", "angle": -22.5 },
    "faces": {
        "down":  { "uv": [ 0, 0, 16, 16 ], "texture": "#anvil_base" },
        "up":    { "uv": [ 0, 0, 16, 16 ], "texture": "#anvil_base" },
        "north": { "uv": [ 0, 0, 16, 16 ], "texture": "#anvil_base" },
        "south": { "uv": [ 0, 0, 16, 16 ], "texture": "#anvil_base" },
        "west":  { "uv": [ 0, 0, 16, 16 ], "texture": "#anvil_base" },
        "east":  { "uv": [ 0, 0, 16, 16 ], "texture": "#anvil_base" }
    }
},
{
    "__comment": "stoel*",
    "from": [ 16.75, 3.83991, 6.0625 ],
    "to": [ 18.5, 4.33991, 6.5625 ],
    "rotation": { "origin": [ 16.75, 4.33991, 6.0625 ], "axis": "x", "angle": -22.5 },
    "faces": {
        "down":  { "uv": [ 0, 0, 16, 16 ], "texture": "#anvil_base" },
        "up":    { "uv": [ 0, 0, 16, 16 ], "texture": "#anvil_base" },
        "north": { "uv": [ 0, 0, 16, 16 ], "texture": "#anvil_base" },
        "south": { "uv": [ 0, 0, 16, 16 ], "texture": "#anvil_base" },
        "west":  { "uv": [ 0, 0, 16, 16 ], "texture": "#anvil_base" },
        "east":  { "uv": [ 0, 0, 16, 16 ], "texture": "#anvil_base" }
    }
},
{
    "__comment": "stoel*",
    "from": [ 16.75, 4.0625, 9.40625 ],
    "to": [ 20.75, 5.0625, 9.90625 ],
    "rotation": { "origin": [ 16.75, 5.0625, 9.40625 ], "axis": "x", "angle": 45 },
    "faces": {
        "down":  { "uv": [ 0, 0, 16, 16 ], "texture": "#anvil_base" },
        "up":    { "uv": [ 0, 0, 16, 16 ], "texture": "#anvil_base" },
        "north": { "uv": [ 0, 0, 16, 16 ], "texture": "#anvil_base" },
        "south": { "uv": [ 0, 0, 16, 16 ], "texture": "#anvil_base" },
        "west":  { "uv": [ 0, 0, 16, 16 ], "texture": "#anvil_base" },
        "east":  { "uv": [ 0, 0, 16, 16 ], "texture": "#anvil_base" }
    }
},
{
    "__comment": "stoel*",
    "from": [ 16.75, 4.75, 9.75 ],
    "to": [ 20.75, 6, 10.25 ],
    "rotation": { "origin": [ 16.75, 6, 9.75 ], "axis": "x", "angle": 22.5 },
    "faces": {
        "down":  { "uv": [ 0, 0, 16, 16 ], "texture": "#anvil_base" },
        "up":    { "uv": [ 0, 0, 16, 16 ], "texture": "#anvil_base" },
        "north": { "uv": [ 0, 0, 16, 16 ], "texture": "#anvil_base" },
        "south": { "uv": [ 0, 0, 16, 16 ], "texture": "#anvil_base" },
        "west":  { "uv": [ 0, 0, 16, 16 ], "texture": "#anvil_base" },
        "east":  { "uv": [ 0, 0, 16, 16 ], "texture": "#anvil_base" }
    }
},
{
    "__comment": "stoel*",
    "from": [ 17.75, 10.5, 9.5 ],
    "to": [ 19.75, 12.75, 10 ],
    "faces": {
        "down":  { "uv": [ 0, 0, 16, 16 ], "texture": "#anvil_base" },
        "up":    { "uv": [ 0, 0, 16, 16 ], "texture": "#anvil_base" },
        "north": { "uv": [ 0, 0, 16, 16 ], "texture": "#anvil_base" },
        "south": { "uv": [ 0, 0, 16, 16 ], "texture": "#anvil_base" },
        "west":  { "uv": [ 0, 0, 16, 16 ], "texture": "#anvil_base" },
        "east":  { "uv": [ 0, 0, 16, 16 ], "texture": "#anvil_base" }
    }
},
{
    "__comment": "stoel*",
    "from": [ 17.25, 8.25, 9.75 ],
    "to": [ 20.25, 10.25, 10.25 ],
    "faces": {
        "down":  { "uv": [ 0, 0, 16, 16 ], "texture": "#anvil_base" },
        "up":    { "uv": [ 0, 0, 16, 16 ], "texture": "#anvil_base" },
        "north": { "uv": [ 0, 0, 16, 16 ], "texture": "#anvil_base" },
        "south": { "uv": [ 0, 0, 16, 16 ], "texture": "#anvil_base" },
        "west":  { "uv": [ 0, 0, 16, 16 ], "texture": "#anvil_base" },
        "east":  { "uv": [ 0, 0, 16, 16 ], "texture": "#anvil_base" }
    }
},
{
    "__comment": "stoel*",
    "from": [ 19.5, 8, 9.75 ],
    "to": [ 20, 10, 10.25 ],
    "rotation": { "origin": [ 19.5, 10, 9.75 ], "axis": "z", "angle": 22.5 },
    "faces": {
        "down":  { "uv": [ 0, 0, 16, 16 ], "texture": "#anvil_base" },
        "up":    { "uv": [ 0, 0, 16, 16 ], "texture": "#anvil_base" },
        "north": { "uv": [ 0, 0, 16, 16 ], "texture": "#anvil_base" },
        "south": { "uv": [ 0, 0, 16, 16 ], "texture": "#anvil_base" },
        "west":  { "uv": [ 0, 0, 16, 16 ], "texture": "#anvil_base" },
        "east":  { "uv": [ 0, 0, 16, 16 ], "texture": "#anvil_base" }
    }
},
{
    "__comment": "stoel*",
    "from": [ 16.75, 6, 9.75 ],
    "to": [ 20.75, 8.5, 10.25 ],
    "faces": {
        "down":  { "uv": [ 0, 0, 16, 16 ], "texture": "#anvil_base" },
        "up":    { "uv": [ 0, 0, 16, 16 ], "texture": "#anvil_base" },
        "north": { "uv": [ 0, 0, 16, 16 ], "texture": "#anvil_base" },
        "south": { "uv": [ 0, 0, 16, 16 ], "texture": "#anvil_base" },
        "west":  { "uv": [ 0, 0, 16, 16 ], "texture": "#anvil_base" },
        "east":  { "uv": [ 0, 0, 16, 16 ], "texture": "#anvil_base" }
    }
},
{
    "__comment": "stoel*",
    "from": [ 17.75, 10.0274, 9.5 ],
    "to": [ 19.75, 10.5274, 10 ],
    "rotation": { "origin": [ 17.75, 10.5274, 9.5 ], "axis": "x", "angle": -22.5 },
    "faces": {
        "down":  { "uv": [ 0, 0, 16, 16 ], "texture": "#anvil_base" },
        "up":    { "uv": [ 0, 0, 16, 16 ], "texture": "#anvil_base" },
        "north": { "uv": [ 0, 0, 16, 16 ], "texture": "#anvil_base" },
        "south": { "uv": [ 0, 0, 16, 16 ], "texture": "#anvil_base" },
        "west":  { "uv": [ 0, 0, 16, 16 ], "texture": "#anvil_base" },
        "east":  { "uv": [ 0, 0, 16, 16 ], "texture": "#anvil_base" }
    }
},
{
    "__comment": "Stoel frame*",
    "from": [ 18.25, 5, 10 ],
    "to": [ 19.25, 9.5, 10.5 ],
    "faces": {
        "down":  { "uv": [ 3.5, 13, 1.5, 12 ], "texture": "#stone_slab_top" },
        "up":    { "uv": [ 12.5, 12, 14.5, 13 ], "texture": "#stone_slab_top" },
        "north": { "uv": [ 1.5, 0, 3.5, 6 ], "texture": "#stone_slab_top" },
        "south": { "uv": [ 12.5, 0, 14.5, 6 ], "texture": "#stone_slab_top" },
        "west":  { "uv": [ 12, 0, 13, 6 ], "texture": "#stone_slab_top" },
        "east":  { "uv": [ 3, 0, 4, 6 ], "texture": "#stone_slab_top" }
    }
},
{
    "__comment": "Stoel frame*",
    "from": [ 18, 9.5, 10.25 ],
    "to": [ 19.5, 10.25, 10.5 ],
    "faces": {
        "down":  { "uv": [ 16, 13, 10.5, 12.5 ], "texture": "#stone_slab_top" },
        "up":    { "uv": [ 0, 12.5, 5.5, 13 ], "texture": "#stone_slab_top" },
        "north": { "uv": [ 10.5, 0, 16, 0 ], "texture": "#stone_slab_top" },
        "south": { "uv": [ 0, 0, 5.5, 0 ], "texture": "#stone_slab_top" },
        "west":  { "uv": [ 12.5, 0, 13, 0 ], "texture": "#stone_slab_top" },
        "east":  { "uv": [ 3, 0, 3.5, 0 ], "texture": "#stone_slab_top" }
    }
},
{
    "__comment": "Stoel frame*",
    "from": [ 17.75, 9.75, 10.2813 ],
    "to": [ 19.75, 10.5, 10.7813 ],
    "rotation": { "origin": [ 17.75, 10.5, 10.2813 ], "axis": "x", "angle": 22.5 },
    "faces": {
        "down":  { "uv": [ 16, 13, 10.5, 12.5 ], "texture": "#stone_slab_top" },
        "up":    { "uv": [ 0, 12.5, 5.5, 13 ], "texture": "#stone_slab_top" },
        "north": { "uv": [ 10.5, 0, 16, 0 ], "texture": "#stone_slab_top" },
        "south": { "uv": [ 0, 0, 5.5, 0 ], "texture": "#stone_slab_top" },
        "west":  { "uv": [ 12.5, 0, 13, 0 ], "texture": "#stone_slab_top" },
        "east":  { "uv": [ 3, 0, 3.5, 0 ], "texture": "#stone_slab_top" }
    }
},
{
    "__comment": "Stoel frame*",
    "from": [ 23.75, 10.25, 10 ],
    "to": [ 25.75, 12, 10.75 ],
    "faces": {
        "down":  { "uv": [ 16, 13, 10.5, 12.5 ], "texture": "#stone_slab_top" },
        "up":    { "uv": [ 0, 12.5, 5.5, 13 ], "texture": "#stone_slab_top" },
        "north": { "uv": [ 10.5, 0, 16, 0 ], "texture": "#stone_slab_top" },
        "south": { "uv": [ 0, 0, 5.5, 0 ], "texture": "#stone_slab_top" },
        "west":  { "uv": [ 12.5, 0, 13, 0 ], "texture": "#stone_slab_top" },
        "east":  { "uv": [ 3, 0, 3.5, 0 ], "texture": "#stone_slab_top" }
    }
},
{
    "__comment": "Stoel frame*",
    "from": [ 24, 11.1884, 9.5 ],
    "to": [ 25.5, 12.1884, 10.25 ],
    "rotation": { "origin": [ 24, 12.1884, 9.5 ], "axis": "x", "angle": -45 },
    "faces": {
        "down":  { "uv": [ 16, 13, 10.5, 12.5 ], "texture": "#stone_slab_top" },
        "up":    { "uv": [ 0, 12.5, 5.5, 13 ], "texture": "#stone_slab_top" },
        "north": { "uv": [ 10.5, 0, 16, 0 ], "texture": "#stone_slab_top" },
        "south": { "uv": [ 0, 0, 5.5, 0 ], "texture": "#stone_slab_top" },
        "west":  { "uv": [ 12.5, 0, 13, 0 ], "texture": "#stone_slab_top" },
        "east":  { "uv": [ 3, 0, 3.5, 0 ], "texture": "#stone_slab_top" }
    }
},
{
    "__comment": "Stoel frame*",
    "from": [ 18.25, 3.25, 10 ],
    "to": [ 19.25, 5.25, 10.5 ],
    "rotation": { "origin": [ 18.25, 5.25, 10 ], "axis": "x", "angle": 45 },
    "faces": {
        "down":  { "uv": [ 3.5, 13, 1.5, 12 ], "texture": "#stone_slab_top" },
        "up":    { "uv": [ 12.5, 12, 14.5, 13 ], "texture": "#stone_slab_top" },
        "north": { "uv": [ 1.5, 5.5, 3.5, 9.5 ], "texture": "#stone_slab_top" },
        "south": { "uv": [ 12.5, 5.5, 14.5, 9.5 ], "texture": "#stone_slab_top" },
        "west":  { "uv": [ 12, 5.5, 13, 9.5 ], "texture": "#stone_slab_top" },
        "east":  { "uv": [ 3, 5.5, 4, 9.5 ], "texture": "#stone_slab_top" }
    }
},
{
    "__comment": "Stoel frame*",
    "from": [ 17, 3.5, 7.25 ],
    "to": [ 20.5, 4, 9 ],
    "faces": {
        "down":  { "uv": [ 6, 10, 0, 6.5 ], "texture": "#stone_slab_top" },
        "up":    { "uv": [ 10, 6.5, 16, 10 ], "texture": "#stone_slab_top" },
        "north": { "uv": [ 0, 8, 6, 9 ], "texture": "#stone_slab_top" },
        "south": { "uv": [ 10, 8, 16, 9 ], "texture": "#stone_slab_top" },
        "west":  { "uv": [ 6.5, 8, 10, 9 ], "texture": "#stone_slab_top" },
        "east":  { "uv": [ 6, 8, 9.5, 9 ], "texture": "#stone_slab_top" }
    }
},
{
    "__comment": "Stoel frame*",
    "from": [ 18.25, 2.75, 8.5625 ],
    "to": [ 19.25, 4.5, 9.5625 ],
    "rotation": { "origin": [ 18.25, 4.5, 8.5625 ], "axis": "x", "angle": 22.5 },
    "faces": {
        "down":  { "uv": [ 14.5, 9, 12.5, 7 ], "texture": "#stone_slab_top" },
        "up":    { "uv": [ 1.5, 7, 3.5, 9 ], "texture": "#stone_slab_top" },
        "north": { "uv": [ 12.5, 8, 14.5, 11.5 ], "texture": "#stone_slab_top" },
        "south": { "uv": [ 1.5, 8, 3.5, 11.5 ], "texture": "#stone_slab_top" },
        "west":  { "uv": [ 7, 8, 9, 11.5 ], "texture": "#stone_slab_top" },
        "east":  { "uv": [ 7, 8, 9, 11.5 ], "texture": "#stone_slab_top" }
    }
},
{
    "__comment": "Stoel frame*",
    "from": [ 18.25, 2.25, 7.25 ],
    "to": [ 19.25, 3.75, 8.75 ],
    "faces": {
        "down":  { "uv": [ 14.5, 9, 12.5, 7 ], "texture": "#stone_slab_top" },
        "up":    { "uv": [ 1.5, 7, 3.5, 9 ], "texture": "#stone_slab_top" },
        "north": { "uv": [ 12.5, 8, 14.5, 11.5 ], "texture": "#stone_slab_top" },
        "south": { "uv": [ 1.5, 8, 3.5, 11.5 ], "texture": "#stone_slab_top" },
        "west":  { "uv": [ 7, 8, 9, 11.5 ], "texture": "#stone_slab_top" },
        "east":  { "uv": [ 7, 8, 9, 11.5 ], "texture": "#stone_slab_top" }
    }
},
{
    "__comment": "Stoel frame*",
    "from": [ 18.25, 2.27356, 6.5 ],
    "to": [ 19.25, 4.02356, 7.5 ],
    "rotation": { "origin": [ 18.25, 4.02356, 6.5 ], "axis": "x", "angle": -22.5 },
    "faces": {
        "down":  { "uv": [ 14.5, 9, 12.5, 7 ], "texture": "#stone_slab_top" },
        "up":    { "uv": [ 1.5, 7, 3.5, 9 ], "texture": "#stone_slab_top" },
        "north": { "uv": [ 12.5, 8, 14.5, 11.5 ], "texture": "#stone_slab_top" },
        "south": { "uv": [ 1.5, 8, 3.5, 11.5 ], "texture": "#stone_slab_top" },
        "west":  { "uv": [ 7, 8, 9, 11.5 ], "texture": "#stone_slab_top" },
        "east":  { "uv": [ 7, 8, 9, 11.5 ], "texture": "#stone_slab_top" }
    }
},
{
    "__comment": "stoel*",
    "from": [ 22.5, 4.00184, 8 ],
    "to": [ 23, 5.00184, 9.5 ],
    "rotation": { "origin": [ 22.5, 5.00184, 8 ], "axis": "x", "angle": -45 },
    "faces": {
        "down":  { "uv": [ 0, 0, 16, 16 ], "texture": "#anvil_base" },
        "up":    { "uv": [ 0, 0, 16, 16 ], "texture": "#anvil_base" },
        "north": { "uv": [ 0, 0, 16, 16 ], "texture": "#anvil_base" },
        "south": { "uv": [ 0, 0, 16, 16 ], "texture": "#anvil_base" },
        "west":  { "uv": [ 0, 0, 16, 16 ], "texture": "#anvil_base" },
        "east":  { "uv": [ 0, 0, 16, 16 ], "texture": "#anvil_base" }
    }
},
{
    "__comment": "stoel*",
    "from": [ 26.5, 4.00184, 8 ],
    "to": [ 27, 5.00184, 9.5 ],
    "rotation": { "origin": [ 26.5, 5.00184, 8 ], "axis": "x", "angle": -45 },
    "faces": {
        "down":  { "uv": [ 0, 0, 16, 16 ], "texture": "#anvil_base" },
        "up":    { "uv": [ 0, 0, 16, 16 ], "texture": "#anvil_base" },
        "north": { "uv": [ 0, 0, 16, 16 ], "texture": "#anvil_base" },
        "south": { "uv": [ 0, 0, 16, 16 ], "texture": "#anvil_base" },
        "west":  { "uv": [ 0, 0, 16, 16 ], "texture": "#anvil_base" },
        "east":  { "uv": [ 0, 0, 16, 16 ], "texture": "#anvil_base" }
    }
},
{
    "__comment": "stoel*",
    "from": [ 16.75, 4, 6.5 ],
    "to": [ 20.75, 4.5, 9 ],
    "faces": {
        "down":  { "uv": [ 0, 0, 16, 16 ], "texture": "#anvil_base" },
        "up":    { "uv": [ 0, 0, 16, 16 ], "texture": "#anvil_base" },
        "north": { "uv": [ 0, 0, 16, 16 ], "texture": "#anvil_base" },
        "south": { "uv": [ 0, 0, 16, 16 ], "texture": "#anvil_base" },
        "west":  { "uv": [ 0, 0, 16, 16 ], "texture": "#anvil_base" },
        "east":  { "uv": [ 0, 0, 16, 16 ], "texture": "#anvil_base" }
    }
},
{
    "__comment": "stoel*",
    "from": [ 22.75, 4.25, 9.40625 ],
    "to": [ 26.75, 5.25, 9.90625 ],
    "rotation": { "origin": [ 22.75, 5.25, 9.40625 ], "axis": "x", "angle": 45 },
    "faces": {
        "down":  { "uv": [ 0, 0, 16, 16 ], "texture": "#anvil_base" },
        "up":    { "uv": [ 0, 0, 16, 16 ], "texture": "#anvil_base" },
        "north": { "uv": [ 0, 0, 16, 16 ], "texture": "#anvil_base" },
        "south": { "uv": [ 0, 0, 16, 16 ], "texture": "#anvil_base" },
        "west":  { "uv": [ 0, 0, 16, 16 ], "texture": "#anvil_base" },
        "east":  { "uv": [ 0, 0, 16, 16 ], "texture": "#anvil_base" }
    }
},
{
    "__comment": "stoel*",
    "from": [ 22.75, 4.75, 9.75 ],
    "to": [ 26.75, 6, 10.25 ],
    "rotation": { "origin": [ 22.75, 6, 9.75 ], "axis": "x", "angle": 22.5 },
    "faces": {
        "down":  { "uv": [ 0, 0, 16, 16 ], "texture": "#anvil_base" },
        "up":    { "uv": [ 0, 0, 16, 16 ], "texture": "#anvil_base" },
        "north": { "uv": [ 0, 0, 16, 16 ], "texture": "#anvil_base" },
        "south": { "uv": [ 0, 0, 16, 16 ], "texture": "#anvil_base" },
        "west":  { "uv": [ 0, 0, 16, 16 ], "texture": "#anvil_base" },
        "east":  { "uv": [ 0, 0, 16, 16 ], "texture": "#anvil_base" }
    }
},
{
    "__comment": "stoel*",
    "from": [ 22.75, 6, 9.75 ],
    "to": [ 26.75, 8.5, 10.25 ],
    "faces": {
        "down":  { "uv": [ 0, 0, 16, 16 ], "texture": "#anvil_base" },
        "up":    { "uv": [ 0, 0, 16, 16 ], "texture": "#anvil_base" },
        "north": { "uv": [ 0, 0, 16, 16 ], "texture": "#anvil_base" },
        "south": { "uv": [ 0, 0, 16, 16 ], "texture": "#anvil_base" },
        "west":  { "uv": [ 0, 0, 16, 16 ], "texture": "#anvil_base" },
        "east":  { "uv": [ 0, 0, 16, 16 ], "texture": "#anvil_base" }
    }
},
{
    "__comment": "stoel*",
    "from": [ 23.25, 8.25, 9.75 ],
    "to": [ 26.25, 10.25, 10.25 ],
    "faces": {
        "down":  { "uv": [ 0, 0, 16, 16 ], "texture": "#anvil_base" },
        "up":    { "uv": [ 0, 0, 16, 16 ], "texture": "#anvil_base" },
        "north": { "uv": [ 0, 0, 16, 16 ], "texture": "#anvil_base" },
        "south": { "uv": [ 0, 0, 16, 16 ], "texture": "#anvil_base" },
        "west":  { "uv": [ 0, 0, 16, 16 ], "texture": "#anvil_base" },
        "east":  { "uv": [ 0, 0, 16, 16 ], "texture": "#anvil_base" }
    }
},
{
    "__comment": "stoel*",
    "from": [ 23.5, 8.25, 9.75 ],
    "to": [ 24, 10.25, 10.25 ],
    "rotation": { "origin": [ 23.5, 10.25, 9.75 ], "axis": "z", "angle": -22.5 },
    "faces": {
        "down":  { "uv": [ 0, 0, 16, 16 ], "texture": "#anvil_base" },
        "up":    { "uv": [ 0, 0, 16, 16 ], "texture": "#anvil_base" },
        "north": { "uv": [ 0, 0, 16, 16 ], "texture": "#anvil_base" },
        "south": { "uv": [ 0, 0, 16, 16 ], "texture": "#anvil_base" },
        "west":  { "uv": [ 0, 0, 16, 16 ], "texture": "#anvil_base" },
        "east":  { "uv": [ 0, 0, 16, 16 ], "texture": "#anvil_base" }
    }
},
{
    "__comment": "stoel*",
    "from": [ 25.5, 8, 9.75 ],
    "to": [ 26, 10, 10.25 ],
    "rotation": { "origin": [ 25.5, 10, 9.75 ], "axis": "z", "angle": 22.5 },
    "faces": {
        "down":  { "uv": [ 0, 0, 16, 16 ], "texture": "#anvil_base" },
        "up":    { "uv": [ 0, 0, 16, 16 ], "texture": "#anvil_base" },
        "north": { "uv": [ 0, 0, 16, 16 ], "texture": "#anvil_base" },
        "south": { "uv": [ 0, 0, 16, 16 ], "texture": "#anvil_base" },
        "west":  { "uv": [ 0, 0, 16, 16 ], "texture": "#anvil_base" },
        "east":  { "uv": [ 0, 0, 16, 16 ], "texture": "#anvil_base" }
    }
},
{
    "__comment": "stoel*",
    "from": [ 23.75, 10.5, 9.5 ],
    "to": [ 25.75, 12.75, 10 ],
    "faces": {
        "down":  { "uv": [ 0, 0, 16, 16 ], "texture": "#anvil_base" },
        "up":    { "uv": [ 0, 0, 16, 16 ], "texture": "#anvil_base" },
        "north": { "uv": [ 0, 0, 16, 16 ], "texture": "#anvil_base" },
        "south": { "uv": [ 0, 0, 16, 16 ], "texture": "#anvil_base" },
        "west":  { "uv": [ 0, 0, 16, 16 ], "texture": "#anvil_base" },
        "east":  { "uv": [ 0, 0, 16, 16 ], "texture": "#anvil_base" }
    }
},
{
    "__comment": "stoel*",
    "from": [ 23.75, 10.0274, 9.5 ],
    "to": [ 25.75, 10.5274, 10 ],
    "rotation": { "origin": [ 23.75, 10.5274, 9.5 ], "axis": "x", "angle": -22.5 },
    "faces": {
        "down":  { "uv": [ 0, 0, 16, 16 ], "texture": "#anvil_base" },
        "up":    { "uv": [ 0, 0, 16, 16 ], "texture": "#anvil_base" },
        "north": { "uv": [ 0, 0, 16, 16 ], "texture": "#anvil_base" },
        "south": { "uv": [ 0, 0, 16, 16 ], "texture": "#anvil_base" },
        "west":  { "uv": [ 0, 0, 16, 16 ], "texture": "#anvil_base" },
        "east":  { "uv": [ 0, 0, 16, 16 ], "texture": "#anvil_base" }
    }
},
{
    "__comment": "stoel*",
    "from": [ 25, 3.8125, 6.03125 ],
    "to": [ 26.75, 4.3125, 6.53125 ],
    "rotation": { "origin": [ 25, 4.3125, 6.03125 ], "axis": "x", "angle": -22.5 },
    "faces": {
        "down":  { "uv": [ 0, 0, 16, 16 ], "texture": "#anvil_base" },
        "up":    { "uv": [ 0, 0, 16, 16 ], "texture": "#anvil_base" },
        "north": { "uv": [ 0, 0, 16, 16 ], "texture": "#anvil_base" },
        "south": { "uv": [ 0, 0, 16, 16 ], "texture": "#anvil_base" },
        "west":  { "uv": [ 0, 0, 16, 16 ], "texture": "#anvil_base" },
        "east":  { "uv": [ 0, 0, 16, 16 ], "texture": "#anvil_base" }
    }
},
{
    "__comment": "stoel*",
    "from": [ 22.75, 3.83991, 6.0625 ],
    "to": [ 24.5, 4.33991, 6.5625 ],
    "rotation": { "origin": [ 22.75, 4.33991, 6.0625 ], "axis": "x", "angle": -22.5 },
    "faces": {
        "down":  { "uv": [ 0, 0, 16, 16 ], "texture": "#anvil_base" },
        "up":    { "uv": [ 0, 0, 16, 16 ], "texture": "#anvil_base" },
        "north": { "uv": [ 0, 0, 16, 16 ], "texture": "#anvil_base" },
        "south": { "uv": [ 0, 0, 16, 16 ], "texture": "#anvil_base" },
        "west":  { "uv": [ 0, 0, 16, 16 ], "texture": "#anvil_base" },
        "east":  { "uv": [ 0, 0, 16, 16 ], "texture": "#anvil_base" }
    }
},
{
    "__comment": "Stoel frame*",
    "from": [ 18, 11.2197, 9.5 ],
    "to": [ 19.5, 12.2197, 10.25 ],
    "rotation": { "origin": [ 18, 12.2197, 9.5 ], "axis": "x", "angle": -45 },
    "faces": {
        "down":  { "uv": [ 16, 13, 10.5, 12.5 ], "texture": "#stone_slab_top" },
        "up":    { "uv": [ 0, 12.5, 5.5, 13 ], "texture": "#stone_slab_top" },
        "north": { "uv": [ 10.5, 0, 16, 0 ], "texture": "#stone_slab_top" },
        "south": { "uv": [ 0, 0, 5.5, 0 ], "texture": "#stone_slab_top" },
        "west":  { "uv": [ 12.5, 0, 13, 0 ], "texture": "#stone_slab_top" },
        "east":  { "uv": [ 3, 0, 3.5, 0 ], "texture": "#stone_slab_top" }
    }
},
{
    "__comment": "Stoel frame*",
    "from": [ 17.75, 10.25, 10 ],
    "to": [ 19.75, 12, 10.75 ],
    "faces": {
        "down":  { "uv": [ 16, 13, 10.5, 12.5 ], "texture": "#stone_slab_top" },
        "up":    { "uv": [ 0, 12.5, 5.5, 13 ], "texture": "#stone_slab_top" },
        "north": { "uv": [ 10.5, 0, 16, 0 ], "texture": "#stone_slab_top" },
        "south": { "uv": [ 0, 0, 5.5, 0 ], "texture": "#stone_slab_top" },
        "west":  { "uv": [ 12.5, 0, 13, 0 ], "texture": "#stone_slab_top" },
        "east":  { "uv": [ 3, 0, 3.5, 0 ], "texture": "#stone_slab_top" }
    }
},
{
    "__comment": "Stoel frame*",
    "from": [ 23.75, 9.75, 10.2813 ],
    "to": [ 25.75, 10.5, 10.7813 ],
    "rotation": { "origin": [ 23.75, 10.5, 10.2813 ], "axis": "x", "angle": 22.5 },
    "faces": {
        "down":  { "uv": [ 16, 13, 10.5, 12.5 ], "texture": "#stone_slab_top" },
        "up":    { "uv": [ 0, 12.5, 5.5, 13 ], "texture": "#stone_slab_top" },
        "north": { "uv": [ 10.5, 0, 16, 0 ], "texture": "#stone_slab_top" },
        "south": { "uv": [ 0, 0, 5.5, 0 ], "texture": "#stone_slab_top" },
        "west":  { "uv": [ 12.5, 0, 13, 0 ], "texture": "#stone_slab_top" },
        "east":  { "uv": [ 3, 0, 3.5, 0 ], "texture": "#stone_slab_top" }
    }
},
{
    "__comment": "Stoel frame*",
    "from": [ 24, 9.5, 10.25 ],
    "to": [ 25.5, 10.25, 10.5 ],
    "faces": {
        "down":  { "uv": [ 16, 13, 10.5, 12.5 ], "texture": "#stone_slab_top" },
        "up":    { "uv": [ 0, 12.5, 5.5, 13 ], "texture": "#stone_slab_top" },
        "north": { "uv": [ 10.5, 0, 16, 0 ], "texture": "#stone_slab_top" },
        "south": { "uv": [ 0, 0, 5.5, 0 ], "texture": "#stone_slab_top" },
        "west":  { "uv": [ 12.5, 0, 13, 0 ], "texture": "#stone_slab_top" },
        "east":  { "uv": [ 3, 0, 3.5, 0 ], "texture": "#stone_slab_top" }
    }
},
{
    "__comment": "Stoel frame*",
    "from": [ 24.25, 5, 10 ],
    "to": [ 25.25, 9.5, 10.5 ],
    "faces": {
        "down":  { "uv": [ 3.5, 13, 1.5, 12 ], "texture": "#stone_slab_top" },
        "up":    { "uv": [ 12.5, 12, 14.5, 13 ], "texture": "#stone_slab_top" },
        "north": { "uv": [ 1.5, 0, 3.5, 6 ], "texture": "#stone_slab_top" },
        "south": { "uv": [ 12.5, 0, 14.5, 6 ], "texture": "#stone_slab_top" },
        "west":  { "uv": [ 12, 0, 13, 6 ], "texture": "#stone_slab_top" },
        "east":  { "uv": [ 3, 0, 4, 6 ], "texture": "#stone_slab_top" }
    }
},
{
    "__comment": "Stoel frame*",
    "from": [ 24.25, 3.25, 10 ],
    "to": [ 25.25, 5.25, 10.5 ],
    "rotation": { "origin": [ 24.25, 5.25, 10 ], "axis": "x", "angle": 45 },
    "faces": {
        "down":  { "uv": [ 3.5, 13, 1.5, 12 ], "texture": "#stone_slab_top" },
        "up":    { "uv": [ 12.5, 12, 14.5, 13 ], "texture": "#stone_slab_top" },
        "north": { "uv": [ 1.5, 5.5, 3.5, 9.5 ], "texture": "#stone_slab_top" },
        "south": { "uv": [ 12.5, 5.5, 14.5, 9.5 ], "texture": "#stone_slab_top" },
        "west":  { "uv": [ 12, 5.5, 13, 9.5 ], "texture": "#stone_slab_top" },
        "east":  { "uv": [ 3, 5.5, 4, 9.5 ], "texture": "#stone_slab_top" }
    }
},
{
    "__comment": "Stoel frame*",
    "from": [ 23, 3.5, 7.25 ],
    "to": [ 26.5, 4, 9 ],
    "faces": {
        "down":  { "uv": [ 6, 10, 0, 6.5 ], "texture": "#stone_slab_top" },
        "up":    { "uv": [ 10, 6.5, 16, 10 ], "texture": "#stone_slab_top" },
        "north": { "uv": [ 0, 8, 6, 9 ], "texture": "#stone_slab_top" },
        "south": { "uv": [ 10, 8, 16, 9 ], "texture": "#stone_slab_top" },
        "west":  { "uv": [ 6.5, 8, 10, 9 ], "texture": "#stone_slab_top" },
        "east":  { "uv": [ 6, 8, 9.5, 9 ], "texture": "#stone_slab_top" }
    }
},
{
    "__comment": "Stoel frame*",
    "from": [ 24.25, 2.75, 8.5625 ],
    "to": [ 25.25, 4.5, 9.5625 ],
    "rotation": { "origin": [ 24.25, 4.5, 8.5625 ], "axis": "x", "angle": 22.5 },
    "faces": {
        "down":  { "uv": [ 14.5, 9, 12.5, 7 ], "texture": "#stone_slab_top" },
        "up":    { "uv": [ 1.5, 7, 3.5, 9 ], "texture": "#stone_slab_top" },
        "north": { "uv": [ 12.5, 8, 14.5, 11.5 ], "texture": "#stone_slab_top" },
        "south": { "uv": [ 1.5, 8, 3.5, 11.5 ], "texture": "#stone_slab_top" },
        "west":  { "uv": [ 7, 8, 9, 11.5 ], "texture": "#stone_slab_top" },
        "east":  { "uv": [ 7, 8, 9, 11.5 ], "texture": "#stone_slab_top" }
    }
},
{
    "__comment": "Stoel frame*",
    "from": [ 24.25, 2.25, 7.25 ],
    "to": [ 25.25, 3.75, 8.75 ],
    "faces": {
        "down":  { "uv": [ 14.5, 9, 12.5, 7 ], "texture": "#stone_slab_top" },
        "up":    { "uv": [ 1.5, 7, 3.5, 9 ], "texture": "#stone_slab_top" },
        "north": { "uv": [ 12.5, 8, 14.5, 11.5 ], "texture": "#stone_slab_top" },
        "south": { "uv": [ 1.5, 8, 3.5, 11.5 ], "texture": "#stone_slab_top" },
        "west":  { "uv": [ 7, 8, 9, 11.5 ], "texture": "#stone_slab_top" },
        "east":  { "uv": [ 7, 8, 9, 11.5 ], "texture": "#stone_slab_top" }
    }
},
{
    "__comment": "Stoel frame*",
    "from": [ 24.25, 2.27356, 6.5 ],
    "to": [ 25.25, 4.02356, 7.5 ],
    "rotation": { "origin": [ 24.25, 4.02356, 6.5 ], "axis": "x", "angle": -22.5 },
    "faces": {
        "down":  { "uv": [ 14.5, 9, 12.5, 7 ], "texture": "#stone_slab_top" },
        "up":    { "uv": [ 1.5, 7, 3.5, 9 ], "texture": "#stone_slab_top" },
        "north": { "uv": [ 12.5, 8, 14.5, 11.5 ], "texture": "#stone_slab_top" },
        "south": { "uv": [ 1.5, 8, 3.5, 11.5 ], "texture": "#stone_slab_top" },
        "west":  { "uv": [ 7, 8, 9, 11.5 ], "texture": "#stone_slab_top" },
        "east":  { "uv": [ 7, 8, 9, 11.5 ], "texture": "#stone_slab_top" }
    }
},
{
    "__comment": "wielkast*",
    "from": [ 2.5, 5, 7.5 ],
    "to": [ 3.25, 5.5, 8.5 ],
    "faces": {
        "down":  { "uv": [ 16, 16, 15.5, 16 ], "texture": "#stone_slab" },
        "up":    { "uv": [ 0, 16, 0.5, 16 ], "texture": "#stone_slab" },
        "north": { "uv": [ 15.5, 11.5, 16, 12.5 ], "texture": "#stone_slab" },
        "south": { "uv": [ 0, 11.5, 0.5, 12.5 ], "texture": "#stone_slab" },
        "west":  { "uv": [ 16, 11.5, 16, 12.5 ], "texture": "#stone_slab" },
        "east":  { "uv": [ 0, 11.5, 0, 12.5 ], "texture": "#stone_slab" }
    }
},
{
    "__comment": "zkarframe",
    "from": [ 2, 7, 7.25 ],
    "to": [ 14, 9, 8.75 ],
    "faces": {
        "down":  { "uv": [ 0, 6.5, 16, 9.5 ], "texture": "#texture" },
        "up":    { "uv": [ 0, 6.5, 16, 9.5 ], "texture": "#texture" },
        "north": { "uv": [ 0, 0, 16, 4 ], "texture": "#texture" },
        "south": { "uv": [ 0, 0, 16, 4 ], "texture": "#texture" },
        "west":  { "uv": [ 6.5, 0, 9.5, 4 ], "texture": "#texture" },
        "east":  { "uv": [ 6.5, 0, 9.5, 4 ], "texture": "#texture" }
    }
},
{
    "__comment": "zkarframe*",
    "from": [ 14.75, 2.5, 7.25 ],
    "to": [ 24.5, 3.5, 8.75 ],
    "faces": {
        "down":  { "uv": [ 0, 0, 16, 4 ], "texture": "#texture" },
        "up":    { "uv": [ 0, 0, 16, 4 ], "texture": "#texture" },
        "north": { "uv": [ 0, 0, 16, 4.5 ], "texture": "#texture" },
        "south": { "uv": [ 0, 0, 16, 4.5 ], "texture": "#texture" },
        "west":  { "uv": [ 0, 0, 4.5, 4 ], "texture": "#texture" },
        "east":  { "uv": [ 0, 0, 4.5, 4 ], "texture": "#texture" }
    }
},
{
    "__comment": "zkarframe*",
    "from": [ 12.375, 2.09375, 7.25 ],
    "to": [ 14.125, 8.59375, 8.75 ],
    "rotation": { "origin": [ 12.375, 8.59375, 7.25 ], "axis": "z", "angle": 22.5 },
    "faces": {
        "down":  { "uv": [ 0, 0, 4, 3.5 ], "texture": "#texture" },
        "up":    { "uv": [ 0, 0, 4, 3.5 ], "texture": "#texture" },
        "north": { "uv": [ 0, 0, 4, 16 ], "texture": "#texture" },
        "south": { "uv": [ 0, 0, 4, 16 ], "texture": "#texture" },
        "west":  { "uv": [ 0, 0, 4, 16 ], "texture": "#texture" },
        "east":  { "uv": [ 0, 0, 4, 16 ], "texture": "#texture" }
    }
},
{
    "__comment": "zkarframe*",
    "from": [ 2, 2.75, 7.25 ],
    "to": [ 3.75, 9.25, 8.75 ],
    "rotation": { "origin": [ 2, 9.25, 7.25 ], "axis": "z", "angle": -22.5 },
    "faces": {
        "down":  { "uv": [ 0, 6.5, 3.5, 9.5 ], "texture": "#texture" },
        "up":    { "uv": [ 0, 6.5, 3.5, 9.5 ], "texture": "#texture" },
        "north": { "uv": [ 0, 0, 3.5, 13 ], "texture": "#texture" },
        "south": { "uv": [ 0, 0, 3.5, 13 ], "texture": "#texture" },
        "west":  { "uv": [ 6.5, 0, 9.5, 13 ], "texture": "#texture" },
        "east":  { "uv": [ 6.5, 0, 9.5, 13 ], "texture": "#texture" }
    }
},
{
    "__comment": "zkarframe*",
    "from": [ -8.5, 2.5, 7.25 ],
    "to": [ 1.25, 3.5, 8.75 ],
    "faces": {
        "down":  { "uv": [ 0, 6.5, 16, 9.5 ], "texture": "#texture" },
        "up":    { "uv": [ 0, 6.5, 16, 9.5 ], "texture": "#texture" },
        "north": { "uv": [ 0, 9, 16, 11 ], "texture": "#texture" },
        "south": { "uv": [ 0, 9, 16, 11 ], "texture": "#texture" },
        "west":  { "uv": [ 6.5, 9, 9.5, 11 ], "texture": "#texture" },
        "east":  { "uv": [ 6.5, 9, 9.5, 11 ], "texture": "#texture" }
    }
},
{
    "__comment": "stoel*",
    "from": [ 24.5, 4.28125, 6.78509 ],
    "to": [ 25, 4.78125, 7.53509 ],
    "rotation": { "origin": [ 24.5, 4.78125, 6.78509 ], "axis": "x", "angle": 22.5 },
    "faces": {
        "down":  { "uv": [ 0, 0, 16, 16 ], "texture": "#anvil_base" },
        "up":    { "uv": [ 0, 0, 16, 16 ], "texture": "#anvil_base" },
        "north": { "uv": [ 0, 0, 16, 16 ], "texture": "#anvil_base" },
        "south": { "uv": [ 0, 0, 16, 16 ], "texture": "#anvil_base" },
        "west":  { "uv": [ 0, 0, 16, 16 ], "texture": "#anvil_base" },
        "east":  { "uv": [ 0, 0, 16, 16 ], "texture": "#anvil_base" }
    }
},
{
    "__comment": "zkarframe*",
    "from": [ 6.5, 7.75, 3.75 ],
    "to": [ 9.5, 9.25, 7.25 ],
    "faces": {
        "down":  { "uv": [ 5, -0.5, 11, 6.5 ], "texture": "#texture" },
        "up":    { "uv": [ 5, 0, 11, 7 ], "texture": "#texture" },
        "north": { "uv": [ 5, 0, 11, 3 ], "texture": "#texture" },
        "south": { "uv": [ 5, 0, 11, 3 ], "texture": "#texture" },
        "west":  { "uv": [ 0, 0, 7, 3 ], "texture": "#texture" },
        "east":  { "uv": [ 0, 0, 7, 3 ], "texture": "#texture" }
    }
},
{
    "__comment": "remblokkie",
    "from": [ 7, 8.25, 3 ],
    "to": [ 7.75, 9, 3.75 ],
    "faces": {
        "down":  { "uv": [ 10, 0, 8.5, 0 ], "texture": "#cauldron_inner" },
        "up":    { "uv": [ 6, 0, 7.5, 0 ], "texture": "#cauldron_inner" },
        "north": { "uv": [ 8.5, 0, 10, 0.5 ], "texture": "#cauldron_inner" },
        "south": { "uv": [ 6, 0, 7.5, 0.5 ], "texture": "#cauldron_inner" },
        "west":  { "uv": [ 0, 0, 0, 0.5 ], "texture": "#cauldron_inner" },
        "east":  { "uv": [ 16, 0, 16, 0.5 ], "texture": "#cauldron_inner" }
    }
},
{
    "__comment": "remblokkie",
    "from": [ 8.25, 8.25, 3 ],
    "to": [ 9, 9, 3.75 ],
    "faces": {
        "down":  { "uv": [ 7.5, 0, 6, 0 ], "texture": "#cauldron_inner" },
        "up":    { "uv": [ 8.5, 0, 10, 0 ], "texture": "#cauldron_inner" },
        "north": { "uv": [ 6, 0, 7.5, 0.5 ], "texture": "#cauldron_inner" },
        "south": { "uv": [ 8.5, 0, 10, 0.5 ], "texture": "#cauldron_inner" },
        "west":  { "uv": [ 0, 0, 0, 0.5 ], "texture": "#cauldron_inner" },
        "east":  { "uv": [ 16, 0, 16, 0.5 ], "texture": "#cauldron_inner" }
    }
},
{
    "__comment": "zkarframe*",
    "from": [ 13, 2.5, 5.25 ],
    "to": [ 13.25, 7.25, 10.75 ],
    "rotation": { "origin": [ 13, 7.25, 5.25 ], "axis": "z", "angle": 22.5 },
    "faces": {
        "down":  { "uv": [ 0, 0, 0.5, 10 ], "texture": "#texture" },
        "up":    { "uv": [ 0, 0, 0.5, 10 ], "texture": "#texture" },
        "north": { "uv": [ 0, 0, 0.5, 6 ], "texture": "#texture" },
        "south": { "uv": [ 0, 0, 0.5, 6 ], "texture": "#texture" },
        "west":  { "uv": [ 1, 2, 12, 11 ], "texture": "#texture" },
        "east":  { "uv": [ 1, 2, 12, 11 ], "texture": "#texture" }
    }
},
{
    "__comment": "zkarframe*",
    "from": [ 2.78125, 2.59375, 5.25 ],
    "to": [ 3.03125, 7.34375, 10.75 ],
    "rotation": { "origin": [ 2.78125, 7.34375, 5.25 ], "axis": "z", "angle": -22.5 },
    "faces": {
        "down":  { "uv": [ 0, 2.5, 0.5, 13.5 ], "texture": "#texture" },
        "up":    { "uv": [ 0, 2.5, 0.5, 13.5 ], "texture": "#texture" },
        "north": { "uv": [ 0, 1.3125, 0.5, 10.8125 ], "texture": "#texture" },
        "south": { "uv": [ 0, 1.3125, 0.5, 10.8125 ], "texture": "#texture" },
        "west":  { "uv": [ 2.5, 1.3125, 13.5, 10.8125 ], "texture": "#texture" },
        "east":  { "uv": [ 2.5, 1.3125, 13.5, 10.8125 ], "texture": "#texture" }
    }
},
{
    "__comment": "zkarframe*",
    "from": [ 13.875, 7.09375, 5.25 ],
    "to": [ 14.125, 9.34375, 10.75 ],
    "rotation": { "origin": [ 13.875, 9.34375, 5.25 ], "axis": "z", "angle": -22.5 },
    "faces": {
        "down":  { "uv": [ 0, 0, 0.5, 16 ], "texture": "#texture" },
        "up":    { "uv": [ 0, 0, 0.5, 16 ], "texture": "#texture" },
        "north": { "uv": [ 0, 0, 0.5, 15 ], "texture": "#texture" },
        "south": { "uv": [ 0, 0, 0.5, 15 ], "texture": "#texture" },
        "west":  { "uv": [ 2.5, 0, 14, 5 ], "texture": "#texture" },
        "east":  { "uv": [ 2.5, 0, 14, 5 ], "texture": "#texture" }
    }
},
{
    "__comment": "zkarframe*",
    "from": [ 1.90625, 6.96875, 5.25 ],
    "to": [ 2.15625, 9.21875, 10.75 ],
    "rotation": { "origin": [ 1.90625, 9.21875, 5.25 ], "axis": "z", "angle": 22.5 },
    "faces": {
        "down":  { "uv": [ 0, 2.5, 0.5, 13.5 ], "texture": "#texture" },
        "up":    { "uv": [ 0, 2.5, 0.5, 13.5 ], "texture": "#texture" },
        "north": { "uv": [ 0, 0, 0.5, 4.5 ], "texture": "#texture" },
        "south": { "uv": [ 0, 0, 0.5, 4.5 ], "texture": "#texture" },
        "west":  { "uv": [ 2.5, 0, 13.5, 4.5 ], "texture": "#texture" },
        "east":  { "uv": [ 2.5, 0, 13.5, 4.5 ], "texture": "#texture" }
    }
},
{
    "__comment": "zzversiering*",
    "from": [ 8, 8.75, 5 ],
    "to": [ 14.25, 9.75, 10 ],
    "rotation": { "origin": [ 8, 8.75, 5 ], "axis": "y", "angle": -22.5 },
    "faces": {
        "down":  { "uv": [ 3.5, 2, 16, 12 ], "texture": "#versiering" },
        "up":    { "uv": [ 3.5, 2, 16, 12 ], "texture": "#versiering" },
        "north": { "uv": [ 3.5, 0, 16, 2 ], "texture": "#versiering" },
        "south": { "uv": [ 3.5, 0, 16, 2 ], "texture": "#versiering" },
        "west":  { "uv": [ 2, 0, 12, 2 ], "texture": "#versiering" },
        "east":  { "uv": [ 2, 0, 12, 2 ], "texture": "#versiering" }
    }
},
{
    "__comment": "zzversiering*",
    "from": [ 8, 9.75, 7.25 ],
    "to": [ 16, 10.25, 8.75 ],
    "rotation": { "origin": [ 8, 9.75, 7.25 ], "axis": "y", "angle": -22.5 },
    "faces": {
        "down":  { "uv": [ 0, 6.5, 16, 9.5 ], "texture": "#versiering" },
        "up":    { "uv": [ 0, 6.5, 16, 9.5 ], "texture": "#versiering" },
        "north": { "uv": [ 0, 0, 16, 1 ], "texture": "#versiering" },
        "south": { "uv": [ 0, 0, 16, 1 ], "texture": "#versiering" },
        "west":  { "uv": [ 6.5, 0, 9.5, 1 ], "texture": "#versiering" },
        "east":  { "uv": [ 6.5, 0, 9.5, 1 ], "texture": "#versiering" }
    }
},
{
    "__comment": "zzversiering*",
    "from": [ 2.21875, 8.75, 7.40625 ],
    "to": [ 8.46875, 9.75, 12.4063 ],
    "rotation": { "origin": [ 2.21875, 8.75, 7.40625 ], "axis": "y", "angle": 22.5 },
    "faces": {
        "down":  { "uv": [ 0, 6, 12.5, 16 ], "texture": "#versiering" },
        "up":    { "uv": [ 0, 6, 12.5, 16 ], "texture": "#versiering" },
        "north": { "uv": [ 0, 0, 12.5, 2 ], "texture": "#versiering" },
        "south": { "uv": [ 0, 0, 12.5, 2 ], "texture": "#versiering" },
        "west":  { "uv": [ 6, 0, 16, 2 ], "texture": "#versiering" },
        "east":  { "uv": [ 6, 0, 16, 2 ], "texture": "#versiering" }
    }
},
{
    "__comment": "zzversiering*",
    "from": [ 8, 9.5, 5.75 ],
    "to": [ 15.25, 10, 9.5 ],
    "rotation": { "origin": [ 8, 9.5, 5.75 ], "axis": "y", "angle": -22.5 },
    "faces": {
        "down":  { "uv": [ 1.5, 3.5, 16, 11 ], "texture": "#versiering" },
        "up":    { "uv": [ 1.5, 3.5, 16, 11 ], "texture": "#versiering" },
        "north": { "uv": [ 1.5, 0, 16, 1 ], "texture": "#versiering" },
        "south": { "uv": [ 1.5, 0, 16, 1 ], "texture": "#versiering" },
        "west":  { "uv": [ 3.5, 0, 11, 1 ], "texture": "#versiering" },
        "east":  { "uv": [ 3.5, 0, 11, 1 ], "texture": "#versiering" }
    }
},
{
    "__comment": "zzversiering*",
    "from": [ 0.59375, 9.75, 10.3125 ],
    "to": [ 8.59375, 10.25, 11.8125 ],
    "rotation": { "origin": [ 0.59375, 9.75, 10.3125 ], "axis": "y", "angle": 22.5 },
    "faces": {
        "down":  { "uv": [ 0, 12.5, 16, 15.5 ], "texture": "#versiering" },
        "up":    { "uv": [ 0, 12.5, 16, 15.5 ], "texture": "#versiering" },
        "north": { "uv": [ 0, 0, 16, 1 ], "texture": "#versiering" },
        "south": { "uv": [ 0, 0, 16, 1 ], "texture": "#versiering" },
        "west":  { "uv": [ 12.625, 0, 15.625, 1 ], "texture": "#versiering" },
        "east":  { "uv": [ 12.625, 0, 15.625, 1 ], "texture": "#versiering" }
    }
},
{
    "__comment": "zzversiering*",
    "from": [ 7.5, 8.65625, 4.03125 ],
    "to": [ 8.5, 9.40625, 7.53125 ],
    "rotation": { "origin": [ 7.5, 9.40625, 4.03125 ], "axis": "x", "angle": -22.5 },
    "faces": {
        "down":  { "uv": [ 7, 0.0625, 9, 7.0625 ], "texture": "#versiering" },
        "up":    { "uv": [ 7, 0.0625, 9, 7.0625 ], "texture": "#versiering" },
        "north": { "uv": [ 7, 0, 9, 1.5 ], "texture": "#versiering" },
        "south": { "uv": [ 7, 0, 9, 1.5 ], "texture": "#versiering" },
        "west":  { "uv": [ 0.0625, 0, 7.0625, 1.5 ], "texture": "#versiering" },
        "east":  { "uv": [ 0.0625, 0, 7.0625, 1.5 ], "texture": "#versiering" }
    }
},
{
    "__comment": "zzversiering*",
    "from": [ 7.5, 10, 7.25 ],
    "to": [ 8.5, 10.75, 8.5 ],
    "faces": {
        "down":  { "uv": [ 7, 6.5, 9, 9 ], "texture": "#versiering" },
        "up":    { "uv": [ 7, 6.5, 9, 9 ], "texture": "#versiering" },
        "north": { "uv": [ 7, 0, 9, 1.5 ], "texture": "#versiering" },
        "south": { "uv": [ 7, 0, 9, 1.5 ], "texture": "#versiering" },
        "west":  { "uv": [ 6.5, 0, 9, 1.5 ], "texture": "#versiering" },
        "east":  { "uv": [ 6.5, 0, 9, 1.5 ], "texture": "#versiering" }
    }
},
{
    "__comment": "zzversiering*",
    "from": [ 7.5, 10, 8.5 ],
    "to": [ 8.5, 10.75, 11 ],
    "rotation": { "origin": [ 7.5, 10.75, 8.5 ], "axis": "x", "angle": 22.5 },
    "faces": {
        "down":  { "uv": [ 7, 9, 9, 14 ], "texture": "#versiering" },
        "up":    { "uv": [ 7, 9, 9, 14 ], "texture": "#versiering" },
        "north": { "uv": [ 7, 0, 9, 1.5 ], "texture": "#versiering" },
        "south": { "uv": [ 7, 0, 9, 1.5 ], "texture": "#versiering" },
        "west":  { "uv": [ 9, 0, 14, 1.5 ], "texture": "#versiering" },
        "east":  { "uv": [ 9, 0, 14, 1.5 ], "texture": "#versiering" }
    }
},
{
    "__comment": "zzversiering*",
    "from": [ 7.5, 9.25, 10.5 ],
    "to": [ 8.5, 10, 12 ],
    "faces": {
        "down":  { "uv": [ 7, 13, 9, 16 ], "texture": "#versiering" },
        "up":    { "uv": [ 7, 13, 9, 16 ], "texture": "#versiering" },
        "north": { "uv": [ 7, 0, 9, 1.5 ], "texture": "#versiering" },
        "south": { "uv": [ 7, 0, 9, 1.5 ], "texture": "#versiering" },
        "west":  { "uv": [ 13, 0, 16, 1.5 ], "texture": "#versiering" },
        "east":  { "uv": [ 13, 0, 16, 1.5 ], "texture": "#versiering" }
    }
},
{
    "__comment": "zzversiering*",
    "from": [ 1.3125, 9.5, 8.53125 ],
    "to": [ 8.5625, 10, 12.2813 ],
    "rotation": { "origin": [ 1.3125, 9.5, 8.53125 ], "axis": "y", "angle": 22.5 },
    "faces": {
        "down":  { "uv": [ 0, 8.5, 14.5, 16 ], "texture": "#versiering" },
        "up":    { "uv": [ 0, 8.5, 14.5, 16 ], "texture": "#versiering" },
        "north": { "uv": [ 0, 0, 14.5, 1 ], "texture": "#versiering" },
        "south": { "uv": [ 0, 0, 14.5, 1 ], "texture": "#versiering" },
        "west":  { "uv": [ 8.5, 0, 16, 1 ], "texture": "#versiering" },
        "east":  { "uv": [ 8.5, 0, 16, 1 ], "texture": "#versiering" }
    }
},
{
    "__comment": "zkarframe*",
    "from": [ 7, 7, 7.25 ],
    "to": [ 9, 7.5, 8.75 ],
    "faces": {
        "down":  { "uv": [ 7, 7.25, 9, 8.75 ], "texture": "#texture" },
        "up":    { "uv": [ 7, 7.25, 9, 8.75 ], "texture": "#texture" },
        "north": { "uv": [ 7, 8.5, 9, 9 ], "texture": "#texture" },
        "south": { "uv": [ 7, 8.5, 9, 9 ], "texture": "#texture" },
        "west":  { "uv": [ 7.25, 8.5, 8.75, 9 ], "texture": "#texture" },
        "east":  { "uv": [ 7.25, 8.5, 8.75, 9 ], "texture": "#texture" }
    }
}
],
"display": {
    "head": {
        "rotation": [ 0, 0, 0 ],
        "translation": [ 0, -24, 0 ],
        "scale": [ 3.3, 3.3, 3.3 ]
    }
}
}