{
"__comment": "Designed by Kukamonda with BDcraft Cubik PRO 0.92 Beta - http://bdcraft.net",
"textures": {
    "texture": "blocks/fenrirzwart",
    "wielen": "blocks/piston_inner",
    "stone_slab_top": "blocks/stone_slab_top",
    "furnace_side": "blocks/furnace_side",
    "anvil_base": "blocks/anvil_base"
},
"elements": [ 
{
    "__comment": "wielendop",
    "from": [ 0, 0, 8 ],
    "to": [ 1.5, 2.5, 10.5 ],
    "faces": {
        "down":  { "uv": [ 4, 4, 12, 12 ], "texture": "#wielen" },
        "up":    { "uv": [ 4, 4, 12, 12 ], "texture": "#wielen" },
        "north": { "uv": [ 4, 4, 12, 12 ], "texture": "#wielen" },
        "south": { "uv": [ 4, 4, 12, 12 ], "texture": "#wielen" },
        "west":  { "uv": [ 4, 4, 12, 12 ], "texture": "#wielen" },
        "east":  { "uv": [ 4, 4, 12, 12 ], "texture": "#wielen" }
    }
},
{
    "__comment": "wielen",
    "from": [ 0, 2.5, 8 ],
    "to": [ 1.5, 3, 10.5 ],
    "faces": {
        "down":  { "uv": [ 16, 10.5, 14.5, 8 ], "texture": "#anvil_base" },
        "up":    { "uv": [ 0, 8, 1.5, 10.5 ], "texture": "#anvil_base" },
        "north": { "uv": [ 14.5, 13, 16, 13.5 ], "texture": "#anvil_base" },
        "south": { "uv": [ 0, 13, 1.5, 13.5 ], "texture": "#anvil_base" },
        "west":  { "uv": [ 8, 13, 10.5, 13.5 ], "texture": "#anvil_base" },
        "east":  { "uv": [ 5.5, 13, 8, 13.5 ], "texture": "#anvil_base" }
    }
},
{
    "__comment": "wielen",
    "from": [ 0, -0.5, 8 ],
    "to": [ 1.5, 0, 10.5 ],
    "faces": {
        "down":  { "uv": [ 16, 10.5, 14.5, 8 ], "texture": "#anvil_base" },
        "up":    { "uv": [ 0, 8, 1.5, 10.5 ], "texture": "#anvil_base" },
        "north": { "uv": [ 14.5, 16, 16, 16 ], "texture": "#anvil_base" },
        "south": { "uv": [ 0, 16, 1.5, 16 ], "texture": "#anvil_base" },
        "west":  { "uv": [ 8, 16, 10.5, 16 ], "texture": "#anvil_base" },
        "east":  { "uv": [ 5.5, 16, 8, 16 ], "texture": "#anvil_base" }
    }
},
{
    "__comment": "wielendop",
    "from": [ 14.5, 0, 8 ],
    "to": [ 16, 2.5, 10.5 ],
    "faces": {
        "down":  { "uv": [ 4, 4, 12, 12 ], "texture": "#wielen" },
        "up":    { "uv": [ 4, 4, 12, 12 ], "texture": "#wielen" },
        "north": { "uv": [ 4, 4, 12, 12 ], "texture": "#wielen" },
        "south": { "uv": [ 4, 4, 12, 12 ], "texture": "#wielen" },
        "west":  { "uv": [ 4, 4, 12, 12 ], "texture": "#wielen" },
        "east":  { "uv": [ 4, 4, 12, 12 ], "texture": "#wielen" }
    }
},
{
    "__comment": "wielen*",
    "from": [ 16, -2, 4 ],
    "to": [ 16.5, -1, 6 ],
    "faces": {
        "down":  { "uv": [ 0, 6, 0, 4 ], "texture": "#anvil_base" },
        "up":    { "uv": [ 16, 4, 16, 6 ], "texture": "#anvil_base" },
        "north": { "uv": [ 0, 16, 0, 16 ], "texture": "#anvil_base" },
        "south": { "uv": [ 16, 16, 16, 16 ], "texture": "#anvil_base" },
        "west":  { "uv": [ 4, 16, 6, 16 ], "texture": "#anvil_base" },
        "east":  { "uv": [ 10, 16, 12, 16 ], "texture": "#anvil_base" }
    }
},
{
    "__comment": "wielen*",
    "from": [ 16.5, -2, 10 ],
    "to": [ 18.5, -1, 10.5 ],
    "faces": {
        "down":  { "uv": [ 15, 16, 14, 16 ], "texture": "#anvil_base" },
        "up":    { "uv": [ 1, 16, 2, 16 ], "texture": "#anvil_base" },
        "north": { "uv": [ 14, 16, 15, 16 ], "texture": "#anvil_base" },
        "south": { "uv": [ 1, 16, 2, 16 ], "texture": "#anvil_base" },
        "west":  { "uv": [ 16, 16, 16, 16 ], "texture": "#anvil_base" },
        "east":  { "uv": [ 0, 16, 0, 16 ], "texture": "#anvil_base" }
    }
},
{
    "__comment": "wielen*",
    "from": [ 0, 0, 7.5 ],
    "to": [ 1.5, 2.5, 8 ],
    "faces": {
        "down":  { "uv": [ 16, 8, 14.5, 7.5 ], "texture": "#anvil_base" },
        "up":    { "uv": [ 0, 7.5, 1.5, 8 ], "texture": "#anvil_base" },
        "north": { "uv": [ 14.5, 13.5, 16, 16 ], "texture": "#anvil_base" },
        "south": { "uv": [ 0, 13.5, 1.5, 16 ], "texture": "#anvil_base" },
        "west":  { "uv": [ 7.5, 13.5, 8, 16 ], "texture": "#anvil_base" },
        "east":  { "uv": [ 8, 13.5, 8.5, 16 ], "texture": "#anvil_base" }
    }
},
{
    "__comment": "wielen*",
    "from": [ 16.5, -2, 3.5 ],
    "to": [ 18.5, -1, 4 ],
    "faces": {
        "down":  { "uv": [ 0, 4, 0, 3.5 ], "texture": "#anvil_base" },
        "up":    { "uv": [ 16, 3.5, 16, 4 ], "texture": "#anvil_base" },
        "north": { "uv": [ 0, 16, 0, 16 ], "texture": "#anvil_base" },
        "south": { "uv": [ 16, 16, 16, 16 ], "texture": "#anvil_base" },
        "west":  { "uv": [ 3.5, 16, 4, 16 ], "texture": "#anvil_base" },
        "east":  { "uv": [ 12, 16, 12.5, 16 ], "texture": "#anvil_base" }
    }
},
{
    "__comment": "wielen*",
    "from": [ 0, 0, 10.5 ],
    "to": [ 1.5, 2.5, 11 ],
    "faces": {
        "down":  { "uv": [ 16, 11, 14.5, 10.5 ], "texture": "#anvil_base" },
        "up":    { "uv": [ 0, 10.5, 1.5, 11 ], "texture": "#anvil_base" },
        "north": { "uv": [ 14.5, 13.5, 16, 16 ], "texture": "#anvil_base" },
        "south": { "uv": [ 0, 13.5, 1.5, 16 ], "texture": "#anvil_base" },
        "west":  { "uv": [ 10.5, 13.5, 11, 16 ], "texture": "#anvil_base" },
        "east":  { "uv": [ 5, 13.5, 5.5, 16 ], "texture": "#anvil_base" }
    }
},
{
    "__comment": "wielkast*",
    "from": [ -0.5, 0.5, 4.5 ],
    "to": [ 0, 2, 9.5 ],
    "faces": {
        "down":  { "uv": [ 16, 9.5, 16, 4.5 ], "texture": "#stone_slab_top" },
        "up":    { "uv": [ 0, 4.5, 0, 9.5 ], "texture": "#stone_slab_top" },
        "north": { "uv": [ 16, 14, 16, 15.5 ], "texture": "#stone_slab_top" },
        "south": { "uv": [ 0, 14, 0, 15.5 ], "texture": "#stone_slab_top" },
        "west":  { "uv": [ 4.5, 14, 9.5, 15.5 ], "texture": "#stone_slab_top" },
        "east":  { "uv": [ 6.5, 14, 11.5, 15.5 ], "texture": "#stone_slab_top" }
    }
},
{
    "__comment": "wielen*",
    "from": [ 14.5, 0, 10.5 ],
    "to": [ 16, 2.5, 11 ],
    "faces": {
        "down":  { "uv": [ 1.5, 11, 0, 10.5 ], "texture": "#anvil_base" },
        "up":    { "uv": [ 14.5, 10.5, 16, 11 ], "texture": "#anvil_base" },
        "north": { "uv": [ 0, 13.5, 1.5, 16 ], "texture": "#anvil_base" },
        "south": { "uv": [ 14.5, 13.5, 16, 16 ], "texture": "#anvil_base" },
        "west":  { "uv": [ 10.5, 13.5, 11, 16 ], "texture": "#anvil_base" },
        "east":  { "uv": [ 5, 13.5, 5.5, 16 ], "texture": "#anvil_base" }
    }
},
{
    "__comment": "wielen*",
    "from": [ 14.5, -0.5, 8 ],
    "to": [ 16, 0, 10.5 ],
    "faces": {
        "down":  { "uv": [ 1.5, 10.5, 0, 8 ], "texture": "#anvil_base" },
        "up":    { "uv": [ 14.5, 8, 16, 10.5 ], "texture": "#anvil_base" },
        "north": { "uv": [ 0, 16, 1.5, 16 ], "texture": "#anvil_base" },
        "south": { "uv": [ 14.5, 16, 16, 16 ], "texture": "#anvil_base" },
        "west":  { "uv": [ 8, 16, 10.5, 16 ], "texture": "#anvil_base" },
        "east":  { "uv": [ 5.5, 16, 8, 16 ], "texture": "#anvil_base" }
    }
},
{
    "__comment": "wielen*",
    "from": [ 14.5, 2.5, 8 ],
    "to": [ 16, 3, 10.5 ],
    "faces": {
        "down":  { "uv": [ 1.5, 10.5, 0, 8 ], "texture": "#anvil_base" },
        "up":    { "uv": [ 14.5, 8, 16, 10.5 ], "texture": "#anvil_base" },
        "north": { "uv": [ 0, 13, 1.5, 13.5 ], "texture": "#anvil_base" },
        "south": { "uv": [ 14.5, 13, 16, 13.5 ], "texture": "#anvil_base" },
        "west":  { "uv": [ 8, 13, 10.5, 13.5 ], "texture": "#anvil_base" },
        "east":  { "uv": [ 5.5, 13, 8, 13.5 ], "texture": "#anvil_base" }
    }
},
{
    "__comment": "wielkast*",
    "from": [ 16, 0.5, 4.5 ],
    "to": [ 16.5, 2, 9.5 ],
    "faces": {
        "down":  { "uv": [ 0, 9.5, 0, 4.5 ], "texture": "#stone_slab_top" },
        "up":    { "uv": [ 16, 4.5, 16, 9.5 ], "texture": "#stone_slab_top" },
        "north": { "uv": [ 0, 14, 0, 15.5 ], "texture": "#stone_slab_top" },
        "south": { "uv": [ 16, 14, 16, 15.5 ], "texture": "#stone_slab_top" },
        "west":  { "uv": [ 4.5, 14, 9.5, 15.5 ], "texture": "#stone_slab_top" },
        "east":  { "uv": [ 6.5, 14, 11.5, 15.5 ], "texture": "#stone_slab_top" }
    }
},
{
    "__comment": "wielkast*",
    "from": [ 16.5, 1, 6 ],
    "to": [ 19.5, 2, 8 ],
    "rotation": { "origin": [ 16.5, 2, 6 ], "axis": "z", "angle": -45 },
    "faces": {
        "down":  { "uv": [ 16, 16, 15.5, 16 ], "texture": "#stone_slab_top" },
        "up":    { "uv": [ 0, 16, 0.5, 16 ], "texture": "#stone_slab_top" },
        "north": { "uv": [ 15.5, 11.5, 16, 12.5 ], "texture": "#stone_slab_top" },
        "south": { "uv": [ 0, 11.5, 0.5, 12.5 ], "texture": "#stone_slab_top" },
        "west":  { "uv": [ 16, 11.5, 16, 12.5 ], "texture": "#stone_slab_top" },
        "east":  { "uv": [ 0, 11.5, 0, 12.5 ], "texture": "#stone_slab_top" }
    }
},
{
    "__comment": "wielkast*",
    "from": [ 17.5, -1, 6 ],
    "to": [ 19, 0, 8 ],
    "faces": {
        "down":  { "uv": [ 16, 16, 15.5, 16 ], "texture": "#stone_slab_top" },
        "up":    { "uv": [ 0, 16, 0.5, 16 ], "texture": "#stone_slab_top" },
        "north": { "uv": [ 15.5, 11.5, 16, 12.5 ], "texture": "#stone_slab_top" },
        "south": { "uv": [ 0, 11.5, 0.5, 12.5 ], "texture": "#stone_slab_top" },
        "west":  { "uv": [ 16, 11.5, 16, 12.5 ], "texture": "#stone_slab_top" },
        "east":  { "uv": [ 0, 11.5, 0, 12.5 ], "texture": "#stone_slab_top" }
    }
},
{
    "__comment": "wielkast*",
    "from": [ 17, -2.5, 5 ],
    "to": [ 18.5, -2, 9 ],
    "faces": {
        "down":  { "uv": [ 16, 16, 15.5, 16 ], "texture": "#stone_slab_top" },
        "up":    { "uv": [ 0, 16, 0.5, 16 ], "texture": "#stone_slab_top" },
        "north": { "uv": [ 15.5, 11.5, 16, 12.5 ], "texture": "#stone_slab_top" },
        "south": { "uv": [ 0, 11.5, 0.5, 12.5 ], "texture": "#stone_slab_top" },
        "west":  { "uv": [ 16, 11.5, 16, 12.5 ], "texture": "#stone_slab_top" },
        "east":  { "uv": [ 0, 11.5, 0, 12.5 ], "texture": "#stone_slab_top" }
    }
},
{
    "__comment": "wielkast*",
    "from": [ 18.5, -2.5, 6.5 ],
    "to": [ 19, 0, 7.5 ],
    "faces": {
        "down":  { "uv": [ 16, 16, 15.5, 16 ], "texture": "#stone_slab_top" },
        "up":    { "uv": [ 0, 16, 0.5, 16 ], "texture": "#stone_slab_top" },
        "north": { "uv": [ 15.5, 11.5, 16, 12.5 ], "texture": "#stone_slab_top" },
        "south": { "uv": [ 0, 11.5, 0.5, 12.5 ], "texture": "#stone_slab_top" },
        "west":  { "uv": [ 16, 11.5, 16, 12.5 ], "texture": "#stone_slab_top" },
        "east":  { "uv": [ 0, 11.5, 0, 12.5 ], "texture": "#stone_slab_top" }
    }
},
{
    "__comment": "wielkast*",
    "from": [ 17, -1, 5 ],
    "to": [ 18.5, -0.5, 9 ],
    "faces": {
        "down":  { "uv": [ 16, 16, 15.5, 16 ], "texture": "#stone_slab_top" },
        "up":    { "uv": [ 0, 16, 0.5, 16 ], "texture": "#stone_slab_top" },
        "north": { "uv": [ 15.5, 11.5, 16, 12.5 ], "texture": "#stone_slab_top" },
        "south": { "uv": [ 0, 11.5, 0.5, 12.5 ], "texture": "#stone_slab_top" },
        "west":  { "uv": [ 16, 11.5, 16, 12.5 ], "texture": "#stone_slab_top" },
        "east":  { "uv": [ 0, 11.5, 0, 12.5 ], "texture": "#stone_slab_top" }
    }
},
{
    "__comment": "wielendop",
    "from": [ 16.5, -2, 4 ],
    "to": [ 18.5, -1, 6 ],
    "faces": {
        "down":  { "uv": [ 4, 4, 12, 12 ], "texture": "#wielen" },
        "up":    { "uv": [ 4, 4, 12, 12 ], "texture": "#wielen" },
        "north": { "uv": [ 4, 4, 12, 12 ], "texture": "#wielen" },
        "south": { "uv": [ 4, 4, 12, 12 ], "texture": "#wielen" },
        "west":  { "uv": [ 4, 4, 12, 12 ], "texture": "#wielen" },
        "east":  { "uv": [ 4, 4, 12, 12 ], "texture": "#wielen" }
    }
},
{
    "__comment": "wielen*",
    "from": [ 14.5, 0, 7.5 ],
    "to": [ 16, 2.5, 8 ],
    "faces": {
        "down":  { "uv": [ 1.5, 8, 0, 7.5 ], "texture": "#anvil_base" },
        "up":    { "uv": [ 14.5, 7.5, 16, 8 ], "texture": "#anvil_base" },
        "north": { "uv": [ 0, 13.5, 1.5, 16 ], "texture": "#anvil_base" },
        "south": { "uv": [ 14.5, 13.5, 16, 16 ], "texture": "#anvil_base" },
        "west":  { "uv": [ 7.5, 13.5, 8, 16 ], "texture": "#anvil_base" },
        "east":  { "uv": [ 8, 13.5, 8.5, 16 ], "texture": "#anvil_base" }
    }
},
{
    "__comment": "wielen*",
    "from": [ 14.5, 0, 6 ],
    "to": [ 16, 2.5, 6.5 ],
    "faces": {
        "down":  { "uv": [ 1.5, 6.5, 0, 6 ], "texture": "#anvil_base" },
        "up":    { "uv": [ 14.5, 6, 16, 6.5 ], "texture": "#anvil_base" },
        "north": { "uv": [ 0, 13.5, 1.5, 16 ], "texture": "#anvil_base" },
        "south": { "uv": [ 14.5, 13.5, 16, 16 ], "texture": "#anvil_base" },
        "west":  { "uv": [ 6, 13.5, 6.5, 16 ], "texture": "#anvil_base" },
        "east":  { "uv": [ 9.5, 13.5, 10, 16 ], "texture": "#anvil_base" }
    }
},
{
    "__comment": "wielen*",
    "from": [ 14.5, 2.5, 3.5 ],
    "to": [ 16, 3, 6 ],
    "faces": {
        "down":  { "uv": [ 1.5, 6, 0, 3.5 ], "texture": "#anvil_base" },
        "up":    { "uv": [ 14.5, 3.5, 16, 6 ], "texture": "#anvil_base" },
        "north": { "uv": [ 0, 13, 1.5, 13.5 ], "texture": "#anvil_base" },
        "south": { "uv": [ 14.5, 13, 16, 13.5 ], "texture": "#anvil_base" },
        "west":  { "uv": [ 3.5, 13, 6, 13.5 ], "texture": "#anvil_base" },
        "east":  { "uv": [ 10, 13, 12.5, 13.5 ], "texture": "#anvil_base" }
    }
},
{
    "__comment": "wielen*",
    "from": [ 14.5, -0.5, 3.5 ],
    "to": [ 16, 0, 6 ],
    "faces": {
        "down":  { "uv": [ 1.5, 6, 0, 3.5 ], "texture": "#anvil_base" },
        "up":    { "uv": [ 14.5, 3.5, 16, 6 ], "texture": "#anvil_base" },
        "north": { "uv": [ 0, 16, 1.5, 16 ], "texture": "#anvil_base" },
        "south": { "uv": [ 14.5, 16, 16, 16 ], "texture": "#anvil_base" },
        "west":  { "uv": [ 3.5, 16, 6, 16 ], "texture": "#anvil_base" },
        "east":  { "uv": [ 10, 16, 12.5, 16 ], "texture": "#anvil_base" }
    }
},
{
    "__comment": "wielen*",
    "from": [ 14.5, 0, 3 ],
    "to": [ 16, 2.5, 3.5 ],
    "faces": {
        "down":  { "uv": [ 1.5, 3.5, 0, 3 ], "texture": "#anvil_base" },
        "up":    { "uv": [ 14.5, 3, 16, 3.5 ], "texture": "#anvil_base" },
        "north": { "uv": [ 0, 13.5, 1.5, 16 ], "texture": "#anvil_base" },
        "south": { "uv": [ 14.5, 13.5, 16, 16 ], "texture": "#anvil_base" },
        "west":  { "uv": [ 3, 13.5, 3.5, 16 ], "texture": "#anvil_base" },
        "east":  { "uv": [ 12.5, 13.5, 13, 16 ], "texture": "#anvil_base" }
    }
},
{
    "__comment": "wielendop",
    "from": [ 14.5, 0, 3.5 ],
    "to": [ 16, 2.5, 6 ],
    "faces": {
        "down":  { "uv": [ 4, 4, 12, 12 ], "texture": "#wielen" },
        "up":    { "uv": [ 4, 4, 12, 12 ], "texture": "#wielen" },
        "north": { "uv": [ 4, 4, 12, 12 ], "texture": "#wielen" },
        "south": { "uv": [ 4, 4, 12, 12 ], "texture": "#wielen" },
        "west":  { "uv": [ 4, 4, 12, 12 ], "texture": "#wielen" },
        "east":  { "uv": [ 4, 4, 12, 12 ], "texture": "#wielen" }
    }
},
{
    "__comment": "wielkast*",
    "from": [ -0.5, 2, 6.5 ],
    "to": [ 0.5, 4, 7.5 ],
    "faces": {
        "down":  { "uv": [ 16, 16, 15.5, 16 ], "texture": "#stone_slab_top" },
        "up":    { "uv": [ 0, 16, 0.5, 16 ], "texture": "#stone_slab_top" },
        "north": { "uv": [ 15.5, 11.5, 16, 12.5 ], "texture": "#stone_slab_top" },
        "south": { "uv": [ 0, 11.5, 0.5, 12.5 ], "texture": "#stone_slab_top" },
        "west":  { "uv": [ 16, 11.5, 16, 12.5 ], "texture": "#stone_slab_top" },
        "east":  { "uv": [ 0, 11.5, 0, 12.5 ], "texture": "#stone_slab_top" }
    }
},
{
    "__comment": "wielkast*",
    "from": [ 15.5, 2, 6.5 ],
    "to": [ 16.5, 4, 7.5 ],
    "faces": {
        "down":  { "uv": [ 16, 16, 15.5, 16 ], "texture": "#stone_slab_top" },
        "up":    { "uv": [ 0, 16, 0.5, 16 ], "texture": "#stone_slab_top" },
        "north": { "uv": [ 15.5, 11.5, 16, 12.5 ], "texture": "#stone_slab_top" },
        "south": { "uv": [ 0, 11.5, 0.5, 12.5 ], "texture": "#stone_slab_top" },
        "west":  { "uv": [ 16, 11.5, 16, 12.5 ], "texture": "#stone_slab_top" },
        "east":  { "uv": [ 0, 11.5, 0, 12.5 ], "texture": "#stone_slab_top" }
    }
},
{
    "__comment": "wielkast*",
    "from": [ 0, 3.5, 6.5 ],
    "to": [ 16, 4.5, 7.5 ],
    "faces": {
        "down":  { "uv": [ 16, 16, 15.5, 16 ], "texture": "#stone_slab_top" },
        "up":    { "uv": [ 0, 16, 0.5, 16 ], "texture": "#stone_slab_top" },
        "north": { "uv": [ 15.5, 11.5, 16, 12.5 ], "texture": "#stone_slab_top" },
        "south": { "uv": [ 0, 11.5, 0.5, 12.5 ], "texture": "#stone_slab_top" },
        "west":  { "uv": [ 16, 11.5, 16, 12.5 ], "texture": "#stone_slab_top" },
        "east":  { "uv": [ 0, 11.5, 0, 12.5 ], "texture": "#stone_slab_top" }
    }
},
{
    "__comment": "wielen*",
    "from": [ 18.5, -2, 4 ],
    "to": [ 19, -1, 6 ],
    "faces": {
        "down":  { "uv": [ 0, 6, 0, 4 ], "texture": "#anvil_base" },
        "up":    { "uv": [ 16, 4, 16, 6 ], "texture": "#anvil_base" },
        "north": { "uv": [ 0, 16, 0, 16 ], "texture": "#anvil_base" },
        "south": { "uv": [ 16, 16, 16, 16 ], "texture": "#anvil_base" },
        "west":  { "uv": [ 4, 16, 6, 16 ], "texture": "#anvil_base" },
        "east":  { "uv": [ 10, 16, 12, 16 ], "texture": "#anvil_base" }
    }
},
{
    "__comment": "wielen*",
    "from": [ 16.5, -2, 7.5 ],
    "to": [ 18.5, -1, 8 ],
    "faces": {
        "down":  { "uv": [ 0, 8, 0, 7.5 ], "texture": "#anvil_base" },
        "up":    { "uv": [ 16, 7.5, 16, 8 ], "texture": "#anvil_base" },
        "north": { "uv": [ 0, 16, 0, 16 ], "texture": "#anvil_base" },
        "south": { "uv": [ 16, 16, 16, 16 ], "texture": "#anvil_base" },
        "west":  { "uv": [ 7.5, 16, 8, 16 ], "texture": "#anvil_base" },
        "east":  { "uv": [ 8, 16, 8.5, 16 ], "texture": "#anvil_base" }
    }
},
{
    "__comment": "wielendop",
    "from": [ 16.5, -2, 8 ],
    "to": [ 18.5, -1, 10 ],
    "faces": {
        "down":  { "uv": [ 4, 4, 12, 12 ], "texture": "#wielen" },
        "up":    { "uv": [ 4, 4, 12, 12 ], "texture": "#wielen" },
        "north": { "uv": [ 4, 4, 12, 12 ], "texture": "#wielen" },
        "south": { "uv": [ 4, 4, 12, 12 ], "texture": "#wielen" },
        "west":  { "uv": [ 4, 4, 12, 12 ], "texture": "#wielen" },
        "east":  { "uv": [ 4, 4, 12, 12 ], "texture": "#wielen" }
    }
},
{
    "__comment": "wielen*",
    "from": [ 18.5, -2, 8 ],
    "to": [ 19, -1, 10 ],
    "faces": {
        "down":  { "uv": [ 0, 10, 0, 8 ], "texture": "#anvil_base" },
        "up":    { "uv": [ 16, 8, 16, 10 ], "texture": "#anvil_base" },
        "north": { "uv": [ 0, 16, 0, 16 ], "texture": "#anvil_base" },
        "south": { "uv": [ 16, 16, 16, 16 ], "texture": "#anvil_base" },
        "west":  { "uv": [ 8, 16, 10, 16 ], "texture": "#anvil_base" },
        "east":  { "uv": [ 6, 16, 8, 16 ], "texture": "#anvil_base" }
    }
},
{
    "__comment": "wielen*",
    "from": [ 16, -2, 8 ],
    "to": [ 16.5, -1, 10 ],
    "faces": {
        "down":  { "uv": [ 0, 10, 0, 8 ], "texture": "#anvil_base" },
        "up":    { "uv": [ 16, 8, 16, 10 ], "texture": "#anvil_base" },
        "north": { "uv": [ 0, 16, 0, 16 ], "texture": "#anvil_base" },
        "south": { "uv": [ 16, 16, 16, 16 ], "texture": "#anvil_base" },
        "west":  { "uv": [ 8, 16, 10, 16 ], "texture": "#anvil_base" },
        "east":  { "uv": [ 6, 16, 8, 16 ], "texture": "#anvil_base" }
    }
},
{
    "__comment": "wielen*",
    "from": [ 16.5, -2, 5.9375 ],
    "to": [ 18.5, -1, 6.4375 ],
    "faces": {
        "down":  { "uv": [ 15, 16, 14, 16 ], "texture": "#anvil_base" },
        "up":    { "uv": [ 1, 16, 2, 16 ], "texture": "#anvil_base" },
        "north": { "uv": [ 14, 16, 15, 16 ], "texture": "#anvil_base" },
        "south": { "uv": [ 1, 16, 2, 16 ], "texture": "#anvil_base" },
        "west":  { "uv": [ 16, 16, 16, 16 ], "texture": "#anvil_base" },
        "east":  { "uv": [ 0, 16, 0, 16 ], "texture": "#anvil_base" }
    }
},
{
    "__comment": "wielendop",
    "from": [ 0, 0, 3.5 ],
    "to": [ 1.5, 2.5, 6 ],
    "faces": {
        "down":  { "uv": [ 4, 4, 12, 12 ], "texture": "#wielen" },
        "up":    { "uv": [ 4, 4, 12, 12 ], "texture": "#wielen" },
        "north": { "uv": [ 4, 4, 12, 12 ], "texture": "#wielen" },
        "south": { "uv": [ 4, 4, 12, 12 ], "texture": "#wielen" },
        "west":  { "uv": [ 4, 4, 12, 12 ], "texture": "#wielen" },
        "east":  { "uv": [ 4, 4, 12, 12 ], "texture": "#wielen" }
    }
},
{
    "__comment": "wielen*",
    "from": [ 0, 0, 3 ],
    "to": [ 1.5, 2.5, 3.5 ],
    "faces": {
        "down":  { "uv": [ 16, 3.5, 14.5, 3 ], "texture": "#anvil_base" },
        "up":    { "uv": [ 0, 3, 1.5, 3.5 ], "texture": "#anvil_base" },
        "north": { "uv": [ 14.5, 13.5, 16, 16 ], "texture": "#anvil_base" },
        "south": { "uv": [ 0, 13.5, 1.5, 16 ], "texture": "#anvil_base" },
        "west":  { "uv": [ 3, 13.5, 3.5, 16 ], "texture": "#anvil_base" },
        "east":  { "uv": [ 12.5, 13.5, 13, 16 ], "texture": "#anvil_base" }
    }
},
{
    "__comment": "wielen*",
    "from": [ 0, 0, 6 ],
    "to": [ 1.5, 2.5, 6.5 ],
    "faces": {
        "down":  { "uv": [ 16, 6.5, 14.5, 6 ], "texture": "#anvil_base" },
        "up":    { "uv": [ 0, 6, 1.5, 6.5 ], "texture": "#anvil_base" },
        "north": { "uv": [ 14.5, 13.5, 16, 16 ], "texture": "#anvil_base" },
        "south": { "uv": [ 0, 13.5, 1.5, 16 ], "texture": "#anvil_base" },
        "west":  { "uv": [ 6, 13.5, 6.5, 16 ], "texture": "#anvil_base" },
        "east":  { "uv": [ 9.5, 13.5, 10, 16 ], "texture": "#anvil_base" }
    }
},
{
    "__comment": "wielen*",
    "from": [ 0, 2.5, 3.5 ],
    "to": [ 1.5, 3, 6 ],
    "faces": {
        "down":  { "uv": [ 16, 6, 14.5, 3.5 ], "texture": "#anvil_base" },
        "up":    { "uv": [ 0, 3.5, 1.5, 6 ], "texture": "#anvil_base" },
        "north": { "uv": [ 14.5, 13, 16, 13.5 ], "texture": "#anvil_base" },
        "south": { "uv": [ 0, 13, 1.5, 13.5 ], "texture": "#anvil_base" },
        "west":  { "uv": [ 3.5, 13, 6, 13.5 ], "texture": "#anvil_base" },
        "east":  { "uv": [ 10, 13, 12.5, 13.5 ], "texture": "#anvil_base" }
    }
},
{
    "__comment": "wielen*",
    "from": [ 0, -0.5, 3.5 ],
    "to": [ 1.5, 0, 6 ],
    "faces": {
        "down":  { "uv": [ 16, 6, 14.5, 3.5 ], "texture": "#anvil_base" },
        "up":    { "uv": [ 0, 3.5, 1.5, 6 ], "texture": "#anvil_base" },
        "north": { "uv": [ 14.5, 16, 16, 16 ], "texture": "#anvil_base" },
        "south": { "uv": [ 0, 16, 1.5, 16 ], "texture": "#anvil_base" },
        "west":  { "uv": [ 3.5, 16, 6, 16 ], "texture": "#anvil_base" },
        "east":  { "uv": [ 10, 16, 12.5, 16 ], "texture": "#anvil_base" }
    }
},
{
    "__comment": "wielendop",
    "from": [ -2.5, -2, 8 ],
    "to": [ -0.5, -1, 10 ],
    "faces": {
        "down":  { "uv": [ 4, 4, 12, 12 ], "texture": "#wielen" },
        "up":    { "uv": [ 4, 4, 12, 12 ], "texture": "#wielen" },
        "north": { "uv": [ 4, 4, 12, 12 ], "texture": "#wielen" },
        "south": { "uv": [ 4, 4, 12, 12 ], "texture": "#wielen" },
        "west":  { "uv": [ 4, 4, 12, 12 ], "texture": "#wielen" },
        "east":  { "uv": [ 4, 4, 12, 12 ], "texture": "#wielen" }
    }
},
{
    "__comment": "wielen*",
    "from": [ -3, -2, 8 ],
    "to": [ -2.5, -1, 10 ],
    "faces": {
        "down":  { "uv": [ 16, 10, 16, 8 ], "texture": "#anvil_base" },
        "up":    { "uv": [ 0, 8, 0, 10 ], "texture": "#anvil_base" },
        "north": { "uv": [ 16, 16, 16, 16 ], "texture": "#anvil_base" },
        "south": { "uv": [ 0, 16, 0, 16 ], "texture": "#anvil_base" },
        "west":  { "uv": [ 8, 16, 10, 16 ], "texture": "#anvil_base" },
        "east":  { "uv": [ 6, 16, 8, 16 ], "texture": "#anvil_base" }
    }
},
{
    "__comment": "wielen*",
    "from": [ -0.5, -2, 8 ],
    "to": [ 0, -1, 10 ],
    "faces": {
        "down":  { "uv": [ 16, 10, 16, 8 ], "texture": "#anvil_base" },
        "up":    { "uv": [ 0, 8, 0, 10 ], "texture": "#anvil_base" },
        "north": { "uv": [ 16, 16, 16, 16 ], "texture": "#anvil_base" },
        "south": { "uv": [ 0, 16, 0, 16 ], "texture": "#anvil_base" },
        "west":  { "uv": [ 8, 16, 10, 16 ], "texture": "#anvil_base" },
        "east":  { "uv": [ 6, 16, 8, 16 ], "texture": "#anvil_base" }
    }
},
{
    "__comment": "wielen*",
    "from": [ -2.5, -2, 10 ],
    "to": [ -0.5, -1, 10.5 ],
    "faces": {
        "down":  { "uv": [ 16, 10.5, 16, 10 ], "texture": "#anvil_base" },
        "up":    { "uv": [ 0, 10, 0, 10.5 ], "texture": "#anvil_base" },
        "north": { "uv": [ 16, 16, 16, 16 ], "texture": "#anvil_base" },
        "south": { "uv": [ 0, 16, 0, 16 ], "texture": "#anvil_base" },
        "west":  { "uv": [ 10, 16, 10.5, 16 ], "texture": "#anvil_base" },
        "east":  { "uv": [ 5.5, 16, 6, 16 ], "texture": "#anvil_base" }
    }
},
{
    "__comment": "wielen*",
    "from": [ -2.5, -2, 7.5 ],
    "to": [ -0.5, -1, 8 ],
    "faces": {
        "down":  { "uv": [ 16, 8, 16, 7.5 ], "texture": "#anvil_base" },
        "up":    { "uv": [ 0, 7.5, 0, 8 ], "texture": "#anvil_base" },
        "north": { "uv": [ 16, 16, 16, 16 ], "texture": "#anvil_base" },
        "south": { "uv": [ 0, 16, 0, 16 ], "texture": "#anvil_base" },
        "west":  { "uv": [ 7.5, 16, 8, 16 ], "texture": "#anvil_base" },
        "east":  { "uv": [ 8, 16, 8.5, 16 ], "texture": "#anvil_base" }
    }
},
{
    "__comment": "wielendop",
    "from": [ -2.5, -2, 4 ],
    "to": [ -0.5, -1, 6 ],
    "faces": {
        "down":  { "uv": [ 4, 4, 12, 12 ], "texture": "#wielen" },
        "up":    { "uv": [ 4, 4, 12, 12 ], "texture": "#wielen" },
        "north": { "uv": [ 4, 4, 12, 12 ], "texture": "#wielen" },
        "south": { "uv": [ 4, 4, 12, 12 ], "texture": "#wielen" },
        "west":  { "uv": [ 4, 4, 12, 12 ], "texture": "#wielen" },
        "east":  { "uv": [ 4, 4, 12, 12 ], "texture": "#wielen" }
    }
},
{
    "__comment": "wielen*",
    "from": [ -2.5, -2, 3.5 ],
    "to": [ -0.5, -1, 4 ],
    "faces": {
        "down":  { "uv": [ 16, 4, 16, 3.5 ], "texture": "#anvil_base" },
        "up":    { "uv": [ 0, 3.5, 0, 4 ], "texture": "#anvil_base" },
        "north": { "uv": [ 16, 16, 16, 16 ], "texture": "#anvil_base" },
        "south": { "uv": [ 0, 16, 0, 16 ], "texture": "#anvil_base" },
        "west":  { "uv": [ 3.5, 16, 4, 16 ], "texture": "#anvil_base" },
        "east":  { "uv": [ 12, 16, 12.5, 16 ], "texture": "#anvil_base" }
    }
},
{
    "__comment": "wielen*",
    "from": [ -0.5, -2, 4 ],
    "to": [ 0, -1, 6 ],
    "faces": {
        "down":  { "uv": [ 16, 6, 16, 4 ], "texture": "#anvil_base" },
        "up":    { "uv": [ 0, 4, 0, 6 ], "texture": "#anvil_base" },
        "north": { "uv": [ 16, 16, 16, 16 ], "texture": "#anvil_base" },
        "south": { "uv": [ 0, 16, 0, 16 ], "texture": "#anvil_base" },
        "west":  { "uv": [ 4, 16, 6, 16 ], "texture": "#anvil_base" },
        "east":  { "uv": [ 10, 16, 12, 16 ], "texture": "#anvil_base" }
    }
},
{
    "__comment": "wielen*",
    "from": [ -2.5, -2, 6 ],
    "to": [ -0.5, -1, 6.5 ],
    "faces": {
        "down":  { "uv": [ 16, 6.5, 16, 6 ], "texture": "#anvil_base" },
        "up":    { "uv": [ 0, 6, 0, 6.5 ], "texture": "#anvil_base" },
        "north": { "uv": [ 16, 16, 16, 16 ], "texture": "#anvil_base" },
        "south": { "uv": [ 0, 16, 0, 16 ], "texture": "#anvil_base" },
        "west":  { "uv": [ 6, 16, 6.5, 16 ], "texture": "#anvil_base" },
        "east":  { "uv": [ 9.5, 16, 10, 16 ], "texture": "#anvil_base" }
    }
},
{
    "__comment": "wielen*",
    "from": [ -3, -2, 4 ],
    "to": [ -2.5, -1, 6 ],
    "faces": {
        "down":  { "uv": [ 16, 6, 16, 4 ], "texture": "#anvil_base" },
        "up":    { "uv": [ 0, 4, 0, 6 ], "texture": "#anvil_base" },
        "north": { "uv": [ 16, 16, 16, 16 ], "texture": "#anvil_base" },
        "south": { "uv": [ 0, 16, 0, 16 ], "texture": "#anvil_base" },
        "west":  { "uv": [ 4, 16, 6, 16 ], "texture": "#anvil_base" },
        "east":  { "uv": [ 10, 16, 12, 16 ], "texture": "#anvil_base" }
    }
},
{
    "__comment": "wielkast*",
    "from": [ -2.625, -1, 6 ],
    "to": [ 0.375, 0, 8 ],
    "rotation": { "origin": [ -2.625, 0, 6 ], "axis": "z", "angle": 45 },
    "faces": {
        "down":  { "uv": [ 16, 16, 15.5, 16 ], "texture": "#stone_slab_top" },
        "up":    { "uv": [ 0, 16, 0.5, 16 ], "texture": "#stone_slab_top" },
        "north": { "uv": [ 15.5, 11.5, 16, 12.5 ], "texture": "#stone_slab_top" },
        "south": { "uv": [ 0, 11.5, 0.5, 12.5 ], "texture": "#stone_slab_top" },
        "west":  { "uv": [ 16, 11.5, 16, 12.5 ], "texture": "#stone_slab_top" },
        "east":  { "uv": [ 0, 11.5, 0, 12.5 ], "texture": "#stone_slab_top" }
    }
},
{
    "__comment": "wielkast*",
    "from": [ -3, -1, 6 ],
    "to": [ -1.5, 0, 8 ],
    "faces": {
        "down":  { "uv": [ 16, 16, 15.5, 16 ], "texture": "#stone_slab_top" },
        "up":    { "uv": [ 0, 16, 0.5, 16 ], "texture": "#stone_slab_top" },
        "north": { "uv": [ 15.5, 11.5, 16, 12.5 ], "texture": "#stone_slab_top" },
        "south": { "uv": [ 0, 11.5, 0.5, 12.5 ], "texture": "#stone_slab_top" },
        "west":  { "uv": [ 16, 11.5, 16, 12.5 ], "texture": "#stone_slab_top" },
        "east":  { "uv": [ 0, 11.5, 0, 12.5 ], "texture": "#stone_slab_top" }
    }
},
{
    "__comment": "wielkast*",
    "from": [ -3, -2.5, 6.5 ],
    "to": [ -2.5, 0, 7.5 ],
    "faces": {
        "down":  { "uv": [ 16, 16, 15.5, 16 ], "texture": "#stone_slab_top" },
        "up":    { "uv": [ 0, 16, 0.5, 16 ], "texture": "#stone_slab_top" },
        "north": { "uv": [ 15.5, 11.5, 16, 12.5 ], "texture": "#stone_slab_top" },
        "south": { "uv": [ 0, 11.5, 0.5, 12.5 ], "texture": "#stone_slab_top" },
        "west":  { "uv": [ 16, 11.5, 16, 12.5 ], "texture": "#stone_slab_top" },
        "east":  { "uv": [ 0, 11.5, 0, 12.5 ], "texture": "#stone_slab_top" }
    }
},
{
    "__comment": "wielkast*",
    "from": [ -2.5, -1, 5 ],
    "to": [ -1, -0.5, 9 ],
    "faces": {
        "down":  { "uv": [ 16, 16, 15.5, 16 ], "texture": "#stone_slab_top" },
        "up":    { "uv": [ 0, 16, 0.5, 16 ], "texture": "#stone_slab_top" },
        "north": { "uv": [ 15.5, 11.5, 16, 12.5 ], "texture": "#stone_slab_top" },
        "south": { "uv": [ 0, 11.5, 0.5, 12.5 ], "texture": "#stone_slab_top" },
        "west":  { "uv": [ 16, 11.5, 16, 12.5 ], "texture": "#stone_slab_top" },
        "east":  { "uv": [ 0, 11.5, 0, 12.5 ], "texture": "#stone_slab_top" }
    }
},
{
    "__comment": "wielkast*",
    "from": [ -2.5, -2.5, 5 ],
    "to": [ -1, -2, 9 ],
    "faces": {
        "down":  { "uv": [ 16, 16, 15.5, 16 ], "texture": "#stone_slab_top" },
        "up":    { "uv": [ 0, 16, 0.5, 16 ], "texture": "#stone_slab_top" },
        "north": { "uv": [ 15.5, 11.5, 16, 12.5 ], "texture": "#stone_slab_top" },
        "south": { "uv": [ 0, 11.5, 0.5, 12.5 ], "texture": "#stone_slab_top" },
        "west":  { "uv": [ 16, 11.5, 16, 12.5 ], "texture": "#stone_slab_top" },
        "east":  { "uv": [ 0, 11.5, 0, 12.5 ], "texture": "#stone_slab_top" }
    }
},
{
    "__comment": "fenrir voorkantframe",
    "from": [ -3, 4, 3.5 ],
    "to": [ 19, 5.5, 11.5 ],
    "faces": {
        "down":  { "uv": [ 16, 11.5, 0, 3.5 ], "texture": "#texture" },
        "up":    { "uv": [ 0, 3.5, 16, 11.5 ], "texture": "#texture" },
        "north": { "uv": [ 0, 10.5, 16, 12 ], "texture": "#texture" },
        "south": { "uv": [ 0, 10.5, 16, 12 ], "texture": "#texture" },
        "west":  { "uv": [ 3.5, 10.5, 11.5, 12 ], "texture": "#texture" },
        "east":  { "uv": [ 4.5, 10.5, 12.5, 12 ], "texture": "#texture" }
    }
},
{
    "__comment": "fenrir voorkantframe*",
    "from": [ 3, 4, 10.5 ],
    "to": [ 13, 9.5, 11.5 ],
    "faces": {
        "down":  { "uv": [ 16, 0, 16, 0 ], "texture": "#texture" },
        "up":    { "uv": [ 0, 0, 0, 0 ], "texture": "#texture" },
        "north": { "uv": [ 16, 10, 16, 11 ], "texture": "#texture" },
        "south": { "uv": [ 0, 10, 0, 11 ], "texture": "#texture" },
        "west":  { "uv": [ 0, 10, 0, 11 ], "texture": "#texture" },
        "east":  { "uv": [ 16, 10, 16, 11 ], "texture": "#texture" }
    }
},
{
    "__comment": "fenrir voorkantframe*",
    "from": [ 3, 5, 1 ],
    "to": [ 13, 5.5, 11.5 ],
    "rotation": { "origin": [ 3, 5.5, 1 ], "axis": "x", "angle": -22.5 },
    "faces": {
        "down":  { "uv": [ 0, 0, 16, 16 ], "texture": "#texture" },
        "up":    { "uv": [ 0, 0, 16, 16 ], "texture": "#texture" },
        "north": { "uv": [ 0, 0, 16, 16 ], "texture": "#texture" },
        "south": { "uv": [ 0, 0, 16, 16 ], "texture": "#texture" },
        "west":  { "uv": [ 0, 0, 16, 16 ], "texture": "#texture" },
        "east":  { "uv": [ 0, 0, 16, 16 ], "texture": "#texture" }
    }
},
{
    "__comment": "fenrir voorkantframe*",
    "from": [ -3, 4, 3.5 ],
    "to": [ -2.5, 5.5, 4 ],
    "faces": {
        "down":  { "uv": [ 16, 0, 16, 0 ], "texture": "#texture" },
        "up":    { "uv": [ 0, 0, 0, 0 ], "texture": "#texture" },
        "north": { "uv": [ 16, 10, 16, 11 ], "texture": "#texture" },
        "south": { "uv": [ 0, 10, 0, 11 ], "texture": "#texture" },
        "west":  { "uv": [ 0, 10, 0, 11 ], "texture": "#texture" },
        "east":  { "uv": [ 16, 10, 16, 11 ], "texture": "#texture" }
    }
},
{
    "__comment": "fenrir voorkantframe*",
    "from": [ -3, 4, 3.5 ],
    "to": [ 3.5, 5.5, 6.5 ],
    "rotation": { "origin": [ -3, 4, 3.5 ], "axis": "y", "angle": 22.5 },
    "faces": {
        "down":  { "uv": [ 16, 0, 9.5, 0 ], "texture": "#texture" },
        "up":    { "uv": [ 0, 0, 6.5, 0 ], "texture": "#texture" },
        "north": { "uv": [ 9.5, 11.5, 16, 12 ], "texture": "#texture" },
        "south": { "uv": [ 0, 11.5, 6.5, 12 ], "texture": "#texture" },
        "west":  { "uv": [ 0, 11.5, 0, 12 ], "texture": "#texture" },
        "east":  { "uv": [ 16, 11.5, 16, 12 ], "texture": "#texture" }
    }
},
{
    "__comment": "fenrir voorkantframe*",
    "from": [ 13, 4, 1 ],
    "to": [ 19.5, 5.5, 4 ],
    "rotation": { "origin": [ 13, 4, 1 ], "axis": "y", "angle": -22.5 },
    "faces": {
        "down":  { "uv": [ 16, 0, 9.5, 0 ], "texture": "#texture" },
        "up":    { "uv": [ 0, 0, 6.5, 0 ], "texture": "#texture" },
        "north": { "uv": [ 9.5, 11.5, 16, 12 ], "texture": "#texture" },
        "south": { "uv": [ 0, 11.5, 6.5, 12 ], "texture": "#texture" },
        "west":  { "uv": [ 0, 11.5, 0, 12 ], "texture": "#texture" },
        "east":  { "uv": [ 16, 11.5, 16, 12 ], "texture": "#texture" }
    }
},
{
    "__comment": "fenrir voorkantframe*",
    "from": [ 3, 4, 1 ],
    "to": [ 13, 5.5, 3.5 ],
    "faces": {
        "down":  { "uv": [ 16, 0, 9.5, 0 ], "texture": "#texture" },
        "up":    { "uv": [ 0, 0, 6.5, 0 ], "texture": "#texture" },
        "north": { "uv": [ 9.5, 11.5, 16, 12 ], "texture": "#texture" },
        "south": { "uv": [ 0, 11.5, 6.5, 12 ], "texture": "#texture" },
        "west":  { "uv": [ 0, 11.5, 0, 12 ], "texture": "#texture" },
        "east":  { "uv": [ 16, 11.5, 16, 12 ], "texture": "#texture" }
    }
},
{
    "__comment": "fenrir voorkantframe*",
    "from": [ -3, 5, 3.5 ],
    "to": [ 3.5, 5.5, 11.5 ],
    "rotation": { "origin": [ -3, 5.5, 3.5 ], "axis": "x", "angle": -22.5 },
    "faces": {
        "down":  { "uv": [ 0, 0, 16, 16 ], "texture": "#texture" },
        "up":    { "uv": [ 0, 0, 16, 16 ], "texture": "#texture" },
        "north": { "uv": [ 0, 0, 16, 16 ], "texture": "#texture" },
        "south": { "uv": [ 0, 0, 16, 16 ], "texture": "#texture" },
        "west":  { "uv": [ 0, 0, 16, 16 ], "texture": "#texture" },
        "east":  { "uv": [ 0, 0, 16, 16 ], "texture": "#texture" }
    }
},
{
    "__comment": "fenrir voorkantframe*",
    "from": [ 1, 4.5, 2 ],
    "to": [ 7.5, 5.5, 11.5 ],
    "rotation": { "origin": [ 1, 5.5, 2 ], "axis": "x", "angle": -22.5 },
    "faces": {
        "down":  { "uv": [ 0, 0, 16, 16 ], "texture": "#texture" },
        "up":    { "uv": [ 0, 0, 16, 16 ], "texture": "#texture" },
        "north": { "uv": [ 0, 0, 16, 16 ], "texture": "#texture" },
        "south": { "uv": [ 0, 0, 16, 16 ], "texture": "#texture" },
        "west":  { "uv": [ 0, 0, 16, 16 ], "texture": "#texture" },
        "east":  { "uv": [ 0, 0, 16, 16 ], "texture": "#texture" }
    }
},
{
    "__comment": "fenrir voorkantframe*",
    "from": [ 9, 4.5, 2 ],
    "to": [ 15.5, 5.5, 11.5 ],
    "rotation": { "origin": [ 9, 5.5, 2 ], "axis": "x", "angle": -22.5 },
    "faces": {
        "down":  { "uv": [ 0, 0, 16, 16 ], "texture": "#texture" },
        "up":    { "uv": [ 0, 0, 16, 16 ], "texture": "#texture" },
        "north": { "uv": [ 0, 0, 16, 16 ], "texture": "#texture" },
        "south": { "uv": [ 0, 0, 16, 16 ], "texture": "#texture" },
        "west":  { "uv": [ 0, 0, 16, 16 ], "texture": "#texture" },
        "east":  { "uv": [ 0, 0, 16, 16 ], "texture": "#texture" }
    }
},
{
    "__comment": "fenrir voorkantframe*",
    "from": [ 12.5, 5, 3.625 ],
    "to": [ 19, 5.5, 11.625 ],
    "rotation": { "origin": [ 12.5, 5.5, 3.625 ], "axis": "x", "angle": -22.5 },
    "faces": {
        "down":  { "uv": [ 0, 0, 16, 16 ], "texture": "#texture" },
        "up":    { "uv": [ 0, 0, 16, 16 ], "texture": "#texture" },
        "north": { "uv": [ 0, 0, 16, 16 ], "texture": "#texture" },
        "south": { "uv": [ 0, 0, 16, 16 ], "texture": "#texture" },
        "west":  { "uv": [ 0, 0, 16, 16 ], "texture": "#texture" },
        "east":  { "uv": [ 0, 0, 16, 16 ], "texture": "#texture" }
    }
},
{
    "__comment": "fenrir voorkantframe*",
    "from": [ 1, 4, 10.5 ],
    "to": [ 3, 9, 11.5 ],
    "faces": {
        "down":  { "uv": [ 16, 0, 16, 0 ], "texture": "#texture" },
        "up":    { "uv": [ 0, 0, 0, 0 ], "texture": "#texture" },
        "north": { "uv": [ 16, 10, 16, 11 ], "texture": "#texture" },
        "south": { "uv": [ 0, 10, 0, 11 ], "texture": "#texture" },
        "west":  { "uv": [ 0, 10, 0, 11 ], "texture": "#texture" },
        "east":  { "uv": [ 16, 10, 16, 11 ], "texture": "#texture" }
    }
},
{
    "__comment": "fenrir voorkantframe*",
    "from": [ -3, 4, 11 ],
    "to": [ 1, 8.5, 11.5 ],
    "faces": {
        "down":  { "uv": [ 16, 0, 16, 0 ], "texture": "#texture" },
        "up":    { "uv": [ 0, 0, 0, 0 ], "texture": "#texture" },
        "north": { "uv": [ 16, 10, 16, 11 ], "texture": "#texture" },
        "south": { "uv": [ 0, 10, 0, 11 ], "texture": "#texture" },
        "west":  { "uv": [ 0, 10, 0, 11 ], "texture": "#texture" },
        "east":  { "uv": [ 16, 10, 16, 11 ], "texture": "#texture" }
    }
},
{
    "__comment": "fenrir voorkantframe*",
    "from": [ 13, 4, 10.5 ],
    "to": [ 15.5, 9, 11.5 ],
    "faces": {
        "down":  { "uv": [ 16, 0, 16, 0 ], "texture": "#texture" },
        "up":    { "uv": [ 0, 0, 0, 0 ], "texture": "#texture" },
        "north": { "uv": [ 16, 10, 16, 11 ], "texture": "#texture" },
        "south": { "uv": [ 0, 10, 0, 11 ], "texture": "#texture" },
        "west":  { "uv": [ 0, 10, 0, 11 ], "texture": "#texture" },
        "east":  { "uv": [ 16, 10, 16, 11 ], "texture": "#texture" }
    }
},
{
    "__comment": "fenrir voorkantframe*",
    "from": [ 15.5, 4, 11 ],
    "to": [ 19, 8.5, 11.5 ],
    "faces": {
        "down":  { "uv": [ 16, 0, 16, 0 ], "texture": "#texture" },
        "up":    { "uv": [ 0, 0, 0, 0 ], "texture": "#texture" },
        "north": { "uv": [ 16, 10, 16, 11 ], "texture": "#texture" },
        "south": { "uv": [ 0, 10, 0, 11 ], "texture": "#texture" },
        "west":  { "uv": [ 0, 10, 0, 11 ], "texture": "#texture" },
        "east":  { "uv": [ 16, 10, 16, 11 ], "texture": "#texture" }
    }
},
{
    "__comment": "fenrir voorkantframe*",
    "from": [ -3, 6.5, 7 ],
    "to": [ 19, 7, 11 ],
    "faces": {
        "down":  { "uv": [ 16, 11, 0, 7 ], "texture": "#texture" },
        "up":    { "uv": [ 0, 7, 16, 11 ], "texture": "#texture" },
        "north": { "uv": [ 0, 9, 16, 9.5 ], "texture": "#texture" },
        "south": { "uv": [ 0, 9, 16, 9.5 ], "texture": "#texture" },
        "west":  { "uv": [ 7, 9, 11, 9.5 ], "texture": "#texture" },
        "east":  { "uv": [ 5, 9, 9, 9.5 ], "texture": "#texture" }
    }
},
{
    "__comment": "fenrir voorkantframe*",
    "from": [ -3, 7.5, 9.5 ],
    "to": [ 19, 8, 11 ],
    "faces": {
        "down":  { "uv": [ 16, 11, 0, 9.5 ], "texture": "#texture" },
        "up":    { "uv": [ 0, 9.5, 16, 11 ], "texture": "#texture" },
        "north": { "uv": [ 0, 8, 16, 8.5 ], "texture": "#texture" },
        "south": { "uv": [ 0, 8, 16, 8.5 ], "texture": "#texture" },
        "west":  { "uv": [ 9.5, 8, 11, 8.5 ], "texture": "#texture" },
        "east":  { "uv": [ 5, 8, 6.5, 8.5 ], "texture": "#texture" }
    }
},
{
    "__comment": "fenrir voorkantframe*",
    "from": [ -3, 7, 8.5 ],
    "to": [ 19, 7.5, 11 ],
    "faces": {
        "down":  { "uv": [ 16, 11, 0, 8.5 ], "texture": "#texture" },
        "up":    { "uv": [ 0, 8.5, 16, 11 ], "texture": "#texture" },
        "north": { "uv": [ 0, 8.5, 16, 9 ], "texture": "#texture" },
        "south": { "uv": [ 0, 8.5, 16, 9 ], "texture": "#texture" },
        "west":  { "uv": [ 8.5, 8.5, 11, 9 ], "texture": "#texture" },
        "east":  { "uv": [ 5, 8.5, 7.5, 9 ], "texture": "#texture" }
    }
},
{
    "__comment": "fenrir voorkantframe*",
    "from": [ -3, 6, 6 ],
    "to": [ 19, 6.5, 11 ],
    "faces": {
        "down":  { "uv": [ 16, 11, 0, 6 ], "texture": "#texture" },
        "up":    { "uv": [ 0, 6, 16, 11 ], "texture": "#texture" },
        "north": { "uv": [ 0, 9.5, 16, 10 ], "texture": "#texture" },
        "south": { "uv": [ 0, 9.5, 16, 10 ], "texture": "#texture" },
        "west":  { "uv": [ 6, 9.5, 11, 10 ], "texture": "#texture" },
        "east":  { "uv": [ 5, 9.5, 10, 10 ], "texture": "#texture" }
    }
},
{
    "__comment": "fenrir voorkantframe*",
    "from": [ -3, 5.5, 5 ],
    "to": [ 19, 6, 11 ],
    "faces": {
        "down":  { "uv": [ 16, 11, 0, 5 ], "texture": "#texture" },
        "up":    { "uv": [ 0, 5, 16, 11 ], "texture": "#texture" },
        "north": { "uv": [ 0, 10, 16, 10.5 ], "texture": "#texture" },
        "south": { "uv": [ 0, 10, 16, 10.5 ], "texture": "#texture" },
        "west":  { "uv": [ 5, 10, 11, 10.5 ], "texture": "#texture" },
        "east":  { "uv": [ 5, 10, 11, 10.5 ], "texture": "#texture" }
    }
},
{
    "__comment": "fenrir voorkantframe*",
    "from": [ -3, 3.5, 4.5 ],
    "to": [ -2, 4, 11.5 ],
    "faces": {
        "down":  { "uv": [ 16, 0, 16, 0 ], "texture": "#texture" },
        "up":    { "uv": [ 0, 0, 0, 0 ], "texture": "#texture" },
        "north": { "uv": [ 16, 11, 16, 12.5 ], "texture": "#texture" },
        "south": { "uv": [ 0, 11, 0, 12.5 ], "texture": "#texture" },
        "west":  { "uv": [ 0, 11, 0, 12.5 ], "texture": "#texture" },
        "east":  { "uv": [ 16, 11, 16, 12.5 ], "texture": "#texture" }
    }
},
{
    "__comment": "fenrir voorkantframe*",
    "from": [ -3, 3, 6.5 ],
    "to": [ -2, 3.5, 11.5 ],
    "faces": {
        "down":  { "uv": [ 16, 0, 16, 0 ], "texture": "#texture" },
        "up":    { "uv": [ 0, 0, 0, 0 ], "texture": "#texture" },
        "north": { "uv": [ 16, 11, 16, 12.5 ], "texture": "#texture" },
        "south": { "uv": [ 0, 11, 0, 12.5 ], "texture": "#texture" },
        "west":  { "uv": [ 0, 11, 0, 12.5 ], "texture": "#texture" },
        "east":  { "uv": [ 16, 11, 16, 12.5 ], "texture": "#texture" }
    }
},
{
    "__comment": "fenrir voorkantframe*",
    "from": [ 18, 3.5, 4.5 ],
    "to": [ 19, 4, 11.5 ],
    "faces": {
        "down":  { "uv": [ 16, 0, 16, 0 ], "texture": "#texture" },
        "up":    { "uv": [ 0, 0, 0, 0 ], "texture": "#texture" },
        "north": { "uv": [ 16, 11, 16, 12.5 ], "texture": "#texture" },
        "south": { "uv": [ 0, 11, 0, 12.5 ], "texture": "#texture" },
        "west":  { "uv": [ 0, 11, 0, 12.5 ], "texture": "#texture" },
        "east":  { "uv": [ 16, 11, 16, 12.5 ], "texture": "#texture" }
    }
},
{
    "__comment": "fenrir voorkantframe*",
    "from": [ 18, 3, 6.5 ],
    "to": [ 19, 3.5, 11.5 ],
    "faces": {
        "down":  { "uv": [ 16, 0, 16, 0 ], "texture": "#texture" },
        "up":    { "uv": [ 0, 0, 0, 0 ], "texture": "#texture" },
        "north": { "uv": [ 16, 11, 16, 12.5 ], "texture": "#texture" },
        "south": { "uv": [ 0, 11, 0, 12.5 ], "texture": "#texture" },
        "west":  { "uv": [ 0, 11, 0, 12.5 ], "texture": "#texture" },
        "east":  { "uv": [ 16, 11, 16, 12.5 ], "texture": "#texture" }
    }
}
],
"display": {
    "head": {
        "rotation": [ 0, 0, 0 ],
        "translation": [ 9.26, -0.57, 1 ],
        "scale": [ 1.7, 1.7, 1.7 ]
    }
}
}