{
"__comment": "Designed by Kukamonda with BDcraft Cubik PRO 0.92 Beta - http://bdcraft.net",
"textures": {
    "texture": "blocks/hardened_clay_stained_light_blue",
    "wielen inner": "blocks/piston_inner",
    "cauldron_inner": "blocks/cauldron_inner",
    "anvil_base": "blocks/anvil_base",
    "frame": "blocks/fenrirzwart",
    "wielen": "blocks/coal_block",
    "remmen": "blocks/furnace_side",
    "minecart": "entity/minecart",
    "hopper_outside": "blocks/hopper_outside",
    "stone_slab_top": "blocks/stone_slab_top"
},
"elements": [ 
{
    "__comment": "frame",
    "from": [ 1, 4, -3 ],
    "to": [ 15, 10, -2 ],
    "faces": {
        "down":  { "uv": [ 0, 0, 16, 16 ], "texture": "#frame" },
        "up":    { "uv": [ 0, 0, 16, 16 ], "texture": "#frame" },
        "north": { "uv": [ 0, 0, 16, 16 ], "texture": "#frame" },
        "south": { "uv": [ 0, 0, 16, 16 ], "texture": "#frame" },
        "west":  { "uv": [ 0, 0, 16, 16 ], "texture": "#frame" },
        "east":  { "uv": [ 0, 0, 16, 16 ], "texture": "#frame" }
    }
},
{
    "__comment": "Stoel frame",
    "from": [ 1.5, 4.5, 23 ],
    "to": [ 3.5, 8, 25 ],
    "faces": {
        "down":  { "uv": [ 14.5, 16, 12.5, 16 ], "texture": "#stone_slab_top" },
        "up":    { "uv": [ 1.5, 16, 3.5, 16 ], "texture": "#stone_slab_top" },
        "north": { "uv": [ 12.5, 8, 14.5, 11.5 ], "texture": "#stone_slab_top" },
        "south": { "uv": [ 1.5, 8, 3.5, 11.5 ], "texture": "#stone_slab_top" },
        "west":  { "uv": [ 16, 8, 16, 11.5 ], "texture": "#stone_slab_top" },
        "east":  { "uv": [ 0, 8, 0, 11.5 ], "texture": "#stone_slab_top" }
    }
},
{
    "__comment": "Stoel frame*",
    "from": [ 12.5, 4.5, 23 ],
    "to": [ 14.5, 8, 25 ],
    "faces": {
        "down":  { "uv": [ 3.5, 16, 1.5, 16 ], "texture": "#stone_slab_top" },
        "up":    { "uv": [ 12.5, 16, 14.5, 16 ], "texture": "#stone_slab_top" },
        "north": { "uv": [ 1.5, 8, 3.5, 11.5 ], "texture": "#stone_slab_top" },
        "south": { "uv": [ 12.5, 8, 14.5, 11.5 ], "texture": "#stone_slab_top" },
        "west":  { "uv": [ 16, 8, 16, 11.5 ], "texture": "#stone_slab_top" },
        "east":  { "uv": [ 0, 8, 0, 11.5 ], "texture": "#stone_slab_top" }
    }
},
{
    "__comment": "frame*",
    "from": [ -2.5, 4, -1 ],
    "to": [ 18, 4.5, 27 ],
    "faces": {
        "down":  { "uv": [ 0, 0, 16, 16 ], "texture": "#stone_slab_top" },
        "up":    { "uv": [ 0, 0, 16, 16 ], "texture": "#stone_slab_top" },
        "north": { "uv": [ 0, 0, 16, 16 ], "texture": "#stone_slab_top" },
        "south": { "uv": [ 0, 0, 16, 16 ], "texture": "#stone_slab_top" },
        "west":  { "uv": [ 0, 0, 16, 16 ], "texture": "#stone_slab_top" },
        "east":  { "uv": [ 0, 0, 16, 16 ], "texture": "#stone_slab_top" }
    }
},
{
    "__comment": "frame*",
    "from": [ -3.1875, 4, -1.25 ],
    "to": [ 1.3125, 10, -0.25 ],
    "rotation": { "origin": [ -3.1875, 4, -1.25 ], "axis": "y", "angle": 22.5 },
    "faces": {
        "down":  { "uv": [ 0, 0, 16, 16 ], "texture": "#frame" },
        "up":    { "uv": [ 0, 0, 16, 16 ], "texture": "#frame" },
        "north": { "uv": [ 3, 0, 9, 16 ], "texture": "#frame" },
        "south": { "uv": [ 3, 0, 9, 16 ], "texture": "#frame" },
        "west":  { "uv": [ 0, 0, 16, 16 ], "texture": "#frame" },
        "east":  { "uv": [ 0, 0, 16, 16 ], "texture": "#frame" }
    }
},
{
    "__comment": "stoel*",
    "from": [ -1.5, 8, 21 ],
    "to": [ 6.5, 9, 26 ],
    "faces": {
        "down":  { "uv": [ 0, 0, 16, 16 ], "texture": "#anvil_base" },
        "up":    { "uv": [ 0, 0, 16, 16 ], "texture": "#anvil_base" },
        "north": { "uv": [ 0, 0, 16, 16 ], "texture": "#anvil_base" },
        "south": { "uv": [ 0, 0, 16, 16 ], "texture": "#anvil_base" },
        "west":  { "uv": [ 0, 0, 16, 16 ], "texture": "#anvil_base" },
        "east":  { "uv": [ 0, 0, 16, 16 ], "texture": "#anvil_base" }
    }
},
{
    "__comment": "stoel*",
    "from": [ 9.5, 8, 21 ],
    "to": [ 17.5, 9, 26 ],
    "faces": {
        "down":  { "uv": [ 0, 0, 16, 16 ], "texture": "#anvil_base" },
        "up":    { "uv": [ 0, 0, 16, 16 ], "texture": "#anvil_base" },
        "north": { "uv": [ 0, 0, 16, 16 ], "texture": "#anvil_base" },
        "south": { "uv": [ 0, 0, 16, 16 ], "texture": "#anvil_base" },
        "west":  { "uv": [ 0, 0, 16, 16 ], "texture": "#anvil_base" },
        "east":  { "uv": [ 0, 0, 16, 16 ], "texture": "#anvil_base" }
    }
},
{
    "__comment": "rem",
    "from": [ 9, 1, 2.5 ],
    "to": [ 9.5, 4, 22 ],
    "faces": {
        "down":  { "uv": [ 15, 2.5, 15.5, 16 ], "texture": "#remmen" },
        "up":    { "uv": [ 15, 2.5, 15.5, 16 ], "texture": "#remmen" },
        "north": { "uv": [ 1.5, 11, 2, 14 ], "texture": "#remmen" },
        "south": { "uv": [ 1.5, 11, 2, 14 ], "texture": "#remmen" },
        "west":  { "uv": [ 1.5, 8.5, 14.5, 14.5 ], "texture": "#remmen" },
        "east":  { "uv": [ 1.5, 8.5, 14.5, 14.5 ], "texture": "#remmen" }
    }
},
{
    "__comment": "rem*",
    "from": [ 6.5, 1, 2.5 ],
    "to": [ 7, 4, 22 ],
    "faces": {
        "down":  { "uv": [ 15, 2.5, 15.5, 16 ], "texture": "#remmen" },
        "up":    { "uv": [ 15, 2.5, 15.5, 16 ], "texture": "#remmen" },
        "north": { "uv": [ 1.5, 11, 2, 14 ], "texture": "#remmen" },
        "south": { "uv": [ 1.5, 11, 2, 14 ], "texture": "#remmen" },
        "west":  { "uv": [ 1.5, 8.5, 14.5, 14.5 ], "texture": "#remmen" },
        "east":  { "uv": [ 1, 9, 15, 15 ], "texture": "#remmen" }
    }
},
{
    "__comment": "framezijkant",
    "from": [ -3, 2.5, 7 ],
    "to": [ -2, 5.5, 22 ],
    "faces": {
        "down":  { "uv": [ 16, 16, 16, 7 ], "texture": "#frame" },
        "up":    { "uv": [ 0, 7, 0, 16 ], "texture": "#frame" },
        "north": { "uv": [ 16, 10.5, 16, 13.5 ], "texture": "#frame" },
        "south": { "uv": [ 0, 10.5, 0, 13.5 ], "texture": "#frame" },
        "west":  { "uv": [ 7, 10.5, 16, 13.5 ], "texture": "#frame" },
        "east":  { "uv": [ 0, 10.5, 9, 13.5 ], "texture": "#frame" }
    }
},
{
    "__comment": "framezijkant*",
    "from": [ -3, 4, -1 ],
    "to": [ -2, 5, 7 ],
    "faces": {
        "down":  { "uv": [ 16, 7, 16, 0 ], "texture": "#frame" },
        "up":    { "uv": [ 0, 0, 0, 7 ], "texture": "#frame" },
        "north": { "uv": [ 16, 11, 16, 12 ], "texture": "#frame" },
        "south": { "uv": [ 0, 11, 0, 12 ], "texture": "#frame" },
        "west":  { "uv": [ 0, 11, 7, 12 ], "texture": "#frame" },
        "east":  { "uv": [ 9, 11, 16, 12 ], "texture": "#frame" }
    }
},
{
    "__comment": "framezijkant*",
    "from": [ -3, 2, 7 ],
    "to": [ -2, 2.5, 20.5 ],
    "faces": {
        "down":  { "uv": [ 16, 16, 16, 7 ], "texture": "#frame" },
        "up":    { "uv": [ 0, 7, 0, 16 ], "texture": "#frame" },
        "north": { "uv": [ 16, 13.5, 16, 14 ], "texture": "#frame" },
        "south": { "uv": [ 0, 13.5, 0, 14 ], "texture": "#frame" },
        "west":  { "uv": [ 7, 13.5, 16, 14 ], "texture": "#frame" },
        "east":  { "uv": [ 0, 13.5, 9, 14 ], "texture": "#frame" }
    }
},
{
    "__comment": "framezijkant*",
    "from": [ -3, 3.5, 22 ],
    "to": [ -2, 6, 27.5 ],
    "faces": {
        "down":  { "uv": [ 16, 16, 16, 16 ], "texture": "#frame" },
        "up":    { "uv": [ 0, 16, 0, 16 ], "texture": "#frame" },
        "north": { "uv": [ 16, 10, 16, 12.5 ], "texture": "#frame" },
        "south": { "uv": [ 0, 10, 0, 12.5 ], "texture": "#frame" },
        "west":  { "uv": [ 16, 10, 16, 12.5 ], "texture": "#frame" },
        "east":  { "uv": [ 0, 10, 0, 12.5 ], "texture": "#frame" }
    }
},
{
    "__comment": "framezijkant*",
    "from": [ -3, 4.25, 20.125 ],
    "to": [ -2, 5.25, 22.125 ],
    "rotation": { "origin": [ -3, 5.25, 20.125 ], "axis": "x", "angle": -22.5 },
    "faces": {
        "down":  { "uv": [ 16, 16, 16, 16 ], "texture": "#frame" },
        "up":    { "uv": [ 0, 16, 0, 16 ], "texture": "#frame" },
        "north": { "uv": [ 16, 10.75, 16, 11.75 ], "texture": "#frame" },
        "south": { "uv": [ 0, 10.75, 0, 11.75 ], "texture": "#frame" },
        "west":  { "uv": [ 16, 10.75, 16, 11.75 ], "texture": "#frame" },
        "east":  { "uv": [ 0, 10.75, 0, 11.75 ], "texture": "#frame" }
    }
},
{
    "__comment": "wieldop",
    "from": [ 0, 0, 23 ],
    "to": [ 1.5, 2.5, 25.5 ],
    "faces": {
        "down":  { "uv": [ 4, 4, 12, 12 ], "texture": "#wielen inner" },
        "up":    { "uv": [ 4, 4, 12, 12 ], "texture": "#wielen inner" },
        "north": { "uv": [ 4, 4, 12, 12 ], "texture": "#wielen inner" },
        "south": { "uv": [ 5, 5, 11, 11 ], "texture": "#wielen inner" },
        "west":  { "uv": [ 4, 4, 12, 12 ], "texture": "#wielen inner" },
        "east":  { "uv": [ 4, 4, 12, 12 ], "texture": "#wielen inner" }
    }
},
{
    "__comment": "wielen",
    "from": [ 0, 2.5, 23 ],
    "to": [ 1.5, 3, 25.5 ],
    "faces": {
        "down":  { "uv": [ 16, 16, 14.5, 16 ], "texture": "#anvil_base" },
        "up":    { "uv": [ 0, 16, 1.5, 16 ], "texture": "#anvil_base" },
        "north": { "uv": [ 14.5, 13, 16, 13.5 ], "texture": "#anvil_base" },
        "south": { "uv": [ 0, 13, 1.5, 13.5 ], "texture": "#anvil_base" },
        "west":  { "uv": [ 16, 13, 16, 13.5 ], "texture": "#anvil_base" },
        "east":  { "uv": [ 0, 13, 0, 13.5 ], "texture": "#anvil_base" }
    }
},
{
    "__comment": "wielen",
    "from": [ 0, -0.5, 23 ],
    "to": [ 1.5, 0, 25.5 ],
    "faces": {
        "down":  { "uv": [ 16, 16, 14.5, 16 ], "texture": "#anvil_base" },
        "up":    { "uv": [ 0, 16, 1.5, 16 ], "texture": "#anvil_base" },
        "north": { "uv": [ 14.5, 16, 16, 16 ], "texture": "#anvil_base" },
        "south": { "uv": [ 0, 16, 1.5, 16 ], "texture": "#anvil_base" },
        "west":  { "uv": [ 16, 16, 16, 16 ], "texture": "#anvil_base" },
        "east":  { "uv": [ 0, 16, 0, 16 ], "texture": "#anvil_base" }
    }
},
{
    "__comment": "wieldop",
    "from": [ 14.5, 0, 27.5 ],
    "to": [ 16, 2.5, 30 ],
    "faces": {
        "down":  { "uv": [ 4, 4, 12, 12 ], "texture": "#wielen inner" },
        "up":    { "uv": [ 4, 4, 12, 12 ], "texture": "#wielen inner" },
        "north": { "uv": [ 4, 4, 12, 12 ], "texture": "#wielen inner" },
        "south": { "uv": [ 4, 4, 12, 12 ], "texture": "#wielen inner" },
        "west":  { "uv": [ 4, 4, 12, 12 ], "texture": "#wielen inner" },
        "east":  { "uv": [ 4, 4, 12, 12 ], "texture": "#wielen inner" }
    }
},
{
    "__comment": "wielen*",
    "from": [ 16, -2, 23.5 ],
    "to": [ 16.5, -1, 25.5 ],
    "faces": {
        "down":  { "uv": [ 0, 16, 0, 16 ], "texture": "#anvil_base" },
        "up":    { "uv": [ 16, 16, 16, 16 ], "texture": "#anvil_base" },
        "north": { "uv": [ 0, 16, 0, 16 ], "texture": "#anvil_base" },
        "south": { "uv": [ 16, 16, 16, 16 ], "texture": "#anvil_base" },
        "west":  { "uv": [ 16, 16, 16, 16 ], "texture": "#anvil_base" },
        "east":  { "uv": [ 0, 16, 0, 16 ], "texture": "#anvil_base" }
    }
},
{
    "__comment": "wielen*",
    "from": [ 16.5, -2, 29.4375 ],
    "to": [ 18.5, -1, 29.9375 ],
    "faces": {
        "down":  { "uv": [ 15, 16, 14, 16 ], "texture": "#anvil_base" },
        "up":    { "uv": [ 1, 16, 2, 16 ], "texture": "#anvil_base" },
        "north": { "uv": [ 14, 16, 15, 16 ], "texture": "#anvil_base" },
        "south": { "uv": [ 1, 16, 2, 16 ], "texture": "#anvil_base" },
        "west":  { "uv": [ 16, 16, 16, 16 ], "texture": "#anvil_base" },
        "east":  { "uv": [ 0, 16, 0, 16 ], "texture": "#anvil_base" }
    }
},
{
    "__comment": "wielen*",
    "from": [ 0, 0, 22.5 ],
    "to": [ 1.5, 2.5, 23 ],
    "faces": {
        "down":  { "uv": [ 16, 16, 14.5, 16 ], "texture": "#anvil_base" },
        "up":    { "uv": [ 0, 16, 1.5, 16 ], "texture": "#anvil_base" },
        "north": { "uv": [ 14.5, 13.5, 16, 16 ], "texture": "#anvil_base" },
        "south": { "uv": [ 0, 13.5, 1.5, 16 ], "texture": "#anvil_base" },
        "west":  { "uv": [ 16, 13.5, 16, 16 ], "texture": "#anvil_base" },
        "east":  { "uv": [ 0, 13.5, 0, 16 ], "texture": "#anvil_base" }
    }
},
{
    "__comment": "wielen*",
    "from": [ 16.5, -2, 23 ],
    "to": [ 18.5, -1, 23.5 ],
    "faces": {
        "down":  { "uv": [ 0, 16, 0, 16 ], "texture": "#anvil_base" },
        "up":    { "uv": [ 16, 16, 16, 16 ], "texture": "#anvil_base" },
        "north": { "uv": [ 0, 16, 0, 16 ], "texture": "#anvil_base" },
        "south": { "uv": [ 16, 16, 16, 16 ], "texture": "#anvil_base" },
        "west":  { "uv": [ 16, 16, 16, 16 ], "texture": "#anvil_base" },
        "east":  { "uv": [ 0, 16, 0, 16 ], "texture": "#anvil_base" }
    }
},
{
    "__comment": "wielen*",
    "from": [ 0, 0, 25.5 ],
    "to": [ 1.5, 2.5, 26 ],
    "faces": {
        "down":  { "uv": [ 16, 16, 14.5, 16 ], "texture": "#anvil_base" },
        "up":    { "uv": [ 0, 16, 1.5, 16 ], "texture": "#anvil_base" },
        "north": { "uv": [ 14.5, 13.5, 16, 16 ], "texture": "#anvil_base" },
        "south": { "uv": [ 0, 13.5, 1.5, 16 ], "texture": "#anvil_base" },
        "west":  { "uv": [ 16, 13.5, 16, 16 ], "texture": "#anvil_base" },
        "east":  { "uv": [ 0, 13.5, 0, 16 ], "texture": "#anvil_base" }
    }
},
{
    "__comment": "wielkast*",
    "from": [ -0.5, 0.5, 24 ],
    "to": [ 0, 2, 29 ],
    "faces": {
        "down":  { "uv": [ 16, 16, 16, 16 ], "texture": "#stone_slab_top" },
        "up":    { "uv": [ 0, 16, 0, 16 ], "texture": "#stone_slab_top" },
        "north": { "uv": [ 16, 14, 16, 15.5 ], "texture": "#stone_slab_top" },
        "south": { "uv": [ 0, 14, 0, 15.5 ], "texture": "#stone_slab_top" },
        "west":  { "uv": [ 16, 14, 16, 15.5 ], "texture": "#stone_slab_top" },
        "east":  { "uv": [ 0, 14, 0, 15.5 ], "texture": "#stone_slab_top" }
    }
},
{
    "__comment": "framezijkant*",
    "from": [ -3, 3.5, 27 ],
    "to": [ 19, 6, 28 ],
    "faces": {
        "down":  { "uv": [ 16, 16, 0, 16 ], "texture": "#frame" },
        "up":    { "uv": [ 0, 16, 16, 16 ], "texture": "#frame" },
        "north": { "uv": [ 0, 10, 16, 12.5 ], "texture": "#frame" },
        "south": { "uv": [ 0, 10, 16, 12.5 ], "texture": "#frame" },
        "west":  { "uv": [ 16, 10, 16, 12.5 ], "texture": "#frame" },
        "east":  { "uv": [ 0, 10, 0, 12.5 ], "texture": "#frame" }
    }
},
{
    "__comment": "frame*",
    "from": [ 2, 2.5, 22 ],
    "to": [ 14, 3.5, 27.5 ],
    "faces": {
        "down":  { "uv": [ 2, 22, 14, 27.5 ], "texture": "#stone_slab_top" },
        "up":    { "uv": [ 2, 22, 14, 27.5 ], "texture": "#stone_slab_top" },
        "north": { "uv": [ 2, 12.5, 14, 13.5 ], "texture": "#stone_slab_top" },
        "south": { "uv": [ 2, 12.5, 14, 13.5 ], "texture": "#stone_slab_top" },
        "west":  { "uv": [ 22, 12.5, 27.5, 13.5 ], "texture": "#stone_slab_top" },
        "east":  { "uv": [ 22, 12.5, 27.5, 13.5 ], "texture": "#stone_slab_top" }
    }
},
{
    "__comment": "wielen*",
    "from": [ 14.5, 0, 30 ],
    "to": [ 16, 2.5, 30.5 ],
    "faces": {
        "down":  { "uv": [ 1.5, 16, 0, 16 ], "texture": "#anvil_base" },
        "up":    { "uv": [ 14.5, 16, 16, 16 ], "texture": "#anvil_base" },
        "north": { "uv": [ 0, 13.5, 1.5, 16 ], "texture": "#anvil_base" },
        "south": { "uv": [ 14.5, 13.5, 16, 16 ], "texture": "#anvil_base" },
        "west":  { "uv": [ 16, 13.5, 16, 16 ], "texture": "#anvil_base" },
        "east":  { "uv": [ 0, 13.5, 0, 16 ], "texture": "#anvil_base" }
    }
},
{
    "__comment": "wielen*",
    "from": [ 14.5, -0.5, 27.5 ],
    "to": [ 16, 0, 30 ],
    "faces": {
        "down":  { "uv": [ 1.5, 16, 0, 16 ], "texture": "#anvil_base" },
        "up":    { "uv": [ 14.5, 16, 16, 16 ], "texture": "#anvil_base" },
        "north": { "uv": [ 0, 16, 1.5, 16 ], "texture": "#anvil_base" },
        "south": { "uv": [ 14.5, 16, 16, 16 ], "texture": "#anvil_base" },
        "west":  { "uv": [ 16, 16, 16, 16 ], "texture": "#anvil_base" },
        "east":  { "uv": [ 0, 16, 0, 16 ], "texture": "#anvil_base" }
    }
},
{
    "__comment": "wielen*",
    "from": [ 14.5, 2.5, 27.5 ],
    "to": [ 16, 3, 30 ],
    "faces": {
        "down":  { "uv": [ 1.5, 16, 0, 16 ], "texture": "#anvil_base" },
        "up":    { "uv": [ 14.5, 16, 16, 16 ], "texture": "#anvil_base" },
        "north": { "uv": [ 0, 13, 1.5, 13.5 ], "texture": "#anvil_base" },
        "south": { "uv": [ 14.5, 13, 16, 13.5 ], "texture": "#anvil_base" },
        "west":  { "uv": [ 16, 13, 16, 13.5 ], "texture": "#anvil_base" },
        "east":  { "uv": [ 0, 13, 0, 13.5 ], "texture": "#anvil_base" }
    }
},
{
    "__comment": "wielkast*",
    "from": [ 16, 0.5, 24 ],
    "to": [ 16.5, 2, 29 ],
    "faces": {
        "down":  { "uv": [ 0, 16, 0, 16 ], "texture": "#stone_slab_top" },
        "up":    { "uv": [ 16, 16, 16, 16 ], "texture": "#stone_slab_top" },
        "north": { "uv": [ 0, 14, 0, 15.5 ], "texture": "#stone_slab_top" },
        "south": { "uv": [ 16, 14, 16, 15.5 ], "texture": "#stone_slab_top" },
        "west":  { "uv": [ 16, 14, 16, 15.5 ], "texture": "#stone_slab_top" },
        "east":  { "uv": [ 0, 14, 0, 15.5 ], "texture": "#stone_slab_top" }
    }
},
{
    "__comment": "wielkast*",
    "from": [ 16.5, 1, 25.5 ],
    "to": [ 19.5, 2, 27.5 ],
    "rotation": { "origin": [ 16.5, 2, 25.5 ], "axis": "z", "angle": -45 },
    "faces": {
        "down":  { "uv": [ 16, 16, 15.5, 16 ], "texture": "#stone_slab_top" },
        "up":    { "uv": [ 0, 16, 0.5, 16 ], "texture": "#stone_slab_top" },
        "north": { "uv": [ 15.5, 11.5, 16, 12.5 ], "texture": "#stone_slab_top" },
        "south": { "uv": [ 0, 11.5, 0.5, 12.5 ], "texture": "#stone_slab_top" },
        "west":  { "uv": [ 16, 11.5, 16, 12.5 ], "texture": "#stone_slab_top" },
        "east":  { "uv": [ 0, 11.5, 0, 12.5 ], "texture": "#stone_slab_top" }
    }
},
{
    "__comment": "wielkast*",
    "from": [ 17.5, -1, 25.5 ],
    "to": [ 19, 0, 27.5 ],
    "faces": {
        "down":  { "uv": [ 16, 16, 15.5, 16 ], "texture": "#stone_slab_top" },
        "up":    { "uv": [ 0, 16, 0.5, 16 ], "texture": "#stone_slab_top" },
        "north": { "uv": [ 15.5, 11.5, 16, 12.5 ], "texture": "#stone_slab_top" },
        "south": { "uv": [ 0, 11.5, 0.5, 12.5 ], "texture": "#stone_slab_top" },
        "west":  { "uv": [ 16, 11.5, 16, 12.5 ], "texture": "#stone_slab_top" },
        "east":  { "uv": [ 0, 11.5, 0, 12.5 ], "texture": "#stone_slab_top" }
    }
},
{
    "__comment": "wielkast*",
    "from": [ 17, -2.5, 24.5 ],
    "to": [ 18.5, -2, 28.5 ],
    "faces": {
        "down":  { "uv": [ 16, 16, 15.5, 16 ], "texture": "#stone_slab_top" },
        "up":    { "uv": [ 0, 16, 0.5, 16 ], "texture": "#stone_slab_top" },
        "north": { "uv": [ 15.5, 11.5, 16, 12.5 ], "texture": "#stone_slab_top" },
        "south": { "uv": [ 0, 11.5, 0.5, 12.5 ], "texture": "#stone_slab_top" },
        "west":  { "uv": [ 16, 11.5, 16, 12.5 ], "texture": "#stone_slab_top" },
        "east":  { "uv": [ 0, 11.5, 0, 12.5 ], "texture": "#stone_slab_top" }
    }
},
{
    "__comment": "wielkast*",
    "from": [ 18.5, -2.5, 26 ],
    "to": [ 19, 0, 27 ],
    "faces": {
        "down":  { "uv": [ 16, 16, 15.5, 16 ], "texture": "#stone_slab_top" },
        "up":    { "uv": [ 0, 16, 0.5, 16 ], "texture": "#stone_slab_top" },
        "north": { "uv": [ 15.5, 11.5, 16, 12.5 ], "texture": "#stone_slab_top" },
        "south": { "uv": [ 0, 11.5, 0.5, 12.5 ], "texture": "#stone_slab_top" },
        "west":  { "uv": [ 16, 11.5, 16, 12.5 ], "texture": "#stone_slab_top" },
        "east":  { "uv": [ 0, 11.5, 0, 12.5 ], "texture": "#stone_slab_top" }
    }
},
{
    "__comment": "wielkast*",
    "from": [ 17, -1, 24.5 ],
    "to": [ 18.5, -0.5, 28.5 ],
    "faces": {
        "down":  { "uv": [ 16, 16, 15.5, 16 ], "texture": "#stone_slab_top" },
        "up":    { "uv": [ 0, 16, 0.5, 16 ], "texture": "#stone_slab_top" },
        "north": { "uv": [ 15.5, 11.5, 16, 12.5 ], "texture": "#stone_slab_top" },
        "south": { "uv": [ 0, 11.5, 0.5, 12.5 ], "texture": "#stone_slab_top" },
        "west":  { "uv": [ 16, 11.5, 16, 12.5 ], "texture": "#stone_slab_top" },
        "east":  { "uv": [ 0, 11.5, 0, 12.5 ], "texture": "#stone_slab_top" }
    }
},
{
    "__comment": "wieldop",
    "from": [ 16.5, -2, 23.5 ],
    "to": [ 18.5, -1, 25.5 ],
    "faces": {
        "down":  { "uv": [ 4, 4, 12, 12 ], "texture": "#wielen inner" },
        "up":    { "uv": [ 4, 4, 12, 12 ], "texture": "#wielen inner" },
        "north": { "uv": [ 4, 4, 12, 12 ], "texture": "#wielen inner" },
        "south": { "uv": [ 4, 4, 12, 12 ], "texture": "#wielen inner" },
        "west":  { "uv": [ 4, 4, 12, 12 ], "texture": "#wielen inner" },
        "east":  { "uv": [ 4, 4, 12, 12 ], "texture": "#wielen inner" }
    }
},
{
    "__comment": "wielen*",
    "from": [ 14.5, 0, 27 ],
    "to": [ 16, 2.5, 27.5 ],
    "faces": {
        "down":  { "uv": [ 1.5, 16, 0, 16 ], "texture": "#anvil_base" },
        "up":    { "uv": [ 14.5, 16, 16, 16 ], "texture": "#anvil_base" },
        "north": { "uv": [ 0, 13.5, 1.5, 16 ], "texture": "#anvil_base" },
        "south": { "uv": [ 14.5, 13.5, 16, 16 ], "texture": "#anvil_base" },
        "west":  { "uv": [ 16, 13.5, 16, 16 ], "texture": "#anvil_base" },
        "east":  { "uv": [ 0, 13.5, 0, 16 ], "texture": "#anvil_base" }
    }
},
{
    "__comment": "wielen*",
    "from": [ 14.5, 0, 25.5 ],
    "to": [ 16, 2.5, 26 ],
    "faces": {
        "down":  { "uv": [ 1.5, 16, 0, 16 ], "texture": "#anvil_base" },
        "up":    { "uv": [ 14.5, 16, 16, 16 ], "texture": "#anvil_base" },
        "north": { "uv": [ 0, 13.5, 1.5, 16 ], "texture": "#anvil_base" },
        "south": { "uv": [ 14.5, 13.5, 16, 16 ], "texture": "#anvil_base" },
        "west":  { "uv": [ 16, 13.5, 16, 16 ], "texture": "#anvil_base" },
        "east":  { "uv": [ 0, 13.5, 0, 16 ], "texture": "#anvil_base" }
    }
},
{
    "__comment": "wielen*",
    "from": [ 14.5, 2.5, 23 ],
    "to": [ 16, 3, 25.5 ],
    "faces": {
        "down":  { "uv": [ 1.5, 16, 0, 16 ], "texture": "#anvil_base" },
        "up":    { "uv": [ 14.5, 16, 16, 16 ], "texture": "#anvil_base" },
        "north": { "uv": [ 0, 13, 1.5, 13.5 ], "texture": "#anvil_base" },
        "south": { "uv": [ 14.5, 13, 16, 13.5 ], "texture": "#anvil_base" },
        "west":  { "uv": [ 16, 13, 16, 13.5 ], "texture": "#anvil_base" },
        "east":  { "uv": [ 0, 13, 0, 13.5 ], "texture": "#anvil_base" }
    }
},
{
    "__comment": "wielen*",
    "from": [ 14.5, -0.5, 23 ],
    "to": [ 16, 0, 25.5 ],
    "faces": {
        "down":  { "uv": [ 1.5, 16, 0, 16 ], "texture": "#anvil_base" },
        "up":    { "uv": [ 14.5, 16, 16, 16 ], "texture": "#anvil_base" },
        "north": { "uv": [ 0, 16, 1.5, 16 ], "texture": "#anvil_base" },
        "south": { "uv": [ 14.5, 16, 16, 16 ], "texture": "#anvil_base" },
        "west":  { "uv": [ 16, 16, 16, 16 ], "texture": "#anvil_base" },
        "east":  { "uv": [ 0, 16, 0, 16 ], "texture": "#anvil_base" }
    }
},
{
    "__comment": "wielen*",
    "from": [ 14.5, 0, 22.5 ],
    "to": [ 16, 2.5, 23 ],
    "faces": {
        "down":  { "uv": [ 1.5, 16, 0, 16 ], "texture": "#anvil_base" },
        "up":    { "uv": [ 14.5, 16, 16, 16 ], "texture": "#anvil_base" },
        "north": { "uv": [ 0, 13.5, 1.5, 16 ], "texture": "#anvil_base" },
        "south": { "uv": [ 14.5, 13.5, 16, 16 ], "texture": "#anvil_base" },
        "west":  { "uv": [ 16, 13.5, 16, 16 ], "texture": "#anvil_base" },
        "east":  { "uv": [ 0, 13.5, 0, 16 ], "texture": "#anvil_base" }
    }
},
{
    "__comment": "wieldop",
    "from": [ 14.5, 0, 23 ],
    "to": [ 16, 2.5, 25.5 ],
    "faces": {
        "down":  { "uv": [ 4, 4, 12, 12 ], "texture": "#wielen inner" },
        "up":    { "uv": [ 4, 4, 12, 12 ], "texture": "#wielen inner" },
        "north": { "uv": [ 4, 4, 12, 12 ], "texture": "#wielen inner" },
        "south": { "uv": [ 4, 4, 12, 12 ], "texture": "#wielen inner" },
        "west":  { "uv": [ 4, 4, 12, 12 ], "texture": "#wielen inner" },
        "east":  { "uv": [ 4, 4, 12, 12 ], "texture": "#wielen inner" }
    }
},
{
    "__comment": "wielkast*",
    "from": [ -0.5, 2, 26 ],
    "to": [ 0.5, 4, 27 ],
    "faces": {
        "down":  { "uv": [ 16, 16, 15.5, 16 ], "texture": "#stone_slab_top" },
        "up":    { "uv": [ 0, 16, 0.5, 16 ], "texture": "#stone_slab_top" },
        "north": { "uv": [ 15.5, 11.5, 16, 12.5 ], "texture": "#stone_slab_top" },
        "south": { "uv": [ 0, 11.5, 0.5, 12.5 ], "texture": "#stone_slab_top" },
        "west":  { "uv": [ 16, 11.5, 16, 12.5 ], "texture": "#stone_slab_top" },
        "east":  { "uv": [ 0, 11.5, 0, 12.5 ], "texture": "#stone_slab_top" }
    }
},
{
    "__comment": "wielkast*",
    "from": [ 15.5, 2, 26 ],
    "to": [ 16.5, 4, 27 ],
    "faces": {
        "down":  { "uv": [ 16, 16, 15.5, 16 ], "texture": "#stone_slab_top" },
        "up":    { "uv": [ 0, 16, 0.5, 16 ], "texture": "#stone_slab_top" },
        "north": { "uv": [ 15.5, 11.5, 16, 12.5 ], "texture": "#stone_slab_top" },
        "south": { "uv": [ 0, 11.5, 0.5, 12.5 ], "texture": "#stone_slab_top" },
        "west":  { "uv": [ 16, 11.5, 16, 12.5 ], "texture": "#stone_slab_top" },
        "east":  { "uv": [ 0, 11.5, 0, 12.5 ], "texture": "#stone_slab_top" }
    }
},
{
    "__comment": "wielkast*",
    "from": [ 0, 3, 26 ],
    "to": [ 16, 4, 27 ],
    "faces": {
        "down":  { "uv": [ 16, 16, 15.5, 16 ], "texture": "#stone_slab_top" },
        "up":    { "uv": [ 0, 16, 0.5, 16 ], "texture": "#stone_slab_top" },
        "north": { "uv": [ 15.5, 11.5, 16, 12.5 ], "texture": "#stone_slab_top" },
        "south": { "uv": [ 0, 11.5, 0.5, 12.5 ], "texture": "#stone_slab_top" },
        "west":  { "uv": [ 16, 11.5, 16, 12.5 ], "texture": "#stone_slab_top" },
        "east":  { "uv": [ 0, 11.5, 0, 12.5 ], "texture": "#stone_slab_top" }
    }
},
{
    "__comment": "framezijkant*",
    "from": [ -3, 3.5625, 4.6875 ],
    "to": [ -2, 4.5625, 7.1875 ],
    "rotation": { "origin": [ -3, 4.5625, 4.6875 ], "axis": "x", "angle": -22.5 },
    "faces": {
        "down":  { "uv": [ 16, 7.1875, 16, 4.6875 ], "texture": "#frame" },
        "up":    { "uv": [ 0, 4.6875, 0, 7.1875 ], "texture": "#frame" },
        "north": { "uv": [ 16, 11.4375, 16, 12.4375 ], "texture": "#frame" },
        "south": { "uv": [ 0, 11.4375, 0, 12.4375 ], "texture": "#frame" },
        "west":  { "uv": [ 4.6875, 11.4375, 7.1875, 12.4375 ], "texture": "#frame" },
        "east":  { "uv": [ 8.8125, 11.4375, 11.3125, 12.4375 ], "texture": "#frame" }
    }
},
{
    "__comment": "framezijkant*",
    "from": [ 18, 2.5, 7 ],
    "to": [ 19, 5.5, 22 ],
    "faces": {
        "down":  { "uv": [ 0, 16, 0, 7 ], "texture": "#frame" },
        "up":    { "uv": [ 16, 7, 16, 16 ], "texture": "#frame" },
        "north": { "uv": [ 0, 10.5, 0, 13.5 ], "texture": "#frame" },
        "south": { "uv": [ 16, 10.5, 16, 13.5 ], "texture": "#frame" },
        "west":  { "uv": [ 7, 10.5, 16, 13.5 ], "texture": "#frame" },
        "east":  { "uv": [ 0, 10.5, 9, 13.5 ], "texture": "#frame" }
    }
},
{
    "__comment": "framezijkant*",
    "from": [ 18, 3.5, 22 ],
    "to": [ 19, 6, 27.5 ],
    "faces": {
        "down":  { "uv": [ 0, 16, 0, 16 ], "texture": "#frame" },
        "up":    { "uv": [ 16, 16, 16, 16 ], "texture": "#frame" },
        "north": { "uv": [ 0, 10, 0, 12.5 ], "texture": "#frame" },
        "south": { "uv": [ 16, 10, 16, 12.5 ], "texture": "#frame" },
        "west":  { "uv": [ 16, 10, 16, 12.5 ], "texture": "#frame" },
        "east":  { "uv": [ 0, 10, 0, 12.5 ], "texture": "#frame" }
    }
},
{
    "__comment": "framezijkant*",
    "from": [ 18, 2, 7 ],
    "to": [ 19, 2.5, 20.5 ],
    "faces": {
        "down":  { "uv": [ 0, 16, 0, 7 ], "texture": "#frame" },
        "up":    { "uv": [ 16, 7, 16, 16 ], "texture": "#frame" },
        "north": { "uv": [ 0, 13.5, 0, 14 ], "texture": "#frame" },
        "south": { "uv": [ 16, 13.5, 16, 14 ], "texture": "#frame" },
        "west":  { "uv": [ 7, 13.5, 16, 14 ], "texture": "#frame" },
        "east":  { "uv": [ 0, 13.5, 9, 14 ], "texture": "#frame" }
    }
},
{
    "__comment": "wielen*",
    "from": [ 18.5, -2, 23.5 ],
    "to": [ 19, -1, 25.5 ],
    "faces": {
        "down":  { "uv": [ 0, 16, 0, 16 ], "texture": "#anvil_base" },
        "up":    { "uv": [ 16, 16, 16, 16 ], "texture": "#anvil_base" },
        "north": { "uv": [ 0, 16, 0, 16 ], "texture": "#anvil_base" },
        "south": { "uv": [ 16, 16, 16, 16 ], "texture": "#anvil_base" },
        "west":  { "uv": [ 16, 16, 16, 16 ], "texture": "#anvil_base" },
        "east":  { "uv": [ 0, 16, 0, 16 ], "texture": "#anvil_base" }
    }
},
{
    "__comment": "wielen*",
    "from": [ 16.5, -2, 27 ],
    "to": [ 18.5, -1, 27.5 ],
    "faces": {
        "down":  { "uv": [ 0, 16, 0, 16 ], "texture": "#anvil_base" },
        "up":    { "uv": [ 16, 16, 16, 16 ], "texture": "#anvil_base" },
        "north": { "uv": [ 0, 16, 0, 16 ], "texture": "#anvil_base" },
        "south": { "uv": [ 16, 16, 16, 16 ], "texture": "#anvil_base" },
        "west":  { "uv": [ 16, 16, 16, 16 ], "texture": "#anvil_base" },
        "east":  { "uv": [ 0, 16, 0, 16 ], "texture": "#anvil_base" }
    }
},
{
    "__comment": "wieldop",
    "from": [ 16.5, -2, 27.5 ],
    "to": [ 18.5, -1, 29.5 ],
    "faces": {
        "down":  { "uv": [ 4, 4, 12, 12 ], "texture": "#wielen inner" },
        "up":    { "uv": [ 4, 4, 12, 12 ], "texture": "#wielen inner" },
        "north": { "uv": [ 4, 4, 12, 12 ], "texture": "#wielen inner" },
        "south": { "uv": [ 4, 4, 12, 12 ], "texture": "#wielen inner" },
        "west":  { "uv": [ 4, 4, 12, 12 ], "texture": "#wielen inner" },
        "east":  { "uv": [ 4, 4, 12, 12 ], "texture": "#wielen inner" }
    }
},
{
    "__comment": "wielen*",
    "from": [ 18.5, -2, 27.5 ],
    "to": [ 19, -1, 29.5 ],
    "faces": {
        "down":  { "uv": [ 0, 16, 0, 16 ], "texture": "#anvil_base" },
        "up":    { "uv": [ 16, 16, 16, 16 ], "texture": "#anvil_base" },
        "north": { "uv": [ 0, 16, 0, 16 ], "texture": "#anvil_base" },
        "south": { "uv": [ 16, 16, 16, 16 ], "texture": "#anvil_base" },
        "west":  { "uv": [ 16, 16, 16, 16 ], "texture": "#anvil_base" },
        "east":  { "uv": [ 0, 16, 0, 16 ], "texture": "#anvil_base" }
    }
},
{
    "__comment": "wielen*",
    "from": [ 16, -2, 27.5 ],
    "to": [ 16.5, -1, 29.5 ],
    "faces": {
        "down":  { "uv": [ 0, 16, 0, 16 ], "texture": "#anvil_base" },
        "up":    { "uv": [ 16, 16, 16, 16 ], "texture": "#anvil_base" },
        "north": { "uv": [ 0, 16, 0, 16 ], "texture": "#anvil_base" },
        "south": { "uv": [ 16, 16, 16, 16 ], "texture": "#anvil_base" },
        "west":  { "uv": [ 16, 16, 16, 16 ], "texture": "#anvil_base" },
        "east":  { "uv": [ 0, 16, 0, 16 ], "texture": "#anvil_base" }
    }
},
{
    "__comment": "wielen*",
    "from": [ 16.5, -2, 25.4375 ],
    "to": [ 18.5, -1, 25.9375 ],
    "faces": {
        "down":  { "uv": [ 15, 16, 14, 16 ], "texture": "#anvil_base" },
        "up":    { "uv": [ 1, 16, 2, 16 ], "texture": "#anvil_base" },
        "north": { "uv": [ 14, 16, 15, 16 ], "texture": "#anvil_base" },
        "south": { "uv": [ 1, 16, 2, 16 ], "texture": "#anvil_base" },
        "west":  { "uv": [ 16, 16, 16, 16 ], "texture": "#anvil_base" },
        "east":  { "uv": [ 0, 16, 0, 16 ], "texture": "#anvil_base" }
    }
},
{
    "__comment": "wieldop",
    "from": [ 0, 0, 27.5 ],
    "to": [ 1.5, 2.5, 30 ],
    "faces": {
        "down":  { "uv": [ 4, 4, 12, 12 ], "texture": "#wielen inner" },
        "up":    { "uv": [ 4, 4, 12, 12 ], "texture": "#wielen inner" },
        "north": { "uv": [ 4, 4, 12, 12 ], "texture": "#wielen inner" },
        "south": { "uv": [ 4, 4, 12, 12 ], "texture": "#wielen inner" },
        "west":  { "uv": [ 4, 4, 12, 12 ], "texture": "#wielen inner" },
        "east":  { "uv": [ 4, 4, 12, 12 ], "texture": "#wielen inner" }
    }
},
{
    "__comment": "wielen*",
    "from": [ 0, 0, 27 ],
    "to": [ 1.5, 2.5, 27.5 ],
    "faces": {
        "down":  { "uv": [ 16, 16, 14.5, 16 ], "texture": "#anvil_base" },
        "up":    { "uv": [ 0, 16, 1.5, 16 ], "texture": "#anvil_base" },
        "north": { "uv": [ 14.5, 13.5, 16, 16 ], "texture": "#anvil_base" },
        "south": { "uv": [ 0, 13.5, 1.5, 16 ], "texture": "#anvil_base" },
        "west":  { "uv": [ 16, 13.5, 16, 16 ], "texture": "#anvil_base" },
        "east":  { "uv": [ 0, 13.5, 0, 16 ], "texture": "#anvil_base" }
    }
},
{
    "__comment": "wielen*",
    "from": [ 0, 0, 30 ],
    "to": [ 1.5, 2.5, 30.5 ],
    "faces": {
        "down":  { "uv": [ 16, 16, 14.5, 16 ], "texture": "#anvil_base" },
        "up":    { "uv": [ 0, 16, 1.5, 16 ], "texture": "#anvil_base" },
        "north": { "uv": [ 14.5, 13.5, 16, 16 ], "texture": "#anvil_base" },
        "south": { "uv": [ 0, 13.5, 1.5, 16 ], "texture": "#anvil_base" },
        "west":  { "uv": [ 16, 13.5, 16, 16 ], "texture": "#anvil_base" },
        "east":  { "uv": [ 0, 13.5, 0, 16 ], "texture": "#anvil_base" }
    }
},
{
    "__comment": "wielen*",
    "from": [ 0, 2.5, 27.5 ],
    "to": [ 1.5, 3, 30 ],
    "faces": {
        "down":  { "uv": [ 16, 16, 14.5, 16 ], "texture": "#anvil_base" },
        "up":    { "uv": [ 0, 16, 1.5, 16 ], "texture": "#anvil_base" },
        "north": { "uv": [ 14.5, 13, 16, 13.5 ], "texture": "#anvil_base" },
        "south": { "uv": [ 0, 13, 1.5, 13.5 ], "texture": "#anvil_base" },
        "west":  { "uv": [ 16, 13, 16, 13.5 ], "texture": "#anvil_base" },
        "east":  { "uv": [ 0, 13, 0, 13.5 ], "texture": "#anvil_base" }
    }
},
{
    "__comment": "wielen*",
    "from": [ 0, -0.5, 27.5 ],
    "to": [ 1.5, 0, 30 ],
    "faces": {
        "down":  { "uv": [ 16, 16, 14.5, 16 ], "texture": "#anvil_base" },
        "up":    { "uv": [ 0, 16, 1.5, 16 ], "texture": "#anvil_base" },
        "north": { "uv": [ 14.5, 16, 16, 16 ], "texture": "#anvil_base" },
        "south": { "uv": [ 0, 16, 1.5, 16 ], "texture": "#anvil_base" },
        "west":  { "uv": [ 16, 16, 16, 16 ], "texture": "#anvil_base" },
        "east":  { "uv": [ 0, 16, 0, 16 ], "texture": "#anvil_base" }
    }
},
{
    "__comment": "wieldop",
    "from": [ -2.5, -2, 27.5 ],
    "to": [ -0.5, -1, 29.5 ],
    "faces": {
        "down":  { "uv": [ 4, 4, 12, 12 ], "texture": "#wielen inner" },
        "up":    { "uv": [ 4, 4, 12, 12 ], "texture": "#wielen inner" },
        "north": { "uv": [ 4, 4, 12, 12 ], "texture": "#wielen inner" },
        "south": { "uv": [ 4, 4, 12, 12 ], "texture": "#wielen inner" },
        "west":  { "uv": [ 4, 4, 12, 12 ], "texture": "#wielen inner" },
        "east":  { "uv": [ 4, 4, 12, 12 ], "texture": "#wielen inner" }
    }
},
{
    "__comment": "wielen*",
    "from": [ -3, -2, 27.5 ],
    "to": [ -2.5, -1, 29.5 ],
    "faces": {
        "down":  { "uv": [ 16, 16, 16, 16 ], "texture": "#anvil_base" },
        "up":    { "uv": [ 0, 16, 0, 16 ], "texture": "#anvil_base" },
        "north": { "uv": [ 16, 16, 16, 16 ], "texture": "#anvil_base" },
        "south": { "uv": [ 0, 16, 0, 16 ], "texture": "#anvil_base" },
        "west":  { "uv": [ 16, 16, 16, 16 ], "texture": "#anvil_base" },
        "east":  { "uv": [ 0, 16, 0, 16 ], "texture": "#anvil_base" }
    }
},
{
    "__comment": "wielen*",
    "from": [ -0.5, -2, 27.5 ],
    "to": [ 0, -1, 29.5 ],
    "faces": {
        "down":  { "uv": [ 16, 16, 16, 16 ], "texture": "#anvil_base" },
        "up":    { "uv": [ 0, 16, 0, 16 ], "texture": "#anvil_base" },
        "north": { "uv": [ 16, 16, 16, 16 ], "texture": "#anvil_base" },
        "south": { "uv": [ 0, 16, 0, 16 ], "texture": "#anvil_base" },
        "west":  { "uv": [ 16, 16, 16, 16 ], "texture": "#anvil_base" },
        "east":  { "uv": [ 0, 16, 0, 16 ], "texture": "#anvil_base" }
    }
},
{
    "__comment": "wielen*",
    "from": [ -2.5, -2, 29.5 ],
    "to": [ -0.5, -1, 30 ],
    "faces": {
        "down":  { "uv": [ 16, 16, 16, 16 ], "texture": "#anvil_base" },
        "up":    { "uv": [ 0, 16, 0, 16 ], "texture": "#anvil_base" },
        "north": { "uv": [ 16, 16, 16, 16 ], "texture": "#anvil_base" },
        "south": { "uv": [ 0, 16, 0, 16 ], "texture": "#anvil_base" },
        "west":  { "uv": [ 16, 16, 16, 16 ], "texture": "#anvil_base" },
        "east":  { "uv": [ 0, 16, 0, 16 ], "texture": "#anvil_base" }
    }
},
{
    "__comment": "wielen*",
    "from": [ -2.5, -2, 27 ],
    "to": [ -0.5, -1, 27.5 ],
    "faces": {
        "down":  { "uv": [ 16, 16, 16, 16 ], "texture": "#anvil_base" },
        "up":    { "uv": [ 0, 16, 0, 16 ], "texture": "#anvil_base" },
        "north": { "uv": [ 16, 16, 16, 16 ], "texture": "#anvil_base" },
        "south": { "uv": [ 0, 16, 0, 16 ], "texture": "#anvil_base" },
        "west":  { "uv": [ 16, 16, 16, 16 ], "texture": "#anvil_base" },
        "east":  { "uv": [ 0, 16, 0, 16 ], "texture": "#anvil_base" }
    }
},
{
    "__comment": "wieldop",
    "from": [ -2.5, -2, 23.5 ],
    "to": [ -0.5, -1, 25.5 ],
    "faces": {
        "down":  { "uv": [ 4, 4, 12, 12 ], "texture": "#wielen inner" },
        "up":    { "uv": [ 4, 4, 12, 12 ], "texture": "#wielen inner" },
        "north": { "uv": [ 4, 4, 12, 12 ], "texture": "#wielen inner" },
        "south": { "uv": [ 4, 4, 12, 12 ], "texture": "#wielen inner" },
        "west":  { "uv": [ 4, 4, 12, 12 ], "texture": "#wielen inner" },
        "east":  { "uv": [ 4, 4, 12, 12 ], "texture": "#wielen inner" }
    }
},
{
    "__comment": "wielen*",
    "from": [ -2.5, -2, 23 ],
    "to": [ -0.5, -1, 23.5 ],
    "faces": {
        "down":  { "uv": [ 16, 16, 16, 16 ], "texture": "#anvil_base" },
        "up":    { "uv": [ 0, 16, 0, 16 ], "texture": "#anvil_base" },
        "north": { "uv": [ 16, 16, 16, 16 ], "texture": "#anvil_base" },
        "south": { "uv": [ 0, 16, 0, 16 ], "texture": "#anvil_base" },
        "west":  { "uv": [ 16, 16, 16, 16 ], "texture": "#anvil_base" },
        "east":  { "uv": [ 0, 16, 0, 16 ], "texture": "#anvil_base" }
    }
},
{
    "__comment": "wielen*",
    "from": [ -0.5, -2, 23.5 ],
    "to": [ 0, -1, 25.5 ],
    "faces": {
        "down":  { "uv": [ 16, 16, 16, 16 ], "texture": "#anvil_base" },
        "up":    { "uv": [ 0, 16, 0, 16 ], "texture": "#anvil_base" },
        "north": { "uv": [ 16, 16, 16, 16 ], "texture": "#anvil_base" },
        "south": { "uv": [ 0, 16, 0, 16 ], "texture": "#anvil_base" },
        "west":  { "uv": [ 16, 16, 16, 16 ], "texture": "#anvil_base" },
        "east":  { "uv": [ 0, 16, 0, 16 ], "texture": "#anvil_base" }
    }
},
{
    "__comment": "wielen*",
    "from": [ -2.5, -2, 25.5 ],
    "to": [ -0.5, -1, 26 ],
    "faces": {
        "down":  { "uv": [ 16, 16, 16, 16 ], "texture": "#anvil_base" },
        "up":    { "uv": [ 0, 16, 0, 16 ], "texture": "#anvil_base" },
        "north": { "uv": [ 16, 16, 16, 16 ], "texture": "#anvil_base" },
        "south": { "uv": [ 0, 16, 0, 16 ], "texture": "#anvil_base" },
        "west":  { "uv": [ 16, 16, 16, 16 ], "texture": "#anvil_base" },
        "east":  { "uv": [ 0, 16, 0, 16 ], "texture": "#anvil_base" }
    }
},
{
    "__comment": "wielen*",
    "from": [ -3, -2, 23.5 ],
    "to": [ -2.5, -1, 25.5 ],
    "faces": {
        "down":  { "uv": [ 16, 16, 16, 16 ], "texture": "#anvil_base" },
        "up":    { "uv": [ 0, 16, 0, 16 ], "texture": "#anvil_base" },
        "north": { "uv": [ 16, 16, 16, 16 ], "texture": "#anvil_base" },
        "south": { "uv": [ 0, 16, 0, 16 ], "texture": "#anvil_base" },
        "west":  { "uv": [ 16, 16, 16, 16 ], "texture": "#anvil_base" },
        "east":  { "uv": [ 0, 16, 0, 16 ], "texture": "#anvil_base" }
    }
},
{
    "__comment": "wielkast*",
    "from": [ -2.625, -1.125, 25.5 ],
    "to": [ 0.375, -0.125, 27.5 ],
    "rotation": { "origin": [ -2.625, -0.125, 25.5 ], "axis": "z", "angle": 45 },
    "faces": {
        "down":  { "uv": [ 16, 16, 15.5, 16 ], "texture": "#stone_slab_top" },
        "up":    { "uv": [ 0, 16, 0.5, 16 ], "texture": "#stone_slab_top" },
        "north": { "uv": [ 15.5, 11.5, 16, 12.5 ], "texture": "#stone_slab_top" },
        "south": { "uv": [ 0, 11.5, 0.5, 12.5 ], "texture": "#stone_slab_top" },
        "west":  { "uv": [ 16, 11.5, 16, 12.5 ], "texture": "#stone_slab_top" },
        "east":  { "uv": [ 0, 11.5, 0, 12.5 ], "texture": "#stone_slab_top" }
    }
},
{
    "__comment": "wielkast*",
    "from": [ -3, -1, 25.5 ],
    "to": [ -1.5, 0, 27.5 ],
    "faces": {
        "down":  { "uv": [ 16, 16, 15.5, 16 ], "texture": "#stone_slab_top" },
        "up":    { "uv": [ 0, 16, 0.5, 16 ], "texture": "#stone_slab_top" },
        "north": { "uv": [ 15.5, 11.5, 16, 12.5 ], "texture": "#stone_slab_top" },
        "south": { "uv": [ 0, 11.5, 0.5, 12.5 ], "texture": "#stone_slab_top" },
        "west":  { "uv": [ 16, 11.5, 16, 12.5 ], "texture": "#stone_slab_top" },
        "east":  { "uv": [ 0, 11.5, 0, 12.5 ], "texture": "#stone_slab_top" }
    }
},
{
    "__comment": "wielkast*",
    "from": [ -3, -2.5, 26 ],
    "to": [ -2.5, 0, 27 ],
    "faces": {
        "down":  { "uv": [ 16, 16, 15.5, 16 ], "texture": "#stone_slab_top" },
        "up":    { "uv": [ 0, 16, 0.5, 16 ], "texture": "#stone_slab_top" },
        "north": { "uv": [ 15.5, 11.5, 16, 12.5 ], "texture": "#stone_slab_top" },
        "south": { "uv": [ 0, 11.5, 0.5, 12.5 ], "texture": "#stone_slab_top" },
        "west":  { "uv": [ 16, 11.5, 16, 12.5 ], "texture": "#stone_slab_top" },
        "east":  { "uv": [ 0, 11.5, 0, 12.5 ], "texture": "#stone_slab_top" }
    }
},
{
    "__comment": "wielkast*",
    "from": [ -2.5, -1, 24.5 ],
    "to": [ -1, -0.5, 28.5 ],
    "faces": {
        "down":  { "uv": [ 16, 16, 15.5, 16 ], "texture": "#stone_slab_top" },
        "up":    { "uv": [ 0, 16, 0.5, 16 ], "texture": "#stone_slab_top" },
        "north": { "uv": [ 15.5, 11.5, 16, 12.5 ], "texture": "#stone_slab_top" },
        "south": { "uv": [ 0, 11.5, 0.5, 12.5 ], "texture": "#stone_slab_top" },
        "west":  { "uv": [ 16, 11.5, 16, 12.5 ], "texture": "#stone_slab_top" },
        "east":  { "uv": [ 0, 11.5, 0, 12.5 ], "texture": "#stone_slab_top" }
    }
},
{
    "__comment": "wielkast*",
    "from": [ -2.5, -2.5, 24.5 ],
    "to": [ -1, -2, 28.5 ],
    "faces": {
        "down":  { "uv": [ 16, 16, 15.5, 16 ], "texture": "#stone_slab_top" },
        "up":    { "uv": [ 0, 16, 0.5, 16 ], "texture": "#stone_slab_top" },
        "north": { "uv": [ 15.5, 11.5, 16, 12.5 ], "texture": "#stone_slab_top" },
        "south": { "uv": [ 0, 11.5, 0.5, 12.5 ], "texture": "#stone_slab_top" },
        "west":  { "uv": [ 16, 11.5, 16, 12.5 ], "texture": "#stone_slab_top" },
        "east":  { "uv": [ 0, 11.5, 0, 12.5 ], "texture": "#stone_slab_top" }
    }
},
{
    "__comment": "framezijkant*",
    "from": [ -3, 1.875, 19.9375 ],
    "to": [ -2, 3.375, 24.9375 ],
    "rotation": { "origin": [ -3, 3.375, 19.9375 ], "axis": "x", "angle": -22.5 },
    "faces": {
        "down":  { "uv": [ 16, 16, 16, 16 ], "texture": "#frame" },
        "up":    { "uv": [ 0, 16, 0, 16 ], "texture": "#frame" },
        "north": { "uv": [ 16, 12.625, 16, 14.125 ], "texture": "#frame" },
        "south": { "uv": [ 0, 12.625, 0, 14.125 ], "texture": "#frame" },
        "west":  { "uv": [ 16, 12.625, 16, 14.125 ], "texture": "#frame" },
        "east":  { "uv": [ 0, 12.625, 0, 14.125 ], "texture": "#frame" }
    }
},
{
    "__comment": "framezijkant*",
    "from": [ 18, 1.875, 19.9375 ],
    "to": [ 19, 3.375, 24.9375 ],
    "rotation": { "origin": [ 18, 3.375, 19.9375 ], "axis": "x", "angle": -22.5 },
    "faces": {
        "down":  { "uv": [ 0, 16, 0, 16 ], "texture": "#frame" },
        "up":    { "uv": [ 16, 16, 16, 16 ], "texture": "#frame" },
        "north": { "uv": [ 0, 12.625, 0, 14.125 ], "texture": "#frame" },
        "south": { "uv": [ 16, 12.625, 16, 14.125 ], "texture": "#frame" },
        "west":  { "uv": [ 16, 12.625, 16, 14.125 ], "texture": "#frame" },
        "east":  { "uv": [ 0, 12.625, 0, 14.125 ], "texture": "#frame" }
    }
},
{
    "__comment": "framezijkant*",
    "from": [ 18, 3.5625, 4.6875 ],
    "to": [ 19, 4.5625, 7.1875 ],
    "rotation": { "origin": [ 18, 4.5625, 4.6875 ], "axis": "x", "angle": -22.5 },
    "faces": {
        "down":  { "uv": [ 0, 7.1875, 0, 4.6875 ], "texture": "#frame" },
        "up":    { "uv": [ 16, 4.6875, 16, 7.1875 ], "texture": "#frame" },
        "north": { "uv": [ 0, 11.4375, 0, 12.4375 ], "texture": "#frame" },
        "south": { "uv": [ 16, 11.4375, 16, 12.4375 ], "texture": "#frame" },
        "west":  { "uv": [ 4.6875, 11.4375, 7.1875, 12.4375 ], "texture": "#frame" },
        "east":  { "uv": [ 8.8125, 11.4375, 11.3125, 12.4375 ], "texture": "#frame" }
    }
},
{
    "__comment": "frame*",
    "from": [ -2, 3, 3 ],
    "to": [ 18, 4, 23 ],
    "faces": {
        "down":  { "uv": [ 16, 16, 0, 3 ], "texture": "#stone_slab_top" },
        "up":    { "uv": [ 0, 3, 16, 16 ], "texture": "#stone_slab_top" },
        "north": { "uv": [ 0, 12, 16, 13 ], "texture": "#stone_slab_top" },
        "south": { "uv": [ 0, 12, 16, 13 ], "texture": "#stone_slab_top" },
        "west":  { "uv": [ 3, 12, 16, 13 ], "texture": "#stone_slab_top" },
        "east":  { "uv": [ 0, 12, 13, 13 ], "texture": "#stone_slab_top" }
    }
},
{
    "__comment": "framezijkant*",
    "from": [ 18, 4.25, 20.125 ],
    "to": [ 19, 5.25, 22.125 ],
    "rotation": { "origin": [ 18, 5.25, 20.125 ], "axis": "x", "angle": -22.5 },
    "faces": {
        "down":  { "uv": [ 0, 16, 0, 16 ], "texture": "#frame" },
        "up":    { "uv": [ 16, 16, 16, 16 ], "texture": "#frame" },
        "north": { "uv": [ 0, 10.75, 0, 11.75 ], "texture": "#frame" },
        "south": { "uv": [ 16, 10.75, 16, 11.75 ], "texture": "#frame" },
        "west":  { "uv": [ 16, 10.75, 16, 11.75 ], "texture": "#frame" },
        "east":  { "uv": [ 0, 10.75, 0, 11.75 ], "texture": "#frame" }
    }
},
{
    "__comment": "frame*",
    "from": [ -2, 3.8125, 1.0625 ],
    "to": [ 18, 4.8125, 3.5625 ],
    "rotation": { "origin": [ -2, 4.8125, 1.0625 ], "axis": "x", "angle": 22.5 },
    "faces": {
        "down":  { "uv": [ 16, 3.5625, 0, 1.0625 ], "texture": "#stone_slab_top" },
        "up":    { "uv": [ 0, 1.0625, 16, 3.5625 ], "texture": "#stone_slab_top" },
        "north": { "uv": [ 0, 11.1875, 16, 12.1875 ], "texture": "#stone_slab_top" },
        "south": { "uv": [ 0, 11.1875, 16, 12.1875 ], "texture": "#stone_slab_top" },
        "west":  { "uv": [ 1.0625, 11.1875, 3.5625, 12.1875 ], "texture": "#stone_slab_top" },
        "east":  { "uv": [ 12.4375, 11.1875, 14.9375, 12.1875 ], "texture": "#stone_slab_top" }
    }
},
{
    "__comment": "framezijkant*",
    "from": [ -3, 3, 2 ],
    "to": [ -2, 4, 8.5 ],
    "faces": {
        "down":  { "uv": [ 16, 8.5, 16, 2 ], "texture": "#frame" },
        "up":    { "uv": [ 0, 2, 0, 8.5 ], "texture": "#frame" },
        "north": { "uv": [ 16, 12, 16, 13 ], "texture": "#frame" },
        "south": { "uv": [ 0, 12, 0, 13 ], "texture": "#frame" },
        "west":  { "uv": [ 2, 12, 8.5, 13 ], "texture": "#frame" },
        "east":  { "uv": [ 7.5, 12, 14, 13 ], "texture": "#frame" }
    }
},
{
    "__comment": "framezijkant*",
    "from": [ -3, 3.5, 0 ],
    "to": [ -2, 4, 2 ],
    "faces": {
        "down":  { "uv": [ 16, 2, 16, 0 ], "texture": "#frame" },
        "up":    { "uv": [ 0, 0, 0, 2 ], "texture": "#frame" },
        "north": { "uv": [ 16, 12, 16, 12.5 ], "texture": "#frame" },
        "south": { "uv": [ 0, 12, 0, 12.5 ], "texture": "#frame" },
        "west":  { "uv": [ 0, 12, 2, 12.5 ], "texture": "#frame" },
        "east":  { "uv": [ 14, 12, 16, 12.5 ], "texture": "#frame" }
    }
},
{
    "__comment": "framezijkant*",
    "from": [ -3, 2.5, 4 ],
    "to": [ -2, 3, 7.5 ],
    "faces": {
        "down":  { "uv": [ 16, 7.5, 16, 4 ], "texture": "#frame" },
        "up":    { "uv": [ 0, 4, 0, 7.5 ], "texture": "#frame" },
        "north": { "uv": [ 16, 13, 16, 13.5 ], "texture": "#frame" },
        "south": { "uv": [ 0, 13, 0, 13.5 ], "texture": "#frame" },
        "west":  { "uv": [ 4, 13, 7.5, 13.5 ], "texture": "#frame" },
        "east":  { "uv": [ 8.5, 13, 12, 13.5 ], "texture": "#frame" }
    }
},
{
    "__comment": "framezijkant*",
    "from": [ 18, 2.5, 6 ],
    "to": [ 19, 3.5, 7.5 ],
    "rotation": { "origin": [ 18, 3.5, 6 ], "axis": "x", "angle": 22.5 },
    "faces": {
        "down":  { "uv": [ 0, 7.5, 0, 6 ], "texture": "#frame" },
        "up":    { "uv": [ 16, 6, 16, 7.5 ], "texture": "#frame" },
        "north": { "uv": [ 0, 12.5, 0, 13.5 ], "texture": "#frame" },
        "south": { "uv": [ 16, 12.5, 16, 13.5 ], "texture": "#frame" },
        "west":  { "uv": [ 6, 12.5, 7.5, 13.5 ], "texture": "#frame" },
        "east":  { "uv": [ 8.5, 12.5, 10, 13.5 ], "texture": "#frame" }
    }
},
{
    "__comment": "framezijkant*",
    "from": [ 18, 2.5, 4 ],
    "to": [ 19, 3, 7.5 ],
    "faces": {
        "down":  { "uv": [ 0, 7.5, 0, 4 ], "texture": "#frame" },
        "up":    { "uv": [ 16, 4, 16, 7.5 ], "texture": "#frame" },
        "north": { "uv": [ 0, 13, 0, 13.5 ], "texture": "#frame" },
        "south": { "uv": [ 16, 13, 16, 13.5 ], "texture": "#frame" },
        "west":  { "uv": [ 4, 13, 7.5, 13.5 ], "texture": "#frame" },
        "east":  { "uv": [ 8.5, 13, 12, 13.5 ], "texture": "#frame" }
    }
},
{
    "__comment": "framezijkant*",
    "from": [ 18, 3, 2 ],
    "to": [ 19, 4, 8.5 ],
    "faces": {
        "down":  { "uv": [ 0, 8.5, 0, 2 ], "texture": "#frame" },
        "up":    { "uv": [ 16, 2, 16, 8.5 ], "texture": "#frame" },
        "north": { "uv": [ 0, 12, 0, 13 ], "texture": "#frame" },
        "south": { "uv": [ 16, 12, 16, 13 ], "texture": "#frame" },
        "west":  { "uv": [ 2, 12, 8.5, 13 ], "texture": "#frame" },
        "east":  { "uv": [ 7.5, 12, 14, 13 ], "texture": "#frame" }
    }
},
{
    "__comment": "framezijkant*",
    "from": [ 18, 3.5, 0 ],
    "to": [ 19, 4, 2 ],
    "faces": {
        "down":  { "uv": [ 0, 2, 0, 0 ], "texture": "#frame" },
        "up":    { "uv": [ 16, 0, 16, 2 ], "texture": "#frame" },
        "north": { "uv": [ 0, 12, 0, 12.5 ], "texture": "#frame" },
        "south": { "uv": [ 16, 12, 16, 12.5 ], "texture": "#frame" },
        "west":  { "uv": [ 0, 12, 2, 12.5 ], "texture": "#frame" },
        "east":  { "uv": [ 14, 12, 16, 12.5 ], "texture": "#frame" }
    }
},
{
    "__comment": "framezijkant*",
    "from": [ 18, 4, -1 ],
    "to": [ 19, 5, 7 ],
    "faces": {
        "down":  { "uv": [ 0, 7, 0, 0 ], "texture": "#frame" },
        "up":    { "uv": [ 16, 0, 16, 7 ], "texture": "#frame" },
        "north": { "uv": [ 0, 11, 0, 12 ], "texture": "#frame" },
        "south": { "uv": [ 16, 11, 16, 12 ], "texture": "#frame" },
        "west":  { "uv": [ 0, 11, 7, 12 ], "texture": "#frame" },
        "east":  { "uv": [ 9, 11, 16, 12 ], "texture": "#frame" }
    }
},
{
    "__comment": "framezijkant*",
    "from": [ -3, 2.5, 6 ],
    "to": [ -2, 3.5, 7.5 ],
    "rotation": { "origin": [ -3, 3.5, 6 ], "axis": "x", "angle": 22.5 },
    "faces": {
        "down":  { "uv": [ 16, 7.5, 16, 6 ], "texture": "#frame" },
        "up":    { "uv": [ 0, 6, 0, 7.5 ], "texture": "#frame" },
        "north": { "uv": [ 16, 12.5, 16, 13.5 ], "texture": "#frame" },
        "south": { "uv": [ 0, 12.5, 0, 13.5 ], "texture": "#frame" },
        "west":  { "uv": [ 6, 12.5, 7.5, 13.5 ], "texture": "#frame" },
        "east":  { "uv": [ 8.5, 12.5, 10, 13.5 ], "texture": "#frame" }
    }
},
{
    "__comment": "framezijkant*",
    "from": [ 18, 3, 3 ],
    "to": [ 19, 4, 4.5 ],
    "rotation": { "origin": [ 18, 4, 3 ], "axis": "x", "angle": 22.5 },
    "faces": {
        "down":  { "uv": [ 0, 4.5, 0, 3 ], "texture": "#frame" },
        "up":    { "uv": [ 16, 3, 16, 4.5 ], "texture": "#frame" },
        "north": { "uv": [ 0, 12, 0, 13 ], "texture": "#frame" },
        "south": { "uv": [ 16, 12, 16, 13 ], "texture": "#frame" },
        "west":  { "uv": [ 3, 12, 4.5, 13 ], "texture": "#frame" },
        "east":  { "uv": [ 11.5, 12, 13, 13 ], "texture": "#frame" }
    }
},
{
    "__comment": "framezijkant*",
    "from": [ -3, 3, 3 ],
    "to": [ -2, 4, 4.5 ],
    "rotation": { "origin": [ -3, 4, 3 ], "axis": "x", "angle": 22.5 },
    "faces": {
        "down":  { "uv": [ 16, 4.5, 16, 3 ], "texture": "#frame" },
        "up":    { "uv": [ 0, 3, 0, 4.5 ], "texture": "#frame" },
        "north": { "uv": [ 16, 12, 16, 13 ], "texture": "#frame" },
        "south": { "uv": [ 0, 12, 0, 13 ], "texture": "#frame" },
        "west":  { "uv": [ 3, 12, 4.5, 13 ], "texture": "#frame" },
        "east":  { "uv": [ 11.5, 12, 13, 13 ], "texture": "#frame" }
    }
},
{
    "__comment": "framezijkant*",
    "from": [ 18, 3.5, 1 ],
    "to": [ 19, 4.5, 2.5 ],
    "rotation": { "origin": [ 18, 4.5, 1 ], "axis": "x", "angle": 22.5 },
    "faces": {
        "down":  { "uv": [ 0, 2.5, 0, 1 ], "texture": "#frame" },
        "up":    { "uv": [ 16, 1, 16, 2.5 ], "texture": "#frame" },
        "north": { "uv": [ 0, 11.5, 0, 12.5 ], "texture": "#frame" },
        "south": { "uv": [ 16, 11.5, 16, 12.5 ], "texture": "#frame" },
        "west":  { "uv": [ 1, 11.5, 2.5, 12.5 ], "texture": "#frame" },
        "east":  { "uv": [ 13.5, 11.5, 15, 12.5 ], "texture": "#frame" }
    }
},
{
    "__comment": "framezijkant*",
    "from": [ -3, 3.5, 1 ],
    "to": [ -2, 4.5, 2.5 ],
    "rotation": { "origin": [ -3, 4.5, 1 ], "axis": "x", "angle": 22.5 },
    "faces": {
        "down":  { "uv": [ 16, 2.5, 16, 1 ], "texture": "#frame" },
        "up":    { "uv": [ 0, 1, 0, 2.5 ], "texture": "#frame" },
        "north": { "uv": [ 16, 11.5, 16, 12.5 ], "texture": "#frame" },
        "south": { "uv": [ 0, 11.5, 0, 12.5 ], "texture": "#frame" },
        "west":  { "uv": [ 1, 11.5, 2.5, 12.5 ], "texture": "#frame" },
        "east":  { "uv": [ 13.5, 11.5, 15, 12.5 ], "texture": "#frame" }
    }
},
{
    "__comment": "framezijkant*",
    "from": [ 18, 3.8125, -0.5625 ],
    "to": [ 19, 4.8125, 0.4375 ],
    "rotation": { "origin": [ 18, 4.8125, -0.5625 ], "axis": "x", "angle": 22.5 },
    "faces": {
        "down":  { "uv": [ 0, 0.4375, 0, 0 ], "texture": "#frame" },
        "up":    { "uv": [ 16, 0, 16, 0.4375 ], "texture": "#frame" },
        "north": { "uv": [ 0, 11.1875, 0, 12.1875 ], "texture": "#frame" },
        "south": { "uv": [ 16, 11.1875, 16, 12.1875 ], "texture": "#frame" },
        "west":  { "uv": [ 0, 11.1875, 0.4375, 12.1875 ], "texture": "#frame" },
        "east":  { "uv": [ 15.5625, 11.1875, 16, 12.1875 ], "texture": "#frame" }
    }
},
{
    "__comment": "framezijkant*",
    "from": [ -3, 3.8125, -0.5625 ],
    "to": [ -2, 4.8125, 0.4375 ],
    "rotation": { "origin": [ -3, 4.8125, -0.5625 ], "axis": "x", "angle": 22.5 },
    "faces": {
        "down":  { "uv": [ 16, 0.4375, 16, 0 ], "texture": "#frame" },
        "up":    { "uv": [ 0, 0, 0, 0.4375 ], "texture": "#frame" },
        "north": { "uv": [ 16, 11.1875, 16, 12.1875 ], "texture": "#frame" },
        "south": { "uv": [ 0, 11.1875, 0, 12.1875 ], "texture": "#frame" },
        "west":  { "uv": [ 0, 11.1875, 0.4375, 12.1875 ], "texture": "#frame" },
        "east":  { "uv": [ 15.5625, 11.1875, 16, 12.1875 ], "texture": "#frame" }
    }
},
{
    "__comment": "frame*",
    "from": [ -1.5, 4, -2 ],
    "to": [ 17.5, 4.5, -1 ],
    "faces": {
        "down":  { "uv": [ 16, 0, 0, 0 ], "texture": "#stone_slab_top" },
        "up":    { "uv": [ 0, 0, 16, 0 ], "texture": "#stone_slab_top" },
        "north": { "uv": [ 0, 11.5, 16, 12 ], "texture": "#stone_slab_top" },
        "south": { "uv": [ 0, 11.5, 16, 12 ], "texture": "#stone_slab_top" },
        "west":  { "uv": [ 0, 11.5, 0, 12 ], "texture": "#stone_slab_top" },
        "east":  { "uv": [ 16, 11.5, 16, 12 ], "texture": "#stone_slab_top" }
    }
},
{
    "__comment": "stoel*",
    "from": [ 9.5, 8.125, 26.8125 ],
    "to": [ 17.5, 10.125, 27.8125 ],
    "rotation": { "origin": [ 9.5, 10.125, 26.8125 ], "axis": "x", "angle": 45 },
    "faces": {
        "down":  { "uv": [ 0, 0, 16, 16 ], "texture": "#anvil_base" },
        "up":    { "uv": [ 0, 0, 16, 16 ], "texture": "#anvil_base" },
        "north": { "uv": [ 0, 0, 16, 16 ], "texture": "#anvil_base" },
        "south": { "uv": [ 0, 0, 16, 16 ], "texture": "#anvil_base" },
        "west":  { "uv": [ 0, 0, 16, 16 ], "texture": "#anvil_base" },
        "east":  { "uv": [ 0, 0, 16, 16 ], "texture": "#anvil_base" }
    }
},
{
    "__comment": "stoel*",
    "from": [ 10.5, 16, 27.5 ],
    "to": [ 16.5, 20.5, 28.5 ],
    "faces": {
        "down":  { "uv": [ 0, 0, 16, 16 ], "texture": "#anvil_base" },
        "up":    { "uv": [ 0, 0, 16, 16 ], "texture": "#anvil_base" },
        "north": { "uv": [ 0, 0, 16, 16 ], "texture": "#anvil_base" },
        "south": { "uv": [ 0, 0, 16, 16 ], "texture": "#anvil_base" },
        "west":  { "uv": [ 0, 0, 16, 16 ], "texture": "#anvil_base" },
        "east":  { "uv": [ 0, 0, 16, 16 ], "texture": "#anvil_base" }
    }
},
{
    "__comment": "stoel*",
    "from": [ 0.5, 21, 27 ],
    "to": [ 4.5, 25.5, 28 ],
    "faces": {
        "down":  { "uv": [ 0, 0, 16, 16 ], "texture": "#anvil_base" },
        "up":    { "uv": [ 0, 0, 16, 16 ], "texture": "#anvil_base" },
        "north": { "uv": [ 0, 0, 16, 16 ], "texture": "#anvil_base" },
        "south": { "uv": [ 0, 0, 16, 16 ], "texture": "#anvil_base" },
        "west":  { "uv": [ 0, 0, 16, 16 ], "texture": "#anvil_base" },
        "east":  { "uv": [ 0, 0, 16, 16 ], "texture": "#anvil_base" }
    }
},
{
    "__comment": "stoel*",
    "from": [ 14, 7.625, 20.0625 ],
    "to": [ 17.5, 8.625, 21.0625 ],
    "rotation": { "origin": [ 14, 8.625, 20.0625 ], "axis": "x", "angle": -22.5 },
    "faces": {
        "down":  { "uv": [ 0, 0, 16, 16 ], "texture": "#anvil_base" },
        "up":    { "uv": [ 0, 0, 16, 16 ], "texture": "#anvil_base" },
        "north": { "uv": [ 0, 0, 16, 16 ], "texture": "#anvil_base" },
        "south": { "uv": [ 0, 0, 16, 16 ], "texture": "#anvil_base" },
        "west":  { "uv": [ 0, 0, 16, 16 ], "texture": "#anvil_base" },
        "east":  { "uv": [ 0, 0, 16, 16 ], "texture": "#anvil_base" }
    }
},
{
    "__comment": "stoel*",
    "from": [ -1.5, 7.625, 20.125 ],
    "to": [ 2, 8.625, 21.125 ],
    "rotation": { "origin": [ -1.5, 8.625, 20.125 ], "axis": "x", "angle": -22.5 },
    "faces": {
        "down":  { "uv": [ 0, 0, 16, 16 ], "texture": "#anvil_base" },
        "up":    { "uv": [ 0, 0, 16, 16 ], "texture": "#anvil_base" },
        "north": { "uv": [ 0, 0, 16, 16 ], "texture": "#anvil_base" },
        "south": { "uv": [ 0, 0, 16, 16 ], "texture": "#anvil_base" },
        "west":  { "uv": [ 0, 0, 16, 16 ], "texture": "#anvil_base" },
        "east":  { "uv": [ 0, 0, 16, 16 ], "texture": "#anvil_base" }
    }
},
{
    "__comment": "stoelleuning",
    "from": [ 17, 7.5, 23.5 ],
    "to": [ 18, 10, 27 ],
    "rotation": { "origin": [ 17, 10, 23.5 ], "axis": "x", "angle": -45 },
    "faces": {
        "down":  { "uv": [ 0, 16, 0, 16 ], "texture": "#frame" },
        "up":    { "uv": [ 16, 16, 16, 16 ], "texture": "#frame" },
        "north": { "uv": [ 0, 6, 0, 8.5 ], "texture": "#frame" },
        "south": { "uv": [ 16, 6, 16, 8.5 ], "texture": "#frame" },
        "west":  { "uv": [ 16, 6, 16, 8.5 ], "texture": "#frame" },
        "east":  { "uv": [ 0, 6, 0, 8.5 ], "texture": "#frame" }
    }
},
{
    "__comment": "stoel*",
    "from": [ 3, 7.625, 20.0625 ],
    "to": [ 6.5, 8.625, 21.0625 ],
    "rotation": { "origin": [ 3, 8.625, 20.0625 ], "axis": "x", "angle": -22.5 },
    "faces": {
        "down":  { "uv": [ 0, 0, 16, 16 ], "texture": "#anvil_base" },
        "up":    { "uv": [ 0, 0, 16, 16 ], "texture": "#anvil_base" },
        "north": { "uv": [ 0, 0, 16, 16 ], "texture": "#anvil_base" },
        "south": { "uv": [ 0, 0, 16, 16 ], "texture": "#anvil_base" },
        "west":  { "uv": [ 0, 0, 16, 16 ], "texture": "#anvil_base" },
        "east":  { "uv": [ 0, 0, 16, 16 ], "texture": "#anvil_base" }
    }
},
{
    "__comment": "stoel*",
    "from": [ 2, 8.5625, 21.625 ],
    "to": [ 3, 9.5625, 23.125 ],
    "rotation": { "origin": [ 2, 9.5625, 21.625 ], "axis": "x", "angle": 22.5 },
    "faces": {
        "down":  { "uv": [ 0, 0, 16, 16 ], "texture": "#anvil_base" },
        "up":    { "uv": [ 0, 0, 16, 16 ], "texture": "#anvil_base" },
        "north": { "uv": [ 0, 0, 16, 16 ], "texture": "#anvil_base" },
        "south": { "uv": [ 0, 0, 16, 16 ], "texture": "#anvil_base" },
        "west":  { "uv": [ 0, 0, 16, 16 ], "texture": "#anvil_base" },
        "east":  { "uv": [ 0, 0, 16, 16 ], "texture": "#anvil_base" }
    }
},
{
    "__comment": "stoel*",
    "from": [ 13, 8.5625, 21.625 ],
    "to": [ 14, 9.5625, 23.125 ],
    "rotation": { "origin": [ 13, 9.5625, 21.625 ], "axis": "x", "angle": 22.5 },
    "faces": {
        "down":  { "uv": [ 0, 0, 16, 16 ], "texture": "#anvil_base" },
        "up":    { "uv": [ 0, 0, 16, 16 ], "texture": "#anvil_base" },
        "north": { "uv": [ 0, 0, 16, 16 ], "texture": "#anvil_base" },
        "south": { "uv": [ 0, 0, 16, 16 ], "texture": "#anvil_base" },
        "west":  { "uv": [ 0, 0, 16, 16 ], "texture": "#anvil_base" },
        "east":  { "uv": [ 0, 0, 16, 16 ], "texture": "#anvil_base" }
    }
},
{
    "__comment": "stoel*",
    "from": [ 9.5, 7.625, 20.125 ],
    "to": [ 13, 8.625, 21.125 ],
    "rotation": { "origin": [ 9.5, 8.625, 20.125 ], "axis": "x", "angle": -22.5 },
    "faces": {
        "down":  { "uv": [ 0, 0, 16, 16 ], "texture": "#anvil_base" },
        "up":    { "uv": [ 0, 0, 16, 16 ], "texture": "#anvil_base" },
        "north": { "uv": [ 0, 0, 16, 16 ], "texture": "#anvil_base" },
        "south": { "uv": [ 0, 0, 16, 16 ], "texture": "#anvil_base" },
        "west":  { "uv": [ 0, 0, 16, 16 ], "texture": "#anvil_base" },
        "east":  { "uv": [ 0, 0, 16, 16 ], "texture": "#anvil_base" }
    }
},
{
    "__comment": "stoelleuning",
    "from": [ -2, 7.5, 23.5 ],
    "to": [ -1, 10, 27 ],
    "rotation": { "origin": [ -2, 10, 23.5 ], "axis": "x", "angle": -45 },
    "faces": {
        "down":  { "uv": [ 16, 16, 16, 16 ], "texture": "#frame" },
        "up":    { "uv": [ 0, 16, 0, 16 ], "texture": "#frame" },
        "north": { "uv": [ 16, 6, 16, 8.5 ], "texture": "#frame" },
        "south": { "uv": [ 0, 6, 0, 8.5 ], "texture": "#frame" },
        "west":  { "uv": [ 16, 6, 16, 8.5 ], "texture": "#frame" },
        "east":  { "uv": [ 0, 6, 0, 8.5 ], "texture": "#frame" }
    }
},
{
    "__comment": "stoelleuning",
    "from": [ 6, 7.5, 23.5 ],
    "to": [ 7, 10, 27 ],
    "rotation": { "origin": [ 6, 10, 23.5 ], "axis": "x", "angle": -45 },
    "faces": {
        "down":  { "uv": [ 10, 16, 9, 16 ], "texture": "#frame" },
        "up":    { "uv": [ 6, 16, 7, 16 ], "texture": "#frame" },
        "north": { "uv": [ 9, 6, 10, 8.5 ], "texture": "#frame" },
        "south": { "uv": [ 6, 6, 7, 8.5 ], "texture": "#frame" },
        "west":  { "uv": [ 16, 6, 16, 8.5 ], "texture": "#frame" },
        "east":  { "uv": [ 0, 6, 0, 8.5 ], "texture": "#frame" }
    }
},
{
    "__comment": "stoelleuning",
    "from": [ 9, 7.5, 23.5 ],
    "to": [ 10, 10, 27 ],
    "rotation": { "origin": [ 9, 10, 23.5 ], "axis": "x", "angle": -45 },
    "faces": {
        "down":  { "uv": [ 7, 16, 6, 16 ], "texture": "#frame" },
        "up":    { "uv": [ 9, 16, 10, 16 ], "texture": "#frame" },
        "north": { "uv": [ 6, 6, 7, 8.5 ], "texture": "#frame" },
        "south": { "uv": [ 9, 6, 10, 8.5 ], "texture": "#frame" },
        "west":  { "uv": [ 16, 6, 16, 8.5 ], "texture": "#frame" },
        "east":  { "uv": [ 0, 6, 0, 8.5 ], "texture": "#frame" }
    }
},
{
    "__comment": "stoel*",
    "from": [ -1.5, 8.125, 26.8125 ],
    "to": [ 6.5, 10.125, 27.8125 ],
    "rotation": { "origin": [ -1.5, 10.125, 26.8125 ], "axis": "x", "angle": 45 },
    "faces": {
        "down":  { "uv": [ 0, 0, 16, 16 ], "texture": "#anvil_base" },
        "up":    { "uv": [ 0, 0, 16, 16 ], "texture": "#anvil_base" },
        "north": { "uv": [ 0, 0, 16, 16 ], "texture": "#anvil_base" },
        "south": { "uv": [ 0, 0, 16, 16 ], "texture": "#anvil_base" },
        "west":  { "uv": [ 0, 0, 16, 16 ], "texture": "#anvil_base" },
        "east":  { "uv": [ 0, 0, 16, 16 ], "texture": "#anvil_base" }
    }
},
{
    "__comment": "stoel*",
    "from": [ -1.5, 9.5, 27.5 ],
    "to": [ 6.5, 12, 28.5 ],
    "rotation": { "origin": [ -1.5, 12, 27.5 ], "axis": "x", "angle": 22.5 },
    "faces": {
        "down":  { "uv": [ 0, 0, 16, 16 ], "texture": "#anvil_base" },
        "up":    { "uv": [ 0, 0, 16, 16 ], "texture": "#anvil_base" },
        "north": { "uv": [ 0, 0, 16, 16 ], "texture": "#anvil_base" },
        "south": { "uv": [ 0, 0, 16, 16 ], "texture": "#anvil_base" },
        "west":  { "uv": [ 0, 0, 16, 16 ], "texture": "#anvil_base" },
        "east":  { "uv": [ 0, 0, 16, 16 ], "texture": "#anvil_base" }
    }
},
{
    "__comment": "stoel*",
    "from": [ 9.5, 9.5, 27.5 ],
    "to": [ 17.5, 12, 28.5 ],
    "rotation": { "origin": [ 9.5, 12, 27.5 ], "axis": "x", "angle": 22.5 },
    "faces": {
        "down":  { "uv": [ 0, 0, 16, 16 ], "texture": "#anvil_base" },
        "up":    { "uv": [ 0, 0, 16, 16 ], "texture": "#anvil_base" },
        "north": { "uv": [ 0, 0, 16, 16 ], "texture": "#anvil_base" },
        "south": { "uv": [ 0, 0, 16, 16 ], "texture": "#anvil_base" },
        "west":  { "uv": [ 0, 0, 16, 16 ], "texture": "#anvil_base" },
        "east":  { "uv": [ 0, 0, 16, 16 ], "texture": "#anvil_base" }
    }
},
{
    "__comment": "stoel*",
    "from": [ -1.5, 11.5, 27.5 ],
    "to": [ 6.5, 17, 28.5 ],
    "faces": {
        "down":  { "uv": [ 0, 0, 16, 16 ], "texture": "#anvil_base" },
        "up":    { "uv": [ 0, 0, 16, 16 ], "texture": "#anvil_base" },
        "north": { "uv": [ 0, 0, 16, 16 ], "texture": "#anvil_base" },
        "south": { "uv": [ 0, 0, 16, 16 ], "texture": "#anvil_base" },
        "west":  { "uv": [ 0, 0, 16, 16 ], "texture": "#anvil_base" },
        "east":  { "uv": [ 0, 0, 16, 16 ], "texture": "#anvil_base" }
    }
},
{
    "__comment": "stoel*",
    "from": [ 9.5, 11.5, 27.5 ],
    "to": [ 17.5, 17, 28.5 ],
    "faces": {
        "down":  { "uv": [ 0, 0, 16, 16 ], "texture": "#anvil_base" },
        "up":    { "uv": [ 0, 0, 16, 16 ], "texture": "#anvil_base" },
        "north": { "uv": [ 0, 0, 16, 16 ], "texture": "#anvil_base" },
        "south": { "uv": [ 0, 0, 16, 16 ], "texture": "#anvil_base" },
        "west":  { "uv": [ 0, 0, 16, 16 ], "texture": "#anvil_base" },
        "east":  { "uv": [ 0, 0, 16, 16 ], "texture": "#anvil_base" }
    }
},
{
    "__comment": "stoel*",
    "from": [ -0.5, 16, 27.5 ],
    "to": [ 5.5, 20.5, 28.5 ],
    "faces": {
        "down":  { "uv": [ 0, 0, 16, 16 ], "texture": "#anvil_base" },
        "up":    { "uv": [ 0, 0, 16, 16 ], "texture": "#anvil_base" },
        "north": { "uv": [ 0, 0, 16, 16 ], "texture": "#anvil_base" },
        "south": { "uv": [ 0, 0, 16, 16 ], "texture": "#anvil_base" },
        "west":  { "uv": [ 0, 0, 16, 16 ], "texture": "#anvil_base" },
        "east":  { "uv": [ 0, 0, 16, 16 ], "texture": "#anvil_base" }
    }
},
{
    "__comment": "stoel*",
    "from": [ 11, 16.1875, 27.5 ],
    "to": [ 12, 20.1875, 28.5 ],
    "rotation": { "origin": [ 11, 20.1875, 27.5 ], "axis": "z", "angle": -22.5 },
    "faces": {
        "down":  { "uv": [ 0, 0, 16, 16 ], "texture": "#anvil_base" },
        "up":    { "uv": [ 0, 0, 16, 16 ], "texture": "#anvil_base" },
        "north": { "uv": [ 0, 0, 16, 16 ], "texture": "#anvil_base" },
        "south": { "uv": [ 0, 0, 16, 16 ], "texture": "#anvil_base" },
        "west":  { "uv": [ 0, 0, 16, 16 ], "texture": "#anvil_base" },
        "east":  { "uv": [ 0, 0, 16, 16 ], "texture": "#anvil_base" }
    }
},
{
    "__comment": "stoel*",
    "from": [ 15.0625, 15.8125, 27.5 ],
    "to": [ 16.0625, 19.8125, 28.5 ],
    "rotation": { "origin": [ 15.0625, 19.8125, 27.5 ], "axis": "z", "angle": 22.5 },
    "faces": {
        "down":  { "uv": [ 0, 0, 16, 16 ], "texture": "#anvil_base" },
        "up":    { "uv": [ 0, 0, 16, 16 ], "texture": "#anvil_base" },
        "north": { "uv": [ 0, 0, 16, 16 ], "texture": "#anvil_base" },
        "south": { "uv": [ 0, 0, 16, 16 ], "texture": "#anvil_base" },
        "west":  { "uv": [ 0, 0, 16, 16 ], "texture": "#anvil_base" },
        "east":  { "uv": [ 0, 0, 16, 16 ], "texture": "#anvil_base" }
    }
},
{
    "__comment": "stoel*",
    "from": [ 11.5, 21, 27 ],
    "to": [ 15.5, 25.5, 28 ],
    "faces": {
        "down":  { "uv": [ 0, 0, 16, 16 ], "texture": "#anvil_base" },
        "up":    { "uv": [ 0, 0, 16, 16 ], "texture": "#anvil_base" },
        "north": { "uv": [ 0, 0, 16, 16 ], "texture": "#anvil_base" },
        "south": { "uv": [ 0, 0, 16, 16 ], "texture": "#anvil_base" },
        "west":  { "uv": [ 0, 0, 16, 16 ], "texture": "#anvil_base" },
        "east":  { "uv": [ 0, 0, 16, 16 ], "texture": "#anvil_base" }
    }
},
{
    "__comment": "stoel*",
    "from": [ 0.5, 20, 27 ],
    "to": [ 4.5, 21, 28 ],
    "rotation": { "origin": [ 0.5, 21, 27 ], "axis": "x", "angle": -22.5 },
    "faces": {
        "down":  { "uv": [ 0, 0, 16, 16 ], "texture": "#anvil_base" },
        "up":    { "uv": [ 0, 0, 16, 16 ], "texture": "#anvil_base" },
        "north": { "uv": [ 0, 0, 16, 16 ], "texture": "#anvil_base" },
        "south": { "uv": [ 0, 0, 16, 16 ], "texture": "#anvil_base" },
        "west":  { "uv": [ 0, 0, 16, 16 ], "texture": "#anvil_base" },
        "east":  { "uv": [ 0, 0, 16, 16 ], "texture": "#anvil_base" }
    }
},
{
    "__comment": "stoel*",
    "from": [ 11.5, 20, 27 ],
    "to": [ 15.5, 21, 28 ],
    "rotation": { "origin": [ 11.5, 21, 27 ], "axis": "x", "angle": -22.5 },
    "faces": {
        "down":  { "uv": [ 0, 0, 16, 16 ], "texture": "#anvil_base" },
        "up":    { "uv": [ 0, 0, 16, 16 ], "texture": "#anvil_base" },
        "north": { "uv": [ 0, 0, 16, 16 ], "texture": "#anvil_base" },
        "south": { "uv": [ 0, 0, 16, 16 ], "texture": "#anvil_base" },
        "west":  { "uv": [ 0, 0, 16, 16 ], "texture": "#anvil_base" },
        "east":  { "uv": [ 0, 0, 16, 16 ], "texture": "#anvil_base" }
    }
},
{
    "__comment": "Stoel frame*",
    "from": [ -1, 7, 22.5 ],
    "to": [ 6, 8, 26 ],
    "faces": {
        "down":  { "uv": [ 16, 16, 10, 16 ], "texture": "#stone_slab_top" },
        "up":    { "uv": [ 0, 16, 6, 16 ], "texture": "#stone_slab_top" },
        "north": { "uv": [ 10, 8, 16, 9 ], "texture": "#stone_slab_top" },
        "south": { "uv": [ 0, 8, 6, 9 ], "texture": "#stone_slab_top" },
        "west":  { "uv": [ 16, 8, 16, 9 ], "texture": "#stone_slab_top" },
        "east":  { "uv": [ 0, 8, 0, 9 ], "texture": "#stone_slab_top" }
    }
},
{
    "__comment": "Stoel frame*",
    "from": [ 10, 7, 22.5 ],
    "to": [ 17, 8, 26 ],
    "faces": {
        "down":  { "uv": [ 6, 16, 0, 16 ], "texture": "#stone_slab_top" },
        "up":    { "uv": [ 10, 16, 16, 16 ], "texture": "#stone_slab_top" },
        "north": { "uv": [ 0, 8, 6, 9 ], "texture": "#stone_slab_top" },
        "south": { "uv": [ 10, 8, 16, 9 ], "texture": "#stone_slab_top" },
        "west":  { "uv": [ 16, 8, 16, 9 ], "texture": "#stone_slab_top" },
        "east":  { "uv": [ 0, 8, 0, 9 ], "texture": "#stone_slab_top" }
    }
},
{
    "__comment": "Stoel frame*",
    "from": [ 1, 19, 28.5 ],
    "to": [ 4, 20.5, 29 ],
    "faces": {
        "down":  { "uv": [ 16, 16, 10.5, 16 ], "texture": "#stone_slab_top" },
        "up":    { "uv": [ 0, 16, 5.5, 16 ], "texture": "#stone_slab_top" },
        "north": { "uv": [ 10.5, 0, 16, 0 ], "texture": "#stone_slab_top" },
        "south": { "uv": [ 0, 0, 5.5, 0 ], "texture": "#stone_slab_top" },
        "west":  { "uv": [ 16, 0, 16, 0 ], "texture": "#stone_slab_top" },
        "east":  { "uv": [ 0, 0, 0, 0 ], "texture": "#stone_slab_top" }
    }
},
{
    "__comment": "Stoel frame*",
    "from": [ 12, 19, 28.5 ],
    "to": [ 15, 20.5, 29 ],
    "faces": {
        "down":  { "uv": [ 5.5, 16, 0, 16 ], "texture": "#stone_slab_top" },
        "up":    { "uv": [ 10.5, 16, 16, 16 ], "texture": "#stone_slab_top" },
        "north": { "uv": [ 0, 0, 5.5, 0 ], "texture": "#stone_slab_top" },
        "south": { "uv": [ 10.5, 0, 16, 0 ], "texture": "#stone_slab_top" },
        "west":  { "uv": [ 16, 0, 16, 0 ], "texture": "#stone_slab_top" },
        "east":  { "uv": [ 0, 0, 0, 0 ], "texture": "#stone_slab_top" }
    }
},
{
    "__comment": "Stoel frame*",
    "from": [ 1.5, 10, 28 ],
    "to": [ 3.5, 19, 29 ],
    "faces": {
        "down":  { "uv": [ 14.5, 16, 12.5, 16 ], "texture": "#stone_slab_top" },
        "up":    { "uv": [ 1.5, 16, 3.5, 16 ], "texture": "#stone_slab_top" },
        "north": { "uv": [ 12.5, 0, 14.5, 6 ], "texture": "#stone_slab_top" },
        "south": { "uv": [ 1.5, 0, 3.5, 6 ], "texture": "#stone_slab_top" },
        "west":  { "uv": [ 16, 0, 16, 6 ], "texture": "#stone_slab_top" },
        "east":  { "uv": [ 0, 0, 0, 6 ], "texture": "#stone_slab_top" }
    }
},
{
    "__comment": "Stoel frame*",
    "from": [ 12.5, 10, 28 ],
    "to": [ 14.5, 19, 29 ],
    "faces": {
        "down":  { "uv": [ 3.5, 16, 1.5, 16 ], "texture": "#stone_slab_top" },
        "up":    { "uv": [ 12.5, 16, 14.5, 16 ], "texture": "#stone_slab_top" },
        "north": { "uv": [ 1.5, 0, 3.5, 6 ], "texture": "#stone_slab_top" },
        "south": { "uv": [ 12.5, 0, 14.5, 6 ], "texture": "#stone_slab_top" },
        "west":  { "uv": [ 16, 0, 16, 6 ], "texture": "#stone_slab_top" },
        "east":  { "uv": [ 0, 0, 0, 6 ], "texture": "#stone_slab_top" }
    }
},
{
    "__comment": "Stoel frame*",
    "from": [ 1.5, 6.5, 28 ],
    "to": [ 3.5, 10.5, 29 ],
    "rotation": { "origin": [ 1.5, 10.5, 28 ], "axis": "x", "angle": 45 },
    "faces": {
        "down":  { "uv": [ 14.5, 16, 12.5, 16 ], "texture": "#stone_slab_top" },
        "up":    { "uv": [ 1.5, 16, 3.5, 16 ], "texture": "#stone_slab_top" },
        "north": { "uv": [ 12.5, 5.5, 14.5, 9.5 ], "texture": "#stone_slab_top" },
        "south": { "uv": [ 1.5, 5.5, 3.5, 9.5 ], "texture": "#stone_slab_top" },
        "west":  { "uv": [ 16, 5.5, 16, 9.5 ], "texture": "#stone_slab_top" },
        "east":  { "uv": [ 0, 5.5, 0, 9.5 ], "texture": "#stone_slab_top" }
    }
},
{
    "__comment": "Stoel frame*",
    "from": [ 12.5, 6.5, 28 ],
    "to": [ 14.5, 10.5, 29 ],
    "rotation": { "origin": [ 12.5, 10.5, 28 ], "axis": "x", "angle": 45 },
    "faces": {
        "down":  { "uv": [ 3.5, 16, 1.5, 16 ], "texture": "#stone_slab_top" },
        "up":    { "uv": [ 12.5, 16, 14.5, 16 ], "texture": "#stone_slab_top" },
        "north": { "uv": [ 1.5, 5.5, 3.5, 9.5 ], "texture": "#stone_slab_top" },
        "south": { "uv": [ 12.5, 5.5, 14.5, 9.5 ], "texture": "#stone_slab_top" },
        "west":  { "uv": [ 16, 5.5, 16, 9.5 ], "texture": "#stone_slab_top" },
        "east":  { "uv": [ 0, 5.5, 0, 9.5 ], "texture": "#stone_slab_top" }
    }
},
{
    "__comment": "frame*",
    "from": [ 15, 4, -3 ],
    "to": [ 19.5, 10, -2 ],
    "rotation": { "origin": [ 15, 4, -3 ], "axis": "y", "angle": -22.5 },
    "faces": {
        "down":  { "uv": [ 0, 0, 10.5, 16 ], "texture": "#frame" },
        "up":    { "uv": [ 0, 0, 10.5, 16 ], "texture": "#frame" },
        "north": { "uv": [ 6, 0, 12, 16 ], "texture": "#frame" },
        "south": { "uv": [ 6, 0, 12, 16 ], "texture": "#frame" },
        "west":  { "uv": [ 0, 0, 11, 16 ], "texture": "#frame" },
        "east":  { "uv": [ 0, 0, 11, 16 ], "texture": "#frame" }
    }
},
{
    "__comment": "frame*",
    "from": [ 15, 11, -2.5 ],
    "to": [ 19.5, 12, -1.5 ],
    "rotation": { "origin": [ 15, 11, -2.5 ], "axis": "y", "angle": -22.5 },
    "faces": {
        "down":  { "uv": [ 2, 10, 14, 14 ], "texture": "#remmen" },
        "up":    { "uv": [ 2, 10, 14, 14 ], "texture": "#remmen" },
        "north": { "uv": [ 2, 10, 14, 14 ], "texture": "#remmen" },
        "south": { "uv": [ 2, 10, 14, 14 ], "texture": "#remmen" },
        "west":  { "uv": [ 2, 10, 14, 14 ], "texture": "#remmen" },
        "east":  { "uv": [ 2, 10, 14, 14 ], "texture": "#remmen" }
    }
},
{
    "__comment": "frame*",
    "from": [ 1, 11, -2.5 ],
    "to": [ 15, 12, -1.5 ],
    "faces": {
        "down":  { "uv": [ 2, 10, 14, 14 ], "texture": "#remmen" },
        "up":    { "uv": [ 2, 10, 14, 14 ], "texture": "#remmen" },
        "north": { "uv": [ 2, 10, 14, 14 ], "texture": "#remmen" },
        "south": { "uv": [ 2, 10, 14, 14 ], "texture": "#remmen" },
        "west":  { "uv": [ 2, 10, 14, 14 ], "texture": "#remmen" },
        "east":  { "uv": [ 2, 10, 14, 14 ], "texture": "#remmen" }
    }
},
{
    "__comment": "frame*",
    "from": [ -3.1875, 11, -0.75 ],
    "to": [ 1.3125, 12, 0.25 ],
    "rotation": { "origin": [ -3.1875, 11, -0.75 ], "axis": "y", "angle": 22.5 },
    "faces": {
        "down":  { "uv": [ 2, 10, 14, 14 ], "texture": "#remmen" },
        "up":    { "uv": [ 2, 10, 14, 14 ], "texture": "#remmen" },
        "north": { "uv": [ 2, 10, 14, 14 ], "texture": "#remmen" },
        "south": { "uv": [ 2, 10, 14, 14 ], "texture": "#remmen" },
        "west":  { "uv": [ 2, 10, 14, 14 ], "texture": "#remmen" },
        "east":  { "uv": [ 2, 10, 14, 14 ], "texture": "#remmen" }
    }
},
{
    "__comment": "frame*",
    "from": [ 1.5, 9.5, -2 ],
    "to": [ 2.5, 11.5, -1.5 ],
    "rotation": { "origin": [ 1.5, 11.5, -2 ], "axis": "x", "angle": 22.5 },
    "faces": {
        "down":  { "uv": [ 2, 10, 6, 14 ], "texture": "#remmen" },
        "up":    { "uv": [ 2, 10, 6, 14 ], "texture": "#remmen" },
        "north": { "uv": [ 2, 10, 6, 14 ], "texture": "#remmen" },
        "south": { "uv": [ 2, 10, 6, 14 ], "texture": "#remmen" },
        "west":  { "uv": [ 2, 10, 6, 14 ], "texture": "#remmen" },
        "east":  { "uv": [ 2, 10, 6, 14 ], "texture": "#remmen" }
    }
},
{
    "__comment": "frame*",
    "from": [ 13.5, 9.5, -2 ],
    "to": [ 14.5, 11.5, -1.5 ],
    "rotation": { "origin": [ 13.5, 11.5, -2 ], "axis": "x", "angle": 22.5 },
    "faces": {
        "down":  { "uv": [ 2, 10, 6, 14 ], "texture": "#remmen" },
        "up":    { "uv": [ 2, 10, 6, 14 ], "texture": "#remmen" },
        "north": { "uv": [ 2, 10, 14, 14 ], "texture": "#remmen" },
        "south": { "uv": [ 2, 10, 14, 14 ], "texture": "#remmen" },
        "west":  { "uv": [ 2, 10, 6, 14 ], "texture": "#remmen" },
        "east":  { "uv": [ 2, 10, 6, 14 ], "texture": "#remmen" }
    }
},
{
    "__comment": "Stoel frame*",
    "from": [ 12, 23.875, 28.125 ],
    "to": [ 15, 25.375, 30.125 ],
    "rotation": { "origin": [ 12, 25.375, 28.125 ], "axis": "x", "angle": 45 },
    "faces": {
        "down":  { "uv": [ 5.5, 16, 0, 16 ], "texture": "#stone_slab_top" },
        "up":    { "uv": [ 10.5, 16, 16, 16 ], "texture": "#stone_slab_top" },
        "north": { "uv": [ 0, 0, 5.5, 0 ], "texture": "#stone_slab_top" },
        "south": { "uv": [ 10.5, 0, 16, 0 ], "texture": "#stone_slab_top" },
        "west":  { "uv": [ 16, 0, 16, 0 ], "texture": "#stone_slab_top" },
        "east":  { "uv": [ 0, 0, 0, 0 ], "texture": "#stone_slab_top" }
    }
},
{
    "__comment": "Stoel frame*",
    "from": [ 11.5, 20.5, 28 ],
    "to": [ 15.5, 24, 29.5 ],
    "faces": {
        "down":  { "uv": [ 5.5, 16, 0, 16 ], "texture": "#stone_slab_top" },
        "up":    { "uv": [ 10.5, 16, 16, 16 ], "texture": "#stone_slab_top" },
        "north": { "uv": [ 0, 0, 5.5, 0 ], "texture": "#stone_slab_top" },
        "south": { "uv": [ 10.5, 0, 16, 0 ], "texture": "#stone_slab_top" },
        "west":  { "uv": [ 16, 0, 16, 0 ], "texture": "#stone_slab_top" },
        "east":  { "uv": [ 0, 0, 0, 0 ], "texture": "#stone_slab_top" }
    }
},
{
    "__comment": "Stoel frame*",
    "from": [ 11.5, 19.375, 28.5625 ],
    "to": [ 15.5, 20.875, 29.5625 ],
    "rotation": { "origin": [ 11.5, 20.875, 28.5625 ], "axis": "x", "angle": 22.5 },
    "faces": {
        "down":  { "uv": [ 5.5, 16, 0, 16 ], "texture": "#stone_slab_top" },
        "up":    { "uv": [ 10.5, 16, 16, 16 ], "texture": "#stone_slab_top" },
        "north": { "uv": [ 0, 0, 5.5, 0 ], "texture": "#stone_slab_top" },
        "south": { "uv": [ 10.5, 0, 16, 0 ], "texture": "#stone_slab_top" },
        "west":  { "uv": [ 16, 0, 16, 0 ], "texture": "#stone_slab_top" },
        "east":  { "uv": [ 0, 0, 0, 0 ], "texture": "#stone_slab_top" }
    }
},
{
    "__comment": "Stoel frame*",
    "from": [ 1, 23.9375, 28.0625 ],
    "to": [ 4, 25.4375, 30.0625 ],
    "rotation": { "origin": [ 1, 25.4375, 28.0625 ], "axis": "x", "angle": 45 },
    "faces": {
        "down":  { "uv": [ 5.5, 16, 0, 16 ], "texture": "#stone_slab_top" },
        "up":    { "uv": [ 10.5, 16, 16, 16 ], "texture": "#stone_slab_top" },
        "north": { "uv": [ 0, 0, 5.5, 0 ], "texture": "#stone_slab_top" },
        "south": { "uv": [ 10.5, 0, 16, 0 ], "texture": "#stone_slab_top" },
        "west":  { "uv": [ 16, 0, 16, 0 ], "texture": "#stone_slab_top" },
        "east":  { "uv": [ 0, 0, 0, 0 ], "texture": "#stone_slab_top" }
    }
},
{
    "__comment": "Stoel frame*",
    "from": [ 0.5, 20.5, 28 ],
    "to": [ 4.5, 24, 29.5 ],
    "faces": {
        "down":  { "uv": [ 5.5, 16, 0, 16 ], "texture": "#stone_slab_top" },
        "up":    { "uv": [ 10.5, 16, 16, 16 ], "texture": "#stone_slab_top" },
        "north": { "uv": [ 0, 0, 5.5, 0 ], "texture": "#stone_slab_top" },
        "south": { "uv": [ 10.5, 0, 16, 0 ], "texture": "#stone_slab_top" },
        "west":  { "uv": [ 16, 0, 16, 0 ], "texture": "#stone_slab_top" },
        "east":  { "uv": [ 0, 0, 0, 0 ], "texture": "#stone_slab_top" }
    }
},
{
    "__comment": "Stoel frame*",
    "from": [ 0.5, 19.375, 28.5625 ],
    "to": [ 4.5, 20.875, 29.5625 ],
    "rotation": { "origin": [ 0.5, 20.875, 28.5625 ], "axis": "x", "angle": 22.5 },
    "faces": {
        "down":  { "uv": [ 5.5, 16, 0, 16 ], "texture": "#stone_slab_top" },
        "up":    { "uv": [ 10.5, 16, 16, 16 ], "texture": "#stone_slab_top" },
        "north": { "uv": [ 0, 0, 5.5, 0 ], "texture": "#stone_slab_top" },
        "south": { "uv": [ 10.5, 0, 16, 0 ], "texture": "#stone_slab_top" },
        "west":  { "uv": [ 16, 0, 16, 0 ], "texture": "#stone_slab_top" },
        "east":  { "uv": [ 0, 0, 0, 0 ], "texture": "#stone_slab_top" }
    }
}
],
"display": {
    "head": {
        "rotation": [ 0, 0, 0 ],
        "translation": [ 9.26, -0.57, 1 ],
        "scale": [ 1.7, 1.7, 1.7 ]
    }
}
}