{
"__comment": "Designed by Kukamonda with BDcraft Cubik PRO 0.96 Beta - http://bdcraft.net",
"textures": {
    "texture": "blocks/hardened_clay_stained_red",
    "door_acacia_upper": "blocks/hardened_clay_stained_black",
    "sandstone_top": "blocks/sandstone_top",
    "stoel": "blocks/hardened_clay_stained_black",
    "lead_knot": "blocks/iron_bars",
    "anvil_base": "blocks/anvil_base",
    "wodih": "blocks/door_acacia_upper"
},
"elements": [ 
{
    "__comment": "frame",
    "from": [ 8, 18.4937, -11.4625 ],
    "to": [ 9.8, 20.2937, -9.6625 ],
    "rotation": { "origin": [ 8, 20.2937, -11.4625 ], "axis": "z", "angle": -45 },
    "faces": {
        "down":  { "uv": [ 5, 5, 11, 11 ], "texture": "#door_acacia_upper" },
        "up":    { "uv": [ 5, 5, 11, 11 ], "texture": "#door_acacia_upper" },
        "north": { "uv": [ 5, 5, 11, 11 ], "texture": "#door_acacia_upper" },
        "south": { "uv": [ 5, 5, 11, 11 ], "texture": "#door_acacia_upper" },
        "west":  { "uv": [ 5, 5, 11, 11 ], "texture": "#door_acacia_upper" },
        "east":  { "uv": [ 5, 5, 11, 11 ], "texture": "#door_acacia_upper" }
    }
},
{
    "__comment": "frame*",
    "from": [ 7.55, 18.775, -10.3938 ],
    "to": [ 8.45, 21.475, -9.49375 ],
    "rotation": { "origin": [ 7.55, 21.475, -10.3938 ], "axis": "x", "angle": 22.5 },
    "faces": {
        "down":  { "uv": [ 5, 5, 11, 11 ], "texture": "#door_acacia_upper" },
        "up":    { "uv": [ 5, 5, 11, 11 ], "texture": "#door_acacia_upper" },
        "north": { "uv": [ 5, 5, 11, 11 ], "texture": "#door_acacia_upper" },
        "south": { "uv": [ 5, 5, 11, 11 ], "texture": "#door_acacia_upper" },
        "west":  { "uv": [ 5, 5, 11, 11 ], "texture": "#door_acacia_upper" },
        "east":  { "uv": [ 5, 5, 11, 11 ], "texture": "#door_acacia_upper" }
    }
},
{
    "__comment": "frame*",
    "from": [ 8, 18.55, -11.35 ],
    "to": [ 10.7, 19.45, -10.45 ],
    "rotation": { "origin": [ 8, 18.55, -11.35 ], "axis": "y", "angle": -22.5 },
    "faces": {
        "down":  { "uv": [ 5, 5, 11, 11 ], "texture": "#door_acacia_upper" },
        "up":    { "uv": [ 5, 5, 11, 11 ], "texture": "#door_acacia_upper" },
        "north": { "uv": [ 5, 5, 11, 11 ], "texture": "#door_acacia_upper" },
        "south": { "uv": [ 5, 5, 11, 11 ], "texture": "#door_acacia_upper" },
        "west":  { "uv": [ 5, 5, 11, 11 ], "texture": "#door_acacia_upper" },
        "east":  { "uv": [ 5, 5, 11, 11 ], "texture": "#door_acacia_upper" }
    }
},
{
    "__comment": "frame*",
    "from": [ 5.525, 18.55, -10.3375 ],
    "to": [ 8.225, 19.45, -9.4375 ],
    "rotation": { "origin": [ 5.525, 18.55, -10.3375 ], "axis": "y", "angle": 22.5 },
    "faces": {
        "down":  { "uv": [ 5, 5, 11, 11 ], "texture": "#door_acacia_upper" },
        "up":    { "uv": [ 5, 5, 11, 11 ], "texture": "#door_acacia_upper" },
        "north": { "uv": [ 5, 5, 11, 11 ], "texture": "#door_acacia_upper" },
        "south": { "uv": [ 5, 5, 11, 11 ], "texture": "#door_acacia_upper" },
        "west":  { "uv": [ 5, 5, 11, 11 ], "texture": "#door_acacia_upper" },
        "east":  { "uv": [ 5, 5, 11, 11 ], "texture": "#door_acacia_upper" }
    }
},
{
    "__comment": "frame*",
    "from": [ 7.55, 16.3, -11.35 ],
    "to": [ 8.45, 19, -10.45 ],
    "rotation": { "origin": [ 7.55, 19, -11.35 ], "axis": "x", "angle": -22.5 },
    "faces": {
        "down":  { "uv": [ 5, 5, 11, 11 ], "texture": "#door_acacia_upper" },
        "up":    { "uv": [ 5, 5, 11, 11 ], "texture": "#door_acacia_upper" },
        "north": { "uv": [ 5, 5, 11, 11 ], "texture": "#door_acacia_upper" },
        "south": { "uv": [ 5, 5, 11, 11 ], "texture": "#door_acacia_upper" },
        "west":  { "uv": [ 5, 5, 11, 11 ], "texture": "#door_acacia_upper" },
        "east":  { "uv": [ 5, 5, 11, 11 ], "texture": "#door_acacia_upper" }
    }
},
{
    "__comment": "frame*",
    "from": [ 8, 18.7188, -13.6 ],
    "to": [ 8.9, 19.6188, -11.35 ],
    "rotation": { "origin": [ 8, 19.6188, -13.6 ], "axis": "z", "angle": -45 },
    "faces": {
        "down":  { "uv": [ 5, 5, 11, 11 ], "texture": "#door_acacia_upper" },
        "up":    { "uv": [ 5, 5, 11, 11 ], "texture": "#door_acacia_upper" },
        "north": { "uv": [ 5, 5, 11, 11 ], "texture": "#door_acacia_upper" },
        "south": { "uv": [ 5, 5, 11, 11 ], "texture": "#door_acacia_upper" },
        "west":  { "uv": [ 5, 5, 11, 11 ], "texture": "#door_acacia_upper" },
        "east":  { "uv": [ 5, 5, 11, 11 ], "texture": "#door_acacia_upper" }
    }
},
{
    "__comment": "frame*",
    "from": [ 7.55, 19.9563, -7.24375 ],
    "to": [ 8.45, 24.4563, -6.34375 ],
    "rotation": { "origin": [ 7.55, 24.4563, -7.24375 ], "axis": "x", "angle": 45 },
    "faces": {
        "down":  { "uv": [ 5, 5, 11, 11 ], "texture": "#door_acacia_upper" },
        "up":    { "uv": [ 5, 5, 11, 11 ], "texture": "#door_acacia_upper" },
        "north": { "uv": [ 5, 5, 11, 11 ], "texture": "#door_acacia_upper" },
        "south": { "uv": [ 5, 5, 11, 11 ], "texture": "#door_acacia_upper" },
        "west":  { "uv": [ 5, 5, 11, 11 ], "texture": "#door_acacia_upper" },
        "east":  { "uv": [ 5, 5, 11, 11 ], "texture": "#door_acacia_upper" }
    }
},
{
    "__comment": "frame*",
    "from": [ 9.575, 18.55, -9.8875 ],
    "to": [ 10.475, 19.45, -5.3875 ],
    "rotation": { "origin": [ 9.575, 18.55, -9.8875 ], "axis": "y", "angle": 45 },
    "faces": {
        "down":  { "uv": [ 5, 5, 11, 11 ], "texture": "#door_acacia_upper" },
        "up":    { "uv": [ 5, 5, 11, 11 ], "texture": "#door_acacia_upper" },
        "north": { "uv": [ 5, 5, 11, 11 ], "texture": "#door_acacia_upper" },
        "south": { "uv": [ 5, 5, 11, 11 ], "texture": "#door_acacia_upper" },
        "west":  { "uv": [ 5, 5, 11, 11 ], "texture": "#door_acacia_upper" },
        "east":  { "uv": [ 5, 5, 11, 11 ], "texture": "#door_acacia_upper" }
    }
},
{
    "__comment": "frame*",
    "from": [ 7.55, 23.5563, -7.3 ],
    "to": [ 8.45, 24.4563, -0.55 ],
    "rotation": { "origin": [ 7.55, 24.4563, -7.3 ], "axis": "x", "angle": -22.5 },
    "faces": {
        "down":  { "uv": [ 5, 5, 11, 11 ], "texture": "#door_acacia_upper" },
        "up":    { "uv": [ 5, 5, 11, 11 ], "texture": "#door_acacia_upper" },
        "north": { "uv": [ 5, 5, 11, 11 ], "texture": "#door_acacia_upper" },
        "south": { "uv": [ 5, 5, 11, 11 ], "texture": "#door_acacia_upper" },
        "west":  { "uv": [ 5, 5, 11, 11 ], "texture": "#door_acacia_upper" },
        "east":  { "uv": [ 5, 5, 11, 11 ], "texture": "#door_acacia_upper" }
    }
},
{
    "__comment": "frame*",
    "from": [ 7.55, 16.4688, -9.83125 ],
    "to": [ 8.45, 17.3688, -5.33125 ],
    "rotation": { "origin": [ 7.55, 17.3688, -9.83125 ], "axis": "x", "angle": 45 },
    "faces": {
        "down":  { "uv": [ 5, 5, 11, 11 ], "texture": "#door_acacia_upper" },
        "up":    { "uv": [ 5, 5, 11, 11 ], "texture": "#door_acacia_upper" },
        "north": { "uv": [ 5, 5, 11, 11 ], "texture": "#door_acacia_upper" },
        "south": { "uv": [ 5, 5, 11, 11 ], "texture": "#door_acacia_upper" },
        "west":  { "uv": [ 5, 5, 11, 11 ], "texture": "#door_acacia_upper" },
        "east":  { "uv": [ 5, 5, 11, 11 ], "texture": "#door_acacia_upper" }
    }
},
{
    "__comment": "frame*",
    "from": [ 5.80625, 18.55, -10.5063 ],
    "to": [ 6.70625, 19.45, -6.00625 ],
    "rotation": { "origin": [ 5.80625, 18.55, -10.5063 ], "axis": "y", "angle": -45 },
    "faces": {
        "down":  { "uv": [ 5, 5, 11, 11 ], "texture": "#door_acacia_upper" },
        "up":    { "uv": [ 5, 5, 11, 11 ], "texture": "#door_acacia_upper" },
        "north": { "uv": [ 5, 5, 11, 11 ], "texture": "#door_acacia_upper" },
        "south": { "uv": [ 5, 5, 11, 11 ], "texture": "#door_acacia_upper" },
        "west":  { "uv": [ 5, 5, 11, 11 ], "texture": "#door_acacia_upper" },
        "east":  { "uv": [ 5, 5, 11, 11 ], "texture": "#door_acacia_upper" }
    }
},
{
    "__comment": "frame*",
    "from": [ 7.55, 13.5438, -6.9625 ],
    "to": [ 8.45, 14.4438, -0.2125 ],
    "rotation": { "origin": [ 7.55, 14.4438, -6.9625 ], "axis": "x", "angle": 22.5 },
    "faces": {
        "down":  { "uv": [ 5, 5, 11, 11 ], "texture": "#door_acacia_upper" },
        "up":    { "uv": [ 5, 5, 11, 11 ], "texture": "#door_acacia_upper" },
        "north": { "uv": [ 5, 5, 11, 11 ], "texture": "#door_acacia_upper" },
        "south": { "uv": [ 5, 5, 11, 11 ], "texture": "#door_acacia_upper" },
        "west":  { "uv": [ 5, 5, 11, 11 ], "texture": "#door_acacia_upper" },
        "east":  { "uv": [ 5, 5, 11, 11 ], "texture": "#door_acacia_upper" }
    }
},
{
    "__comment": "frame*",
    "from": [ 2.6, 18.55, -7.3 ],
    "to": [ 3.5, 19.45, -0.55 ],
    "rotation": { "origin": [ 2.6, 18.55, -7.3 ], "axis": "y", "angle": -22.5 },
    "faces": {
        "down":  { "uv": [ 5, 5, 11, 11 ], "texture": "#door_acacia_upper" },
        "up":    { "uv": [ 5, 5, 11, 11 ], "texture": "#door_acacia_upper" },
        "north": { "uv": [ 5, 5, 11, 11 ], "texture": "#door_acacia_upper" },
        "south": { "uv": [ 5, 5, 11, 11 ], "texture": "#door_acacia_upper" },
        "west":  { "uv": [ 5, 5, 11, 11 ], "texture": "#door_acacia_upper" },
        "east":  { "uv": [ 5, 5, 11, 11 ], "texture": "#door_acacia_upper" }
    }
},
{
    "__comment": "frame*",
    "from": [ 12.6125, 18.55, -6.9625 ],
    "to": [ 13.5125, 19.45, -0.2125 ],
    "rotation": { "origin": [ 12.6125, 18.55, -6.9625 ], "axis": "y", "angle": 22.5 },
    "faces": {
        "down":  { "uv": [ 5, 5, 11, 11 ], "texture": "#door_acacia_upper" },
        "up":    { "uv": [ 5, 5, 11, 11 ], "texture": "#door_acacia_upper" },
        "north": { "uv": [ 5, 5, 11, 11 ], "texture": "#door_acacia_upper" },
        "south": { "uv": [ 5, 5, 11, 11 ], "texture": "#door_acacia_upper" },
        "west":  { "uv": [ 5, 5, 11, 11 ], "texture": "#door_acacia_upper" },
        "east":  { "uv": [ 5, 5, 11, 11 ], "texture": "#door_acacia_upper" }
    }
},
{
    "__comment": "frame*",
    "from": [ 7.55, 26.2, -1 ],
    "to": [ 8.45, 27.1, 15.65 ],
    "faces": {
        "down":  { "uv": [ 5, 5, 11, 11 ], "texture": "#door_acacia_upper" },
        "up":    { "uv": [ 5, 5, 11, 11 ], "texture": "#door_acacia_upper" },
        "north": { "uv": [ 5, 5, 11, 11 ], "texture": "#door_acacia_upper" },
        "south": { "uv": [ 5, 5, 11, 11 ], "texture": "#door_acacia_upper" },
        "west":  { "uv": [ 5, 5, 11, 11 ], "texture": "#door_acacia_upper" },
        "east":  { "uv": [ 5, 5, 11, 11 ], "texture": "#door_acacia_upper" }
    }
},
{
    "__comment": "frame*",
    "from": [ 7.55, 10.9, -1 ],
    "to": [ 8.45, 11.8, 15.65 ],
    "faces": {
        "down":  { "uv": [ 5, 5, 11, 11 ], "texture": "#door_acacia_upper" },
        "up":    { "uv": [ 5, 5, 11, 11 ], "texture": "#door_acacia_upper" },
        "north": { "uv": [ 5, 5, 11, 11 ], "texture": "#door_acacia_upper" },
        "south": { "uv": [ 5, 5, 11, 11 ], "texture": "#door_acacia_upper" },
        "west":  { "uv": [ 5, 5, 11, 11 ], "texture": "#door_acacia_upper" },
        "east":  { "uv": [ 5, 5, 11, 11 ], "texture": "#door_acacia_upper" }
    }
},
{
    "__comment": "frame*",
    "from": [ 15.1875, 18.55, -1 ],
    "to": [ 16.0875, 19.45, 15.65 ],
    "faces": {
        "down":  { "uv": [ 5, 5, 11, 11 ], "texture": "#door_acacia_upper" },
        "up":    { "uv": [ 5, 5, 11, 11 ], "texture": "#door_acacia_upper" },
        "north": { "uv": [ 5, 5, 11, 11 ], "texture": "#door_acacia_upper" },
        "south": { "uv": [ 5, 5, 11, 11 ], "texture": "#door_acacia_upper" },
        "west":  { "uv": [ 5, 5, 11, 11 ], "texture": "#door_acacia_upper" },
        "east":  { "uv": [ 5, 5, 11, 11 ], "texture": "#door_acacia_upper" }
    }
},
{
    "__comment": "frame*",
    "from": [ -0.1, 18.55, -1 ],
    "to": [ 0.8, 19.45, 15.65 ],
    "faces": {
        "down":  { "uv": [ 5, 5, 11, 11 ], "texture": "#door_acacia_upper" },
        "up":    { "uv": [ 5, 5, 11, 11 ], "texture": "#door_acacia_upper" },
        "north": { "uv": [ 5, 5, 11, 11 ], "texture": "#door_acacia_upper" },
        "south": { "uv": [ 5, 5, 11, 11 ], "texture": "#door_acacia_upper" },
        "west":  { "uv": [ 5, 5, 11, 11 ], "texture": "#door_acacia_upper" },
        "east":  { "uv": [ 5, 5, 11, 11 ], "texture": "#door_acacia_upper" }
    }
},
{
    "__comment": "frame*",
    "from": [ 7.55, 26.2, 15.65 ],
    "to": [ 8.45, 27.1, 25.1 ],
    "rotation": { "origin": [ 7.55, 27.1, 15.65 ], "axis": "x", "angle": 22.5 },
    "faces": {
        "down":  { "uv": [ 5, 5, 11, 11 ], "texture": "#door_acacia_upper" },
        "up":    { "uv": [ 5, 5, 11, 11 ], "texture": "#door_acacia_upper" },
        "north": { "uv": [ 5, 5, 11, 11 ], "texture": "#door_acacia_upper" },
        "south": { "uv": [ 5, 5, 11, 11 ], "texture": "#door_acacia_upper" },
        "west":  { "uv": [ 5, 5, 11, 11 ], "texture": "#door_acacia_upper" },
        "east":  { "uv": [ 5, 5, 11, 11 ], "texture": "#door_acacia_upper" }
    }
},
{
    "__comment": "frame*",
    "from": [ 7.55, 10.8438, 15.3125 ],
    "to": [ 8.45, 11.7438, 24.7625 ],
    "rotation": { "origin": [ 7.55, 11.7438, 15.3125 ], "axis": "x", "angle": -22.5 },
    "faces": {
        "down":  { "uv": [ 5, 5, 11, 11 ], "texture": "#door_acacia_upper" },
        "up":    { "uv": [ 5, 5, 11, 11 ], "texture": "#door_acacia_upper" },
        "north": { "uv": [ 5, 5, 11, 11 ], "texture": "#door_acacia_upper" },
        "south": { "uv": [ 5, 5, 11, 11 ], "texture": "#door_acacia_upper" },
        "west":  { "uv": [ 5, 5, 11, 11 ], "texture": "#door_acacia_upper" },
        "east":  { "uv": [ 5, 5, 11, 11 ], "texture": "#door_acacia_upper" }
    }
},
{
    "__comment": "frame*",
    "from": [ -0.1, 18.55, 15.65 ],
    "to": [ 0.8, 19.45, 25.1 ],
    "rotation": { "origin": [ -0.1, 18.55, 15.65 ], "axis": "y", "angle": 22.5 },
    "faces": {
        "down":  { "uv": [ 5, 5, 11, 11 ], "texture": "#door_acacia_upper" },
        "up":    { "uv": [ 5, 5, 11, 11 ], "texture": "#door_acacia_upper" },
        "north": { "uv": [ 5, 5, 11, 11 ], "texture": "#door_acacia_upper" },
        "south": { "uv": [ 5, 5, 11, 11 ], "texture": "#door_acacia_upper" },
        "west":  { "uv": [ 5, 5, 11, 11 ], "texture": "#door_acacia_upper" },
        "east":  { "uv": [ 5, 5, 11, 11 ], "texture": "#door_acacia_upper" }
    }
},
{
    "__comment": "frame*",
    "from": [ 15.2563, 18.55, 15.3125 ],
    "to": [ 16.1563, 19.45, 24.7625 ],
    "rotation": { "origin": [ 15.2563, 18.55, 15.3125 ], "axis": "y", "angle": -22.5 },
    "faces": {
        "down":  { "uv": [ 5, 5, 11, 11 ], "texture": "#door_acacia_upper" },
        "up":    { "uv": [ 5, 5, 11, 11 ], "texture": "#door_acacia_upper" },
        "north": { "uv": [ 5, 5, 11, 11 ], "texture": "#door_acacia_upper" },
        "south": { "uv": [ 5, 5, 11, 11 ], "texture": "#door_acacia_upper" },
        "west":  { "uv": [ 5, 5, 11, 11 ], "texture": "#door_acacia_upper" },
        "east":  { "uv": [ 5, 5, 11, 11 ], "texture": "#door_acacia_upper" }
    }
},
{
    "__comment": "frame*",
    "from": [ 7.55, 22.6, 24.2 ],
    "to": [ 8.45, 23.5, 29.6 ],
    "rotation": { "origin": [ 7.55, 23.5, 24.2 ], "axis": "x", "angle": 45 },
    "faces": {
        "down":  { "uv": [ 5, 5, 11, 11 ], "texture": "#door_acacia_upper" },
        "up":    { "uv": [ 5, 5, 11, 11 ], "texture": "#door_acacia_upper" },
        "north": { "uv": [ 5, 5, 11, 11 ], "texture": "#door_acacia_upper" },
        "south": { "uv": [ 5, 5, 11, 11 ], "texture": "#door_acacia_upper" },
        "west":  { "uv": [ 5, 5, 11, 11 ], "texture": "#door_acacia_upper" },
        "east":  { "uv": [ 5, 5, 11, 11 ], "texture": "#door_acacia_upper" }
    }
},
{
    "__comment": "frame*",
    "from": [ 7.55, 14.2187, 23.5813 ],
    "to": [ 8.45, 15.1187, 28.9813 ],
    "rotation": { "origin": [ 7.55, 15.1187, 23.5813 ], "axis": "x", "angle": -45 },
    "faces": {
        "down":  { "uv": [ 5, 5, 11, 11 ], "texture": "#door_acacia_upper" },
        "up":    { "uv": [ 5, 5, 11, 11 ], "texture": "#door_acacia_upper" },
        "north": { "uv": [ 5, 5, 11, 11 ], "texture": "#door_acacia_upper" },
        "south": { "uv": [ 5, 5, 11, 11 ], "texture": "#door_acacia_upper" },
        "west":  { "uv": [ 5, 5, 11, 11 ], "texture": "#door_acacia_upper" },
        "east":  { "uv": [ 5, 5, 11, 11 ], "texture": "#door_acacia_upper" }
    }
},
{
    "__comment": "frame*",
    "from": [ 3.5, 18.55, 24.2 ],
    "to": [ 4.4, 19.45, 29.6 ],
    "rotation": { "origin": [ 3.5, 18.55, 24.2 ], "axis": "y", "angle": 45 },
    "faces": {
        "down":  { "uv": [ 5, 5, 11, 11 ], "texture": "#door_acacia_upper" },
        "up":    { "uv": [ 5, 5, 11, 11 ], "texture": "#door_acacia_upper" },
        "north": { "uv": [ 5, 5, 11, 11 ], "texture": "#door_acacia_upper" },
        "south": { "uv": [ 5, 5, 11, 11 ], "texture": "#door_acacia_upper" },
        "west":  { "uv": [ 5, 5, 11, 11 ], "texture": "#door_acacia_upper" },
        "east":  { "uv": [ 5, 5, 11, 11 ], "texture": "#door_acacia_upper" }
    }
},
{
    "__comment": "frame*",
    "from": [ 11.8813, 18.55, 23.5813 ],
    "to": [ 12.7813, 19.45, 28.9813 ],
    "rotation": { "origin": [ 11.8813, 18.55, 23.5813 ], "axis": "y", "angle": -45 },
    "faces": {
        "down":  { "uv": [ 5, 5, 11, 11 ], "texture": "#door_acacia_upper" },
        "up":    { "uv": [ 5, 5, 11, 11 ], "texture": "#door_acacia_upper" },
        "north": { "uv": [ 5, 5, 11, 11 ], "texture": "#door_acacia_upper" },
        "south": { "uv": [ 5, 5, 11, 11 ], "texture": "#door_acacia_upper" },
        "west":  { "uv": [ 5, 5, 11, 11 ], "texture": "#door_acacia_upper" },
        "east":  { "uv": [ 5, 5, 11, 11 ], "texture": "#door_acacia_upper" }
    }
},
{
    "__comment": "frame*",
    "from": [ 8, 18.4937, 26.45 ],
    "to": [ 9.8, 20.2937, 28.25 ],
    "rotation": { "origin": [ 8, 20.2937, 26.45 ], "axis": "z", "angle": -45 },
    "faces": {
        "down":  { "uv": [ 5, 5, 11, 11 ], "texture": "#door_acacia_upper" },
        "up":    { "uv": [ 5, 5, 11, 11 ], "texture": "#door_acacia_upper" },
        "north": { "uv": [ 5, 5, 11, 11 ], "texture": "#door_acacia_upper" },
        "south": { "uv": [ 5, 5, 11, 11 ], "texture": "#door_acacia_upper" },
        "west":  { "uv": [ 5, 5, 11, 11 ], "texture": "#door_acacia_upper" },
        "east":  { "uv": [ 5, 5, 11, 11 ], "texture": "#door_acacia_upper" }
    }
},
{
    "__comment": "frame*",
    "from": [ 7.55, 23.5, 21.95 ],
    "to": [ 8.45, 24.4, 26.45 ],
    "rotation": { "origin": [ 7.55, 24.4, 21.95 ], "axis": "x", "angle": -45 },
    "faces": {
        "down":  { "uv": [ 5, 5, 11, 11 ], "texture": "#door_acacia_upper" },
        "up":    { "uv": [ 5, 5, 11, 11 ], "texture": "#door_acacia_upper" },
        "north": { "uv": [ 5, 5, 11, 11 ], "texture": "#door_acacia_upper" },
        "south": { "uv": [ 5, 5, 11, 11 ], "texture": "#door_acacia_upper" },
        "west":  { "uv": [ 5, 5, 11, 11 ], "texture": "#door_acacia_upper" },
        "east":  { "uv": [ 5, 5, 11, 11 ], "texture": "#door_acacia_upper" }
    }
},
{
    "__comment": "frame*",
    "from": [ 7.55, 26.65, 25.1 ],
    "to": [ 8.45, 27.55, 28.25 ],
    "rotation": { "origin": [ 7.55, 27.55, 25.1 ], "axis": "x", "angle": -22.5 },
    "faces": {
        "down":  { "uv": [ 5, 5, 11, 11 ], "texture": "#door_acacia_upper" },
        "up":    { "uv": [ 5, 5, 11, 11 ], "texture": "#door_acacia_upper" },
        "north": { "uv": [ 5, 5, 11, 11 ], "texture": "#door_acacia_upper" },
        "south": { "uv": [ 5, 5, 11, 11 ], "texture": "#door_acacia_upper" },
        "west":  { "uv": [ 5, 5, 11, 11 ], "texture": "#door_acacia_upper" },
        "east":  { "uv": [ 5, 5, 11, 11 ], "texture": "#door_acacia_upper" }
    }
},
{
    "__comment": "frame*",
    "from": [ 7.55, 10.3938, 25.4375 ],
    "to": [ 8.45, 11.2938, 28.5875 ],
    "rotation": { "origin": [ 7.55, 11.2938, 25.4375 ], "axis": "x", "angle": 22.5 },
    "faces": {
        "down":  { "uv": [ 5, 5, 11, 11 ], "texture": "#door_acacia_upper" },
        "up":    { "uv": [ 5, 5, 11, 11 ], "texture": "#door_acacia_upper" },
        "north": { "uv": [ 5, 5, 11, 11 ], "texture": "#door_acacia_upper" },
        "south": { "uv": [ 5, 5, 11, 11 ], "texture": "#door_acacia_upper" },
        "west":  { "uv": [ 5, 5, 11, 11 ], "texture": "#door_acacia_upper" },
        "east":  { "uv": [ 5, 5, 11, 11 ], "texture": "#door_acacia_upper" }
    }
},
{
    "__comment": "frame*",
    "from": [ 12.7813, 18.55, 22.5688 ],
    "to": [ 13.6813, 19.45, 27.0688 ],
    "rotation": { "origin": [ 12.7813, 18.55, 22.5688 ], "axis": "y", "angle": 45 },
    "faces": {
        "down":  { "uv": [ 5, 5, 11, 11 ], "texture": "#door_acacia_upper" },
        "up":    { "uv": [ 5, 5, 11, 11 ], "texture": "#door_acacia_upper" },
        "north": { "uv": [ 5, 5, 11, 11 ], "texture": "#door_acacia_upper" },
        "south": { "uv": [ 5, 5, 11, 11 ], "texture": "#door_acacia_upper" },
        "west":  { "uv": [ 5, 5, 11, 11 ], "texture": "#door_acacia_upper" },
        "east":  { "uv": [ 5, 5, 11, 11 ], "texture": "#door_acacia_upper" }
    }
},
{
    "__comment": "frame*",
    "from": [ 2.6, 18.55, 21.95 ],
    "to": [ 3.5, 19.45, 26.45 ],
    "rotation": { "origin": [ 2.6, 18.55, 21.95 ], "axis": "y", "angle": -45 },
    "faces": {
        "down":  { "uv": [ 5, 5, 11, 11 ], "texture": "#door_acacia_upper" },
        "up":    { "uv": [ 5, 5, 11, 11 ], "texture": "#door_acacia_upper" },
        "north": { "uv": [ 5, 5, 11, 11 ], "texture": "#door_acacia_upper" },
        "south": { "uv": [ 5, 5, 11, 11 ], "texture": "#door_acacia_upper" },
        "west":  { "uv": [ 5, 5, 11, 11 ], "texture": "#door_acacia_upper" },
        "east":  { "uv": [ 5, 5, 11, 11 ], "texture": "#door_acacia_upper" }
    }
},
{
    "__comment": "frame*",
    "from": [ 15.7063, 18.55, 25.4375 ],
    "to": [ 16.6062, 19.45, 28.5875 ],
    "rotation": { "origin": [ 15.7063, 18.55, 25.4375 ], "axis": "y", "angle": 22.5 },
    "faces": {
        "down":  { "uv": [ 5, 5, 11, 11 ], "texture": "#door_acacia_upper" },
        "up":    { "uv": [ 5, 5, 11, 11 ], "texture": "#door_acacia_upper" },
        "north": { "uv": [ 5, 5, 11, 11 ], "texture": "#door_acacia_upper" },
        "south": { "uv": [ 5, 5, 11, 11 ], "texture": "#door_acacia_upper" },
        "west":  { "uv": [ 5, 5, 11, 11 ], "texture": "#door_acacia_upper" },
        "east":  { "uv": [ 5, 5, 11, 11 ], "texture": "#door_acacia_upper" }
    }
},
{
    "__comment": "frame*",
    "from": [ -0.55, 18.55, 25.1 ],
    "to": [ 0.35, 19.45, 28.25 ],
    "rotation": { "origin": [ -0.55, 18.55, 25.1 ], "axis": "y", "angle": -22.5 },
    "faces": {
        "down":  { "uv": [ 5, 5, 11, 11 ], "texture": "#door_acacia_upper" },
        "up":    { "uv": [ 5, 5, 11, 11 ], "texture": "#door_acacia_upper" },
        "north": { "uv": [ 5, 5, 11, 11 ], "texture": "#door_acacia_upper" },
        "south": { "uv": [ 5, 5, 11, 11 ], "texture": "#door_acacia_upper" },
        "west":  { "uv": [ 5, 5, 11, 11 ], "texture": "#door_acacia_upper" },
        "east":  { "uv": [ 5, 5, 11, 11 ], "texture": "#door_acacia_upper" }
    }
},
{
    "__comment": "zeil",
    "from": [ 8, 19.45, 22.4 ],
    "to": [ 8.0625, 24.4, 26.45 ],
    "rotation": { "origin": [ 8, 24.4, 22.4 ], "axis": "x", "angle": -45 },
    "faces": {
        "down":  { "uv": [ 0, 0, 16, 16 ], "texture": "#sandstone_top" },
        "up":    { "uv": [ 0, 0, 16, 16 ], "texture": "#sandstone_top" },
        "north": { "uv": [ 0, 0, 16, 16 ], "texture": "#sandstone_top" },
        "south": { "uv": [ 0, 0, 16, 16 ], "texture": "#sandstone_top" },
        "west":  { "uv": [ 0, 0, 16, 16 ], "texture": "#sandstone_top" },
        "east":  { "uv": [ 0, 0, 16, 16 ], "texture": "#sandstone_top" }
    }
},
{
    "__comment": "zeil*",
    "from": [ 8, 23.95, 25.55 ],
    "to": [ 8.0625, 27.1, 28.25 ],
    "rotation": { "origin": [ 8, 27.1, 25.55 ], "axis": "x", "angle": -22.5 },
    "faces": {
        "down":  { "uv": [ 0, 0, 16, 16 ], "texture": "#sandstone_top" },
        "up":    { "uv": [ 0, 0, 16, 16 ], "texture": "#sandstone_top" },
        "north": { "uv": [ 0, 0, 16, 16 ], "texture": "#sandstone_top" },
        "south": { "uv": [ 0, 0, 16, 16 ], "texture": "#sandstone_top" },
        "west":  { "uv": [ 0, 0, 16, 16 ], "texture": "#sandstone_top" },
        "east":  { "uv": [ 0, 0, 16, 16 ], "texture": "#sandstone_top" }
    }
},
{
    "__comment": "zeil*",
    "from": [ 8, 24.0063, 27.9125 ],
    "to": [ 8.0625, 25.8063, 29.2625 ],
    "rotation": { "origin": [ 8, 25.8063, 27.9125 ], "axis": "x", "angle": 22.5 },
    "faces": {
        "down":  { "uv": [ 0, 0, 16, 16 ], "texture": "#sandstone_top" },
        "up":    { "uv": [ 0, 0, 16, 16 ], "texture": "#sandstone_top" },
        "north": { "uv": [ 0, 0, 16, 16 ], "texture": "#sandstone_top" },
        "south": { "uv": [ 0, 0, 16, 16 ], "texture": "#sandstone_top" },
        "west":  { "uv": [ 0, 0, 16, 16 ], "texture": "#sandstone_top" },
        "east":  { "uv": [ 0, 0, 16, 16 ], "texture": "#sandstone_top" }
    }
},
{
    "__comment": "zeil*",
    "from": [ 8, 12.1375, 25.8875 ],
    "to": [ 8.0625, 17.0875, 29.9375 ],
    "rotation": { "origin": [ 8, 17.0875, 25.8875 ], "axis": "x", "angle": 45 },
    "faces": {
        "down":  { "uv": [ 0, 0, 16, 16 ], "texture": "#sandstone_top" },
        "up":    { "uv": [ 0, 0, 16, 16 ], "texture": "#sandstone_top" },
        "north": { "uv": [ 0, 0, 16, 16 ], "texture": "#sandstone_top" },
        "south": { "uv": [ 0, 0, 16, 16 ], "texture": "#sandstone_top" },
        "west":  { "uv": [ 0, 0, 16, 16 ], "texture": "#sandstone_top" },
        "east":  { "uv": [ 0, 0, 16, 16 ], "texture": "#sandstone_top" }
    }
},
{
    "__comment": "zeil*",
    "from": [ 8, 10.675, 26.7312 ],
    "to": [ 8.0625, 13.825, 29.4312 ],
    "rotation": { "origin": [ 8, 13.825, 26.7312 ], "axis": "x", "angle": 22.5 },
    "faces": {
        "down":  { "uv": [ 0, 0, 16, 16 ], "texture": "#sandstone_top" },
        "up":    { "uv": [ 0, 0, 16, 16 ], "texture": "#sandstone_top" },
        "north": { "uv": [ 0, 0, 16, 16 ], "texture": "#sandstone_top" },
        "south": { "uv": [ 0, 0, 16, 16 ], "texture": "#sandstone_top" },
        "west":  { "uv": [ 0, 0, 16, 16 ], "texture": "#sandstone_top" },
        "east":  { "uv": [ 0, 0, 16, 16 ], "texture": "#sandstone_top" }
    }
},
{
    "__comment": "zeil*",
    "from": [ 8, 12.025, 27.2375 ],
    "to": [ 8.0625, 13.825, 28.5875 ],
    "rotation": { "origin": [ 8, 13.825, 27.2375 ], "axis": "x", "angle": -22.5 },
    "faces": {
        "down":  { "uv": [ 0, 0, 16, 16 ], "texture": "#sandstone_top" },
        "up":    { "uv": [ 0, 0, 16, 16 ], "texture": "#sandstone_top" },
        "north": { "uv": [ 0, 0, 16, 16 ], "texture": "#sandstone_top" },
        "south": { "uv": [ 0, 0, 16, 16 ], "texture": "#sandstone_top" },
        "west":  { "uv": [ 0, 0, 16, 16 ], "texture": "#sandstone_top" },
        "east":  { "uv": [ 0, 0, 16, 16 ], "texture": "#sandstone_top" }
    }
},
{
    "__comment": "frame*",
    "from": [ 7.55, 13.3188, 22.5688 ],
    "to": [ 8.45, 14.2188, 27.0688 ],
    "rotation": { "origin": [ 7.55, 14.2188, 22.5688 ], "axis": "x", "angle": 45 },
    "faces": {
        "down":  { "uv": [ 5, 5, 11, 11 ], "texture": "#door_acacia_upper" },
        "up":    { "uv": [ 5, 5, 11, 11 ], "texture": "#door_acacia_upper" },
        "north": { "uv": [ 5, 5, 11, 11 ], "texture": "#door_acacia_upper" },
        "south": { "uv": [ 5, 5, 11, 11 ], "texture": "#door_acacia_upper" },
        "west":  { "uv": [ 5, 5, 11, 11 ], "texture": "#door_acacia_upper" },
        "east":  { "uv": [ 5, 5, 11, 11 ], "texture": "#door_acacia_upper" }
    }
},
{
    "__comment": "zeil*",
    "from": [ 9.9125, 18.9375, 25.8875 ],
    "to": [ 14.8625, 19, 29.9375 ],
    "rotation": { "origin": [ 9.9125, 18.9375, 25.8875 ], "axis": "y", "angle": 45 },
    "faces": {
        "down":  { "uv": [ 0, 0, 16, 16 ], "texture": "#sandstone_top" },
        "up":    { "uv": [ 0, 0, 16, 16 ], "texture": "#sandstone_top" },
        "north": { "uv": [ 0, 0, 16, 16 ], "texture": "#sandstone_top" },
        "south": { "uv": [ 0, 0, 16, 16 ], "texture": "#sandstone_top" },
        "west":  { "uv": [ 0, 0, 16, 16 ], "texture": "#sandstone_top" },
        "east":  { "uv": [ 0, 0, 16, 16 ], "texture": "#sandstone_top" }
    }
},
{
    "__comment": "zeil*",
    "from": [ 2.6, 18.9375, 22.4 ],
    "to": [ 7.55, 19, 26.45 ],
    "rotation": { "origin": [ 2.6, 18.9375, 22.4 ], "axis": "y", "angle": -45 },
    "faces": {
        "down":  { "uv": [ 0, 0, 16, 16 ], "texture": "#sandstone_top" },
        "up":    { "uv": [ 0, 0, 16, 16 ], "texture": "#sandstone_top" },
        "north": { "uv": [ 0, 0, 16, 16 ], "texture": "#sandstone_top" },
        "south": { "uv": [ 0, 0, 16, 16 ], "texture": "#sandstone_top" },
        "west":  { "uv": [ 0, 0, 16, 16 ], "texture": "#sandstone_top" },
        "east":  { "uv": [ 0, 0, 16, 16 ], "texture": "#sandstone_top" }
    }
},
{
    "__comment": "zeil*",
    "from": [ 13.175, 18.9375, 26.7312 ],
    "to": [ 16.325, 19, 29.4312 ],
    "rotation": { "origin": [ 13.175, 18.9375, 26.7312 ], "axis": "y", "angle": 22.5 },
    "faces": {
        "down":  { "uv": [ 0, 0, 16, 16 ], "texture": "#sandstone_top" },
        "up":    { "uv": [ 0, 0, 16, 16 ], "texture": "#sandstone_top" },
        "north": { "uv": [ 0, 0, 16, 16 ], "texture": "#sandstone_top" },
        "south": { "uv": [ 0, 0, 16, 16 ], "texture": "#sandstone_top" },
        "west":  { "uv": [ 0, 0, 16, 16 ], "texture": "#sandstone_top" },
        "east":  { "uv": [ 0, 0, 16, 16 ], "texture": "#sandstone_top" }
    }
},
{
    "__comment": "zeil*",
    "from": [ -0.1, 18.9375, 25.55 ],
    "to": [ 3.05, 19, 28.25 ],
    "rotation": { "origin": [ -0.1, 18.9375, 25.55 ], "axis": "y", "angle": -22.5 },
    "faces": {
        "down":  { "uv": [ 0, 0, 16, 16 ], "texture": "#sandstone_top" },
        "up":    { "uv": [ 0, 0, 16, 16 ], "texture": "#sandstone_top" },
        "north": { "uv": [ 0, 0, 16, 16 ], "texture": "#sandstone_top" },
        "south": { "uv": [ 0, 0, 16, 16 ], "texture": "#sandstone_top" },
        "west":  { "uv": [ 0, 0, 16, 16 ], "texture": "#sandstone_top" },
        "east":  { "uv": [ 0, 0, 16, 16 ], "texture": "#sandstone_top" }
    }
},
{
    "__comment": "zeil*",
    "from": [ 13.175, 18.9375, 27.2375 ],
    "to": [ 14.975, 19, 28.5875 ],
    "rotation": { "origin": [ 13.175, 18.9375, 27.2375 ], "axis": "y", "angle": -22.5 },
    "faces": {
        "down":  { "uv": [ 0, 0, 16, 16 ], "texture": "#sandstone_top" },
        "up":    { "uv": [ 0, 0, 16, 16 ], "texture": "#sandstone_top" },
        "north": { "uv": [ 0, 0, 16, 16 ], "texture": "#sandstone_top" },
        "south": { "uv": [ 0, 0, 16, 16 ], "texture": "#sandstone_top" },
        "west":  { "uv": [ 0, 0, 16, 16 ], "texture": "#sandstone_top" },
        "east":  { "uv": [ 0, 0, 16, 16 ], "texture": "#sandstone_top" }
    }
},
{
    "__comment": "zeil*",
    "from": [ 1.19375, 18.9375, 27.9125 ],
    "to": [ 2.99375, 19, 29.2625 ],
    "rotation": { "origin": [ 1.19375, 18.9375, 27.9125 ], "axis": "y", "angle": 22.5 },
    "faces": {
        "down":  { "uv": [ 0, 0, 16, 16 ], "texture": "#sandstone_top" },
        "up":    { "uv": [ 0, 0, 16, 16 ], "texture": "#sandstone_top" },
        "north": { "uv": [ 0, 0, 16, 16 ], "texture": "#sandstone_top" },
        "south": { "uv": [ 0, 0, 16, 16 ], "texture": "#sandstone_top" },
        "west":  { "uv": [ 0, 0, 16, 16 ], "texture": "#sandstone_top" },
        "east":  { "uv": [ 0, 0, 16, 16 ], "texture": "#sandstone_top" }
    }
},
{
    "from": [ 8, 15.85, -1.1125 ],
    "to": [ 18.8, 26.65, 15.9875 ],
    "rotation": { "origin": [ 8, 26.65, -1.1125 ], "axis": "z", "angle": -45 },
    "faces": {
        "down":  { "uv": [ 0, 0, 16, 16 ], "texture": "#texture" },
        "up":    { "uv": [ 0, 0, 16, 16 ], "texture": "#texture" },
        "north": { "uv": [ 0, 0, 16, 16 ], "texture": "#texture" },
        "south": { "uv": [ 0, 0, 16, 16 ], "texture": "#texture" },
        "west":  { "uv": [ 0, 0, 16, 16 ], "texture": "#texture" },
        "east":  { "uv": [ 0, 0, 16, 16 ], "texture": "#texture" }
    }
},
{
    "from": [ 8, 16.075, -2.8 ],
    "to": [ 17.9, 25.975, -1 ],
    "rotation": { "origin": [ 8, 25.975, -2.8 ], "axis": "z", "angle": -45 },
    "faces": {
        "down":  { "uv": [ 0, 0, 16, 16 ], "texture": "#texture" },
        "up":    { "uv": [ 0, 0, 16, 16 ], "texture": "#texture" },
        "north": { "uv": [ 0, 0, 16, 16 ], "texture": "#texture" },
        "south": { "uv": [ 0, 0, 16, 16 ], "texture": "#texture" },
        "west":  { "uv": [ 0, 0, 16, 16 ], "texture": "#texture" },
        "east":  { "uv": [ 0, 0, 16, 16 ], "texture": "#texture" }
    }
},
{
    "from": [ 8, 16.3562, 17.45 ],
    "to": [ 17, 25.3562, 19.25 ],
    "rotation": { "origin": [ 8, 25.3562, 17.45 ], "axis": "z", "angle": -45 },
    "faces": {
        "down":  { "uv": [ 0, 0, 16, 16 ], "texture": "#texture" },
        "up":    { "uv": [ 0, 0, 16, 16 ], "texture": "#texture" },
        "north": { "uv": [ 0, 0, 16, 16 ], "texture": "#texture" },
        "south": { "uv": [ 0, 0, 16, 16 ], "texture": "#texture" },
        "west":  { "uv": [ 0, 0, 16, 16 ], "texture": "#texture" },
        "east":  { "uv": [ 0, 0, 16, 16 ], "texture": "#texture" }
    }
},
{
    "from": [ 8, 16.3562, -4.6 ],
    "to": [ 17, 25.3562, -2.8 ],
    "rotation": { "origin": [ 8, 25.3562, -4.6 ], "axis": "z", "angle": -45 },
    "faces": {
        "down":  { "uv": [ 0, 0, 16, 16 ], "texture": "#texture" },
        "up":    { "uv": [ 0, 0, 16, 16 ], "texture": "#texture" },
        "north": { "uv": [ 0, 0, 16, 16 ], "texture": "#texture" },
        "south": { "uv": [ 0, 0, 16, 16 ], "texture": "#texture" },
        "west":  { "uv": [ 0, 0, 16, 16 ], "texture": "#texture" },
        "east":  { "uv": [ 0, 0, 16, 16 ], "texture": "#texture" }
    }
},
{
    "from": [ 1.025, 9.1, 15.65 ],
    "to": [ 10.925, 19, 17.45 ],
    "rotation": { "origin": [ 1.025, 19, 15.65 ], "axis": "z", "angle": 45 },
    "faces": {
        "down":  { "uv": [ 0, 0, 16, 16 ], "texture": "#texture" },
        "up":    { "uv": [ 0, 0, 16, 16 ], "texture": "#texture" },
        "north": { "uv": [ 0, 0, 16, 16 ], "texture": "#texture" },
        "south": { "uv": [ 0, 0, 16, 16 ], "texture": "#texture" },
        "west":  { "uv": [ 0, 0, 16, 16 ], "texture": "#texture" },
        "east":  { "uv": [ 0, 0, 16, 16 ], "texture": "#texture" }
    }
},
{
    "from": [ 8, 16.6375, 19.25 ],
    "to": [ 16.1, 24.7375, 21.05 ],
    "rotation": { "origin": [ 8, 24.7375, 19.25 ], "axis": "z", "angle": -45 },
    "faces": {
        "down":  { "uv": [ 0, 0, 16, 16 ], "texture": "#texture" },
        "up":    { "uv": [ 0, 0, 16, 16 ], "texture": "#texture" },
        "north": { "uv": [ 0, 0, 16, 16 ], "texture": "#texture" },
        "south": { "uv": [ 0, 0, 16, 16 ], "texture": "#texture" },
        "west":  { "uv": [ 0, 0, 16, 16 ], "texture": "#texture" },
        "east":  { "uv": [ 0, 0, 16, 16 ], "texture": "#texture" }
    }
},
{
    "from": [ 8, 16.6375, -5.95 ],
    "to": [ 16.1, 24.7375, -4.6 ],
    "rotation": { "origin": [ 8, 24.7375, -5.95 ], "axis": "z", "angle": -45 },
    "faces": {
        "down":  { "uv": [ 0, 0, 16, 16 ], "texture": "#texture" },
        "up":    { "uv": [ 0, 0, 16, 16 ], "texture": "#texture" },
        "north": { "uv": [ 0, 0, 16, 16 ], "texture": "#texture" },
        "south": { "uv": [ 0, 0, 16, 16 ], "texture": "#texture" },
        "west":  { "uv": [ 0, 0, 16, 16 ], "texture": "#texture" },
        "east":  { "uv": [ 0, 0, 16, 16 ], "texture": "#texture" }
    }
},
{
    "from": [ 8, 16.9188, -7.3 ],
    "to": [ 15.2, 24.1188, -5.95 ],
    "rotation": { "origin": [ 8, 24.1188, -7.3 ], "axis": "z", "angle": -45 },
    "faces": {
        "down":  { "uv": [ 0, 0, 16, 16 ], "texture": "#texture" },
        "up":    { "uv": [ 0, 0, 16, 16 ], "texture": "#texture" },
        "north": { "uv": [ 0, 0, 16, 16 ], "texture": "#texture" },
        "south": { "uv": [ 0, 0, 16, 16 ], "texture": "#texture" },
        "west":  { "uv": [ 0, 0, 16, 16 ], "texture": "#texture" },
        "east":  { "uv": [ 0, 0, 16, 16 ], "texture": "#texture" }
    }
},
{
    "from": [ 8, 16.9188, 21.05 ],
    "to": [ 15.2, 24.1188, 22.4 ],
    "rotation": { "origin": [ 8, 24.1188, 21.05 ], "axis": "z", "angle": -45 },
    "faces": {
        "down":  { "uv": [ 0, 0, 16, 16 ], "texture": "#texture" },
        "up":    { "uv": [ 0, 0, 16, 16 ], "texture": "#texture" },
        "north": { "uv": [ 0, 0, 16, 16 ], "texture": "#texture" },
        "south": { "uv": [ 0, 0, 16, 16 ], "texture": "#texture" },
        "west":  { "uv": [ 0, 0, 16, 16 ], "texture": "#texture" },
        "east":  { "uv": [ 0, 0, 16, 16 ], "texture": "#texture" }
    }
},
{
    "from": [ 8, 17.1438, -8.2 ],
    "to": [ 14.3, 23.4438, -7.3 ],
    "rotation": { "origin": [ 8, 23.4438, -8.2 ], "axis": "z", "angle": -45 },
    "faces": {
        "down":  { "uv": [ 0, 0, 16, 16 ], "texture": "#texture" },
        "up":    { "uv": [ 0, 0, 16, 16 ], "texture": "#texture" },
        "north": { "uv": [ 0, 0, 16, 16 ], "texture": "#texture" },
        "south": { "uv": [ 0, 0, 16, 16 ], "texture": "#texture" },
        "west":  { "uv": [ 0, 0, 16, 16 ], "texture": "#texture" },
        "east":  { "uv": [ 0, 0, 16, 16 ], "texture": "#texture" }
    }
},
{
    "from": [ 8, 17.1438, 22.4 ],
    "to": [ 14.3, 23.4438, 23.75 ],
    "rotation": { "origin": [ 8, 23.4438, 22.4 ], "axis": "z", "angle": -45 },
    "faces": {
        "down":  { "uv": [ 0, 0, 16, 16 ], "texture": "#texture" },
        "up":    { "uv": [ 0, 0, 16, 16 ], "texture": "#texture" },
        "north": { "uv": [ 0, 0, 16, 16 ], "texture": "#texture" },
        "south": { "uv": [ 0, 0, 16, 16 ], "texture": "#texture" },
        "west":  { "uv": [ 0, 0, 16, 16 ], "texture": "#texture" },
        "east":  { "uv": [ 0, 0, 16, 16 ], "texture": "#texture" }
    }
},
{
    "from": [ 8, 17.425, -8.65 ],
    "to": [ 13.4, 22.825, -8.2 ],
    "rotation": { "origin": [ 8, 22.825, -8.65 ], "axis": "z", "angle": -45 },
    "faces": {
        "down":  { "uv": [ 0, 0, 16, 16 ], "texture": "#texture" },
        "up":    { "uv": [ 0, 0, 16, 16 ], "texture": "#texture" },
        "north": { "uv": [ 0, 0, 16, 16 ], "texture": "#texture" },
        "south": { "uv": [ 0, 0, 16, 16 ], "texture": "#texture" },
        "west":  { "uv": [ 0, 0, 16, 16 ], "texture": "#texture" },
        "east":  { "uv": [ 0, 0, 16, 16 ], "texture": "#texture" }
    }
},
{
    "from": [ 4.79375, 14.5, -9.1 ],
    "to": [ 9.29375, 19, -8.65 ],
    "rotation": { "origin": [ 4.79375, 19, -9.1 ], "axis": "z", "angle": 45 },
    "faces": {
        "down":  { "uv": [ 0, 0, 16, 16 ], "texture": "#texture" },
        "up":    { "uv": [ 0, 0, 16, 16 ], "texture": "#texture" },
        "north": { "uv": [ 0, 0, 16, 16 ], "texture": "#texture" },
        "south": { "uv": [ 0, 0, 16, 16 ], "texture": "#texture" },
        "west":  { "uv": [ 0, 0, 16, 16 ], "texture": "#texture" },
        "east":  { "uv": [ 0, 0, 16, 16 ], "texture": "#texture" }
    }
},
{
    "from": [ 5.4125, 15.3438, -9.55 ],
    "to": [ 9.0125, 18.9438, -9.1 ],
    "rotation": { "origin": [ 5.4125, 18.9438, -9.55 ], "axis": "z", "angle": 45 },
    "faces": {
        "down":  { "uv": [ 0, 0, 16, 16 ], "texture": "#texture" },
        "up":    { "uv": [ 0, 0, 16, 16 ], "texture": "#texture" },
        "north": { "uv": [ 0, 0, 16, 16 ], "texture": "#texture" },
        "south": { "uv": [ 0, 0, 16, 16 ], "texture": "#texture" },
        "west":  { "uv": [ 0, 0, 16, 16 ], "texture": "#texture" },
        "east":  { "uv": [ 0, 0, 16, 16 ], "texture": "#texture" }
    }
},
{
    "from": [ 8.05625, 18.1563, -10 ],
    "to": [ 10.7563, 20.8562, -9.55 ],
    "rotation": { "origin": [ 8.05625, 20.8562, -10 ], "axis": "z", "angle": -45 },
    "faces": {
        "down":  { "uv": [ 0, 0, 16, 16 ], "texture": "#texture" },
        "up":    { "uv": [ 0, 0, 16, 16 ], "texture": "#texture" },
        "north": { "uv": [ 0, 0, 16, 16 ], "texture": "#texture" },
        "south": { "uv": [ 0, 0, 16, 16 ], "texture": "#texture" },
        "west":  { "uv": [ 0, 0, 16, 16 ], "texture": "#texture" },
        "east":  { "uv": [ 0, 0, 16, 16 ], "texture": "#texture" }
    }
},
{
    "from": [ 8, 17.425, 23.75 ],
    "to": [ 13.4, 22.825, 24.65 ],
    "rotation": { "origin": [ 8, 22.825, 23.75 ], "axis": "z", "angle": -45 },
    "faces": {
        "down":  { "uv": [ 0, 0, 16, 16 ], "texture": "#texture" },
        "up":    { "uv": [ 0, 0, 16, 16 ], "texture": "#texture" },
        "north": { "uv": [ 0, 0, 16, 16 ], "texture": "#texture" },
        "south": { "uv": [ 0, 0, 16, 16 ], "texture": "#texture" },
        "west":  { "uv": [ 0, 0, 16, 16 ], "texture": "#texture" },
        "east":  { "uv": [ 0, 0, 16, 16 ], "texture": "#texture" }
    }
},
{
    "from": [ 8, 17.7063, 24.65 ],
    "to": [ 12.5, 22.2063, 25.55 ],
    "rotation": { "origin": [ 8, 22.2063, 24.65 ], "axis": "z", "angle": -45 },
    "faces": {
        "down":  { "uv": [ 0, 0, 16, 16 ], "texture": "#texture" },
        "up":    { "uv": [ 0, 0, 16, 16 ], "texture": "#texture" },
        "north": { "uv": [ 0, 0, 16, 16 ], "texture": "#texture" },
        "south": { "uv": [ 0, 0, 16, 16 ], "texture": "#texture" },
        "west":  { "uv": [ 0, 0, 16, 16 ], "texture": "#texture" },
        "east":  { "uv": [ 0, 0, 16, 16 ], "texture": "#texture" }
    }
},
{
    "from": [ 8, 17.9312, 25.55 ],
    "to": [ 11.6, 21.5313, 26 ],
    "rotation": { "origin": [ 8, 21.5313, 25.55 ], "axis": "z", "angle": -45 },
    "faces": {
        "down":  { "uv": [ 0, 0, 16, 16 ], "texture": "#texture" },
        "up":    { "uv": [ 0, 0, 16, 16 ], "texture": "#texture" },
        "north": { "uv": [ 0, 0, 16, 16 ], "texture": "#texture" },
        "south": { "uv": [ 0, 0, 16, 16 ], "texture": "#texture" },
        "west":  { "uv": [ 0, 0, 16, 16 ], "texture": "#texture" },
        "east":  { "uv": [ 0, 0, 16, 16 ], "texture": "#texture" }
    }
},
{
    "from": [ 8, 18.2125, 26 ],
    "to": [ 10.7, 20.9125, 26.45 ],
    "rotation": { "origin": [ 8, 20.9125, 26 ], "axis": "z", "angle": -45 },
    "faces": {
        "down":  { "uv": [ 0, 0, 16, 16 ], "texture": "#texture" },
        "up":    { "uv": [ 0, 0, 16, 16 ], "texture": "#texture" },
        "north": { "uv": [ 0, 0, 16, 16 ], "texture": "#texture" },
        "south": { "uv": [ 0, 0, 16, 16 ], "texture": "#texture" },
        "west":  { "uv": [ 0, 0, 16, 16 ], "texture": "#texture" },
        "east":  { "uv": [ 0, 0, 16, 16 ], "texture": "#texture" }
    }
},
{
    "__comment": "stoel",
    "from": [ 4.4, -3.5, 2.15 ],
    "to": [ 11.6, -3.05, 11.15 ],
    "faces": {
        "down":  { "uv": [ 0, 0, 16, 16 ], "texture": "#stoel" },
        "up":    { "uv": [ 0, 0, 16, 16 ], "texture": "#stoel" },
        "north": { "uv": [ 0, 0, 16, 16 ], "texture": "#stoel" },
        "south": { "uv": [ 0, 0, 16, 16 ], "texture": "#stoel" },
        "west":  { "uv": [ 0, 0, 16, 16 ], "texture": "#stoel" },
        "east":  { "uv": [ 0, 0, 16, 16 ], "texture": "#stoel" }
    }
},
{
    "__comment": "stoel*",
    "from": [ 4.4, 1.45, -0.1 ],
    "to": [ 4.85, 1.9, 3.95 ],
    "faces": {
        "down":  { "uv": [ 0, 0, 16, 16 ], "texture": "#stoel" },
        "up":    { "uv": [ 0, 0, 16, 16 ], "texture": "#stoel" },
        "north": { "uv": [ 0, 0, 16, 16 ], "texture": "#stoel" },
        "south": { "uv": [ 0, 0, 16, 16 ], "texture": "#stoel" },
        "west":  { "uv": [ 0, 0, 16, 16 ], "texture": "#stoel" },
        "east":  { "uv": [ 0, 0, 16, 16 ], "texture": "#stoel" }
    }
},
{
    "__comment": "stoel*",
    "from": [ 4.4, -3.725, 12.7813 ],
    "to": [ 11.6, 1.675, 13.2312 ],
    "rotation": { "origin": [ 4.4, 1.675, 12.7813 ], "axis": "x", "angle": 22.5 },
    "faces": {
        "down":  { "uv": [ 0, 0, 16, 16 ], "texture": "#stoel" },
        "up":    { "uv": [ 0, 0, 16, 16 ], "texture": "#stoel" },
        "north": { "uv": [ 0, 0, 16, 16 ], "texture": "#stoel" },
        "south": { "uv": [ 0, 0, 16, 16 ], "texture": "#stoel" },
        "west":  { "uv": [ 0, 0, 16, 16 ], "texture": "#stoel" },
        "east":  { "uv": [ 0, 0, 16, 16 ], "texture": "#stoel" }
    }
},
{
    "__comment": "stoel*",
    "from": [ 4.4, -3.89375, 0.06875 ],
    "to": [ 11.6, 1.50625, 0.51875 ],
    "rotation": { "origin": [ 4.4, 1.50625, 0.06875 ], "axis": "x", "angle": -22.5 },
    "faces": {
        "down":  { "uv": [ 0, 0, 16, 16 ], "texture": "#stoel" },
        "up":    { "uv": [ 0, 0, 16, 16 ], "texture": "#stoel" },
        "north": { "uv": [ 0, 0, 16, 16 ], "texture": "#stoel" },
        "south": { "uv": [ 0, 0, 16, 16 ], "texture": "#stoel" },
        "west":  { "uv": [ 0, 0, 16, 16 ], "texture": "#stoel" },
        "east":  { "uv": [ 0, 0, 16, 16 ], "texture": "#stoel" }
    }
},
{
    "__comment": "stoel*",
    "from": [ 4.4, 1.45, 9.35 ],
    "to": [ 4.85, 1.9, 13.4 ],
    "faces": {
        "down":  { "uv": [ 0, 0, 16, 16 ], "texture": "#stoel" },
        "up":    { "uv": [ 0, 0, 16, 16 ], "texture": "#stoel" },
        "north": { "uv": [ 0, 0, 16, 16 ], "texture": "#stoel" },
        "south": { "uv": [ 0, 0, 16, 16 ], "texture": "#stoel" },
        "west":  { "uv": [ 0, 0, 16, 16 ], "texture": "#stoel" },
        "east":  { "uv": [ 0, 0, 16, 16 ], "texture": "#stoel" }
    }
},
{
    "__comment": "stoel*",
    "from": [ 4.4, -0.8, 4.4 ],
    "to": [ 4.85, -0.35, 8.9 ],
    "faces": {
        "down":  { "uv": [ 0, 0, 16, 16 ], "texture": "#stoel" },
        "up":    { "uv": [ 0, 0, 16, 16 ], "texture": "#stoel" },
        "north": { "uv": [ 0, 0, 16, 16 ], "texture": "#stoel" },
        "south": { "uv": [ 0, 0, 16, 16 ], "texture": "#stoel" },
        "west":  { "uv": [ 0, 0, 16, 16 ], "texture": "#stoel" },
        "east":  { "uv": [ 0, 0, 16, 16 ], "texture": "#stoel" }
    }
},
{
    "__comment": "stoel*",
    "from": [ 4.4, -0.96875, 3.55625 ],
    "to": [ 4.85, 1.73125, 4.00625 ],
    "rotation": { "origin": [ 4.4, 1.73125, 3.55625 ], "axis": "x", "angle": -22.5 },
    "faces": {
        "down":  { "uv": [ 0, 0, 16, 16 ], "texture": "#stoel" },
        "up":    { "uv": [ 0, 0, 16, 16 ], "texture": "#stoel" },
        "north": { "uv": [ 0, 0, 16, 16 ], "texture": "#stoel" },
        "south": { "uv": [ 0, 0, 16, 16 ], "texture": "#stoel" },
        "west":  { "uv": [ 0, 0, 16, 16 ], "texture": "#stoel" },
        "east":  { "uv": [ 0, 0, 16, 16 ], "texture": "#stoel" }
    }
},
{
    "__comment": "stoel*",
    "from": [ 4.4, -0.8, 9.35 ],
    "to": [ 4.85, 1.9, 9.8 ],
    "rotation": { "origin": [ 4.4, 1.9, 9.35 ], "axis": "x", "angle": 22.5 },
    "faces": {
        "down":  { "uv": [ 0, 0, 16, 16 ], "texture": "#stoel" },
        "up":    { "uv": [ 0, 0, 16, 16 ], "texture": "#stoel" },
        "north": { "uv": [ 0, 0, 16, 16 ], "texture": "#stoel" },
        "south": { "uv": [ 0, 0, 16, 16 ], "texture": "#stoel" },
        "west":  { "uv": [ 0, 0, 16, 16 ], "texture": "#stoel" },
        "east":  { "uv": [ 0, 0, 16, 16 ], "texture": "#stoel" }
    }
},
{
    "__comment": "stoel*",
    "from": [ 11.15, -3.05, 2.15 ],
    "to": [ 11.6, -0.8, 11.15 ],
    "faces": {
        "down":  { "uv": [ 0, 0, 16, 16 ], "texture": "#stoel" },
        "up":    { "uv": [ 0, 0, 16, 16 ], "texture": "#stoel" },
        "north": { "uv": [ 0, 0, 16, 16 ], "texture": "#stoel" },
        "south": { "uv": [ 0, 0, 16, 16 ], "texture": "#stoel" },
        "west":  { "uv": [ 0, 0, 16, 16 ], "texture": "#stoel" },
        "east":  { "uv": [ 0, 0, 16, 16 ], "texture": "#stoel" }
    }
},
{
    "__comment": "stoel*",
    "from": [ 11.15, -0.8, 4.4 ],
    "to": [ 11.6, -0.35, 8.9 ],
    "faces": {
        "down":  { "uv": [ 0, 0, 16, 16 ], "texture": "#stoel" },
        "up":    { "uv": [ 0, 0, 16, 16 ], "texture": "#stoel" },
        "north": { "uv": [ 0, 0, 16, 16 ], "texture": "#stoel" },
        "south": { "uv": [ 0, 0, 16, 16 ], "texture": "#stoel" },
        "west":  { "uv": [ 0, 0, 16, 16 ], "texture": "#stoel" },
        "east":  { "uv": [ 0, 0, 16, 16 ], "texture": "#stoel" }
    }
},
{
    "__comment": "stoel*",
    "from": [ 11.15, -0.96875, 3.55625 ],
    "to": [ 11.6, 1.73125, 4.00625 ],
    "rotation": { "origin": [ 11.15, 1.73125, 3.55625 ], "axis": "x", "angle": -22.5 },
    "faces": {
        "down":  { "uv": [ 0, 0, 16, 16 ], "texture": "#stoel" },
        "up":    { "uv": [ 0, 0, 16, 16 ], "texture": "#stoel" },
        "north": { "uv": [ 0, 0, 16, 16 ], "texture": "#stoel" },
        "south": { "uv": [ 0, 0, 16, 16 ], "texture": "#stoel" },
        "west":  { "uv": [ 0, 0, 16, 16 ], "texture": "#stoel" },
        "east":  { "uv": [ 0, 0, 16, 16 ], "texture": "#stoel" }
    }
},
{
    "__comment": "stoel*",
    "from": [ 11.15, -0.8, 9.35 ],
    "to": [ 11.6, 1.9, 9.8 ],
    "rotation": { "origin": [ 11.15, 1.9, 9.35 ], "axis": "x", "angle": 22.5 },
    "faces": {
        "down":  { "uv": [ 0, 0, 16, 16 ], "texture": "#stoel" },
        "up":    { "uv": [ 0, 0, 16, 16 ], "texture": "#stoel" },
        "north": { "uv": [ 0, 0, 16, 16 ], "texture": "#stoel" },
        "south": { "uv": [ 0, 0, 16, 16 ], "texture": "#stoel" },
        "west":  { "uv": [ 0, 0, 16, 16 ], "texture": "#stoel" },
        "east":  { "uv": [ 0, 0, 16, 16 ], "texture": "#stoel" }
    }
},
{
    "__comment": "stoel*",
    "from": [ 4.4, -3.05, 2.15 ],
    "to": [ 4.85, -0.8, 11.15 ],
    "faces": {
        "down":  { "uv": [ 0, 0, 16, 16 ], "texture": "#stoel" },
        "up":    { "uv": [ 0, 0, 16, 16 ], "texture": "#stoel" },
        "north": { "uv": [ 0, 0, 16, 16 ], "texture": "#stoel" },
        "south": { "uv": [ 0, 0, 16, 16 ], "texture": "#stoel" },
        "west":  { "uv": [ 0, 0, 16, 16 ], "texture": "#stoel" },
        "east":  { "uv": [ 0, 0, 16, 16 ], "texture": "#stoel" }
    }
},
{
    "__comment": "stoel*",
    "from": [ 11.15, 1.45, 9.35 ],
    "to": [ 11.6, 1.9, 13.4 ],
    "faces": {
        "down":  { "uv": [ 0, 0, 16, 16 ], "texture": "#stoel" },
        "up":    { "uv": [ 0, 0, 16, 16 ], "texture": "#stoel" },
        "north": { "uv": [ 0, 0, 16, 16 ], "texture": "#stoel" },
        "south": { "uv": [ 0, 0, 16, 16 ], "texture": "#stoel" },
        "west":  { "uv": [ 0, 0, 16, 16 ], "texture": "#stoel" },
        "east":  { "uv": [ 0, 0, 16, 16 ], "texture": "#stoel" }
    }
},
{
    "__comment": "stoel*",
    "from": [ 11.15, 1.45, -0.1 ],
    "to": [ 11.6, 1.9, 3.95 ],
    "faces": {
        "down":  { "uv": [ 0, 0, 16, 16 ], "texture": "#stoel" },
        "up":    { "uv": [ 0, 0, 16, 16 ], "texture": "#stoel" },
        "north": { "uv": [ 0, 0, 16, 16 ], "texture": "#stoel" },
        "south": { "uv": [ 0, 0, 16, 16 ], "texture": "#stoel" },
        "west":  { "uv": [ 0, 0, 16, 16 ], "texture": "#stoel" },
        "east":  { "uv": [ 0, 0, 16, 16 ], "texture": "#stoel" }
    }
},
{
    "__comment": "stoel*",
    "from": [ 4.85, 1.45, -0.1 ],
    "to": [ 11.15, 1.9, 0.8 ],
    "faces": {
        "down":  { "uv": [ 0, 0, 16, 16 ], "texture": "#stoel" },
        "up":    { "uv": [ 0, 0, 16, 16 ], "texture": "#stoel" },
        "north": { "uv": [ 0, 0, 16, 16 ], "texture": "#stoel" },
        "south": { "uv": [ 0, 0, 16, 16 ], "texture": "#stoel" },
        "west":  { "uv": [ 0, 0, 16, 16 ], "texture": "#stoel" },
        "east":  { "uv": [ 0, 0, 16, 16 ], "texture": "#stoel" }
    }
},
{
    "__comment": "stoel*",
    "from": [ 4.85, 1.45, 12.5 ],
    "to": [ 11.15, 1.9, 13.4 ],
    "faces": {
        "down":  { "uv": [ 0, 0, 16, 16 ], "texture": "#stoel" },
        "up":    { "uv": [ 0, 0, 16, 16 ], "texture": "#stoel" },
        "north": { "uv": [ 0, 0, 16, 16 ], "texture": "#stoel" },
        "south": { "uv": [ 0, 0, 16, 16 ], "texture": "#stoel" },
        "west":  { "uv": [ 0, 0, 16, 16 ], "texture": "#stoel" },
        "east":  { "uv": [ 0, 0, 16, 16 ], "texture": "#stoel" }
    }
},
{
    "__comment": "zitvlak",
    "from": [ 4.85, -3.05, 2.15 ],
    "to": [ 11.15, -1.25, 4.85 ],
    "faces": {
        "down":  { "uv": [ 0, 0, 16, 16 ], "texture": "#anvil_base" },
        "up":    { "uv": [ 0, 0, 16, 16 ], "texture": "#anvil_base" },
        "north": { "uv": [ 0, 0, 16, 16 ], "texture": "#anvil_base" },
        "south": { "uv": [ 0, 0, 16, 16 ], "texture": "#anvil_base" },
        "west":  { "uv": [ 0, 0, 16, 16 ], "texture": "#anvil_base" },
        "east":  { "uv": [ 0, 0, 16, 16 ], "texture": "#anvil_base" }
    }
},
{
    "__comment": "zitvlak*",
    "from": [ 4.85, -1.7, 1.7 ],
    "to": [ 11.15, -1.25, 2.15 ],
    "faces": {
        "down":  { "uv": [ 0, 0, 16, 16 ], "texture": "#anvil_base" },
        "up":    { "uv": [ 0, 0, 16, 16 ], "texture": "#anvil_base" },
        "north": { "uv": [ 0, 0, 16, 16 ], "texture": "#anvil_base" },
        "south": { "uv": [ 0, 0, 16, 16 ], "texture": "#anvil_base" },
        "west":  { "uv": [ 0, 0, 16, 16 ], "texture": "#anvil_base" },
        "east":  { "uv": [ 0, 0, 16, 16 ], "texture": "#anvil_base" }
    }
},
{
    "__comment": "zitvlak*",
    "from": [ 4.85, -1.7, 11.15 ],
    "to": [ 11.15, -1.25, 11.6 ],
    "faces": {
        "down":  { "uv": [ 0, 0, 16, 16 ], "texture": "#anvil_base" },
        "up":    { "uv": [ 0, 0, 16, 16 ], "texture": "#anvil_base" },
        "north": { "uv": [ 0, 0, 16, 16 ], "texture": "#anvil_base" },
        "south": { "uv": [ 0, 0, 16, 16 ], "texture": "#anvil_base" },
        "west":  { "uv": [ 0, 0, 16, 16 ], "texture": "#anvil_base" },
        "east":  { "uv": [ 0, 0, 16, 16 ], "texture": "#anvil_base" }
    }
},
{
    "__comment": "zitvlak*",
    "from": [ 4.85, -3.05, 8.45 ],
    "to": [ 11.15, -1.25, 11.15 ],
    "faces": {
        "down":  { "uv": [ 0, 0, 16, 16 ], "texture": "#anvil_base" },
        "up":    { "uv": [ 0, 0, 16, 16 ], "texture": "#anvil_base" },
        "north": { "uv": [ 0, 0, 16, 16 ], "texture": "#anvil_base" },
        "south": { "uv": [ 0, 0, 16, 16 ], "texture": "#anvil_base" },
        "west":  { "uv": [ 0, 0, 16, 16 ], "texture": "#anvil_base" },
        "east":  { "uv": [ 0, 0, 16, 16 ], "texture": "#anvil_base" }
    }
},
{
    "__comment": "stoel*",
    "from": [ 11.15, -2.15, 11.15 ],
    "to": [ 11.6, -0.8, 11.6 ],
    "faces": {
        "down":  { "uv": [ 0, 0, 16, 16 ], "texture": "#stoel" },
        "up":    { "uv": [ 0, 0, 16, 16 ], "texture": "#stoel" },
        "north": { "uv": [ 0, 0, 16, 16 ], "texture": "#stoel" },
        "south": { "uv": [ 0, 0, 16, 16 ], "texture": "#stoel" },
        "west":  { "uv": [ 0, 0, 16, 16 ], "texture": "#stoel" },
        "east":  { "uv": [ 0, 0, 16, 16 ], "texture": "#stoel" }
    }
},
{
    "__comment": "stoel*",
    "from": [ 11.15, -2.15, 1.7 ],
    "to": [ 11.6, -0.8, 2.15 ],
    "faces": {
        "down":  { "uv": [ 0, 0, 16, 16 ], "texture": "#stoel" },
        "up":    { "uv": [ 0, 0, 16, 16 ], "texture": "#stoel" },
        "north": { "uv": [ 0, 0, 16, 16 ], "texture": "#stoel" },
        "south": { "uv": [ 0, 0, 16, 16 ], "texture": "#stoel" },
        "west":  { "uv": [ 0, 0, 16, 16 ], "texture": "#stoel" },
        "east":  { "uv": [ 0, 0, 16, 16 ], "texture": "#stoel" }
    }
},
{
    "__comment": "stoel*",
    "from": [ 11.15, -1.25, 1.25 ],
    "to": [ 11.6, -0.8, 1.7 ],
    "faces": {
        "down":  { "uv": [ 0, 0, 16, 16 ], "texture": "#stoel" },
        "up":    { "uv": [ 0, 0, 16, 16 ], "texture": "#stoel" },
        "north": { "uv": [ 0, 0, 16, 16 ], "texture": "#stoel" },
        "south": { "uv": [ 0, 0, 16, 16 ], "texture": "#stoel" },
        "west":  { "uv": [ 0, 0, 16, 16 ], "texture": "#stoel" },
        "east":  { "uv": [ 0, 0, 16, 16 ], "texture": "#stoel" }
    }
},
{
    "__comment": "stoel*",
    "from": [ 11.15, -1.25, 11.6 ],
    "to": [ 11.6, -0.8, 12.05 ],
    "faces": {
        "down":  { "uv": [ 0, 0, 16, 16 ], "texture": "#stoel" },
        "up":    { "uv": [ 0, 0, 16, 16 ], "texture": "#stoel" },
        "north": { "uv": [ 0, 0, 16, 16 ], "texture": "#stoel" },
        "south": { "uv": [ 0, 0, 16, 16 ], "texture": "#stoel" },
        "west":  { "uv": [ 0, 0, 16, 16 ], "texture": "#stoel" },
        "east":  { "uv": [ 0, 0, 16, 16 ], "texture": "#stoel" }
    }
},
{
    "__comment": "stoel*",
    "from": [ 4.4, -2.15, 11.15 ],
    "to": [ 4.85, -0.8, 11.6 ],
    "faces": {
        "down":  { "uv": [ 0, 0, 16, 16 ], "texture": "#stoel" },
        "up":    { "uv": [ 0, 0, 16, 16 ], "texture": "#stoel" },
        "north": { "uv": [ 0, 0, 16, 16 ], "texture": "#stoel" },
        "south": { "uv": [ 0, 0, 16, 16 ], "texture": "#stoel" },
        "west":  { "uv": [ 0, 0, 16, 16 ], "texture": "#stoel" },
        "east":  { "uv": [ 0, 0, 16, 16 ], "texture": "#stoel" }
    }
},
{
    "__comment": "stoel*",
    "from": [ 4.4, -2.15, 1.7 ],
    "to": [ 4.85, -0.8, 2.15 ],
    "faces": {
        "down":  { "uv": [ 0, 0, 16, 16 ], "texture": "#stoel" },
        "up":    { "uv": [ 0, 0, 16, 16 ], "texture": "#stoel" },
        "north": { "uv": [ 0, 0, 16, 16 ], "texture": "#stoel" },
        "south": { "uv": [ 0, 0, 16, 16 ], "texture": "#stoel" },
        "west":  { "uv": [ 0, 0, 16, 16 ], "texture": "#stoel" },
        "east":  { "uv": [ 0, 0, 16, 16 ], "texture": "#stoel" }
    }
},
{
    "__comment": "stoel*",
    "from": [ 4.4, -1.25, 1.25 ],
    "to": [ 4.85, -0.8, 1.7 ],
    "faces": {
        "down":  { "uv": [ 0, 0, 16, 16 ], "texture": "#stoel" },
        "up":    { "uv": [ 0, 0, 16, 16 ], "texture": "#stoel" },
        "north": { "uv": [ 0, 0, 16, 16 ], "texture": "#stoel" },
        "south": { "uv": [ 0, 0, 16, 16 ], "texture": "#stoel" },
        "west":  { "uv": [ 0, 0, 16, 16 ], "texture": "#stoel" },
        "east":  { "uv": [ 0, 0, 16, 16 ], "texture": "#stoel" }
    }
},
{
    "__comment": "stoel*",
    "from": [ 4.4, -1.25, 1.25 ],
    "to": [ 4.85, -0.8, 1.7 ],
    "faces": {
        "down":  { "uv": [ 0, 0, 16, 16 ], "texture": "#stoel" },
        "up":    { "uv": [ 0, 0, 16, 16 ], "texture": "#stoel" },
        "north": { "uv": [ 0, 0, 16, 16 ], "texture": "#stoel" },
        "south": { "uv": [ 0, 0, 16, 16 ], "texture": "#stoel" },
        "west":  { "uv": [ 0, 0, 16, 16 ], "texture": "#stoel" },
        "east":  { "uv": [ 0, 0, 16, 16 ], "texture": "#stoel" }
    }
},
{
    "__comment": "stoel*",
    "from": [ 4.4, -1.25, 11.6 ],
    "to": [ 4.85, -0.8, 12.05 ],
    "faces": {
        "down":  { "uv": [ 0, 0, 16, 16 ], "texture": "#stoel" },
        "up":    { "uv": [ 0, 0, 16, 16 ], "texture": "#stoel" },
        "north": { "uv": [ 0, 0, 16, 16 ], "texture": "#stoel" },
        "south": { "uv": [ 0, 0, 16, 16 ], "texture": "#stoel" },
        "west":  { "uv": [ 0, 0, 16, 16 ], "texture": "#stoel" },
        "east":  { "uv": [ 0, 0, 16, 16 ], "texture": "#stoel" }
    }
},
{
    "__comment": "hekkie*",
    "from": [ 11.15, -0.8, 9.35 ],
    "to": [ 11.2125, 1.45, 12.05 ],
    "faces": {
        "down":  { "uv": [ 0, 2.5, 16, 15.5 ], "texture": "#wodih" },
        "up":    { "uv": [ 0, 2.5, 16, 15.5 ], "texture": "#wodih" },
        "north": { "uv": [ 0, 2.5, 16, 15.5 ], "texture": "#wodih" },
        "south": { "uv": [ 0, 2.5, 16, 15.5 ], "texture": "#wodih" },
        "west":  { "uv": [ 0, 2.5, 16, 15.5 ], "texture": "#wodih" },
        "east":  { "uv": [ 0, 2.5, 16, 15.5 ], "texture": "#wodih" }
    }
},
{
    "__comment": "hekkie*",
    "from": [ 11.15, -0.8, 1.25 ],
    "to": [ 11.2125, 1.45, 3.95 ],
    "faces": {
        "down":  { "uv": [ 0, 2.5, 16, 15.5 ], "texture": "#wodih" },
        "up":    { "uv": [ 0, 2.5, 16, 15.5 ], "texture": "#wodih" },
        "north": { "uv": [ 0, 2.5, 16, 15.5 ], "texture": "#wodih" },
        "south": { "uv": [ 0, 2.5, 16, 15.5 ], "texture": "#wodih" },
        "west":  { "uv": [ 0, 2.5, 16, 15.5 ], "texture": "#wodih" },
        "east":  { "uv": [ 0, 2.5, 16, 15.5 ], "texture": "#wodih" }
    }
},
{
    "__comment": "hekkie*",
    "from": [ 4.85, -0.8, 1.25 ],
    "to": [ 4.9125, 1.45, 3.95 ],
    "faces": {
        "down":  { "uv": [ 0, 2.5, 16, 15.5 ], "texture": "#wodih" },
        "up":    { "uv": [ 0, 2.5, 16, 15.5 ], "texture": "#wodih" },
        "north": { "uv": [ 0, 2.5, 16, 15.5 ], "texture": "#wodih" },
        "south": { "uv": [ 0, 2.5, 16, 15.5 ], "texture": "#wodih" },
        "west":  { "uv": [ 0, 2.5, 16, 15.5 ], "texture": "#wodih" },
        "east":  { "uv": [ 0, 2.5, 16, 15.5 ], "texture": "#wodih" }
    }
},
{
    "__comment": "hekkie*",
    "from": [ 4.85, -0.8, 9.35 ],
    "to": [ 4.9125, 1.45, 12.05 ],
    "faces": {
        "down":  { "uv": [ 0, 2.5, 16, 15.5 ], "texture": "#wodih" },
        "up":    { "uv": [ 0, 2.5, 16, 15.5 ], "texture": "#wodih" },
        "north": { "uv": [ 0, 2.5, 16, 15.5 ], "texture": "#wodih" },
        "south": { "uv": [ 0, 2.5, 16, 15.5 ], "texture": "#wodih" },
        "west":  { "uv": [ 0, 2.5, 16, 15.5 ], "texture": "#wodih" },
        "east":  { "uv": [ 0, 2.5, 16, 15.5 ], "texture": "#wodih" }
    }
},
{
    "__comment": "lead",
    "from": [ 4.625, 1.9, 12.95 ],
    "to": [ 4.85, 15.4, 13.175 ],
    "faces": {
        "down":  { "uv": [ 2, 0, 4, 16 ], "texture": "#lead_knot" },
        "up":    { "uv": [ 2, 0, 4, 16 ], "texture": "#lead_knot" },
        "north": { "uv": [ 7, 0, 9, 16 ], "texture": "#lead_knot" },
        "south": { "uv": [ 7, 0, 9, 16 ], "texture": "#lead_knot" },
        "west":  { "uv": [ 12, 0, 14, 16 ], "texture": "#lead_knot" },
        "east":  { "uv": [ 12, 0, 14, 16 ], "texture": "#lead_knot" }
    }
},
{
    "__comment": "lead*",
    "from": [ 4.625, 1.9, 0.125 ],
    "to": [ 4.85, 15.4, 0.35 ],
    "faces": {
        "down":  { "uv": [ 2, 0, 4, 16 ], "texture": "#lead_knot" },
        "up":    { "uv": [ 2, 0, 4, 16 ], "texture": "#lead_knot" },
        "north": { "uv": [ 7, 0, 9, 16 ], "texture": "#lead_knot" },
        "south": { "uv": [ 7, 0, 9, 16 ], "texture": "#lead_knot" },
        "west":  { "uv": [ 12, 0, 14, 16 ], "texture": "#lead_knot" },
        "east":  { "uv": [ 12, 0, 14, 16 ], "texture": "#lead_knot" }
    }
},
{
    "__comment": "lead*",
    "from": [ 11.15, 1.9, 0.125 ],
    "to": [ 11.375, 15.4, 0.35 ],
    "faces": {
        "down":  { "uv": [ 2, 0, 4, 16 ], "texture": "#lead_knot" },
        "up":    { "uv": [ 2, 0, 4, 16 ], "texture": "#lead_knot" },
        "north": { "uv": [ 7, 0, 9, 16 ], "texture": "#lead_knot" },
        "south": { "uv": [ 7, 0, 9, 16 ], "texture": "#lead_knot" },
        "west":  { "uv": [ 12, 0, 14, 16 ], "texture": "#lead_knot" },
        "east":  { "uv": [ 12, 0, 14, 16 ], "texture": "#lead_knot" }
    }
},
{
    "__comment": "lead*",
    "from": [ 11.15, 1.9, 12.95 ],
    "to": [ 11.375, 15.4, 13.175 ],
    "faces": {
        "down":  { "uv": [ 2, 0, 4, 16 ], "texture": "#lead_knot" },
        "up":    { "uv": [ 2, 0, 4, 16 ], "texture": "#lead_knot" },
        "north": { "uv": [ 7, 0, 9, 16 ], "texture": "#lead_knot" },
        "south": { "uv": [ 7, 0, 9, 16 ], "texture": "#lead_knot" },
        "west":  { "uv": [ 12, 0, 14, 16 ], "texture": "#lead_knot" },
        "east":  { "uv": [ 12, 0, 14, 16 ], "texture": "#lead_knot" }
    }
},
{
    "__comment": "frame*",
    "from": [ 10.925, 14.275, -0.1 ],
    "to": [ 11.6, 15.625, 0.575 ],
    "faces": {
        "down":  { "uv": [ 5, 5, 11, 11 ], "texture": "#door_acacia_upper" },
        "up":    { "uv": [ 5, 5, 11, 11 ], "texture": "#door_acacia_upper" },
        "north": { "uv": [ 5, 5, 11, 11 ], "texture": "#door_acacia_upper" },
        "south": { "uv": [ 5, 5, 11, 11 ], "texture": "#door_acacia_upper" },
        "west":  { "uv": [ 5, 5, 11, 11 ], "texture": "#door_acacia_upper" },
        "east":  { "uv": [ 5, 5, 11, 11 ], "texture": "#door_acacia_upper" }
    }
},
{
    "__comment": "frame*",
    "from": [ 4.4, 14.275, -0.1 ],
    "to": [ 5.075, 15.625, 0.575 ],
    "faces": {
        "down":  { "uv": [ 5, 5, 11, 11 ], "texture": "#door_acacia_upper" },
        "up":    { "uv": [ 5, 5, 11, 11 ], "texture": "#door_acacia_upper" },
        "north": { "uv": [ 5, 5, 11, 11 ], "texture": "#door_acacia_upper" },
        "south": { "uv": [ 5, 5, 11, 11 ], "texture": "#door_acacia_upper" },
        "west":  { "uv": [ 5, 5, 11, 11 ], "texture": "#door_acacia_upper" },
        "east":  { "uv": [ 5, 5, 11, 11 ], "texture": "#door_acacia_upper" }
    }
},
{
    "__comment": "frame*",
    "from": [ 4.4, 14.275, 12.725 ],
    "to": [ 5.075, 15.625, 13.4 ],
    "faces": {
        "down":  { "uv": [ 5, 5, 11, 11 ], "texture": "#door_acacia_upper" },
        "up":    { "uv": [ 5, 5, 11, 11 ], "texture": "#door_acacia_upper" },
        "north": { "uv": [ 5, 5, 11, 11 ], "texture": "#door_acacia_upper" },
        "south": { "uv": [ 5, 5, 11, 11 ], "texture": "#door_acacia_upper" },
        "west":  { "uv": [ 5, 5, 11, 11 ], "texture": "#door_acacia_upper" },
        "east":  { "uv": [ 5, 5, 11, 11 ], "texture": "#door_acacia_upper" }
    }
},
{
    "__comment": "frame*",
    "from": [ 10.925, 14.275, 12.725 ],
    "to": [ 11.6, 15.625, 13.4 ],
    "faces": {
        "down":  { "uv": [ 5, 5, 11, 11 ], "texture": "#door_acacia_upper" },
        "up":    { "uv": [ 5, 5, 11, 11 ], "texture": "#door_acacia_upper" },
        "north": { "uv": [ 5, 5, 11, 11 ], "texture": "#door_acacia_upper" },
        "south": { "uv": [ 5, 5, 11, 11 ], "texture": "#door_acacia_upper" },
        "west":  { "uv": [ 5, 5, 11, 11 ], "texture": "#door_acacia_upper" },
        "east":  { "uv": [ 5, 5, 11, 11 ], "texture": "#door_acacia_upper" }
    }
},
{
    "__comment": "lead*",
    "from": [ 7.5, 27, 7 ],
    "to": [ 8.5, 31.5, 8 ],
    "faces": {
        "down":  { "uv": [ 2, 0, 4, 16 ], "texture": "#lead_knot" },
        "up":    { "uv": [ 2, 0, 4, 16 ], "texture": "#lead_knot" },
        "north": { "uv": [ 7, 0, 9, 16 ], "texture": "#lead_knot" },
        "south": { "uv": [ 7, 0, 9, 16 ], "texture": "#lead_knot" },
        "west":  { "uv": [ 12, 0, 14, 16 ], "texture": "#lead_knot" },
        "east":  { "uv": [ 12, 0, 14, 16 ], "texture": "#lead_knot" }
    }
},
{
    "__comment": "lead*",
    "from": [ 8.5, 31, 5.5 ],
    "to": [ 9, 32, 9.5 ],
    "faces": {
        "down":  { "uv": [ 2, 2, 9, 4 ], "texture": "#lead_knot" },
        "up":    { "uv": [ 2, 2, 9, 4 ], "texture": "#lead_knot" },
        "north": { "uv": [ 2, 2, 9, 4 ], "texture": "#lead_knot" },
        "south": { "uv": [ 2, 2, 9, 4 ], "texture": "#lead_knot" },
        "west":  { "uv": [ 2, 2, 9, 4 ], "texture": "#lead_knot" },
        "east":  { "uv": [ 2, 2, 9, 4 ], "texture": "#lead_knot" }
    }
},
{
    "__comment": "lead*",
    "from": [ 7, 31, 5.5 ],
    "to": [ 7.5, 32, 9.5 ],
    "faces": {
        "down":  { "uv": [ 2, 2, 9, 4 ], "texture": "#lead_knot" },
        "up":    { "uv": [ 2, 2, 9, 4 ], "texture": "#lead_knot" },
        "north": { "uv": [ 2, 2, 9, 4 ], "texture": "#lead_knot" },
        "south": { "uv": [ 2, 2, 9, 4 ], "texture": "#lead_knot" },
        "west":  { "uv": [ 2, 2, 9, 4 ], "texture": "#lead_knot" },
        "east":  { "uv": [ 2, 2, 9, 4 ], "texture": "#lead_knot" }
    }
}
],
"display": {
    "head": {
        "rotation": [ 0, 0, 0 ],
        "translation": [ 0, 24, 5.5 ],
        "scale": [ 4, 4, 4 ]
    }
}
}