{
"__comment": "Designed by Kukamonda with BDcraft Cubik PRO 0.92 Beta - http://bdcraft.net",
"textures": {
    "texture": "blocks/log_oak_top",
    "invisible_texture": "blocks/invisible_texture",
    "anvil_base": "blocks/anvil_base",
    "log_oak": "blocks/log_oak_2",
    "stone_slab_top": "blocks/stone_slab_top"
},
"elements": [ 
{
    "from": [ 0.5, -1, -13 ],
    "to": [ 15.5, 4.5, 29 ],
    "faces": {
        "down":  { "uv": [ 1, 1, 15, 15 ], "texture": "#texture" },
        "up":    { "uv": [ 1, 1, 15, 15 ], "texture": "#texture" },
        "north": { "uv": [ 0.5, 11.5, 15.5, 16 ], "texture": "#texture" },
        "south": { "uv": [ 0.5, 11.5, 15.5, 16 ], "texture": "#texture" },
        "west":  { "uv": [ 0, 11.5, 16, 16 ], "texture": "#texture" },
        "east":  { "uv": [ 0, 11.5, 16, 16 ], "texture": "#texture" }
    }
},
{
    "__comment": "stoel*",
    "from": [ 4.5, 4.5, -13 ],
    "to": [ 11.5, 8.5, 29 ],
    "faces": {
        "down":  { "uv": [ 0, 0, 16, 16 ], "texture": "#anvil_base" },
        "up":    { "uv": [ 0, 0, 16, 16 ], "texture": "#anvil_base" },
        "north": { "uv": [ 0, 0, 16, 16 ], "texture": "#anvil_base" },
        "south": { "uv": [ 0, 0, 16, 16 ], "texture": "#anvil_base" },
        "west":  { "uv": [ 0, 0, 16, 16 ], "texture": "#anvil_base" },
        "east":  { "uv": [ 0, 0, 16, 16 ], "texture": "#anvil_base" }
    }
},
{
    "__comment": "buitenkant*",
    "from": [ -1, -1, -16 ],
    "to": [ 17, 17, -13 ],
    "faces": {
        "down":  { "uv": [ 0, 0, 16, 1 ], "texture": "#texture" },
        "up":    { "uv": [ 0, 0, 16, 1 ], "texture": "#texture" },
        "north": { "uv": [ 0, 0, 16, 16 ], "texture": "#texture" },
        "south": { "uv": [ 0, 0, 16, 16 ], "texture": "#texture" },
        "west":  { "uv": [ 0, 0, 1, 16 ], "texture": "#texture" },
        "east":  { "uv": [ 0, 0, 1, 16 ], "texture": "#texture" }
    }
},
{
    "__comment": "boomstam*",
    "from": [ -1, -1, -13 ],
    "to": [ 0.5, 13, 1 ],
    "faces": {
        "down":  { "uv": [ 0, 0, 2, 15.5 ], "texture": "#log_oak" },
        "up":    { "uv": [ 0, 0, 2, 16 ], "texture": "#log_oak" },
        "north": { "uv": [ 0, 0, 2, 16 ], "texture": "#log_oak" },
        "south": { "uv": [ 0, 0, 2, 16 ], "texture": "#log_oak" },
        "west":  { "uv": [ 0, 0, 16, 16 ], "texture": "#log_oak" },
        "east":  { "uv": [ 0, 0, 16, 16 ], "texture": "#log_oak" }
    }
},
{
    "__comment": "boomstam*",
    "from": [ 15.5, -1, -13 ],
    "to": [ 17, 13, 1 ],
    "faces": {
        "down":  { "uv": [ 0, 0, 2, 15.5 ], "texture": "#log_oak" },
        "up":    { "uv": [ 0, 0, 2, 16 ], "texture": "#log_oak" },
        "north": { "uv": [ 0, 0, 2, 16 ], "texture": "#log_oak" },
        "south": { "uv": [ 0, 0, 2, 16 ], "texture": "#log_oak" },
        "west":  { "uv": [ 0, 0, 16, 16 ], "texture": "#log_oak" },
        "east":  { "uv": [ 0, 0, 16, 16 ], "texture": "#log_oak" }
    }
},
{
    "__comment": "boomstam*",
    "from": [ 15.5, -1, 1 ],
    "to": [ 17, 13, 15 ],
    "faces": {
        "down":  { "uv": [ 0, 0, 2, 15.5 ], "texture": "#log_oak" },
        "up":    { "uv": [ 0, 0, 2, 16 ], "texture": "#log_oak" },
        "north": { "uv": [ 0, 0, 2, 16 ], "texture": "#log_oak" },
        "south": { "uv": [ 0, 0, 2, 16 ], "texture": "#log_oak" },
        "west":  { "uv": [ 0, 0, 16, 16 ], "texture": "#log_oak" },
        "east":  { "uv": [ 0, 0, 16, 16 ], "texture": "#log_oak" }
    }
},
{
    "__comment": "boomstam*",
    "from": [ 15.5, -1, 15 ],
    "to": [ 17, 13, 29 ],
    "faces": {
        "down":  { "uv": [ 0, 0, 2, 15.5 ], "texture": "#log_oak" },
        "up":    { "uv": [ 0, 0, 2, 16 ], "texture": "#log_oak" },
        "north": { "uv": [ 0, 0, 2, 16 ], "texture": "#log_oak" },
        "south": { "uv": [ 0, 0, 2, 16 ], "texture": "#log_oak" },
        "west":  { "uv": [ 0, 0, 16, 16 ], "texture": "#log_oak" },
        "east":  { "uv": [ 0, 0, 16, 16 ], "texture": "#log_oak" }
    }
},
{
    "__comment": "boomstam*",
    "from": [ -1, -1, 1 ],
    "to": [ 0.5, 13, 15 ],
    "faces": {
        "down":  { "uv": [ 0, 0, 2, 15.5 ], "texture": "#log_oak" },
        "up":    { "uv": [ 0, 0, 2, 16 ], "texture": "#log_oak" },
        "north": { "uv": [ 0, 0, 2, 16 ], "texture": "#log_oak" },
        "south": { "uv": [ 0, 0, 2, 16 ], "texture": "#log_oak" },
        "west":  { "uv": [ 0, 0, 16, 16 ], "texture": "#log_oak" },
        "east":  { "uv": [ 0, 0, 16, 16 ], "texture": "#log_oak" }
    }
},
{
    "__comment": "boomstam*",
    "from": [ -1, -1, 15 ],
    "to": [ 0.5, 13, 29 ],
    "faces": {
        "down":  { "uv": [ 0, 0, 2, 15.5 ], "texture": "#log_oak" },
        "up":    { "uv": [ 0, 0, 2, 16 ], "texture": "#log_oak" },
        "north": { "uv": [ 0, 0, 2, 16 ], "texture": "#log_oak" },
        "south": { "uv": [ 0, 0, 2, 16 ], "texture": "#log_oak" },
        "west":  { "uv": [ 0, 0, 16, 16 ], "texture": "#log_oak" },
        "east":  { "uv": [ 0, 0, 16, 16 ], "texture": "#log_oak" }
    }
},
{
    "__comment": "ijzer",
    "from": [ 1, 12, -12 ],
    "to": [ 2, 12.5, 28.5 ],
    "faces": {
        "down":  { "uv": [ 15, 16, 14, 0 ], "texture": "#stone_slab_top" },
        "up":    { "uv": [ 1, 0, 2, 16 ], "texture": "#stone_slab_top" },
        "north": { "uv": [ 14, 3.5, 15, 4 ], "texture": "#stone_slab_top" },
        "south": { "uv": [ 1, 3.5, 2, 4 ], "texture": "#stone_slab_top" },
        "west":  { "uv": [ 0, 3.5, 16, 4 ], "texture": "#stone_slab_top" },
        "east":  { "uv": [ 0, 3.5, 16, 4 ], "texture": "#stone_slab_top" }
    }
},
{
    "__comment": "ijzer*",
    "from": [ 14, 12, -12 ],
    "to": [ 15, 12.5, 28.5 ],
    "faces": {
        "down":  { "uv": [ 2, 16, 1, 0 ], "texture": "#stone_slab_top" },
        "up":    { "uv": [ 14, 0, 15, 16 ], "texture": "#stone_slab_top" },
        "north": { "uv": [ 1, 3.5, 2, 4 ], "texture": "#stone_slab_top" },
        "south": { "uv": [ 14, 3.5, 15, 4 ], "texture": "#stone_slab_top" },
        "west":  { "uv": [ 0, 3.5, 16, 4 ], "texture": "#stone_slab_top" },
        "east":  { "uv": [ 0, 3.5, 16, 4 ], "texture": "#stone_slab_top" }
    }
},
{
    "__comment": "ijzer*",
    "from": [ 14.9786, 12, 27 ],
    "to": [ 16.4786, 12.5, 28 ],
    "rotation": { "origin": [ 14.9786, 12.5, 27 ], "axis": "z", "angle": -45 },
    "faces": {
        "down":  { "uv": [ 0, 16, 0, 16 ], "texture": "#stone_slab_top" },
        "up":    { "uv": [ 16, 16, 16, 16 ], "texture": "#stone_slab_top" },
        "north": { "uv": [ 0, 3.5, 0, 4 ], "texture": "#stone_slab_top" },
        "south": { "uv": [ 16, 3.5, 16, 4 ], "texture": "#stone_slab_top" },
        "west":  { "uv": [ 16, 3.5, 16, 4 ], "texture": "#stone_slab_top" },
        "east":  { "uv": [ 0, 3.5, 0, 4 ], "texture": "#stone_slab_top" }
    }
},
{
    "__comment": "ijzer*",
    "from": [ 14.9786, 12, 7.5 ],
    "to": [ 16.4786, 12.5, 8.5 ],
    "rotation": { "origin": [ 14.9786, 12.5, 7.5 ], "axis": "z", "angle": -45 },
    "faces": {
        "down":  { "uv": [ 0, 16, 0, 16 ], "texture": "#stone_slab_top" },
        "up":    { "uv": [ 16, 16, 16, 16 ], "texture": "#stone_slab_top" },
        "north": { "uv": [ 0, 3.5, 0, 4 ], "texture": "#stone_slab_top" },
        "south": { "uv": [ 16, 3.5, 16, 4 ], "texture": "#stone_slab_top" },
        "west":  { "uv": [ 16, 3.5, 16, 4 ], "texture": "#stone_slab_top" },
        "east":  { "uv": [ 0, 3.5, 0, 4 ], "texture": "#stone_slab_top" }
    }
},
{
    "__comment": "ijzer*",
    "from": [ 14.9786, 12, -11.5 ],
    "to": [ 16.4786, 12.5, -10.5 ],
    "rotation": { "origin": [ 14.9786, 12.5, -11.5 ], "axis": "z", "angle": -45 },
    "faces": {
        "down":  { "uv": [ 0, 16, 0, 16 ], "texture": "#stone_slab_top" },
        "up":    { "uv": [ 16, 16, 16, 16 ], "texture": "#stone_slab_top" },
        "north": { "uv": [ 0, 3.5, 0, 4 ], "texture": "#stone_slab_top" },
        "south": { "uv": [ 16, 3.5, 16, 4 ], "texture": "#stone_slab_top" },
        "west":  { "uv": [ 16, 3.5, 16, 4 ], "texture": "#stone_slab_top" },
        "east":  { "uv": [ 0, 3.5, 0, 4 ], "texture": "#stone_slab_top" }
    }
},
{
    "__comment": "ijzer*",
    "from": [ -0.0625, 10.9375, 27 ],
    "to": [ 1.4375, 11.4375, 28 ],
    "rotation": { "origin": [ -0.0625, 11.4375, 27 ], "axis": "z", "angle": 45 },
    "faces": {
        "down":  { "uv": [ 0, 16, 0, 16 ], "texture": "#stone_slab_top" },
        "up":    { "uv": [ 16, 16, 16, 16 ], "texture": "#stone_slab_top" },
        "north": { "uv": [ 0, 3.5, 0, 4 ], "texture": "#stone_slab_top" },
        "south": { "uv": [ 16, 3.5, 16, 4 ], "texture": "#stone_slab_top" },
        "west":  { "uv": [ 16, 3.5, 16, 4 ], "texture": "#stone_slab_top" },
        "east":  { "uv": [ 0, 3.5, 0, 4 ], "texture": "#stone_slab_top" }
    }
},
{
    "__comment": "ijzer*",
    "from": [ -0.0625, 10.9375, -11.5 ],
    "to": [ 1.4375, 11.4375, -10.5 ],
    "rotation": { "origin": [ -0.0625, 11.4375, -11.5 ], "axis": "z", "angle": 45 },
    "faces": {
        "down":  { "uv": [ 0, 16, 0, 16 ], "texture": "#stone_slab_top" },
        "up":    { "uv": [ 16, 16, 16, 16 ], "texture": "#stone_slab_top" },
        "north": { "uv": [ 0, 3.5, 0, 4 ], "texture": "#stone_slab_top" },
        "south": { "uv": [ 16, 3.5, 16, 4 ], "texture": "#stone_slab_top" },
        "west":  { "uv": [ 16, 3.5, 16, 4 ], "texture": "#stone_slab_top" },
        "east":  { "uv": [ 0, 3.5, 0, 4 ], "texture": "#stone_slab_top" }
    }
},
{
    "__comment": "ijzer*",
    "from": [ -0.0625, 10.9375, 7.5 ],
    "to": [ 1.4375, 11.4375, 8.5 ],
    "rotation": { "origin": [ -0.0625, 11.4375, 7.5 ], "axis": "z", "angle": 45 },
    "faces": {
        "down":  { "uv": [ 0, 16, 0, 16 ], "texture": "#stone_slab_top" },
        "up":    { "uv": [ 16, 16, 16, 16 ], "texture": "#stone_slab_top" },
        "north": { "uv": [ 0, 3.5, 0, 4 ], "texture": "#stone_slab_top" },
        "south": { "uv": [ 16, 3.5, 16, 4 ], "texture": "#stone_slab_top" },
        "west":  { "uv": [ 16, 3.5, 16, 4 ], "texture": "#stone_slab_top" },
        "east":  { "uv": [ 0, 3.5, 0, 4 ], "texture": "#stone_slab_top" }
    }
},
{
    "__comment": "buitenkant*",
    "from": [ -1, -1, 29 ],
    "to": [ 17, 17, 32 ],
    "faces": {
        "down":  { "uv": [ 0, 0, 16, 1 ], "texture": "#texture" },
        "up":    { "uv": [ 0, 0, 16, 1 ], "texture": "#texture" },
        "north": { "uv": [ 0, 0, 16, 16 ], "texture": "#texture" },
        "south": { "uv": [ 0, 0, 16, 16 ], "texture": "#texture" },
        "west":  { "uv": [ 0, 0, 1, 16 ], "texture": "#texture" },
        "east":  { "uv": [ 0, 0, 1, 16 ], "texture": "#texture" }
    }
},
{
    "__comment": "stoel*",
    "from": [ 0, 4.5, -13 ],
    "to": [ 16, 16, -12.5 ],
    "faces": {
        "down":  { "uv": [ 0, 0, 16, 16 ], "texture": "#anvil_base" },
        "up":    { "uv": [ 0, 0, 16, 16 ], "texture": "#anvil_base" },
        "north": { "uv": [ 0, 0, 16, 16 ], "texture": "#anvil_base" },
        "south": { "uv": [ 0, 0, 16, 16 ], "texture": "#anvil_base" },
        "west":  { "uv": [ 0, 0, 16, 16 ], "texture": "#anvil_base" },
        "east":  { "uv": [ 0, 0, 16, 16 ], "texture": "#anvil_base" }
    }
},
{
    "__comment": "stoel*",
    "from": [ 4.5, 4.5, 28.5 ],
    "to": [ 11.5, 16, 29 ],
    "faces": {
        "down":  { "uv": [ 0, 0, 16, 16 ], "texture": "#anvil_base" },
        "up":    { "uv": [ 0, 0, 16, 16 ], "texture": "#anvil_base" },
        "north": { "uv": [ 0, 0, 16, 16 ], "texture": "#anvil_base" },
        "south": { "uv": [ 0, 0, 16, 16 ], "texture": "#anvil_base" },
        "west":  { "uv": [ 0, 0, 16, 16 ], "texture": "#anvil_base" },
        "east":  { "uv": [ 0, 0, 16, 16 ], "texture": "#anvil_base" }
    }
}
],
"display": {
    "head": {
        "rotation": [ 0, -180, 0 ],
        "translation": [ 0, 0, 18 ],
        "scale": [ 1.7, 1.7, 1.7 ]
    }
}
}