{
"__comment": "Designed by Kukamonda with BDcraft Cubik PRO 0.92 Beta - http://bdcraft.net",
"textures": {
    "texture": "blocks/hardened_clay_stained_yellow",
    "wielen inner": "blocks/piston_inner",
    "cauldron_inner": "blocks/cauldron_inner",
    "anvil_base": "blocks/anvil_base",
    "frame": "blocks/fenrirzwart",
    "wielen": "blocks/coal_block",
    "remmen": "blocks/furnace_side",
    "minecart": "blocks/bed_feet_top",
    "hopper_outside": "blocks/hopper_outside",
    "stone_slab_top": "blocks/stone_slab_top"
},
"elements": [ 
{
    "__comment": "Stoel frame*",
    "from": [ -1.5, 3.5, 6 ],
    "to": [ 17.5, 7, 11.5 ],
    "faces": {
        "down":  { "uv": [ 14.5, 9, 12.5, 7 ], "texture": "#stone_slab_top" },
        "up":    { "uv": [ 1.5, 7, 3.5, 9 ], "texture": "#stone_slab_top" },
        "north": { "uv": [ 12.5, 8, 14.5, 11.5 ], "texture": "#stone_slab_top" },
        "south": { "uv": [ 1.5, 8, 3.5, 11.5 ], "texture": "#stone_slab_top" },
        "west":  { "uv": [ 7, 8, 9, 11.5 ], "texture": "#stone_slab_top" },
        "east":  { "uv": [ 7, 8, 9, 11.5 ], "texture": "#stone_slab_top" }
    }
},
{
    "__comment": "frame*",
    "from": [ -1.5, 3, -0.5 ],
    "to": [ 17.5, 3.5, 10 ],
    "faces": {
        "down":  { "uv": [ 0, 0, 16, 16 ], "texture": "#stone_slab_top" },
        "up":    { "uv": [ 0, 0, 16, 16 ], "texture": "#stone_slab_top" },
        "north": { "uv": [ 0, 0, 16, 16 ], "texture": "#stone_slab_top" },
        "south": { "uv": [ 0, 0, 16, 16 ], "texture": "#stone_slab_top" },
        "west":  { "uv": [ 0, 0, 16, 16 ], "texture": "#stone_slab_top" },
        "east":  { "uv": [ 0, 0, 16, 16 ], "texture": "#stone_slab_top" }
    }
},
{
    "__comment": "stoel*",
    "from": [ -1.5, 7, 6 ],
    "to": [ 17.5, 8, 10 ],
    "faces": {
        "down":  { "uv": [ 16, 10, 0, 6 ], "texture": "#minecart" },
        "up":    { "uv": [ 0, 6, 16, 10 ], "texture": "#minecart" },
        "north": { "uv": [ 0, 8, 16, 9 ], "texture": "#minecart" },
        "south": { "uv": [ 0, 8, 16, 9 ], "texture": "#minecart" },
        "west":  { "uv": [ 6, 8, 10, 9 ], "texture": "#minecart" },
        "east":  { "uv": [ 6, 8, 10, 9 ], "texture": "#minecart" }
    }
},
{
    "__comment": "wieldop",
    "from": [ 0, 0, 23.5 ],
    "to": [ 1.5, 2, 25.5 ],
    "faces": {
        "down":  { "uv": [ 4, 4, 12, 12 ], "texture": "#wielen inner" },
        "up":    { "uv": [ 4, 4, 12, 12 ], "texture": "#wielen inner" },
        "north": { "uv": [ 4, 4, 12, 12 ], "texture": "#wielen inner" },
        "south": { "uv": [ 5, 5, 11, 11 ], "texture": "#wielen inner" },
        "west":  { "uv": [ 4, 4, 12, 12 ], "texture": "#wielen inner" },
        "east":  { "uv": [ 4, 4, 12, 12 ], "texture": "#wielen inner" }
    }
},
{
    "__comment": "wielen",
    "from": [ 0, 2, 23.5 ],
    "to": [ 1.5, 2.5, 25.5 ],
    "faces": {
        "down":  { "uv": [ 16, 16, 14.5, 16 ], "texture": "#anvil_base" },
        "up":    { "uv": [ 0, 16, 1.5, 16 ], "texture": "#anvil_base" },
        "north": { "uv": [ 14.5, 13, 16, 13.5 ], "texture": "#anvil_base" },
        "south": { "uv": [ 0, 13, 1.5, 13.5 ], "texture": "#anvil_base" },
        "west":  { "uv": [ 16, 13, 16, 13.5 ], "texture": "#anvil_base" },
        "east":  { "uv": [ 0, 13, 0, 13.5 ], "texture": "#anvil_base" }
    }
},
{
    "__comment": "wielen",
    "from": [ 0, -0.5, 23.5 ],
    "to": [ 1.5, 0, 25.5 ],
    "faces": {
        "down":  { "uv": [ 16, 16, 14.5, 16 ], "texture": "#anvil_base" },
        "up":    { "uv": [ 0, 16, 1.5, 16 ], "texture": "#anvil_base" },
        "north": { "uv": [ 14.5, 16, 16, 16 ], "texture": "#anvil_base" },
        "south": { "uv": [ 0, 16, 1.5, 16 ], "texture": "#anvil_base" },
        "west":  { "uv": [ 16, 16, 16, 16 ], "texture": "#anvil_base" },
        "east":  { "uv": [ 0, 16, 0, 16 ], "texture": "#anvil_base" }
    }
},
{
    "__comment": "wieldop",
    "from": [ 14.5, 0, 0.5 ],
    "to": [ 16, 2, 2.5 ],
    "faces": {
        "down":  { "uv": [ 4, 4, 12, 12 ], "texture": "#wielen inner" },
        "up":    { "uv": [ 4, 4, 12, 12 ], "texture": "#wielen inner" },
        "north": { "uv": [ 4, 4, 12, 12 ], "texture": "#wielen inner" },
        "south": { "uv": [ 4, 4, 12, 12 ], "texture": "#wielen inner" },
        "west":  { "uv": [ 4, 4, 12, 12 ], "texture": "#wielen inner" },
        "east":  { "uv": [ 4, 4, 12, 12 ], "texture": "#wielen inner" }
    }
},
{
    "__comment": "wielen*",
    "from": [ 0, 0, 23 ],
    "to": [ 1.5, 2, 23.5 ],
    "faces": {
        "down":  { "uv": [ 16, 16, 14.5, 16 ], "texture": "#anvil_base" },
        "up":    { "uv": [ 0, 16, 1.5, 16 ], "texture": "#anvil_base" },
        "north": { "uv": [ 14.5, 13.5, 16, 16 ], "texture": "#anvil_base" },
        "south": { "uv": [ 0, 13.5, 1.5, 16 ], "texture": "#anvil_base" },
        "west":  { "uv": [ 16, 13.5, 16, 16 ], "texture": "#anvil_base" },
        "east":  { "uv": [ 0, 13.5, 0, 16 ], "texture": "#anvil_base" }
    }
},
{
    "__comment": "wielen*",
    "from": [ 0, 0, 25.5 ],
    "to": [ 1.5, 2, 26 ],
    "faces": {
        "down":  { "uv": [ 16, 16, 14.5, 16 ], "texture": "#anvil_base" },
        "up":    { "uv": [ 0, 16, 1.5, 16 ], "texture": "#anvil_base" },
        "north": { "uv": [ 14.5, 13.5, 16, 16 ], "texture": "#anvil_base" },
        "south": { "uv": [ 0, 13.5, 1.5, 16 ], "texture": "#anvil_base" },
        "west":  { "uv": [ 16, 13.5, 16, 16 ], "texture": "#anvil_base" },
        "east":  { "uv": [ 0, 13.5, 0, 16 ], "texture": "#anvil_base" }
    }
},
{
    "__comment": "wielkast*",
    "from": [ -0.5, 0.5, 1 ],
    "to": [ 0, 1.5, 2 ],
    "faces": {
        "down":  { "uv": [ 16, 16, 16, 16 ], "texture": "#stone_slab_top" },
        "up":    { "uv": [ 0, 16, 0, 16 ], "texture": "#stone_slab_top" },
        "north": { "uv": [ 16, 14, 16, 15.5 ], "texture": "#stone_slab_top" },
        "south": { "uv": [ 0, 14, 0, 15.5 ], "texture": "#stone_slab_top" },
        "west":  { "uv": [ 16, 14, 16, 15.5 ], "texture": "#stone_slab_top" },
        "east":  { "uv": [ 0, 14, 0, 15.5 ], "texture": "#stone_slab_top" }
    }
},
{
    "__comment": "wielen*",
    "from": [ 14.5, 0, 2.5 ],
    "to": [ 16, 2, 3 ],
    "faces": {
        "down":  { "uv": [ 1.5, 16, 0, 16 ], "texture": "#anvil_base" },
        "up":    { "uv": [ 14.5, 16, 16, 16 ], "texture": "#anvil_base" },
        "north": { "uv": [ 0, 13.5, 1.5, 16 ], "texture": "#anvil_base" },
        "south": { "uv": [ 14.5, 13.5, 16, 16 ], "texture": "#anvil_base" },
        "west":  { "uv": [ 16, 13.5, 16, 16 ], "texture": "#anvil_base" },
        "east":  { "uv": [ 0, 13.5, 0, 16 ], "texture": "#anvil_base" }
    }
},
{
    "__comment": "wielen*",
    "from": [ 14.5, -0.5, 0.5 ],
    "to": [ 16, 0, 2.5 ],
    "faces": {
        "down":  { "uv": [ 1.5, 16, 0, 16 ], "texture": "#anvil_base" },
        "up":    { "uv": [ 14.5, 16, 16, 16 ], "texture": "#anvil_base" },
        "north": { "uv": [ 0, 16, 1.5, 16 ], "texture": "#anvil_base" },
        "south": { "uv": [ 14.5, 16, 16, 16 ], "texture": "#anvil_base" },
        "west":  { "uv": [ 16, 16, 16, 16 ], "texture": "#anvil_base" },
        "east":  { "uv": [ 0, 16, 0, 16 ], "texture": "#anvil_base" }
    }
},
{
    "__comment": "wielen*",
    "from": [ 14.5, 2, 0.5 ],
    "to": [ 16, 2.5, 2.5 ],
    "faces": {
        "down":  { "uv": [ 1.5, 16, 0, 16 ], "texture": "#anvil_base" },
        "up":    { "uv": [ 14.5, 16, 16, 16 ], "texture": "#anvil_base" },
        "north": { "uv": [ 0, 13, 1.5, 13.5 ], "texture": "#anvil_base" },
        "south": { "uv": [ 14.5, 13, 16, 13.5 ], "texture": "#anvil_base" },
        "west":  { "uv": [ 16, 13, 16, 13.5 ], "texture": "#anvil_base" },
        "east":  { "uv": [ 0, 13, 0, 13.5 ], "texture": "#anvil_base" }
    }
},
{
    "__comment": "wielkast*",
    "from": [ 16, 0.5, 24 ],
    "to": [ 16.5, 2, 25 ],
    "faces": {
        "down":  { "uv": [ 0, 16, 0, 16 ], "texture": "#stone_slab_top" },
        "up":    { "uv": [ 16, 16, 16, 16 ], "texture": "#stone_slab_top" },
        "north": { "uv": [ 0, 14, 0, 15.5 ], "texture": "#stone_slab_top" },
        "south": { "uv": [ 16, 14, 16, 15.5 ], "texture": "#stone_slab_top" },
        "west":  { "uv": [ 16, 14, 16, 15.5 ], "texture": "#stone_slab_top" },
        "east":  { "uv": [ 0, 14, 0, 15.5 ], "texture": "#stone_slab_top" }
    }
},
{
    "__comment": "wielen*",
    "from": [ 14.5, 0, 0 ],
    "to": [ 16, 2, 0.5 ],
    "faces": {
        "down":  { "uv": [ 1.5, 16, 0, 16 ], "texture": "#anvil_base" },
        "up":    { "uv": [ 14.5, 16, 16, 16 ], "texture": "#anvil_base" },
        "north": { "uv": [ 0, 13.5, 1.5, 16 ], "texture": "#anvil_base" },
        "south": { "uv": [ 14.5, 13.5, 16, 16 ], "texture": "#anvil_base" },
        "west":  { "uv": [ 16, 13.5, 16, 16 ], "texture": "#anvil_base" },
        "east":  { "uv": [ 0, 13.5, 0, 16 ], "texture": "#anvil_base" }
    }
},
{
    "__comment": "wielen*",
    "from": [ 14.5, 0, 25.5 ],
    "to": [ 16, 2, 26 ],
    "faces": {
        "down":  { "uv": [ 1.5, 16, 0, 16 ], "texture": "#anvil_base" },
        "up":    { "uv": [ 14.5, 16, 16, 16 ], "texture": "#anvil_base" },
        "north": { "uv": [ 0, 13.5, 1.5, 16 ], "texture": "#anvil_base" },
        "south": { "uv": [ 14.5, 13.5, 16, 16 ], "texture": "#anvil_base" },
        "west":  { "uv": [ 16, 13.5, 16, 16 ], "texture": "#anvil_base" },
        "east":  { "uv": [ 0, 13.5, 0, 16 ], "texture": "#anvil_base" }
    }
},
{
    "__comment": "wielen*",
    "from": [ 14.5, 2, 23.5 ],
    "to": [ 16, 2.5, 25.5 ],
    "faces": {
        "down":  { "uv": [ 1.5, 16, 0, 16 ], "texture": "#anvil_base" },
        "up":    { "uv": [ 14.5, 16, 16, 16 ], "texture": "#anvil_base" },
        "north": { "uv": [ 0, 13, 1.5, 13.5 ], "texture": "#anvil_base" },
        "south": { "uv": [ 14.5, 13, 16, 13.5 ], "texture": "#anvil_base" },
        "west":  { "uv": [ 16, 13, 16, 13.5 ], "texture": "#anvil_base" },
        "east":  { "uv": [ 0, 13, 0, 13.5 ], "texture": "#anvil_base" }
    }
},
{
    "__comment": "wielen*",
    "from": [ 14.5, -0.5, 23.5 ],
    "to": [ 16, 0, 25.5 ],
    "faces": {
        "down":  { "uv": [ 1.5, 16, 0, 16 ], "texture": "#anvil_base" },
        "up":    { "uv": [ 14.5, 16, 16, 16 ], "texture": "#anvil_base" },
        "north": { "uv": [ 0, 16, 1.5, 16 ], "texture": "#anvil_base" },
        "south": { "uv": [ 14.5, 16, 16, 16 ], "texture": "#anvil_base" },
        "west":  { "uv": [ 16, 16, 16, 16 ], "texture": "#anvil_base" },
        "east":  { "uv": [ 0, 16, 0, 16 ], "texture": "#anvil_base" }
    }
},
{
    "__comment": "wielen*",
    "from": [ 14.5, 0, 23 ],
    "to": [ 16, 2, 23.5 ],
    "faces": {
        "down":  { "uv": [ 1.5, 16, 0, 16 ], "texture": "#anvil_base" },
        "up":    { "uv": [ 14.5, 16, 16, 16 ], "texture": "#anvil_base" },
        "north": { "uv": [ 0, 13.5, 1.5, 16 ], "texture": "#anvil_base" },
        "south": { "uv": [ 14.5, 13.5, 16, 16 ], "texture": "#anvil_base" },
        "west":  { "uv": [ 16, 13.5, 16, 16 ], "texture": "#anvil_base" },
        "east":  { "uv": [ 0, 13.5, 0, 16 ], "texture": "#anvil_base" }
    }
},
{
    "__comment": "wieldop",
    "from": [ 14.5, 0, 23.5 ],
    "to": [ 16, 2, 25.5 ],
    "faces": {
        "down":  { "uv": [ 4, 4, 12, 12 ], "texture": "#wielen inner" },
        "up":    { "uv": [ 4, 4, 12, 12 ], "texture": "#wielen inner" },
        "north": { "uv": [ 4, 4, 12, 12 ], "texture": "#wielen inner" },
        "south": { "uv": [ 4, 4, 12, 12 ], "texture": "#wielen inner" },
        "west":  { "uv": [ 4, 4, 12, 12 ], "texture": "#wielen inner" },
        "east":  { "uv": [ 4, 4, 12, 12 ], "texture": "#wielen inner" }
    }
},
{
    "__comment": "wielkast*",
    "from": [ -1, 1.5, 24 ],
    "to": [ 0, 4, 25 ],
    "faces": {
        "down":  { "uv": [ 16, 16, 15.5, 16 ], "texture": "#stone_slab_top" },
        "up":    { "uv": [ 0, 16, 0.5, 16 ], "texture": "#stone_slab_top" },
        "north": { "uv": [ 15.5, 11.5, 16, 12.5 ], "texture": "#stone_slab_top" },
        "south": { "uv": [ 0, 11.5, 0.5, 12.5 ], "texture": "#stone_slab_top" },
        "west":  { "uv": [ 16, 11.5, 16, 12.5 ], "texture": "#stone_slab_top" },
        "east":  { "uv": [ 0, 11.5, 0, 12.5 ], "texture": "#stone_slab_top" }
    }
},
{
    "__comment": "wielkast*",
    "from": [ 16, 1.5, 24 ],
    "to": [ 17, 4, 25 ],
    "faces": {
        "down":  { "uv": [ 16, 16, 15.5, 16 ], "texture": "#stone_slab_top" },
        "up":    { "uv": [ 0, 16, 0.5, 16 ], "texture": "#stone_slab_top" },
        "north": { "uv": [ 15.5, 11.5, 16, 12.5 ], "texture": "#stone_slab_top" },
        "south": { "uv": [ 0, 11.5, 0.5, 12.5 ], "texture": "#stone_slab_top" },
        "west":  { "uv": [ 16, 11.5, 16, 12.5 ], "texture": "#stone_slab_top" },
        "east":  { "uv": [ 0, 11.5, 0, 12.5 ], "texture": "#stone_slab_top" }
    }
},
{
    "__comment": "wielkast*",
    "from": [ 0, 3.5, 24 ],
    "to": [ 16, 4, 25 ],
    "faces": {
        "down":  { "uv": [ 16, 16, 15.5, 16 ], "texture": "#stone_slab_top" },
        "up":    { "uv": [ 0, 16, 0.5, 16 ], "texture": "#stone_slab_top" },
        "north": { "uv": [ 15.5, 11.5, 16, 12.5 ], "texture": "#stone_slab_top" },
        "south": { "uv": [ 0, 11.5, 0.5, 12.5 ], "texture": "#stone_slab_top" },
        "west":  { "uv": [ 16, 11.5, 16, 12.5 ], "texture": "#stone_slab_top" },
        "east":  { "uv": [ 0, 11.5, 0, 12.5 ], "texture": "#stone_slab_top" }
    }
},
{
    "__comment": "wielen*",
    "from": [ 0, 0, 0 ],
    "to": [ 1.5, 2, 0.5 ],
    "faces": {
        "down":  { "uv": [ 16, 16, 14.5, 16 ], "texture": "#anvil_base" },
        "up":    { "uv": [ 0, 16, 1.5, 16 ], "texture": "#anvil_base" },
        "north": { "uv": [ 14.5, 13.5, 16, 16 ], "texture": "#anvil_base" },
        "south": { "uv": [ 0, 13.5, 1.5, 16 ], "texture": "#anvil_base" },
        "west":  { "uv": [ 16, 13.5, 16, 16 ], "texture": "#anvil_base" },
        "east":  { "uv": [ 0, 13.5, 0, 16 ], "texture": "#anvil_base" }
    }
},
{
    "__comment": "wielen*",
    "from": [ 0, 0, 2.5 ],
    "to": [ 1.5, 2, 3 ],
    "faces": {
        "down":  { "uv": [ 16, 16, 14.5, 16 ], "texture": "#anvil_base" },
        "up":    { "uv": [ 0, 16, 1.5, 16 ], "texture": "#anvil_base" },
        "north": { "uv": [ 14.5, 13.5, 16, 16 ], "texture": "#anvil_base" },
        "south": { "uv": [ 0, 13.5, 1.5, 16 ], "texture": "#anvil_base" },
        "west":  { "uv": [ 16, 13.5, 16, 16 ], "texture": "#anvil_base" },
        "east":  { "uv": [ 0, 13.5, 0, 16 ], "texture": "#anvil_base" }
    }
},
{
    "__comment": "wielen*",
    "from": [ 0, 2, 0.5 ],
    "to": [ 1.5, 2.5, 2.5 ],
    "faces": {
        "down":  { "uv": [ 16, 16, 14.5, 16 ], "texture": "#anvil_base" },
        "up":    { "uv": [ 0, 16, 1.5, 16 ], "texture": "#anvil_base" },
        "north": { "uv": [ 14.5, 13, 16, 13.5 ], "texture": "#anvil_base" },
        "south": { "uv": [ 0, 13, 1.5, 13.5 ], "texture": "#anvil_base" },
        "west":  { "uv": [ 16, 13, 16, 13.5 ], "texture": "#anvil_base" },
        "east":  { "uv": [ 0, 13, 0, 13.5 ], "texture": "#anvil_base" }
    }
},
{
    "__comment": "wielen*",
    "from": [ 0, -0.5, 0.5 ],
    "to": [ 1.5, 0, 2.5 ],
    "faces": {
        "down":  { "uv": [ 16, 16, 14.5, 16 ], "texture": "#anvil_base" },
        "up":    { "uv": [ 0, 16, 1.5, 16 ], "texture": "#anvil_base" },
        "north": { "uv": [ 14.5, 16, 16, 16 ], "texture": "#anvil_base" },
        "south": { "uv": [ 0, 16, 1.5, 16 ], "texture": "#anvil_base" },
        "west":  { "uv": [ 16, 16, 16, 16 ], "texture": "#anvil_base" },
        "east":  { "uv": [ 0, 16, 0, 16 ], "texture": "#anvil_base" }
    }
},
{
    "__comment": "stoel*",
    "from": [ -1.5, 9.875, 29.0625 ],
    "to": [ 17.5, 15.875, 30.0625 ],
    "rotation": { "origin": [ -1.5, 15.875, 29.0625 ], "axis": "x", "angle": 22.5 },
    "faces": {
        "down":  { "uv": [ 16, 16, 0, 16 ], "texture": "#minecart" },
        "up":    { "uv": [ 0, 16, 16, 16 ], "texture": "#minecart" },
        "north": { "uv": [ 0, 0.125, 16, 6.125 ], "texture": "#minecart" },
        "south": { "uv": [ 0, 0.125, 16, 6.125 ], "texture": "#minecart" },
        "west":  { "uv": [ 16, 0.125, 16, 6.125 ], "texture": "#minecart" },
        "east":  { "uv": [ 0, 0.125, 0, 6.125 ], "texture": "#minecart" }
    }
},
{
    "__comment": "stoel*",
    "from": [ -1.5, 6.625, 5.0625 ],
    "to": [ 17.5, 7.625, 6.0625 ],
    "rotation": { "origin": [ -1.5, 7.625, 5.0625 ], "axis": "x", "angle": -22.5 },
    "faces": {
        "down":  { "uv": [ 16, 6.0625, 0, 5.0625 ], "texture": "#minecart" },
        "up":    { "uv": [ 0, 5.0625, 16, 6.0625 ], "texture": "#minecart" },
        "north": { "uv": [ 0, 8.375, 16, 9.375 ], "texture": "#minecart" },
        "south": { "uv": [ 0, 8.375, 16, 9.375 ], "texture": "#minecart" },
        "west":  { "uv": [ 5.0625, 8.375, 6.0625, 9.375 ], "texture": "#minecart" },
        "east":  { "uv": [ 9.9375, 8.375, 10.9375, 9.375 ], "texture": "#minecart" }
    }
},
{
    "__comment": "stoel*",
    "from": [ -1.5, 7, 11 ],
    "to": [ 17.5, 9, 12 ],
    "rotation": { "origin": [ -1.5, 9, 11 ], "axis": "x", "angle": 45 },
    "faces": {
        "down":  { "uv": [ 16, 12, 0, 11 ], "texture": "#minecart" },
        "up":    { "uv": [ 0, 11, 16, 12 ], "texture": "#minecart" },
        "north": { "uv": [ 0, 7, 16, 9 ], "texture": "#minecart" },
        "south": { "uv": [ 0, 7, 16, 9 ], "texture": "#minecart" },
        "west":  { "uv": [ 11, 7, 12, 9 ], "texture": "#minecart" },
        "east":  { "uv": [ 4, 7, 5, 9 ], "texture": "#minecart" }
    }
},
{
    "__comment": "stoel*",
    "from": [ -1.5, 14, 13 ],
    "to": [ 17.5, 15, 14 ],
    "faces": {
        "down":  { "uv": [ 16, 14, 0, 13 ], "texture": "#minecart" },
        "up":    { "uv": [ 0, 13, 16, 14 ], "texture": "#minecart" },
        "north": { "uv": [ 0, 1, 16, 2 ], "texture": "#minecart" },
        "south": { "uv": [ 0, 1, 16, 2 ], "texture": "#minecart" },
        "west":  { "uv": [ 13, 1, 14, 2 ], "texture": "#minecart" },
        "east":  { "uv": [ 2, 1, 3, 2 ], "texture": "#minecart" }
    }
},
{
    "__comment": "stoel*",
    "from": [ -1.5, 8.5, 22 ],
    "to": [ 17.5, 9.5, 26 ],
    "faces": {
        "down":  { "uv": [ 16, 16, 0, 16 ], "texture": "#minecart" },
        "up":    { "uv": [ 0, 16, 16, 16 ], "texture": "#minecart" },
        "north": { "uv": [ 0, 6.5, 16, 7.5 ], "texture": "#minecart" },
        "south": { "uv": [ 0, 6.5, 16, 7.5 ], "texture": "#minecart" },
        "west":  { "uv": [ 16, 6.5, 16, 7.5 ], "texture": "#minecart" },
        "east":  { "uv": [ 0, 6.5, 0, 7.5 ], "texture": "#minecart" }
    }
},
{
    "__comment": "stoel*",
    "from": [ -1.5, 8.5, 27 ],
    "to": [ 17.5, 10.5, 28 ],
    "rotation": { "origin": [ -1.5, 10.5, 27 ], "axis": "x", "angle": 45 },
    "faces": {
        "down":  { "uv": [ 16, 16, 0, 16 ], "texture": "#minecart" },
        "up":    { "uv": [ 0, 16, 16, 16 ], "texture": "#minecart" },
        "north": { "uv": [ 0, 5.5, 16, 7.5 ], "texture": "#minecart" },
        "south": { "uv": [ 0, 5.5, 16, 7.5 ], "texture": "#minecart" },
        "west":  { "uv": [ 16, 5.5, 16, 7.5 ], "texture": "#minecart" },
        "east":  { "uv": [ 0, 5.5, 0, 7.5 ], "texture": "#minecart" }
    }
},
{
    "__comment": "stoel*",
    "from": [ -1.5, 8.375, 13.0625 ],
    "to": [ 17.5, 14.375, 14.0625 ],
    "rotation": { "origin": [ -1.5, 14.375, 13.0625 ], "axis": "x", "angle": 22.5 },
    "faces": {
        "down":  { "uv": [ 16, 14.0625, 0, 13.0625 ], "texture": "#minecart" },
        "up":    { "uv": [ 0, 13.0625, 16, 14.0625 ], "texture": "#minecart" },
        "north": { "uv": [ 0, 1.625, 16, 7.625 ], "texture": "#minecart" },
        "south": { "uv": [ 0, 1.625, 16, 7.625 ], "texture": "#minecart" },
        "west":  { "uv": [ 13.0625, 1.625, 14.0625, 7.625 ], "texture": "#minecart" },
        "east":  { "uv": [ 1.9375, 1.625, 2.9375, 7.625 ], "texture": "#minecart" }
    }
},
{
    "__comment": "stoel*",
    "from": [ -1.5, 15.5, 29 ],
    "to": [ 17.5, 16.5, 30 ],
    "faces": {
        "down":  { "uv": [ 16, 16, 0, 16 ], "texture": "#minecart" },
        "up":    { "uv": [ 0, 16, 16, 16 ], "texture": "#minecart" },
        "north": { "uv": [ 0, 0, 16, 0.5 ], "texture": "#minecart" },
        "south": { "uv": [ 0, 0, 16, 0.5 ], "texture": "#minecart" },
        "west":  { "uv": [ 16, 0, 16, 0.5 ], "texture": "#minecart" },
        "east":  { "uv": [ 0, 0, 0, 0.5 ], "texture": "#minecart" }
    }
},
{
    "__comment": "stoel*",
    "from": [ -1.5, 8.125, 21.0625 ],
    "to": [ 17.5, 9.125, 22.0625 ],
    "rotation": { "origin": [ -1.5, 9.125, 21.0625 ], "axis": "x", "angle": -22.5 },
    "faces": {
        "down":  { "uv": [ 16, 16, 0, 16 ], "texture": "#minecart" },
        "up":    { "uv": [ 0, 16, 16, 16 ], "texture": "#minecart" },
        "north": { "uv": [ 0, 6.875, 16, 7.875 ], "texture": "#minecart" },
        "south": { "uv": [ 0, 6.875, 16, 7.875 ], "texture": "#minecart" },
        "west":  { "uv": [ 16, 6.875, 16, 7.875 ], "texture": "#minecart" },
        "east":  { "uv": [ 0, 6.875, 0, 7.875 ], "texture": "#minecart" }
    }
},
{
    "__comment": "Stoel frame*",
    "from": [ -1, 4.5, 22 ],
    "to": [ 17, 8.5, 27 ],
    "faces": {
        "down":  { "uv": [ 14.5, 9, 12.5, 7 ], "texture": "#stone_slab_top" },
        "up":    { "uv": [ 1.5, 7, 3.5, 9 ], "texture": "#stone_slab_top" },
        "north": { "uv": [ 12.5, 8, 14.5, 11.5 ], "texture": "#stone_slab_top" },
        "south": { "uv": [ 1.5, 8, 3.5, 11.5 ], "texture": "#stone_slab_top" },
        "west":  { "uv": [ 7, 8, 9, 11.5 ], "texture": "#stone_slab_top" },
        "east":  { "uv": [ 7, 8, 9, 11.5 ], "texture": "#stone_slab_top" }
    }
},
{
    "__comment": "wielkast*",
    "from": [ 1.5, 0.5, 24 ],
    "to": [ 2, 1.5, 25 ],
    "faces": {
        "down":  { "uv": [ 16, 16, 16, 16 ], "texture": "#stone_slab_top" },
        "up":    { "uv": [ 0, 16, 0, 16 ], "texture": "#stone_slab_top" },
        "north": { "uv": [ 16, 14, 16, 15.5 ], "texture": "#stone_slab_top" },
        "south": { "uv": [ 0, 14, 0, 15.5 ], "texture": "#stone_slab_top" },
        "west":  { "uv": [ 16, 14, 16, 15.5 ], "texture": "#stone_slab_top" },
        "east":  { "uv": [ 0, 14, 0, 15.5 ], "texture": "#stone_slab_top" }
    }
},
{
    "__comment": "wielkast*",
    "from": [ 14, 0.5, 24 ],
    "to": [ 14.5, 2, 25 ],
    "faces": {
        "down":  { "uv": [ 0, 16, 0, 16 ], "texture": "#stone_slab_top" },
        "up":    { "uv": [ 16, 16, 16, 16 ], "texture": "#stone_slab_top" },
        "north": { "uv": [ 0, 14, 0, 15.5 ], "texture": "#stone_slab_top" },
        "south": { "uv": [ 16, 14, 16, 15.5 ], "texture": "#stone_slab_top" },
        "west":  { "uv": [ 16, 14, 16, 15.5 ], "texture": "#stone_slab_top" },
        "east":  { "uv": [ 0, 14, 0, 15.5 ], "texture": "#stone_slab_top" }
    }
},
{
    "__comment": "wielkast*",
    "from": [ 13.5, 1.5, 24 ],
    "to": [ 14.5, 4, 25 ],
    "faces": {
        "down":  { "uv": [ 16, 16, 15.5, 16 ], "texture": "#stone_slab_top" },
        "up":    { "uv": [ 0, 16, 0.5, 16 ], "texture": "#stone_slab_top" },
        "north": { "uv": [ 15.5, 11.5, 16, 12.5 ], "texture": "#stone_slab_top" },
        "south": { "uv": [ 0, 11.5, 0.5, 12.5 ], "texture": "#stone_slab_top" },
        "west":  { "uv": [ 16, 11.5, 16, 12.5 ], "texture": "#stone_slab_top" },
        "east":  { "uv": [ 0, 11.5, 0, 12.5 ], "texture": "#stone_slab_top" }
    }
},
{
    "__comment": "wielkast*",
    "from": [ 1.5, 1.5, 24 ],
    "to": [ 2.5, 4, 25 ],
    "faces": {
        "down":  { "uv": [ 16, 16, 15.5, 16 ], "texture": "#stone_slab_top" },
        "up":    { "uv": [ 0, 16, 0.5, 16 ], "texture": "#stone_slab_top" },
        "north": { "uv": [ 15.5, 11.5, 16, 12.5 ], "texture": "#stone_slab_top" },
        "south": { "uv": [ 0, 11.5, 0.5, 12.5 ], "texture": "#stone_slab_top" },
        "west":  { "uv": [ 16, 11.5, 16, 12.5 ], "texture": "#stone_slab_top" },
        "east":  { "uv": [ 0, 11.5, 0, 12.5 ], "texture": "#stone_slab_top" }
    }
},
{
    "__comment": "wieldop*",
    "from": [ 0, 0, 0.5 ],
    "to": [ 1.5, 2, 2.5 ],
    "faces": {
        "down":  { "uv": [ 4, 4, 12, 12 ], "texture": "#wielen inner" },
        "up":    { "uv": [ 4, 4, 12, 12 ], "texture": "#wielen inner" },
        "north": { "uv": [ 4, 4, 12, 12 ], "texture": "#wielen inner" },
        "south": { "uv": [ 4, 4, 12, 12 ], "texture": "#wielen inner" },
        "west":  { "uv": [ 4, 4, 12, 12 ], "texture": "#wielen inner" },
        "east":  { "uv": [ 4, 4, 12, 12 ], "texture": "#wielen inner" }
    }
},
{
    "__comment": "wielkast*",
    "from": [ 16, 1.5, 1 ],
    "to": [ 17, 3, 2 ],
    "faces": {
        "down":  { "uv": [ 16, 16, 15.5, 16 ], "texture": "#stone_slab_top" },
        "up":    { "uv": [ 0, 16, 0.5, 16 ], "texture": "#stone_slab_top" },
        "north": { "uv": [ 15.5, 11.5, 16, 12.5 ], "texture": "#stone_slab_top" },
        "south": { "uv": [ 0, 11.5, 0.5, 12.5 ], "texture": "#stone_slab_top" },
        "west":  { "uv": [ 16, 11.5, 16, 12.5 ], "texture": "#stone_slab_top" },
        "east":  { "uv": [ 0, 11.5, 0, 12.5 ], "texture": "#stone_slab_top" }
    }
},
{
    "__comment": "wielkast*",
    "from": [ 1.5, 0.5, 1 ],
    "to": [ 2, 1.5, 2 ],
    "faces": {
        "down":  { "uv": [ 16, 16, 16, 16 ], "texture": "#stone_slab_top" },
        "up":    { "uv": [ 0, 16, 0, 16 ], "texture": "#stone_slab_top" },
        "north": { "uv": [ 16, 14, 16, 15.5 ], "texture": "#stone_slab_top" },
        "south": { "uv": [ 0, 14, 0, 15.5 ], "texture": "#stone_slab_top" },
        "west":  { "uv": [ 16, 14, 16, 15.5 ], "texture": "#stone_slab_top" },
        "east":  { "uv": [ 0, 14, 0, 15.5 ], "texture": "#stone_slab_top" }
    }
},
{
    "__comment": "wielkast*",
    "from": [ 14, 0.5, 1 ],
    "to": [ 14.5, 1.5, 2 ],
    "faces": {
        "down":  { "uv": [ 16, 16, 16, 16 ], "texture": "#stone_slab_top" },
        "up":    { "uv": [ 0, 16, 0, 16 ], "texture": "#stone_slab_top" },
        "north": { "uv": [ 16, 14, 16, 15.5 ], "texture": "#stone_slab_top" },
        "south": { "uv": [ 0, 14, 0, 15.5 ], "texture": "#stone_slab_top" },
        "west":  { "uv": [ 16, 14, 16, 15.5 ], "texture": "#stone_slab_top" },
        "east":  { "uv": [ 0, 14, 0, 15.5 ], "texture": "#stone_slab_top" }
    }
},
{
    "__comment": "wielkast*",
    "from": [ 16, 0.5, 1 ],
    "to": [ 16.5, 1.5, 2 ],
    "faces": {
        "down":  { "uv": [ 16, 16, 16, 16 ], "texture": "#stone_slab_top" },
        "up":    { "uv": [ 0, 16, 0, 16 ], "texture": "#stone_slab_top" },
        "north": { "uv": [ 16, 14, 16, 15.5 ], "texture": "#stone_slab_top" },
        "south": { "uv": [ 0, 14, 0, 15.5 ], "texture": "#stone_slab_top" },
        "west":  { "uv": [ 16, 14, 16, 15.5 ], "texture": "#stone_slab_top" },
        "east":  { "uv": [ 0, 14, 0, 15.5 ], "texture": "#stone_slab_top" }
    }
},
{
    "__comment": "wielkast*",
    "from": [ 13.5, 1.5, 1 ],
    "to": [ 14.5, 3, 2 ],
    "faces": {
        "down":  { "uv": [ 16, 16, 15.5, 16 ], "texture": "#stone_slab_top" },
        "up":    { "uv": [ 0, 16, 0.5, 16 ], "texture": "#stone_slab_top" },
        "north": { "uv": [ 15.5, 11.5, 16, 12.5 ], "texture": "#stone_slab_top" },
        "south": { "uv": [ 0, 11.5, 0.5, 12.5 ], "texture": "#stone_slab_top" },
        "west":  { "uv": [ 16, 11.5, 16, 12.5 ], "texture": "#stone_slab_top" },
        "east":  { "uv": [ 0, 11.5, 0, 12.5 ], "texture": "#stone_slab_top" }
    }
},
{
    "__comment": "wielkast*",
    "from": [ 1.5, 1.5, 1 ],
    "to": [ 2.5, 3, 2 ],
    "faces": {
        "down":  { "uv": [ 16, 16, 15.5, 16 ], "texture": "#stone_slab_top" },
        "up":    { "uv": [ 0, 16, 0.5, 16 ], "texture": "#stone_slab_top" },
        "north": { "uv": [ 15.5, 11.5, 16, 12.5 ], "texture": "#stone_slab_top" },
        "south": { "uv": [ 0, 11.5, 0.5, 12.5 ], "texture": "#stone_slab_top" },
        "west":  { "uv": [ 16, 11.5, 16, 12.5 ], "texture": "#stone_slab_top" },
        "east":  { "uv": [ 0, 11.5, 0, 12.5 ], "texture": "#stone_slab_top" }
    }
},
{
    "__comment": "wielkast*",
    "from": [ -1, 1.5, 1 ],
    "to": [ 0, 3, 2 ],
    "faces": {
        "down":  { "uv": [ 16, 16, 15.5, 16 ], "texture": "#stone_slab_top" },
        "up":    { "uv": [ 0, 16, 0.5, 16 ], "texture": "#stone_slab_top" },
        "north": { "uv": [ 15.5, 11.5, 16, 12.5 ], "texture": "#stone_slab_top" },
        "south": { "uv": [ 0, 11.5, 0.5, 12.5 ], "texture": "#stone_slab_top" },
        "west":  { "uv": [ 16, 11.5, 16, 12.5 ], "texture": "#stone_slab_top" },
        "east":  { "uv": [ 0, 11.5, 0, 12.5 ], "texture": "#stone_slab_top" }
    }
},
{
    "__comment": "wielkast*",
    "from": [ 0, 2.5, 1 ],
    "to": [ 16, 3, 2 ],
    "faces": {
        "down":  { "uv": [ 16, 16, 15.5, 16 ], "texture": "#stone_slab_top" },
        "up":    { "uv": [ 0, 16, 0.5, 16 ], "texture": "#stone_slab_top" },
        "north": { "uv": [ 15.5, 11.5, 16, 12.5 ], "texture": "#stone_slab_top" },
        "south": { "uv": [ 0, 11.5, 0.5, 12.5 ], "texture": "#stone_slab_top" },
        "west":  { "uv": [ 16, 11.5, 16, 12.5 ], "texture": "#stone_slab_top" },
        "east":  { "uv": [ 0, 11.5, 0, 12.5 ], "texture": "#stone_slab_top" }
    }
},
{
    "__comment": "wielkast*",
    "from": [ -0.5, 0.5, 24 ],
    "to": [ 0, 1.5, 25 ],
    "faces": {
        "down":  { "uv": [ 16, 16, 16, 16 ], "texture": "#stone_slab_top" },
        "up":    { "uv": [ 0, 16, 0, 16 ], "texture": "#stone_slab_top" },
        "north": { "uv": [ 16, 14, 16, 15.5 ], "texture": "#stone_slab_top" },
        "south": { "uv": [ 0, 14, 0, 15.5 ], "texture": "#stone_slab_top" },
        "west":  { "uv": [ 16, 14, 16, 15.5 ], "texture": "#stone_slab_top" },
        "east":  { "uv": [ 0, 14, 0, 15.5 ], "texture": "#stone_slab_top" }
    }
},
{
    "__comment": "Stoel frame*",
    "from": [ -2, 1, -1 ],
    "to": [ 3, 6.5, 0 ],
    "rotation": { "origin": [ -2, 1, -1 ], "axis": "y", "angle": 22.5 },
    "faces": {
        "down":  { "uv": [ 14.5, 9, 12.5, 7 ], "texture": "#texture" },
        "up":    { "uv": [ 1.5, 7, 3.5, 9 ], "texture": "#texture" },
        "north": { "uv": [ 12.5, 8, 14.5, 11.5 ], "texture": "#texture" },
        "south": { "uv": [ 1.5, 8, 3.5, 11.5 ], "texture": "#texture" },
        "west":  { "uv": [ 7, 8, 9, 11.5 ], "texture": "#texture" },
        "east":  { "uv": [ 7, 8, 9, 11.5 ], "texture": "#texture" }
    }
},
{
    "__comment": "frame*",
    "from": [ -1.5, 2.6875, 9.25 ],
    "to": [ 17.5, 3.1875, 12.75 ],
    "rotation": { "origin": [ -1.5, 3.1875, 9.25 ], "axis": "x", "angle": -22.5 },
    "faces": {
        "down":  { "uv": [ 0, 0, 16, 16 ], "texture": "#stone_slab_top" },
        "up":    { "uv": [ 0, 0, 16, 16 ], "texture": "#stone_slab_top" },
        "north": { "uv": [ 0, 0, 16, 16 ], "texture": "#stone_slab_top" },
        "south": { "uv": [ 0, 0, 16, 16 ], "texture": "#stone_slab_top" },
        "west":  { "uv": [ 0, 0, 16, 16 ], "texture": "#stone_slab_top" },
        "east":  { "uv": [ 0, 0, 16, 16 ], "texture": "#stone_slab_top" }
    }
},
{
    "__comment": "frame*",
    "from": [ -1.5, 4, 12.5 ],
    "to": [ 17.5, 4.5, 27 ],
    "faces": {
        "down":  { "uv": [ 0, 0, 16, 16 ], "texture": "#stone_slab_top" },
        "up":    { "uv": [ 0, 0, 16, 16 ], "texture": "#stone_slab_top" },
        "north": { "uv": [ 0, 0, 16, 16 ], "texture": "#stone_slab_top" },
        "south": { "uv": [ 0, 0, 16, 16 ], "texture": "#stone_slab_top" },
        "west":  { "uv": [ 0, 0, 16, 16 ], "texture": "#stone_slab_top" },
        "east":  { "uv": [ 0, 0, 16, 16 ], "texture": "#stone_slab_top" }
    }
},
{
    "__comment": "Stoel frame*",
    "from": [ 13.375, 1, -2.9375 ],
    "to": [ 18.375, 6.5, -1.9375 ],
    "rotation": { "origin": [ 13.375, 1, -2.9375 ], "axis": "y", "angle": -22.5 },
    "faces": {
        "down":  { "uv": [ 14.5, 9, 12.5, 7 ], "texture": "#texture" },
        "up":    { "uv": [ 1.5, 7, 3.5, 9 ], "texture": "#texture" },
        "north": { "uv": [ 12.5, 8, 14.5, 11.5 ], "texture": "#texture" },
        "south": { "uv": [ 1.5, 8, 3.5, 11.5 ], "texture": "#texture" },
        "west":  { "uv": [ 7, 8, 9, 11.5 ], "texture": "#texture" },
        "east":  { "uv": [ 7, 8, 9, 11.5 ], "texture": "#texture" }
    }
},
{
    "__comment": "Stoel frame*",
    "from": [ 2.5, 1, -3 ],
    "to": [ 13.5, 7, -2 ],
    "faces": {
        "down":  { "uv": [ 14.5, 9, 12.5, 7 ], "texture": "#texture" },
        "up":    { "uv": [ 1.5, 7, 3.5, 9 ], "texture": "#texture" },
        "north": { "uv": [ 12.5, 8, 14.5, 11.5 ], "texture": "#texture" },
        "south": { "uv": [ 1.5, 8, 3.5, 11.5 ], "texture": "#texture" },
        "west":  { "uv": [ 7, 8, 9, 11.5 ], "texture": "#texture" },
        "east":  { "uv": [ 7, 8, 9, 11.5 ], "texture": "#texture" }
    }
},
{
    "__comment": "Stoel frame*",
    "from": [ 17, 4.5, 0 ],
    "to": [ 18, 6.5, 2.5 ],
    "rotation": { "origin": [ 17, 6.5, 0 ], "axis": "x", "angle": 22.5 },
    "faces": {
        "down":  { "uv": [ 14.5, 9, 12.5, 7 ], "texture": "#texture" },
        "up":    { "uv": [ 1.5, 7, 3.5, 9 ], "texture": "#texture" },
        "north": { "uv": [ 12.5, 8, 14.5, 11.5 ], "texture": "#texture" },
        "south": { "uv": [ 1.5, 8, 3.5, 11.5 ], "texture": "#texture" },
        "west":  { "uv": [ 7, 8, 9, 11.5 ], "texture": "#texture" },
        "east":  { "uv": [ 7, 8, 9, 11.5 ], "texture": "#texture" }
    }
},
{
    "__comment": "Stoel frame*",
    "from": [ 17, 1, 0 ],
    "to": [ 18, 5.5, 2.5 ],
    "faces": {
        "down":  { "uv": [ 14.5, 9, 12.5, 7 ], "texture": "#texture" },
        "up":    { "uv": [ 1.5, 7, 3.5, 9 ], "texture": "#texture" },
        "north": { "uv": [ 12.5, 8, 14.5, 11.5 ], "texture": "#texture" },
        "south": { "uv": [ 1.5, 8, 3.5, 11.5 ], "texture": "#texture" },
        "west":  { "uv": [ 7, 8, 9, 11.5 ], "texture": "#texture" },
        "east":  { "uv": [ 7, 8, 9, 11.5 ], "texture": "#texture" }
    }
},
{
    "__comment": "Stoel frame*",
    "from": [ 17, 1, -1 ],
    "to": [ 18, 6.5, 0 ],
    "faces": {
        "down":  { "uv": [ 14.5, 9, 12.5, 7 ], "texture": "#texture" },
        "up":    { "uv": [ 1.5, 7, 3.5, 9 ], "texture": "#texture" },
        "north": { "uv": [ 12.5, 8, 14.5, 11.5 ], "texture": "#texture" },
        "south": { "uv": [ 1.5, 8, 3.5, 11.5 ], "texture": "#texture" },
        "west":  { "uv": [ 7, 8, 9, 11.5 ], "texture": "#texture" },
        "east":  { "uv": [ 7, 8, 9, 11.5 ], "texture": "#texture" }
    }
},
{
    "__comment": "Stoel frame*",
    "from": [ -2, 1, -1 ],
    "to": [ -1, 6.5, 0 ],
    "faces": {
        "down":  { "uv": [ 14.5, 9, 12.5, 7 ], "texture": "#texture" },
        "up":    { "uv": [ 1.5, 7, 3.5, 9 ], "texture": "#texture" },
        "north": { "uv": [ 12.5, 8, 14.5, 11.5 ], "texture": "#texture" },
        "south": { "uv": [ 1.5, 8, 3.5, 11.5 ], "texture": "#texture" },
        "west":  { "uv": [ 7, 8, 9, 11.5 ], "texture": "#texture" },
        "east":  { "uv": [ 7, 8, 9, 11.5 ], "texture": "#texture" }
    }
},
{
    "__comment": "Stoel frame*",
    "from": [ -2, 4.5, 0 ],
    "to": [ -1, 6.5, 2.5 ],
    "rotation": { "origin": [ -2, 6.5, 0 ], "axis": "x", "angle": 22.5 },
    "faces": {
        "down":  { "uv": [ 14.5, 9, 12.5, 7 ], "texture": "#texture" },
        "up":    { "uv": [ 1.5, 7, 3.5, 9 ], "texture": "#texture" },
        "north": { "uv": [ 12.5, 8, 14.5, 11.5 ], "texture": "#texture" },
        "south": { "uv": [ 1.5, 8, 3.5, 11.5 ], "texture": "#texture" },
        "west":  { "uv": [ 7, 8, 9, 11.5 ], "texture": "#texture" },
        "east":  { "uv": [ 7, 8, 9, 11.5 ], "texture": "#texture" }
    }
},
{
    "__comment": "Stoel frame*",
    "from": [ -2, 1, 0 ],
    "to": [ -1, 5.5, 2.5 ],
    "faces": {
        "down":  { "uv": [ 14.5, 9, 12.5, 7 ], "texture": "#texture" },
        "up":    { "uv": [ 1.5, 7, 3.5, 9 ], "texture": "#texture" },
        "north": { "uv": [ 12.5, 8, 14.5, 11.5 ], "texture": "#texture" },
        "south": { "uv": [ 1.5, 8, 3.5, 11.5 ], "texture": "#texture" },
        "west":  { "uv": [ 7, 8, 9, 11.5 ], "texture": "#texture" },
        "east":  { "uv": [ 7, 8, 9, 11.5 ], "texture": "#texture" }
    }
},
{
    "__comment": "Stoel frame*",
    "from": [ -1.5, 4.5, 14 ],
    "to": [ 17.5, 14, 15 ],
    "rotation": { "origin": [ -1.5, 14, 14 ], "axis": "x", "angle": 22.5 },
    "faces": {
        "down":  { "uv": [ 14.5, 9, 12.5, 7 ], "texture": "#texture" },
        "up":    { "uv": [ 1.5, 7, 3.5, 9 ], "texture": "#texture" },
        "north": { "uv": [ 12.5, 8, 14.5, 11.5 ], "texture": "#texture" },
        "south": { "uv": [ 1.5, 8, 3.5, 11.5 ], "texture": "#texture" },
        "west":  { "uv": [ 7, 8, 9, 11.5 ], "texture": "#texture" },
        "east":  { "uv": [ 7, 8, 9, 11.5 ], "texture": "#texture" }
    }
},
{
    "__comment": "Stoel frame*",
    "from": [ -1.5, 6, 30 ],
    "to": [ 17.5, 15.5, 31 ],
    "rotation": { "origin": [ -1.5, 15.5, 30 ], "axis": "x", "angle": 22.5 },
    "faces": {
        "down":  { "uv": [ 14.5, 9, 12.5, 7 ], "texture": "#texture" },
        "up":    { "uv": [ 1.5, 7, 3.5, 9 ], "texture": "#texture" },
        "north": { "uv": [ 12.5, 8, 14.5, 11.5 ], "texture": "#texture" },
        "south": { "uv": [ 1.5, 8, 3.5, 11.5 ], "texture": "#texture" },
        "west":  { "uv": [ 7, 8, 9, 11.5 ], "texture": "#texture" },
        "east":  { "uv": [ 7, 8, 9, 11.5 ], "texture": "#texture" }
    }
},
{
    "__comment": "Stoel frame*",
    "from": [ -2, 3, 2.5 ],
    "to": [ -1.5, 4, 4.5 ],
    "faces": {
        "down":  { "uv": [ 14.5, 9, 12.5, 7 ], "texture": "#texture" },
        "up":    { "uv": [ 1.5, 7, 3.5, 9 ], "texture": "#texture" },
        "north": { "uv": [ 12.5, 8, 14.5, 11.5 ], "texture": "#texture" },
        "south": { "uv": [ 1.5, 8, 3.5, 11.5 ], "texture": "#texture" },
        "west":  { "uv": [ 7, 8, 9, 11.5 ], "texture": "#texture" },
        "east":  { "uv": [ 7, 8, 9, 11.5 ], "texture": "#texture" }
    }
},
{
    "__comment": "frame*",
    "from": [ 1.5, 3, -2.5 ],
    "to": [ 14.5, 3.5, -1.5 ],
    "faces": {
        "down":  { "uv": [ 0, 0, 16, 16 ], "texture": "#stone_slab_top" },
        "up":    { "uv": [ 0, 0, 16, 16 ], "texture": "#stone_slab_top" },
        "north": { "uv": [ 0, 0, 16, 16 ], "texture": "#stone_slab_top" },
        "south": { "uv": [ 0, 0, 16, 16 ], "texture": "#stone_slab_top" },
        "west":  { "uv": [ 0, 0, 16, 16 ], "texture": "#stone_slab_top" },
        "east":  { "uv": [ 0, 0, 16, 16 ], "texture": "#stone_slab_top" }
    }
},
{
    "__comment": "frame*",
    "from": [ -1, 3, -1.5 ],
    "to": [ 17, 3.5, -0.5 ],
    "faces": {
        "down":  { "uv": [ 0, 0, 16, 16 ], "texture": "#stone_slab_top" },
        "up":    { "uv": [ 0, 0, 16, 16 ], "texture": "#stone_slab_top" },
        "north": { "uv": [ 0, 0, 16, 16 ], "texture": "#stone_slab_top" },
        "south": { "uv": [ 0, 0, 16, 16 ], "texture": "#stone_slab_top" },
        "west":  { "uv": [ 0, 0, 16, 16 ], "texture": "#stone_slab_top" },
        "east":  { "uv": [ 0, 0, 16, 16 ], "texture": "#stone_slab_top" }
    }
},
{
    "__comment": "Stoel frame*",
    "from": [ -2, 1, 2.5 ],
    "to": [ -1, 3, 27.5 ],
    "faces": {
        "down":  { "uv": [ 14.5, 9, 12.5, 7 ], "texture": "#texture" },
        "up":    { "uv": [ 1.5, 7, 3.5, 9 ], "texture": "#texture" },
        "north": { "uv": [ 12.5, 8, 14.5, 11.5 ], "texture": "#texture" },
        "south": { "uv": [ 1.5, 8, 3.5, 11.5 ], "texture": "#texture" },
        "west":  { "uv": [ 7, 8, 9, 11.5 ], "texture": "#texture" },
        "east":  { "uv": [ 7, 8, 9, 11.5 ], "texture": "#texture" }
    }
},
{
    "__comment": "Stoel frame*",
    "from": [ 17.5, 3, 2.5 ],
    "to": [ 18, 4, 4.5 ],
    "faces": {
        "down":  { "uv": [ 14.5, 9, 12.5, 7 ], "texture": "#texture" },
        "up":    { "uv": [ 1.5, 7, 3.5, 9 ], "texture": "#texture" },
        "north": { "uv": [ 12.5, 8, 14.5, 11.5 ], "texture": "#texture" },
        "south": { "uv": [ 1.5, 8, 3.5, 11.5 ], "texture": "#texture" },
        "west":  { "uv": [ 7, 8, 9, 11.5 ], "texture": "#texture" },
        "east":  { "uv": [ 7, 8, 9, 11.5 ], "texture": "#texture" }
    }
},
{
    "__comment": "Stoel frame*",
    "from": [ 17, 1, 2.5 ],
    "to": [ 18, 3, 27.5 ],
    "faces": {
        "down":  { "uv": [ 14.5, 9, 12.5, 7 ], "texture": "#texture" },
        "up":    { "uv": [ 1.5, 7, 3.5, 9 ], "texture": "#texture" },
        "north": { "uv": [ 12.5, 8, 14.5, 11.5 ], "texture": "#texture" },
        "south": { "uv": [ 1.5, 8, 3.5, 11.5 ], "texture": "#texture" },
        "west":  { "uv": [ 7, 8, 9, 11.5 ], "texture": "#texture" },
        "east":  { "uv": [ 7, 8, 9, 11.5 ], "texture": "#texture" }
    }
},
{
    "__comment": "zijkantenstoel",
    "from": [ -2, 3, 4.5 ],
    "to": [ -1, 8.5, 12 ],
    "faces": {
        "down":  { "uv": [ 16, 12, 16, 4.5 ], "texture": "#texture" },
        "up":    { "uv": [ 0, 4.5, 0, 12 ], "texture": "#texture" },
        "north": { "uv": [ 0, 7.5, 0, 13 ], "texture": "#texture" },
        "south": { "uv": [ 0, 7.5, 0, 13 ], "texture": "#texture" },
        "west":  { "uv": [ 4.5, 7.5, 12, 13 ], "texture": "#texture" },
        "east":  { "uv": [ 12, 7.5, 4.5, 13 ], "texture": "#texture" }
    }
},
{
    "__comment": "zijkantenstoel*",
    "from": [ -2, 4, 12.5 ],
    "to": [ -1, 14, 15.5 ],
    "rotation": { "origin": [ -2, 14, 12.5 ], "axis": "x", "angle": 22.5 },
    "faces": {
        "down":  { "uv": [ 16, 15.5, 16, 12.5 ], "texture": "#texture" },
        "up":    { "uv": [ 0, 12.5, 0, 15.5 ], "texture": "#texture" },
        "north": { "uv": [ 0, 2, 0, 12 ], "texture": "#texture" },
        "south": { "uv": [ 0, 2, 0, 12 ], "texture": "#texture" },
        "west":  { "uv": [ 12.5, 2, 15.5, 12 ], "texture": "#texture" },
        "east":  { "uv": [ 15.5, 2, 12.5, 12 ], "texture": "#texture" }
    }
},
{
    "__comment": "zijkantenstoel*",
    "from": [ -2, 8.5, 6.5 ],
    "to": [ -1, 9.5, 8.5 ],
    "rotation": { "origin": [ -2, 9.5, 6.5 ], "axis": "x", "angle": 22.5 },
    "faces": {
        "down":  { "uv": [ 16, 8.5, 16, 6.5 ], "texture": "#texture" },
        "up":    { "uv": [ 0, 6.5, 0, 8.5 ], "texture": "#texture" },
        "north": { "uv": [ 0, 6.5, 0, 7.5 ], "texture": "#texture" },
        "south": { "uv": [ 0, 6.5, 0, 7.5 ], "texture": "#texture" },
        "west":  { "uv": [ 6.5, 6.5, 8.5, 7.5 ], "texture": "#texture" },
        "east":  { "uv": [ 8.5, 6.5, 6.5, 7.5 ], "texture": "#texture" }
    }
},
{
    "__comment": "zijkantenstoel*",
    "from": [ -2, 13.8125, 11.9375 ],
    "to": [ -1, 16.3125, 16.4375 ],
    "rotation": { "origin": [ -2, 16.3125, 11.9375 ], "axis": "x", "angle": 22.5 },
    "faces": {
        "down":  { "uv": [ 16, 16, 16, 11.8125 ], "texture": "#texture" },
        "up":    { "uv": [ 0, 11.8125, 0, 16 ], "texture": "#texture" },
        "north": { "uv": [ 0, 0, 0, 2.25 ], "texture": "#texture" },
        "south": { "uv": [ 0, 0, 0, 2.25 ], "texture": "#texture" },
        "west":  { "uv": [ 11.8125, 0, 16, 2.25 ], "texture": "#texture" },
        "east":  { "uv": [ 16, 0, 11.8125, 2.25 ], "texture": "#texture" }
    }
},
{
    "__comment": "zijkantenstoel*",
    "from": [ -2, 13.5, 26.5 ],
    "to": [ -1, 15.5, 27.5 ],
    "rotation": { "origin": [ -2, 15.5, 26.5 ], "axis": "x", "angle": -22.5 },
    "faces": {
        "down":  { "uv": [ 16, 16, 16, 16 ], "texture": "#texture" },
        "up":    { "uv": [ 0, 16, 0, 16 ], "texture": "#texture" },
        "north": { "uv": [ 0, 0.5, 0, 2.5 ], "texture": "#texture" },
        "south": { "uv": [ 0, 0.5, 0, 2.5 ], "texture": "#texture" },
        "west":  { "uv": [ 16, 0.5, 16, 2.5 ], "texture": "#texture" },
        "east":  { "uv": [ 16, 0.5, 16, 2.5 ], "texture": "#texture" }
    }
},
{
    "__comment": "zijkantenstoel*",
    "from": [ 17, 4, 12.5 ],
    "to": [ 18, 14, 15.5 ],
    "rotation": { "origin": [ 17, 14, 12.5 ], "axis": "x", "angle": 22.5 },
    "faces": {
        "down":  { "uv": [ 0, 15.5, 0, 12.5 ], "texture": "#texture" },
        "up":    { "uv": [ 16, 12.5, 16, 15.5 ], "texture": "#texture" },
        "north": { "uv": [ 16, 2, 16, 12 ], "texture": "#texture" },
        "south": { "uv": [ 16, 2, 16, 12 ], "texture": "#texture" },
        "west":  { "uv": [ 12.5, 2, 15.5, 12 ], "texture": "#texture" },
        "east":  { "uv": [ 15.5, 2, 12.5, 12 ], "texture": "#texture" }
    }
},
{
    "__comment": "zijkantenstoel*",
    "from": [ 17, 13.8125, 11.9375 ],
    "to": [ 18, 16.3125, 16.4375 ],
    "rotation": { "origin": [ 17, 16.3125, 11.9375 ], "axis": "x", "angle": 22.5 },
    "faces": {
        "down":  { "uv": [ 0, 16, 0, 11.8125 ], "texture": "#texture" },
        "up":    { "uv": [ 16, 11.8125, 16, 16 ], "texture": "#texture" },
        "north": { "uv": [ 16, 0, 16, 2.25 ], "texture": "#texture" },
        "south": { "uv": [ 16, 0, 16, 2.25 ], "texture": "#texture" },
        "west":  { "uv": [ 11.8125, 0, 16, 2.25 ], "texture": "#texture" },
        "east":  { "uv": [ 16, 0, 11.8125, 2.25 ], "texture": "#texture" }
    }
},
{
    "__comment": "zijkantenstoel*",
    "from": [ 17, 13.5, 26.5 ],
    "to": [ 18, 15.5, 27.5 ],
    "rotation": { "origin": [ 17, 15.5, 26.5 ], "axis": "x", "angle": -22.5 },
    "faces": {
        "down":  { "uv": [ 0, 16, 0, 16 ], "texture": "#texture" },
        "up":    { "uv": [ 16, 16, 16, 16 ], "texture": "#texture" },
        "north": { "uv": [ 16, 0.5, 16, 2.5 ], "texture": "#texture" },
        "south": { "uv": [ 16, 0.5, 16, 2.5 ], "texture": "#texture" },
        "west":  { "uv": [ 16, 0.5, 16, 2.5 ], "texture": "#texture" },
        "east":  { "uv": [ 16, 0.5, 16, 2.5 ], "texture": "#texture" }
    }
},
{
    "__comment": "Stoel frame*",
    "from": [ -2, 3, 12 ],
    "to": [ -1.5, 5, 20 ],
    "faces": {
        "down":  { "uv": [ 14.5, 9, 12.5, 7 ], "texture": "#texture" },
        "up":    { "uv": [ 1.5, 7, 3.5, 9 ], "texture": "#texture" },
        "north": { "uv": [ 12.5, 8, 14.5, 11.5 ], "texture": "#texture" },
        "south": { "uv": [ 1.5, 8, 3.5, 11.5 ], "texture": "#texture" },
        "west":  { "uv": [ 7, 8, 9, 11.5 ], "texture": "#texture" },
        "east":  { "uv": [ 7, 8, 9, 11.5 ], "texture": "#texture" }
    }
},
{
    "__comment": "zijkantenstoel*",
    "from": [ 17, 3, 4.5 ],
    "to": [ 18, 8.5, 12 ],
    "faces": {
        "down":  { "uv": [ 0, 12, 0, 4.5 ], "texture": "#texture" },
        "up":    { "uv": [ 16, 4.5, 16, 12 ], "texture": "#texture" },
        "north": { "uv": [ 16, 7.5, 16, 13 ], "texture": "#texture" },
        "south": { "uv": [ 16, 7.5, 16, 13 ], "texture": "#texture" },
        "west":  { "uv": [ 4.5, 7.5, 12, 13 ], "texture": "#texture" },
        "east":  { "uv": [ 12, 7.5, 4.5, 13 ], "texture": "#texture" }
    }
},
{
    "__comment": "zijkantenstoel*",
    "from": [ 17, 8.5, 6.5 ],
    "to": [ 18, 9.5, 8.5 ],
    "rotation": { "origin": [ 17, 9.5, 6.5 ], "axis": "x", "angle": 22.5 },
    "faces": {
        "down":  { "uv": [ 0, 8.5, 0, 6.5 ], "texture": "#texture" },
        "up":    { "uv": [ 16, 6.5, 16, 8.5 ], "texture": "#texture" },
        "north": { "uv": [ 16, 6.5, 16, 7.5 ], "texture": "#texture" },
        "south": { "uv": [ 16, 6.5, 16, 7.5 ], "texture": "#texture" },
        "west":  { "uv": [ 6.5, 6.5, 8.5, 7.5 ], "texture": "#texture" },
        "east":  { "uv": [ 8.5, 6.5, 6.5, 7.5 ], "texture": "#texture" }
    }
},
{
    "__comment": "zijkantenstoel*",
    "from": [ 17, 5.1875, 3.25 ],
    "to": [ 18, 8.1875, 6.75 ],
    "rotation": { "origin": [ 17, 8.1875, 3.25 ], "axis": "x", "angle": -22.5 },
    "faces": {
        "down":  { "uv": [ 0, 6.75, 0, 3.25 ], "texture": "#texture" },
        "up":    { "uv": [ 16, 3.25, 16, 6.75 ], "texture": "#texture" },
        "north": { "uv": [ 16, 7.8125, 16, 10.8125 ], "texture": "#texture" },
        "south": { "uv": [ 16, 7.8125, 16, 10.8125 ], "texture": "#texture" },
        "west":  { "uv": [ 3.25, 7.8125, 6.75, 10.8125 ], "texture": "#texture" },
        "east":  { "uv": [ 6.75, 7.8125, 3.25, 10.8125 ], "texture": "#texture" }
    }
},
{
    "__comment": "zijkantenstoel*",
    "from": [ -2, 15.3125, 27.4375 ],
    "to": [ -1, 17.8125, 31.9375 ],
    "rotation": { "origin": [ -2, 17.8125, 27.4375 ], "axis": "x", "angle": 22.5 },
    "faces": {
        "down":  { "uv": [ 16, 16, 16, 16 ], "texture": "#texture" },
        "up":    { "uv": [ 0, 16, 0, 16 ], "texture": "#texture" },
        "north": { "uv": [ 0, 0, 0, 0.75 ], "texture": "#texture" },
        "south": { "uv": [ 0, 0, 0, 0.75 ], "texture": "#texture" },
        "west":  { "uv": [ 16, 0, 16, 0.75 ], "texture": "#texture" },
        "east":  { "uv": [ 16, 0, 16, 0.75 ], "texture": "#texture" }
    }
},
{
    "__comment": "zijkantenstoel*",
    "from": [ 17, 15.3125, 27.4375 ],
    "to": [ 18, 17.8125, 31.9375 ],
    "rotation": { "origin": [ 17, 17.8125, 27.4375 ], "axis": "x", "angle": 22.5 },
    "faces": {
        "down":  { "uv": [ 0, 16, 0, 16 ], "texture": "#texture" },
        "up":    { "uv": [ 16, 16, 16, 16 ], "texture": "#texture" },
        "north": { "uv": [ 16, 0, 16, 0.75 ], "texture": "#texture" },
        "south": { "uv": [ 16, 0, 16, 0.75 ], "texture": "#texture" },
        "west":  { "uv": [ 16, 0, 16, 0.75 ], "texture": "#texture" },
        "east":  { "uv": [ 16, 0, 16, 0.75 ], "texture": "#texture" }
    }
},
{
    "__comment": "zijkantenstoel*",
    "from": [ -2, 3, 20 ],
    "to": [ -1, 10, 27.5 ],
    "faces": {
        "down":  { "uv": [ 16, 16, 16, 16 ], "texture": "#texture" },
        "up":    { "uv": [ 0, 16, 0, 16 ], "texture": "#texture" },
        "north": { "uv": [ 0, 6, 0, 13 ], "texture": "#texture" },
        "south": { "uv": [ 0, 6, 0, 13 ], "texture": "#texture" },
        "west":  { "uv": [ 16, 6, 16, 13 ], "texture": "#texture" },
        "east":  { "uv": [ 16, 6, 16, 13 ], "texture": "#texture" }
    }
},
{
    "__comment": "zijkantenstoel*",
    "from": [ -2, 13.5, 26.5 ],
    "to": [ -1, 15.5, 27.5 ],
    "rotation": { "origin": [ -2, 15.5, 26.5 ], "axis": "x", "angle": -22.5 },
    "faces": {
        "down":  { "uv": [ 16, 16, 16, 16 ], "texture": "#texture" },
        "up":    { "uv": [ 0, 16, 0, 16 ], "texture": "#texture" },
        "north": { "uv": [ 0, 0.5, 0, 2.5 ], "texture": "#texture" },
        "south": { "uv": [ 0, 0.5, 0, 2.5 ], "texture": "#texture" },
        "west":  { "uv": [ 16, 0.5, 16, 2.5 ], "texture": "#texture" },
        "east":  { "uv": [ 16, 0.5, 16, 2.5 ], "texture": "#texture" }
    }
},
{
    "__comment": "zijkantenstoel*",
    "from": [ -2, 6.6875, 18.75 ],
    "to": [ -1, 9.6875, 22.25 ],
    "rotation": { "origin": [ -2, 9.6875, 18.75 ], "axis": "x", "angle": -22.5 },
    "faces": {
        "down":  { "uv": [ 16, 16, 16, 16 ], "texture": "#texture" },
        "up":    { "uv": [ 0, 16, 0, 16 ], "texture": "#texture" },
        "north": { "uv": [ 0, 6.3125, 0, 9.3125 ], "texture": "#texture" },
        "south": { "uv": [ 0, 6.3125, 0, 9.3125 ], "texture": "#texture" },
        "west":  { "uv": [ 16, 6.3125, 16, 9.3125 ], "texture": "#texture" },
        "east":  { "uv": [ 16, 6.3125, 16, 9.3125 ], "texture": "#texture" }
    }
},
{
    "__comment": "zijkantenstoel*",
    "from": [ -2, 10, 22 ],
    "to": [ -1, 11, 24 ],
    "rotation": { "origin": [ -2, 11, 22 ], "axis": "x", "angle": 22.5 },
    "faces": {
        "down":  { "uv": [ 16, 16, 16, 16 ], "texture": "#texture" },
        "up":    { "uv": [ 0, 16, 0, 16 ], "texture": "#texture" },
        "north": { "uv": [ 0, 5, 0, 6 ], "texture": "#texture" },
        "south": { "uv": [ 0, 5, 0, 6 ], "texture": "#texture" },
        "west":  { "uv": [ 16, 5, 16, 6 ], "texture": "#texture" },
        "east":  { "uv": [ 16, 5, 16, 6 ], "texture": "#texture" }
    }
},
{
    "__comment": "Stoel frame*",
    "from": [ -1, 1, 27 ],
    "to": [ 17, 9.5, 27.5 ],
    "faces": {
        "down":  { "uv": [ 14.5, 9, 12.5, 7 ], "texture": "#texture" },
        "up":    { "uv": [ 1.5, 7, 3.5, 9 ], "texture": "#texture" },
        "north": { "uv": [ 12.5, 8, 14.5, 11.5 ], "texture": "#texture" },
        "south": { "uv": [ 1.5, 8, 3.5, 11.5 ], "texture": "#texture" },
        "west":  { "uv": [ 7, 8, 9, 11.5 ], "texture": "#texture" },
        "east":  { "uv": [ 7, 8, 9, 11.5 ], "texture": "#texture" }
    }
},
{
    "__comment": "zijkantenstoel*",
    "from": [ 17, 5.5, 28 ],
    "to": [ 18, 15.5, 31 ],
    "rotation": { "origin": [ 17, 15.5, 28 ], "axis": "x", "angle": 22.5 },
    "faces": {
        "down":  { "uv": [ 0, 16, 0, 16 ], "texture": "#texture" },
        "up":    { "uv": [ 16, 16, 16, 16 ], "texture": "#texture" },
        "north": { "uv": [ 16, 0.5, 16, 10.5 ], "texture": "#texture" },
        "south": { "uv": [ 16, 0.5, 16, 10.5 ], "texture": "#texture" },
        "west":  { "uv": [ 16, 0.5, 16, 10.5 ], "texture": "#texture" },
        "east":  { "uv": [ 16, 0.5, 16, 10.5 ], "texture": "#texture" }
    }
},
{
    "__comment": "zijkantenstoel*",
    "from": [ 17, 3, 20 ],
    "to": [ 18, 10, 27.5 ],
    "faces": {
        "down":  { "uv": [ 0, 16, 0, 16 ], "texture": "#texture" },
        "up":    { "uv": [ 16, 16, 16, 16 ], "texture": "#texture" },
        "north": { "uv": [ 16, 6, 16, 13 ], "texture": "#texture" },
        "south": { "uv": [ 16, 6, 16, 13 ], "texture": "#texture" },
        "west":  { "uv": [ 16, 6, 16, 13 ], "texture": "#texture" },
        "east":  { "uv": [ 16, 6, 16, 13 ], "texture": "#texture" }
    }
},
{
    "__comment": "zijkantenstoel*",
    "from": [ 17, 10, 22 ],
    "to": [ 18, 11, 24 ],
    "rotation": { "origin": [ 17, 11, 22 ], "axis": "x", "angle": 22.5 },
    "faces": {
        "down":  { "uv": [ 0, 16, 0, 16 ], "texture": "#texture" },
        "up":    { "uv": [ 16, 16, 16, 16 ], "texture": "#texture" },
        "north": { "uv": [ 16, 5, 16, 6 ], "texture": "#texture" },
        "south": { "uv": [ 16, 5, 16, 6 ], "texture": "#texture" },
        "west":  { "uv": [ 16, 5, 16, 6 ], "texture": "#texture" },
        "east":  { "uv": [ 16, 5, 16, 6 ], "texture": "#texture" }
    }
},
{
    "__comment": "Stoel frame*",
    "from": [ 17.5, 3, 12 ],
    "to": [ 18, 5, 20 ],
    "faces": {
        "down":  { "uv": [ 14.5, 9, 12.5, 7 ], "texture": "#texture" },
        "up":    { "uv": [ 1.5, 7, 3.5, 9 ], "texture": "#texture" },
        "north": { "uv": [ 12.5, 8, 14.5, 11.5 ], "texture": "#texture" },
        "south": { "uv": [ 1.5, 8, 3.5, 11.5 ], "texture": "#texture" },
        "west":  { "uv": [ 7, 8, 9, 11.5 ], "texture": "#texture" },
        "east":  { "uv": [ 7, 8, 9, 11.5 ], "texture": "#texture" }
    }
},
{
    "__comment": "zijkantenstoel*",
    "from": [ 17, 12, 11 ],
    "to": [ 18, 14, 12 ],
    "rotation": { "origin": [ 17, 14, 11 ], "axis": "x", "angle": -22.5 },
    "faces": {
        "down":  { "uv": [ 0, 12, 0, 11 ], "texture": "#texture" },
        "up":    { "uv": [ 16, 11, 16, 12 ], "texture": "#texture" },
        "north": { "uv": [ 16, 2, 16, 4 ], "texture": "#texture" },
        "south": { "uv": [ 16, 2, 16, 4 ], "texture": "#texture" },
        "west":  { "uv": [ 11, 2, 12, 4 ], "texture": "#texture" },
        "east":  { "uv": [ 12, 2, 11, 4 ], "texture": "#texture" }
    }
},
{
    "__comment": "zijkantenstoel*",
    "from": [ -2, 12, 11 ],
    "to": [ -1, 14, 12 ],
    "rotation": { "origin": [ -2, 14, 11 ], "axis": "x", "angle": -22.5 },
    "faces": {
        "down":  { "uv": [ 16, 12, 16, 11 ], "texture": "#texture" },
        "up":    { "uv": [ 0, 11, 0, 12 ], "texture": "#texture" },
        "north": { "uv": [ 0, 2, 0, 4 ], "texture": "#texture" },
        "south": { "uv": [ 0, 2, 0, 4 ], "texture": "#texture" },
        "west":  { "uv": [ 11, 2, 12, 4 ], "texture": "#texture" },
        "east":  { "uv": [ 12, 2, 11, 4 ], "texture": "#texture" }
    }
},
{
    "__comment": "zijkantenstoel*",
    "from": [ -2, 5.5, 28 ],
    "to": [ -1, 15.5, 31 ],
    "rotation": { "origin": [ -2, 15.5, 28 ], "axis": "x", "angle": 22.5 },
    "faces": {
        "down":  { "uv": [ 16, 16, 16, 16 ], "texture": "#texture" },
        "up":    { "uv": [ 0, 16, 0, 16 ], "texture": "#texture" },
        "north": { "uv": [ 0, 0.5, 0, 10.5 ], "texture": "#texture" },
        "south": { "uv": [ 0, 0.5, 0, 10.5 ], "texture": "#texture" },
        "west":  { "uv": [ 16, 0.5, 16, 10.5 ], "texture": "#texture" },
        "east":  { "uv": [ 16, 0.5, 16, 10.5 ], "texture": "#texture" }
    }
},
{
    "__comment": "railing",
    "from": [ 2.5, 9, -2 ],
    "to": [ 13.5, 9.5, -1 ],
    "faces": {
        "down":  { "uv": [ 13.5, 0, 2.5, 0 ], "texture": "#stone_slab_top" },
        "up":    { "uv": [ 2.5, 0, 13.5, 0 ], "texture": "#stone_slab_top" },
        "north": { "uv": [ 2.5, 6.5, 13.5, 7 ], "texture": "#stone_slab_top" },
        "south": { "uv": [ 2.5, 6.5, 13.5, 7 ], "texture": "#stone_slab_top" },
        "west":  { "uv": [ 0, 6.5, 0, 7 ], "texture": "#stone_slab_top" },
        "east":  { "uv": [ 16, 6.5, 16, 7 ], "texture": "#stone_slab_top" }
    }
},
{
    "__comment": "railing*",
    "from": [ 12.5, 6, -1.5 ],
    "to": [ 13, 9.5, -1 ],
    "rotation": { "origin": [ 12.5, 9.5, -1.5 ], "axis": "x", "angle": 22.5 },
    "faces": {
        "down":  { "uv": [ 13.5, 0, 13, 0 ], "texture": "#stone_slab_top" },
        "up":    { "uv": [ 2.5, 0, 3, 0 ], "texture": "#stone_slab_top" },
        "north": { "uv": [ 13, 5.5, 13.5, 8.5 ], "texture": "#stone_slab_top" },
        "south": { "uv": [ 2.5, 5.5, 3, 8.5 ], "texture": "#stone_slab_top" },
        "west":  { "uv": [ 0, 5.5, 0, 8.5 ], "texture": "#stone_slab_top" },
        "east":  { "uv": [ 16, 5.5, 16, 8.5 ], "texture": "#stone_slab_top" }
    }
},
{
    "__comment": "railing*",
    "from": [ 3, 6, -1.5 ],
    "to": [ 3.5, 9.5, -1 ],
    "rotation": { "origin": [ 3, 9.5, -1.5 ], "axis": "x", "angle": 22.5 },
    "faces": {
        "down":  { "uv": [ 13.5, 0, 13, 0 ], "texture": "#stone_slab_top" },
        "up":    { "uv": [ 2.5, 0, 3, 0 ], "texture": "#stone_slab_top" },
        "north": { "uv": [ 13, 5.5, 13.5, 8.5 ], "texture": "#stone_slab_top" },
        "south": { "uv": [ 2.5, 5.5, 3, 8.5 ], "texture": "#stone_slab_top" },
        "west":  { "uv": [ 0, 5.5, 0, 8.5 ], "texture": "#stone_slab_top" },
        "east":  { "uv": [ 16, 5.5, 16, 8.5 ], "texture": "#stone_slab_top" }
    }
},
{
    "__comment": "railing*",
    "from": [ 13.5, 9, -2 ],
    "to": [ 18.5, 9.5, -1 ],
    "rotation": { "origin": [ 13.5, 9, -2 ], "axis": "y", "angle": -22.5 },
    "faces": {
        "down":  { "uv": [ 2.5, 0, 0, 0 ], "texture": "#stone_slab_top" },
        "up":    { "uv": [ 13.5, 0, 16, 0 ], "texture": "#stone_slab_top" },
        "north": { "uv": [ 0, 6, 2.5, 6.5 ], "texture": "#stone_slab_top" },
        "south": { "uv": [ 13.5, 6, 16, 6.5 ], "texture": "#stone_slab_top" },
        "west":  { "uv": [ 0, 6, 0, 6.5 ], "texture": "#stone_slab_top" },
        "east":  { "uv": [ 16, 6, 16, 6.5 ], "texture": "#stone_slab_top" }
    }
},
{
    "__comment": "railing*",
    "from": [ -2.1875, 9, -0.0625 ],
    "to": [ 2.8125, 9.5, 0.9375 ],
    "rotation": { "origin": [ -2.1875, 9, -0.0625 ], "axis": "y", "angle": 22.5 },
    "faces": {
        "down":  { "uv": [ 16, 0, 13.5, 0 ], "texture": "#stone_slab_top" },
        "up":    { "uv": [ 0, 0, 2.5, 0 ], "texture": "#stone_slab_top" },
        "north": { "uv": [ 13.5, 6, 16, 6.5 ], "texture": "#stone_slab_top" },
        "south": { "uv": [ 0, 6, 2.5, 6.5 ], "texture": "#stone_slab_top" },
        "west":  { "uv": [ 0, 6, 0, 6.5 ], "texture": "#stone_slab_top" },
        "east":  { "uv": [ 16, 6, 16, 6.5 ], "texture": "#stone_slab_top" }
    }
},
{
    "__comment": "railing*",
    "from": [ 16.5, 6, 0 ],
    "to": [ 17, 9.5, 0.5 ],
    "rotation": { "origin": [ 16.5, 9.5, 0 ], "axis": "x", "angle": 22.5 },
    "faces": {
        "down":  { "uv": [ 13.5, 0, 13, 0 ], "texture": "#stone_slab_top" },
        "up":    { "uv": [ 2.5, 0, 3, 0 ], "texture": "#stone_slab_top" },
        "north": { "uv": [ 13, 5.5, 13.5, 8.5 ], "texture": "#stone_slab_top" },
        "south": { "uv": [ 2.5, 5.5, 3, 8.5 ], "texture": "#stone_slab_top" },
        "west":  { "uv": [ 0, 5.5, 0, 8.5 ], "texture": "#stone_slab_top" },
        "east":  { "uv": [ 16, 5.5, 16, 8.5 ], "texture": "#stone_slab_top" }
    }
},
{
    "__comment": "railing*",
    "from": [ -1, 6, 0 ],
    "to": [ -0.5, 9.5, 0.5 ],
    "rotation": { "origin": [ -1, 9.5, 0 ], "axis": "x", "angle": 22.5 },
    "faces": {
        "down":  { "uv": [ 13.5, 0, 13, 0 ], "texture": "#stone_slab_top" },
        "up":    { "uv": [ 2.5, 0, 3, 0 ], "texture": "#stone_slab_top" },
        "north": { "uv": [ 13, 5.5, 13.5, 8.5 ], "texture": "#stone_slab_top" },
        "south": { "uv": [ 2.5, 5.5, 3, 8.5 ], "texture": "#stone_slab_top" },
        "west":  { "uv": [ 0, 5.5, 0, 8.5 ], "texture": "#stone_slab_top" },
        "east":  { "uv": [ 16, 5.5, 16, 8.5 ], "texture": "#stone_slab_top" }
    }
},
{
    "__comment": "railing*",
    "from": [ -0.5, 13.5, 15.5 ],
    "to": [ 16.5, 14, 16.5 ],
    "faces": {
        "down":  { "uv": [ 16, 16, 0, 15.5 ], "texture": "#stone_slab_top" },
        "up":    { "uv": [ 0, 15.5, 16, 16 ], "texture": "#stone_slab_top" },
        "north": { "uv": [ 0, 2, 16, 2.5 ], "texture": "#stone_slab_top" },
        "south": { "uv": [ 0, 2, 16, 2.5 ], "texture": "#stone_slab_top" },
        "west":  { "uv": [ 15.5, 2, 16, 2.5 ], "texture": "#stone_slab_top" },
        "east":  { "uv": [ 0, 2, 0.5, 2.5 ], "texture": "#stone_slab_top" }
    }
},
{
    "__comment": "railing*",
    "from": [ 15, 12.9375, 14.125 ],
    "to": [ 15.5, 13.4375, 15.625 ],
    "rotation": { "origin": [ 15, 13.4375, 14.125 ], "axis": "x", "angle": -22.5 },
    "faces": {
        "down":  { "uv": [ 13.5, 0, 13, 0 ], "texture": "#stone_slab_top" },
        "up":    { "uv": [ 2.5, 0, 3, 0 ], "texture": "#stone_slab_top" },
        "north": { "uv": [ 13, 5.5, 13.5, 8.5 ], "texture": "#stone_slab_top" },
        "south": { "uv": [ 2.5, 5.5, 3, 8.5 ], "texture": "#stone_slab_top" },
        "west":  { "uv": [ 0, 5.5, 0, 8.5 ], "texture": "#stone_slab_top" },
        "east":  { "uv": [ 16, 5.5, 16, 8.5 ], "texture": "#stone_slab_top" }
    }
},
{
    "__comment": "railing*",
    "from": [ 0.5, 12.9375, 14.125 ],
    "to": [ 1, 13.4375, 15.625 ],
    "rotation": { "origin": [ 0.5, 13.4375, 14.125 ], "axis": "x", "angle": -22.5 },
    "faces": {
        "down":  { "uv": [ 13.5, 0, 13, 0 ], "texture": "#stone_slab_top" },
        "up":    { "uv": [ 2.5, 0, 3, 0 ], "texture": "#stone_slab_top" },
        "north": { "uv": [ 13, 5.5, 13.5, 8.5 ], "texture": "#stone_slab_top" },
        "south": { "uv": [ 2.5, 5.5, 3, 8.5 ], "texture": "#stone_slab_top" },
        "west":  { "uv": [ 0, 5.5, 0, 8.5 ], "texture": "#stone_slab_top" },
        "east":  { "uv": [ 16, 5.5, 16, 8.5 ], "texture": "#stone_slab_top" }
    }
},
{
    "__comment": "zijkantenstoel*",
    "from": [ -2, 5.1875, 3.25 ],
    "to": [ -1, 8.1875, 6.75 ],
    "rotation": { "origin": [ -2, 8.1875, 3.25 ], "axis": "x", "angle": -22.5 },
    "faces": {
        "down":  { "uv": [ 16, 6.75, 16, 3.25 ], "texture": "#texture" },
        "up":    { "uv": [ 0, 3.25, 0, 6.75 ], "texture": "#texture" },
        "north": { "uv": [ 0, 7.8125, 0, 10.8125 ], "texture": "#texture" },
        "south": { "uv": [ 0, 7.8125, 0, 10.8125 ], "texture": "#texture" },
        "west":  { "uv": [ 3.25, 7.8125, 6.75, 10.8125 ], "texture": "#texture" },
        "east":  { "uv": [ 6.75, 7.8125, 3.25, 10.8125 ], "texture": "#texture" }
    }
},
{
    "__comment": "zijkantenstoel*",
    "from": [ 17, 6.6875, 18.75 ],
    "to": [ 18, 9.6875, 22.25 ],
    "rotation": { "origin": [ 17, 9.6875, 18.75 ], "axis": "x", "angle": -22.5 },
    "faces": {
        "down":  { "uv": [ 16, 16, 16, 16 ], "texture": "#texture" },
        "up":    { "uv": [ 0, 16, 0, 16 ], "texture": "#texture" },
        "north": { "uv": [ 0, 6.3125, 0, 9.3125 ], "texture": "#texture" },
        "south": { "uv": [ 0, 6.3125, 0, 9.3125 ], "texture": "#texture" },
        "west":  { "uv": [ 16, 6.3125, 16, 9.3125 ], "texture": "#texture" },
        "east":  { "uv": [ 16, 6.3125, 16, 9.3125 ], "texture": "#texture" }
    }
}
],
"display": {
    "head": {
        "rotation": [ 0, 0, 0 ],
        "translation": [ 8.6, 0.8, -0.4 ],
        "scale": [ 2, 2, 2 ]
    }
}
}