{
"__comment": "Designed by Kukamonda with BDcraft Cubik PRO 0.96 Beta - http://bdcraft.net",
"textures": {
    "texture": "blocks/piston_bottom",
    "dispenser_front_vertical": "blocks/dispenser_front_vertical",
    "hardened_clay_stained_cyan": "blocks/hardened_clay_stained_cyan"
},
"elements": [ 
{
    "from": [ -16, -3, -16 ],
    "to": [ 32, 0, 32 ],
    "faces": {
        "down":  { "uv": [ 0, 0, 16, 16 ], "texture": "#hardened_clay_stained_cyan" },
        "up":    { "uv": [ 0, 0, 16, 16 ], "texture": "#hardened_clay_stained_cyan" },
        "north": { "uv": [ 0, 0, 16, 1 ], "texture": "#texture" },
        "south": { "uv": [ 0, 0, 16, 1 ], "texture": "#texture" },
        "west":  { "uv": [ 0, 0, 16, 1 ], "texture": "#texture" },
        "east":  { "uv": [ 0, 0, 16, 1 ], "texture": "#texture" }
    }
},
{
    "from": [ -14, 0, -14 ],
    "to": [ -10.5, 1, -10.5 ],
    "faces": {
        "down":  { "uv": [ 0, 0, 16, 16 ], "texture": "#texture" },
        "up":    { "uv": [ 0, 0, 16, 16 ], "texture": "#dispenser_front_vertical" },
        "north": { "uv": [ 0, 15, 3.5, 16 ], "texture": "#texture" },
        "south": { "uv": [ 0, 15, 3.5, 16 ], "texture": "#texture" },
        "west":  { "uv": [ 0, 15, 3.5, 16 ], "texture": "#texture" },
        "east":  { "uv": [ 0, 15, 3.5, 16 ], "texture": "#texture" }
    }
},
{
    "from": [ 26.5, 0, -14 ],
    "to": [ 30, 1, -10.5 ],
    "faces": {
        "down":  { "uv": [ 0, 0, 16, 16 ], "texture": "#texture" },
        "up":    { "uv": [ 0, 0, 16, 16 ], "texture": "#dispenser_front_vertical" },
        "north": { "uv": [ 0, 0, 3, 1 ], "texture": "#texture" },
        "south": { "uv": [ 0, 0, 3, 1 ], "texture": "#texture" },
        "west":  { "uv": [ 0, 0, 3, 1 ], "texture": "#texture" },
        "east":  { "uv": [ 0, 0, 3, 1 ], "texture": "#texture" }
    }
},
{
    "from": [ 26.5, 0, 26.5 ],
    "to": [ 30, 1, 30 ],
    "faces": {
        "down":  { "uv": [ 0, 0, 16, 16 ], "texture": "#texture" },
        "up":    { "uv": [ 0, 0, 16, 16 ], "texture": "#dispenser_front_vertical" },
        "north": { "uv": [ 0, 0, 3, 1 ], "texture": "#texture" },
        "south": { "uv": [ 0, 0, 3, 1 ], "texture": "#texture" },
        "west":  { "uv": [ 0, 0, 3, 1 ], "texture": "#texture" },
        "east":  { "uv": [ 0, 0, 3, 1 ], "texture": "#texture" }
    }
},
{
    "from": [ -14, 0, 26.5 ],
    "to": [ -10.5, 1, 30 ],
    "faces": {
        "down":  { "uv": [ 0, 0, 16, 16 ], "texture": "#texture" },
        "up":    { "uv": [ 0, 0, 16, 16 ], "texture": "#dispenser_front_vertical" },
        "north": { "uv": [ 0, 0, 3, 1 ], "texture": "#texture" },
        "south": { "uv": [ 0, 0, 3, 1 ], "texture": "#texture" },
        "west":  { "uv": [ 0, 0, 3, 1 ], "texture": "#texture" },
        "east":  { "uv": [ 0, 0, 3, 1 ], "texture": "#texture" }
    }
}
],
"display": {
    "head": {
        "rotation": [ 0, 0, 0 ],
        "translation": [ 0, 0, 0 ],
        "scale": [ 3.17, 3.17, 3.17 ]
    }
}
}