{
	"__comment": "Designed by Kukamonda with BDcraft Cubik PRO 0.96 Beta - http://bdcraft.net",
	"textures": {
		"zijkant": "blocks/seasouls_seating",
		"planks_big_oak": "blocks/planks_big_oak",
		"randje": "blocks/hardened_clay_stained_black",
		"texture": "blocks/hardened_clay_stained_brown",
		"texture7": "items/bone",
		"texture6": "entity/zombie/husk",
		"stone_slab_top": "blocks/stone_slab_top"
	},
	"elements": [
		{
			"__comment": "leuning",
			"from": [ -1.5, -0.5, 9.5 ],
			"to": [ 17.5, 3, 13.5 ],
			"faces": {
				"down": { "uv": [ 16, 13.5, 0, 9.5 ], "texture": "#zijkant" },
				"up": { "uv": [ 0, 9.5, 16, 13.5 ], "texture": "#zijkant" },
				"north": { "uv": [ 0, 12, 16, 15.5 ], "texture": "#zijkant" },
				"south": { "uv": [ 0, 12, 16, 15.5 ], "texture": "#zijkant" },
				"west": { "uv": [ 9.5, 12, 13.5, 15.5 ], "texture": "#zijkant" },
				"east": { "uv": [ 2.5, 12, 6.5, 15.5 ], "texture": "#zijkant" }
			}
		},
		{
			"__comment": "leuning",
			"from": [ -1.5, 0, 19.5 ],
			"to": [ 17.5, 3.5, 23.5 ],
			"faces": {
				"down": { "uv": [ 16, 16, 0, 16 ], "texture": "#zijkant" },
				"up": { "uv": [ 0, 16, 16, 16 ], "texture": "#zijkant" },
				"north": { "uv": [ 0, 11.5, 16, 15 ], "texture": "#zijkant" },
				"south": { "uv": [ 0, 11.5, 16, 15 ], "texture": "#zijkant" },
				"west": { "uv": [ 16, 11.5, 16, 15 ], "texture": "#zijkant" },
				"east": { "uv": [ 0, 11.5, 0, 15 ], "texture": "#zijkant" }
			}
		},
		{
			"__comment": "zijkant*",
			"from": [ -2, 1.5, 19.375 ],
			"to": [ -1, 8.5, 26.875 ],
			"faces": {
				"west": { "uv": [ 0, 0, 11.5, 16 ], "texture": "#planks_big_oak" },
				"east": { "uv": [ 0, 0, 11.5, 16 ], "texture": "#planks_big_oak" }
			}
		},
		{
			"__comment": "goudenrandje*",
			"from": [ -2.5, 1, 9 ],
			"to": [ -0.5, 8, 9.5 ],
			"faces": {
				"north": { "uv": [ 0, 8, 2, 15 ], "texture": "#randje" },
				"south": { "uv": [ 0, 8, 2, 15 ], "texture": "#randje" },
				"west": { "uv": [ 9, 8, 9.5, 15 ], "texture": "#randje" },
				"east": { "uv": [ 9, 8, 9.5, 15 ], "texture": "#randje" }
			}
		},
		{
			"__comment": "goudenrandje*",
			"from": [ 16.5, 8, 9 ],
			"to": [ 18.5, 9, 15 ],
			"faces": {
				"down": { "uv": [ 0, 15, 0, 9 ], "texture": "#randje" },
				"up": { "uv": [ 16, 9, 16, 15 ], "texture": "#randje" },
				"north": { "uv": [ 0, 7, 0, 8 ], "texture": "#randje" },
				"south": { "uv": [ 16, 7, 16, 8 ], "texture": "#randje" },
				"west": { "uv": [ 9, 7, 15, 8 ], "texture": "#randje" },
				"east": { "uv": [ 1, 7, 7, 8 ], "texture": "#randje" }
			}
		},
		{
			"__comment": "goudenrandje*",
			"from": [ 16.5, 1, 9 ],
			"to": [ 18.5, 8, 9.5 ],
			"faces": {
				"north": { "uv": [ 0, 8, 0, 15 ], "texture": "#randje" },
				"south": { "uv": [ 16, 8, 16, 15 ], "texture": "#randje" },
				"west": { "uv": [ 9, 8, 9.5, 15 ], "texture": "#randje" },
				"east": { "uv": [ 6.5, 8, 7, 15 ], "texture": "#randje" }
			}
		},
		{
			"__comment": "goudenrandje*",
			"from": [ -2.5, 1, 14.5 ],
			"to": [ -0.5, 8, 15 ],
			"faces": {
				"north": { "uv": [ 0, 8, 0, 15 ], "texture": "#randje" },
				"south": { "uv": [ 16, 8, 16, 15 ], "texture": "#randje" },
				"west": { "uv": [ 14.5, 8, 15, 15 ], "texture": "#randje" },
				"east": { "uv": [ 1, 8, 1.5, 15 ], "texture": "#randje" }
			}
		},
		{
			"__comment": "goudenrandje*",
			"from": [ 16.5, 1.5, 19 ],
			"to": [ 18.5, 8.5, 19.5 ],
			"faces": {
				"north": { "uv": [ 0, 7.5, 0, 14.5 ], "texture": "#randje" },
				"south": { "uv": [ 16, 7.5, 16, 14.5 ], "texture": "#randje" },
				"west": { "uv": [ 16, 7.5, 16, 14.5 ], "texture": "#randje" },
				"east": { "uv": [ 0, 7.5, 0, 14.5 ], "texture": "#randje" }
			}
		},
		{
			"__comment": "leuning*",
			"from": [ -1, 1, 13.5 ],
			"to": [ 17, 8.5, 14.5 ],
			"faces": {
				"down": { "uv": [ 16, 14, 0, 12.5 ], "texture": "#zijkant" },
				"up": { "uv": [ 0, 12.5, 16, 14 ], "texture": "#zijkant" },
				"north": { "uv": [ 0, 7, 16, 15 ], "texture": "#zijkant" },
				"south": { "uv": [ 0, 7, 16, 15 ], "texture": "#zijkant" },
				"west": { "uv": [ 12.5, 7, 14, 15 ], "texture": "#zijkant" },
				"east": { "uv": [ 2, 7, 3.5, 15 ], "texture": "#zijkant" }
			}
		},
		{
			"__comment": "goudenrandje*",
			"from": [ -2.5, 0, -5.125 ],
			"to": [ -0.5, 1.5, 26.875 ],
			"faces": {
				"down": { "uv": [ 0, 2, 2, 15 ], "texture": "#randje" },
				"up": { "uv": [ 0, 2, 2, 15 ], "texture": "#randje" },
				"south": { "uv": [ 0, 14.5, 2, 15.5 ], "texture": "#randje" },
				"west": { "uv": [ 2, 14.5, 15, 15.5 ], "texture": "#randje" },
				"east": { "uv": [ 2, 14.5, 15, 15.5 ], "texture": "#randje" }
			}
		},
		{
			"__comment": "goudenrandje*",
			"from": [ 16.5, 0, -5 ],
			"to": [ 18.5, 1.5, 27 ],
			"faces": {
				"down": { "uv": [ 0, 16, 0, 0 ], "texture": "#randje" },
				"up": { "uv": [ 16, 0, 16, 16 ], "texture": "#randje" },
				"south": { "uv": [ 16, 14.5, 16, 16 ], "texture": "#randje" },
				"west": { "uv": [ 0, 14.5, 16, 16 ], "texture": "#randje" },
				"east": { "uv": [ 0, 14.5, 16, 16 ], "texture": "#randje" }
			}
		},
		{
			"__comment": "zijkant*",
			"from": [ 17, 1, 9.5 ],
			"to": [ 18, 8, 14.5 ],
			"faces": {
				"west": { "uv": [ 0, 0, 11.5, 16 ], "texture": "#planks_big_oak" },
				"east": { "uv": [ 0, 0, 11.5, 16 ], "texture": "#planks_big_oak" }
			}
		},
		{
			"__comment": "zijkant*",
			"from": [ 17, 1.5, 19.5 ],
			"to": [ 18, 8.5, 27 ],
			"faces": {
				"west": { "uv": [ 0, 0, 11.5, 16 ], "texture": "#planks_big_oak" },
				"east": { "uv": [ 0, 0, 11.5, 16 ], "texture": "#planks_big_oak" }
			}
		},
		{
			"__comment": "zijkant*",
			"from": [ -2, 1, 9.5 ],
			"to": [ -1, 8, 14.5 ],
			"faces": {
				"west": { "uv": [ 0, 0, 11.5, 16 ], "texture": "#planks_big_oak" },
				"east": { "uv": [ 0, 0, 11.5, 16 ], "texture": "#planks_big_oak" }
			}
		},
		{
			"__comment": "goudenrandje*",
			"from": [ -2.5, 0.5, 4.5 ],
			"to": [ -0.5, 7.5, 5 ],
			"faces": {
				"north": { "uv": [ 0, 8, 2, 15 ], "texture": "#randje" },
				"south": { "uv": [ 0, 8, 2, 15 ], "texture": "#randje" },
				"west": { "uv": [ 14.5, 8, 15, 15 ], "texture": "#randje" },
				"east": { "uv": [ 14.5, 8, 15, 15 ], "texture": "#randje" }
			}
		},
		{
			"__comment": "goudenrandje*",
			"from": [ -2.5, 0.5, -1 ],
			"to": [ -0.5, 7.5, -0.5 ],
			"faces": {
				"north": { "uv": [ 0, 8, 2, 15 ], "texture": "#randje" },
				"south": { "uv": [ 0, 8, 2, 15 ], "texture": "#randje" },
				"west": { "uv": [ 9, 8, 9.5, 15 ], "texture": "#randje" },
				"east": { "uv": [ 9, 8, 9.5, 15 ], "texture": "#randje" }
			}
		},
		{
			"__comment": "zijkant*",
			"from": [ -2, 0.5, -0.5 ],
			"to": [ -1, 7.5, 4.5 ],
			"faces": {
				"west": { "uv": [ 0, 0, 11.5, 16 ], "texture": "#planks_big_oak" },
				"east": { "uv": [ 0, 0, 11.5, 16 ], "texture": "#planks_big_oak" }
			}
		},
		{
			"__comment": "goudenrandje*",
			"from": [ -2.5, 7.5, -1 ],
			"to": [ -0.5, 8.5, 5 ],
			"faces": {
				"down": { "uv": [ 0, 9, 2, 15 ], "texture": "#randje" },
				"up": { "uv": [ 0, 9, 2, 15 ], "texture": "#randje" },
				"north": { "uv": [ 0, 7, 2, 8 ], "texture": "#randje" },
				"south": { "uv": [ 0, 7, 2, 8 ], "texture": "#randje" },
				"west": { "uv": [ 9, 7, 15, 8 ], "texture": "#randje" },
				"east": { "uv": [ 9, 7, 15, 8 ], "texture": "#randje" }
			}
		},
		{
			"__comment": "leuning*",
			"from": [ -1, 0.5, 3.5 ],
			"to": [ 17, 8, 4.5 ],
			"faces": {
				"down": { "uv": [ 16, 14, 0, 12.5 ], "texture": "#zijkant" },
				"up": { "uv": [ 0, 12.5, 16, 14 ], "texture": "#zijkant" },
				"north": { "uv": [ 0, 7, 16, 15 ], "texture": "#zijkant" },
				"south": { "uv": [ 0, 7, 16, 15 ], "texture": "#zijkant" },
				"west": { "uv": [ 12.5, 7, 14, 15 ], "texture": "#zijkant" },
				"east": { "uv": [ 2, 7, 3.5, 15 ], "texture": "#zijkant" }
			}
		},
		{
			"__comment": "leuning*",
			"from": [ -1.5, -1.125, -0.5 ],
			"to": [ 17.5, 2.375, 3.5 ],
			"faces": {
				"up": { "uv": [ 0, 0, 16, 3.5 ], "texture": "#zijkant" },
				"north": { "uv": [ 0, 12.5, 16, 16 ], "texture": "#zijkant" },
				"south": { "uv": [ 0, 12.5, 16, 16 ], "texture": "#zijkant" },
				"west": { "uv": [ 0, 12.5, 3.5, 16 ], "texture": "#zijkant" },
				"east": { "uv": [ 12.5, 12.5, 16, 16 ], "texture": "#zijkant" }
			}
		},
		{
			"__comment": "goudenrandje*",
			"from": [ 16.5, 0.5, -1 ],
			"to": [ 18.5, 7.5, -0.5 ],
			"faces": {
				"north": { "uv": [ 0, 8, 2, 15 ], "texture": "#randje" },
				"south": { "uv": [ 0, 8, 2, 15 ], "texture": "#randje" },
				"west": { "uv": [ 9, 8, 9.5, 15 ], "texture": "#randje" },
				"east": { "uv": [ 9, 8, 9.5, 15 ], "texture": "#randje" }
			}
		},
		{
			"__comment": "goudenrandje*",
			"from": [ 16.5, 0.5, 4.5 ],
			"to": [ 18.5, 7.5, 5 ],
			"faces": {
				"north": { "uv": [ 0, 8, 2, 15 ], "texture": "#randje" },
				"south": { "uv": [ 0, 8, 2, 15 ], "texture": "#randje" },
				"west": { "uv": [ 14.5, 8, 15, 15 ], "texture": "#randje" },
				"east": { "uv": [ 14.5, 8, 15, 15 ], "texture": "#randje" }
			}
		},
		{
			"__comment": "goudenrandje*",
			"from": [ 16.5, 7.5, -1 ],
			"to": [ 18.5, 8.5, 5 ],
			"faces": {
				"down": { "uv": [ 0, 9, 2, 15 ], "texture": "#randje" },
				"up": { "uv": [ 0, 9, 2, 15 ], "texture": "#randje" },
				"north": { "uv": [ 0, 7, 2, 8 ], "texture": "#randje" },
				"south": { "uv": [ 0, 7, 2, 8 ], "texture": "#randje" },
				"west": { "uv": [ 9, 7, 15, 8 ], "texture": "#randje" },
				"east": { "uv": [ 9, 7, 15, 8 ], "texture": "#randje" }
			}
		},
		{
			"__comment": "zijkant*",
			"from": [ 17, 0.5, -0.5 ],
			"to": [ 18, 7.5, 4.5 ],
			"faces": {
				"west": { "uv": [ 0, 0, 11.5, 16 ], "texture": "#planks_big_oak" },
				"east": { "uv": [ 0, 0, 11.5, 16 ], "texture": "#planks_big_oak" }
			}
		},
		{
			"from": [ -1.5, 0, 4.5 ],
			"to": [ 17.5, 0.5, 9.5 ],
			"faces": {
				"up": { "uv": [ 0, 4.5, 16, 9.5 ], "texture": "#texture" },
				"north": { "uv": [ 0, 15.5, 16, 16 ], "texture": "#texture" },
				"south": { "uv": [ 0, 15.5, 16, 16 ], "texture": "#texture" }
			}
		},
		{
			"from": [ -1.5, -0.0625, -5.5 ],
			"to": [ 17.5, 0, -0.5 ],
			"faces": {
				"down": { "uv": [ 0, 0, 16, 16 ], "texture": "#texture" },
				"up": { "uv": [ 0, 0, 16, 16 ], "texture": "#texture" },
				"west": { "uv": [ 0, 0, 16, 16 ], "texture": "#texture" },
				"east": { "uv": [ 0, 0, 16, 16 ], "texture": "#texture" }
			}
		},
		{
			"from": [ -1.5, 0.5, 14.5 ],
			"to": [ 17.5, 1, 19.5 ],
			"faces": {
				"down": { "uv": [ 16, 16, 0, 14.5 ], "texture": "#texture" },
				"up": { "uv": [ 0, 14.5, 16, 16 ], "texture": "#texture" },
				"north": { "uv": [ 0, 15, 16, 15.5 ], "texture": "#texture" },
				"south": { "uv": [ 0, 15, 16, 15.5 ], "texture": "#texture" }
			}
		},
		{
			"__comment": "zijkant*",
			"from": [ -2, 1, 5 ],
			"to": [ -1, 5, 9 ],
			"faces": {
				"west": { "uv": [ 0, 6.5, 9.5, 16 ], "texture": "#planks_big_oak" },
				"east": { "uv": [ 0, 6.5, 9.5, 16 ], "texture": "#planks_big_oak" }
			}
		},
		{
			"__comment": "zijkant*",
			"from": [ -2, 1.5, 15 ],
			"to": [ -1, 5.5, 19 ],
			"faces": {
				"west": { "uv": [ 0, 6.5, 9.5, 16 ], "texture": "#planks_big_oak" },
				"east": { "uv": [ 0, 6.5, 9.5, 16 ], "texture": "#planks_big_oak" }
			}
		},
		{
			"__comment": "zijkant*",
			"from": [ -2, 0.5, -5 ],
			"to": [ -1, 4.5, -1 ],
			"faces": {
				"west": { "uv": [ 0, 6.5, 9.5, 16 ], "texture": "#planks_big_oak" },
				"east": { "uv": [ 0, 6.5, 9.5, 16 ], "texture": "#planks_big_oak" }
			}
		},
		{
			"__comment": "goudenrandje*",
			"from": [ -2.5, 4.5, -5 ],
			"to": [ -0.5, 5, -1 ],
			"faces": {
				"down": { "uv": [ 0, 9, 2, 15 ], "texture": "#randje" },
				"up": { "uv": [ 0, 9, 2, 15 ], "texture": "#randje" },
				"west": { "uv": [ 9, 7, 15, 8 ], "texture": "#randje" },
				"east": { "uv": [ 9, 7, 15, 8 ], "texture": "#randje" }
			}
		},
		{
			"__comment": "goudenrandje*",
			"from": [ -2.5, 5, 5 ],
			"to": [ -0.5, 5.5, 9 ],
			"faces": {
				"down": { "uv": [ 0, 9, 2, 15 ], "texture": "#randje" },
				"up": { "uv": [ 0, 9, 2, 15 ], "texture": "#randje" },
				"west": { "uv": [ 9, 7, 15, 8 ], "texture": "#randje" },
				"east": { "uv": [ 9, 7, 15, 8 ], "texture": "#randje" }
			}
		},
		{
			"__comment": "goudenrandje*",
			"from": [ -2.5, 5.5, 15 ],
			"to": [ -0.5, 6, 19 ],
			"faces": {
				"down": { "uv": [ 0, 9, 2, 15 ], "texture": "#randje" },
				"up": { "uv": [ 0, 9, 2, 15 ], "texture": "#randje" },
				"west": { "uv": [ 9, 7, 15, 8 ], "texture": "#randje" },
				"east": { "uv": [ 9, 7, 15, 8 ], "texture": "#randje" }
			}
		},
		{
			"__comment": "goudenrandje*",
			"from": [ 16.5, 5, 5 ],
			"to": [ 18.5, 5.5, 9 ],
			"faces": {
				"down": { "uv": [ 0, 9, 2, 15 ], "texture": "#randje" },
				"up": { "uv": [ 0, 9, 2, 15 ], "texture": "#randje" },
				"west": { "uv": [ 9, 7, 15, 8 ], "texture": "#randje" },
				"east": { "uv": [ 9, 7, 15, 8 ], "texture": "#randje" }
			}
		},
		{
			"__comment": "zijkant*",
			"from": [ 17, 1, 5 ],
			"to": [ 18, 5, 9 ],
			"faces": {
				"west": { "uv": [ 0, 6.5, 9.5, 16 ], "texture": "#planks_big_oak" },
				"east": { "uv": [ 0, 6.5, 9.5, 16 ], "texture": "#planks_big_oak" }
			}
		},
		{
			"__comment": "zijkant*",
			"from": [ 17, 0.5, -5 ],
			"to": [ 18, 4.5, -1 ],
			"faces": {
				"west": { "uv": [ 0, 6.5, 9.5, 16 ], "texture": "#planks_big_oak" },
				"east": { "uv": [ 0, 6.5, 9.5, 16 ], "texture": "#planks_big_oak" }
			}
		},
		{
			"__comment": "zijkant*",
			"from": [ 17, 1.5, 15 ],
			"to": [ 18, 5.5, 19 ],
			"faces": {
				"west": { "uv": [ 0, 6.5, 9.5, 16 ], "texture": "#planks_big_oak" },
				"east": { "uv": [ 0, 6.5, 9.5, 16 ], "texture": "#planks_big_oak" }
			}
		},
		{
			"__comment": "goudenrandje*",
			"from": [ 16.5, 5.5, 15 ],
			"to": [ 18.5, 6, 19 ],
			"faces": {
				"down": { "uv": [ 0, 9, 2, 15 ], "texture": "#randje" },
				"up": { "uv": [ 0, 9, 2, 15 ], "texture": "#randje" },
				"west": { "uv": [ 9, 7, 15, 8 ], "texture": "#randje" },
				"east": { "uv": [ 9, 7, 15, 8 ], "texture": "#randje" }
			}
		},
		{
			"__comment": "goudenrandje*",
			"from": [ 16.5, 4.5, -5 ],
			"to": [ 18.5, 5, -1 ],
			"faces": {
				"down": { "uv": [ 0, 9, 2, 15 ], "texture": "#randje" },
				"up": { "uv": [ 0, 9, 2, 15 ], "texture": "#randje" },
				"west": { "uv": [ 9, 7, 15, 8 ], "texture": "#randje" },
				"east": { "uv": [ 9, 7, 15, 8 ], "texture": "#randje" }
			}
		},
		{
			"__comment": "goudenrandje*",
			"from": [ -2.5, 0, -6 ],
			"to": [ 18.5, 7, -5 ],
			"faces": {
				"down": { "uv": [ 0, 14.5, 2, 15 ], "texture": "#randje" },
				"up": { "uv": [ 0, 14.5, 2, 15 ], "texture": "#randje" },
				"north": { "uv": [ 0, 8, 2, 15 ], "texture": "#randje" },
				"south": { "uv": [ 0, 8, 2, 15 ], "texture": "#randje" },
				"west": { "uv": [ 14.5, 8, 15, 15 ], "texture": "#randje" },
				"east": { "uv": [ 14.5, 8, 15, 15 ], "texture": "#randje" }
			}
		},
		{
			"__comment": "goudenrandje*",
			"from": [ 14.9375, 6.5, -9.375 ],
			"to": [ 16.9375, 7, -4.875 ],
			"rotation": { "origin": [ 14.93749, 6.5, -9.375 ], "axis": "y", "angle": 22.5 },
			"faces": {
				"down": { "uv": [ 0, 9, 2, 15 ], "texture": "#randje" },
				"up": { "uv": [ 0, 9, 2, 15 ], "texture": "#randje" },
				"north": { "uv": [ 0, 7, 2, 8 ], "texture": "#randje" },
				"west": { "uv": [ 9, 7, 15, 8 ], "texture": "#randje" },
				"east": { "uv": [ 9, 7, 15, 8 ], "texture": "#randje" }
			}
		},
		{
			"__comment": "goudenrandje*",
			"from": [ 13, 6.5, -11.9375 ],
			"to": [ 17, 7, -9.9375 ],
			"rotation": { "origin": [ 12.99999, 6.5, -11.9375 ], "axis": "y", "angle": -22.5 },
			"faces": {
				"down": { "uv": [ 0, 9, 2, 15 ], "texture": "#randje" },
				"up": { "uv": [ 0, 9, 2, 15 ], "texture": "#randje" },
				"north": { "uv": [ 0, 7, 2, 8 ], "texture": "#randje" },
				"south": { "uv": [ 0, 7, 2, 8 ], "texture": "#randje" },
				"east": { "uv": [ 9, 7, 15, 8 ], "texture": "#randje" }
			}
		},
		{
			"__comment": "goudenrandje*",
			"from": [ 3, 6.5, -11.9375 ],
			"to": [ 13, 7, -9.9375 ],
			"faces": {
				"down": { "uv": [ 0, 9, 2, 15 ], "texture": "#randje" },
				"up": { "uv": [ 0, 9, 2, 15 ], "texture": "#randje" },
				"north": { "uv": [ 0, 7, 2, 8 ], "texture": "#randje" },
				"south": { "uv": [ 0, 7, 2, 8 ], "texture": "#randje" },
				"west": { "uv": [ 9, 7, 15, 8 ], "texture": "#randje" },
				"east": { "uv": [ 9, 7, 15, 8 ], "texture": "#randje" }
			}
		},
		{
			"__comment": "goudenrandje*",
			"from": [ -0.6875, 6.5, -10.4375 ],
			"to": [ 3.3125, 7, -8.4375 ],
			"rotation": { "origin": [ -0.6875048, 6.5, -10.43749 ], "axis": "y", "angle": 22.5 },
			"faces": {
				"down": { "uv": [ 0, 9, 2, 15 ], "texture": "#randje" },
				"up": { "uv": [ 0, 9, 2, 15 ], "texture": "#randje" },
				"north": { "uv": [ 0, 7, 2, 8 ], "texture": "#randje" },
				"south": { "uv": [ 0, 7, 2, 8 ], "texture": "#randje" },
				"west": { "uv": [ 9, 7, 15, 8 ], "texture": "#randje" }
			}
		},
		{
			"__comment": "goudenrandje*",
			"from": [ -1.4375, 0, -7.375 ],
			"to": [ 0.5625, 1.5, -5.875 ],
			"rotation": { "origin": [ -1.4375, 0, -7.374992 ], "axis": "y", "angle": -22.5 },
			"faces": {
				"down": { "uv": [ 0, 9, 2, 15 ], "texture": "#randje" },
				"up": { "uv": [ 0, 9, 2, 15 ], "texture": "#randje" },
				"north": { "uv": [ 0, 7, 2, 8 ], "texture": "#randje" },
				"west": { "uv": [ 9, 7, 15, 8 ], "texture": "#randje" },
				"east": { "uv": [ 9, 7, 15, 8 ], "texture": "#randje" }
			}
		},
		{
			"__comment": "leuning*",
			"from": [ -1, 1.5, 23.5 ],
			"to": [ 17, 9, 24.5 ],
			"faces": {
				"down": { "uv": [ 16, 14, 0, 12.5 ], "texture": "#zijkant" },
				"up": { "uv": [ 0, 12.5, 16, 14 ], "texture": "#zijkant" },
				"north": { "uv": [ 0, 7, 16, 15 ], "texture": "#zijkant" },
				"south": { "uv": [ 0, 7, 16, 15 ], "texture": "#zijkant" },
				"west": { "uv": [ 12.5, 7, 14, 15 ], "texture": "#zijkant" },
				"east": { "uv": [ 2, 7, 3.5, 15 ], "texture": "#zijkant" }
			}
		},
		{
			"from": [ 3, -1.5, -11.5 ],
			"to": [ 13, 4, -10.5 ],
			"rotation": { "origin": [ 2.999996, 4, -11.49999 ], "axis": "x", "angle": -22.5 },
			"faces": {
				"down": { "uv": [ 15, 0, 2, 0 ], "texture": "#texture" },
				"north": { "uv": [ 2, 12, 15, 16 ], "texture": "#texture" },
				"south": { "uv": [ 1, 12, 14, 16 ], "texture": "#texture" },
				"west": { "uv": [ 0, 12, 0, 16 ], "texture": "#texture" },
				"east": { "uv": [ 16, 12, 16, 16 ], "texture": "#texture" }
			}
		},
		{
			"from": [ 3, 4, -11.5 ],
			"to": [ 13, 6.5, -10.5 ],
			"faces": {
				"down": { "uv": [ 15, 0, 2, 0 ], "texture": "#texture" },
				"north": { "uv": [ 2, 12, 15, 16 ], "texture": "#texture" },
				"south": { "uv": [ 1, 12, 14, 16 ], "texture": "#texture" },
				"west": { "uv": [ 0, 12, 0, 16 ], "texture": "#texture" },
				"east": { "uv": [ 16, 12, 16, 16 ], "texture": "#texture" }
			}
		},
		{
			"from": [ 3, -1.0625, -9.125 ],
			"to": [ 13, -0.0625, -4.125 ],
			"rotation": { "origin": [ 2.999996, -0.0625, -9.124992 ], "axis": "x", "angle": 22.5 },
			"faces": {
				"down": { "uv": [ 15, 0, 2, 0 ], "texture": "#texture" },
				"up": { "uv": [ 1, 0, 14, 0 ], "texture": "#texture" },
				"north": { "uv": [ 2, 12, 15, 16 ], "texture": "#texture" },
				"west": { "uv": [ 0, 12, 0, 16 ], "texture": "#texture" },
				"east": { "uv": [ 16, 12, 16, 16 ], "texture": "#texture" }
			}
		},
		{
			"from": [ 2, -1.5, -11 ],
			"to": [ 3, 4, -10 ],
			"rotation": { "origin": [ 1.999996, 4, -10.99999 ], "axis": "x", "angle": -22.5 },
			"faces": {
				"down": { "uv": [ 15, 0, 2, 0 ], "texture": "#texture" },
				"north": { "uv": [ 2, 12, 15, 16 ], "texture": "#texture" },
				"south": { "uv": [ 1, 12, 14, 16 ], "texture": "#texture" },
				"west": { "uv": [ 0, 12, 0, 16 ], "texture": "#texture" },
				"east": { "uv": [ 16, 12, 16, 16 ], "texture": "#texture" }
			}
		},
		{
			"from": [ 1, -1.5, -10.5 ],
			"to": [ 2, 4, -9.5 ],
			"rotation": { "origin": [ 0.9999976, 4, -10.49999 ], "axis": "x", "angle": -22.5 },
			"faces": {
				"down": { "uv": [ 15, 0, 2, 0 ], "texture": "#texture" },
				"north": { "uv": [ 2, 12, 15, 16 ], "texture": "#texture" },
				"south": { "uv": [ 1, 12, 14, 16 ], "texture": "#texture" },
				"west": { "uv": [ 0, 12, 0, 16 ], "texture": "#texture" },
				"east": { "uv": [ 16, 12, 16, 16 ], "texture": "#texture" }
			}
		},
		{
			"from": [ 0, -1.5, -10 ],
			"to": [ 1, 4, -9 ],
			"rotation": { "origin": [ -4.768372E-06, 4, -9.999992 ], "axis": "x", "angle": -22.5 },
			"faces": {
				"down": { "uv": [ 15, 0, 2, 0 ], "texture": "#texture" },
				"north": { "uv": [ 2, 12, 15, 16 ], "texture": "#texture" },
				"south": { "uv": [ 1, 12, 14, 16 ], "texture": "#texture" },
				"west": { "uv": [ 0, 12, 0, 16 ], "texture": "#texture" },
				"east": { "uv": [ 16, 12, 16, 16 ], "texture": "#texture" }
			}
		},
		{
			"from": [ 13, -1.5, -11 ],
			"to": [ 14, 4, -10 ],
			"rotation": { "origin": [ 12.99999, 4, -11 ], "axis": "x", "angle": -22.5 },
			"faces": {
				"down": { "uv": [ 15, 0, 2, 0 ], "texture": "#texture" },
				"north": { "uv": [ 2, 12, 15, 16 ], "texture": "#texture" },
				"south": { "uv": [ 1, 12, 14, 16 ], "texture": "#texture" },
				"west": { "uv": [ 0, 12, 0, 16 ], "texture": "#texture" },
				"east": { "uv": [ 16, 12, 16, 16 ], "texture": "#texture" }
			}
		},
		{
			"from": [ 14, -1.5, -10.5 ],
			"to": [ 15, 4, -9.5 ],
			"rotation": { "origin": [ 13.99999, 4, -10.5 ], "axis": "x", "angle": -22.5 },
			"faces": {
				"down": { "uv": [ 15, 0, 2, 0 ], "texture": "#texture" },
				"north": { "uv": [ 2, 12, 15, 16 ], "texture": "#texture" },
				"south": { "uv": [ 1, 12, 14, 16 ], "texture": "#texture" },
				"west": { "uv": [ 0, 12, 0, 16 ], "texture": "#texture" },
				"east": { "uv": [ 16, 12, 16, 16 ], "texture": "#texture" }
			}
		},
		{
			"from": [ 15, -1.5, -10 ],
			"to": [ 16, 4, -9 ],
			"rotation": { "origin": [ 14.99999, 4, -10 ], "axis": "x", "angle": -22.5 },
			"faces": {
				"down": { "uv": [ 15, 0, 2, 0 ], "texture": "#texture" },
				"north": { "uv": [ 2, 12, 15, 16 ], "texture": "#texture" },
				"south": { "uv": [ 1, 12, 14, 16 ], "texture": "#texture" },
				"west": { "uv": [ 0, 12, 0, 16 ], "texture": "#texture" },
				"east": { "uv": [ 16, 12, 16, 16 ], "texture": "#texture" }
			}
		},
		{
			"from": [ 2, 4, -11 ],
			"to": [ 3, 6.5, -10 ],
			"faces": {
				"down": { "uv": [ 15, 0, 2, 0 ], "texture": "#texture" },
				"up": { "uv": [ 1, 0, 14, 0 ], "texture": "#texture" },
				"north": { "uv": [ 2, 12, 15, 16 ], "texture": "#texture" },
				"south": { "uv": [ 1, 12, 14, 16 ], "texture": "#texture" },
				"west": { "uv": [ 0, 12, 0, 16 ], "texture": "#texture" },
				"east": { "uv": [ 16, 12, 16, 16 ], "texture": "#texture" }
			}
		},
		{
			"from": [ 1, 4, -10.5 ],
			"to": [ 2, 6.5, -9.5 ],
			"faces": {
				"down": { "uv": [ 15, 0, 2, 0 ], "texture": "#texture" },
				"up": { "uv": [ 1, 0, 14, 0 ], "texture": "#texture" },
				"north": { "uv": [ 2, 12, 15, 16 ], "texture": "#texture" },
				"south": { "uv": [ 1, 12, 14, 16 ], "texture": "#texture" },
				"west": { "uv": [ 0, 12, 0, 16 ], "texture": "#texture" },
				"east": { "uv": [ 16, 12, 16, 16 ], "texture": "#texture" }
			}
		},
		{
			"from": [ 0, 4, -10 ],
			"to": [ 1, 6.5, -9 ],
			"faces": {
				"down": { "uv": [ 15, 0, 2, 0 ], "texture": "#texture" },
				"north": { "uv": [ 2, 12, 15, 16 ], "texture": "#texture" },
				"south": { "uv": [ 1, 12, 14, 16 ], "texture": "#texture" },
				"west": { "uv": [ 0, 12, 0, 16 ], "texture": "#texture" },
				"east": { "uv": [ 16, 12, 16, 16 ], "texture": "#texture" }
			}
		},
		{
			"from": [ -1, 4, -9 ],
			"to": [ 0, 6.5, -8 ],
			"faces": {
				"down": { "uv": [ 15, 0, 2, 0 ], "texture": "#texture" },
				"up": { "uv": [ 1, 0, 14, 0 ], "texture": "#texture" },
				"north": { "uv": [ 2, 12, 15, 16 ], "texture": "#texture" },
				"south": { "uv": [ 1, 12, 14, 16 ], "texture": "#texture" },
				"west": { "uv": [ 0, 12, 0, 16 ], "texture": "#texture" },
				"east": { "uv": [ 16, 12, 16, 16 ], "texture": "#texture" }
			}
		},
		{
			"from": [ -2, 4, -7 ],
			"to": [ -1, 6.5, -6 ],
			"faces": {
				"down": { "uv": [ 15, 0, 2, 0 ], "texture": "#texture" },
				"up": { "uv": [ 1, 0, 14, 0 ], "texture": "#texture" },
				"north": { "uv": [ 2, 12, 15, 16 ], "texture": "#texture" },
				"west": { "uv": [ 0, 12, 0, 16 ], "texture": "#texture" },
				"east": { "uv": [ 16, 12, 16, 16 ], "texture": "#texture" }
			}
		},
		{
			"from": [ -1.5, 4, -8 ],
			"to": [ -0.5, 6.5, -7 ],
			"faces": {
				"down": { "uv": [ 15, 0, 2, 0 ], "texture": "#texture" },
				"up": { "uv": [ 1, 0, 14, 0 ], "texture": "#texture" },
				"north": { "uv": [ 2, 12, 15, 16 ], "texture": "#texture" },
				"south": { "uv": [ 1, 12, 14, 16 ], "texture": "#texture" },
				"west": { "uv": [ 0, 12, 0, 16 ], "texture": "#texture" },
				"east": { "uv": [ 16, 12, 16, 16 ], "texture": "#texture" }
			}
		},
		{
			"from": [ -1, -1.5, -9 ],
			"to": [ 0, 4, -8 ],
			"rotation": { "origin": [ -1, 4, -8.999992 ], "axis": "x", "angle": -22.5 },
			"faces": {
				"down": { "uv": [ 15, 0, 2, 0 ], "texture": "#texture" },
				"north": { "uv": [ 2, 12, 15, 16 ], "texture": "#texture" },
				"south": { "uv": [ 1, 12, 14, 16 ], "texture": "#texture" },
				"west": { "uv": [ 0, 12, 0, 16 ], "texture": "#texture" },
				"east": { "uv": [ 16, 12, 16, 16 ], "texture": "#texture" }
			}
		},
		{
			"from": [ -1.5, -1.5, -8 ],
			"to": [ -0.5, 4, -7 ],
			"rotation": { "origin": [ -1.5, 4, -7.999992 ], "axis": "x", "angle": -22.5 },
			"faces": {
				"down": { "uv": [ 15, 0, 2, 0 ], "texture": "#texture" },
				"north": { "uv": [ 2, 12, 15, 16 ], "texture": "#texture" },
				"south": { "uv": [ 1, 12, 14, 16 ], "texture": "#texture" },
				"west": { "uv": [ 0, 12, 0, 16 ], "texture": "#texture" },
				"east": { "uv": [ 16, 12, 16, 16 ], "texture": "#texture" }
			}
		},
		{
			"from": [ -2, -1.5, -7 ],
			"to": [ -1, 4, -6 ],
			"rotation": { "origin": [ -2, 4, -6.999992 ], "axis": "x", "angle": -22.5 },
			"faces": {
				"down": { "uv": [ 15, 0, 2, 0 ], "texture": "#texture" },
				"north": { "uv": [ 2, 12, 15, 16 ], "texture": "#texture" },
				"south": { "uv": [ 1, 12, 14, 16 ], "texture": "#texture" },
				"west": { "uv": [ 0, 12, 0, 16 ], "texture": "#texture" },
				"east": { "uv": [ 16, 12, 16, 16 ], "texture": "#texture" }
			}
		},
		{
			"__comment": "goudenrandje*",
			"from": [ 0.5, 0, -9.4375 ],
			"to": [ 4.5, 1.5, -7.4375 ],
			"rotation": { "origin": [ 0.4999976, 0, -9.437492 ], "axis": "y", "angle": 22.5 },
			"faces": {
				"down": { "uv": [ 0, 9, 2, 15 ], "texture": "#randje" },
				"up": { "uv": [ 0, 9, 2, 15 ], "texture": "#randje" },
				"north": { "uv": [ 0, 7, 2, 8 ], "texture": "#randje" },
				"south": { "uv": [ 0, 7, 2, 8 ], "texture": "#randje" },
				"west": { "uv": [ 9, 7, 15, 8 ], "texture": "#randje" }
			}
		},
		{
			"__comment": "goudenrandje*",
			"from": [ -0.75, 6.5, -10.1875 ],
			"to": [ 1.25, 7, -5.6875 ],
			"rotation": { "origin": [ -0.7500048, 6.5, -10.18749 ], "axis": "y", "angle": -22.5 },
			"faces": {
				"down": { "uv": [ 0, 9, 2, 15 ], "texture": "#randje" },
				"up": { "uv": [ 0, 9, 2, 15 ], "texture": "#randje" },
				"north": { "uv": [ 0, 7, 2, 8 ], "texture": "#randje" },
				"west": { "uv": [ 9, 7, 15, 8 ], "texture": "#randje" },
				"east": { "uv": [ 9, 7, 15, 8 ], "texture": "#randje" }
			}
		},
		{
			"__comment": "goudenrandje*",
			"from": [ -1.5, 0, -7.5 ],
			"to": [ 1.5, 1.5, -5.5 ],
			"rotation": { "origin": [ -1.5, 0, -7.499992 ], "axis": "y", "angle": 45 },
			"faces": {
				"down": { "uv": [ 0, 9, 2, 15 ], "texture": "#randje" },
				"up": { "uv": [ 0, 9, 2, 15 ], "texture": "#randje" },
				"north": { "uv": [ 0, 7, 2, 8 ], "texture": "#randje" },
				"south": { "uv": [ 0, 7, 2, 8 ], "texture": "#randje" },
				"west": { "uv": [ 9, 7, 15, 8 ], "texture": "#randje" },
				"east": { "uv": [ 9, 7, 15, 8 ], "texture": "#randje" }
			}
		},
		{
			"__comment": "goudenrandje*",
			"from": [ 4, 0, -11 ],
			"to": [ 12, 1.5, -9 ],
			"faces": {
				"down": { "uv": [ 0, 9, 2, 15 ], "texture": "#randje" },
				"up": { "uv": [ 0, 9, 2, 15 ], "texture": "#randje" },
				"north": { "uv": [ 0, 7, 2, 8 ], "texture": "#randje" },
				"south": { "uv": [ 0, 7, 2, 8 ], "texture": "#randje" },
				"west": { "uv": [ 9, 7, 15, 8 ], "texture": "#randje" },
				"east": { "uv": [ 9, 7, 15, 8 ], "texture": "#randje" }
			}
		},
		{
			"__comment": "goudenrandje*",
			"from": [ 15.5625, 0, -6.625 ],
			"to": [ 17.5625, 1.5, -5.125 ],
			"rotation": { "origin": [ 15.56249, 0, -6.625 ], "axis": "y", "angle": 22.5 },
			"faces": {
				"down": { "uv": [ 0, 9, 2, 15 ], "texture": "#randje" },
				"up": { "uv": [ 0, 9, 2, 15 ], "texture": "#randje" },
				"north": { "uv": [ 0, 7, 2, 8 ], "texture": "#randje" },
				"west": { "uv": [ 9, 7, 15, 8 ], "texture": "#randje" },
				"east": { "uv": [ 9, 7, 15, 8 ], "texture": "#randje" }
			}
		},
		{
			"__comment": "goudenrandje*",
			"from": [ 15.375, 0, -9.625 ],
			"to": [ 18.375, 1.5, -7.625 ],
			"rotation": { "origin": [ 15.37499, 0, -9.625 ], "axis": "y", "angle": -45 },
			"faces": {
				"down": { "uv": [ 0, 9, 2, 15 ], "texture": "#randje" },
				"up": { "uv": [ 0, 9, 2, 15 ], "texture": "#randje" },
				"north": { "uv": [ 0, 7, 2, 8 ], "texture": "#randje" },
				"south": { "uv": [ 0, 7, 2, 8 ], "texture": "#randje" },
				"west": { "uv": [ 9, 7, 15, 8 ], "texture": "#randje" },
				"east": { "uv": [ 9, 7, 15, 8 ], "texture": "#randje" }
			}
		},
		{
			"__comment": "goudenrandje*",
			"from": [ 11.75, 0, -11 ],
			"to": [ 15.75, 1.5, -9 ],
			"rotation": { "origin": [ 11.74999, 0, -11 ], "axis": "y", "angle": -22.5 },
			"faces": {
				"down": { "uv": [ 0, 9, 2, 15 ], "texture": "#randje" },
				"up": { "uv": [ 0, 9, 2, 15 ], "texture": "#randje" },
				"north": { "uv": [ 0, 7, 2, 8 ], "texture": "#randje" },
				"south": { "uv": [ 0, 7, 2, 8 ], "texture": "#randje" },
				"east": { "uv": [ 9, 7, 15, 8 ], "texture": "#randje" }
			}
		},
		{
			"__comment": "goudenrandje*",
			"from": [ 7, 4, -12 ],
			"to": [ 9, 8, -10.5 ],
			"faces": {
				"down": { "uv": [ 0, 9, 2, 15 ], "texture": "#randje" },
				"up": { "uv": [ 0, 9, 2, 15 ], "texture": "#randje" },
				"north": { "uv": [ 0, 7, 2, 8 ], "texture": "#randje" },
				"south": { "uv": [ 0, 7, 2, 8 ], "texture": "#randje" },
				"west": { "uv": [ 9, 7, 15, 8 ], "texture": "#randje" },
				"east": { "uv": [ 9, 7, 15, 8 ], "texture": "#randje" }
			}
		},
		{
			"__comment": "goudenrandje*",
			"from": [ 7, 0.5, -12 ],
			"to": [ 9, 4, -11.5 ],
			"rotation": { "origin": [ 6.999996, 4, -11.99999 ], "axis": "x", "angle": -22.5 },
			"faces": {
				"north": { "uv": [ 0, 7, 2, 8 ], "texture": "#randje" },
				"south": { "uv": [ 0, 7, 2, 8 ], "texture": "#randje" },
				"west": { "uv": [ 9, 7, 15, 8 ], "texture": "#randje" },
				"east": { "uv": [ 9, 7, 15, 8 ], "texture": "#randje" }
			}
		},
		{
			"__comment": "zijkant*",
			"from": [ 0, 6.4375, -10 ],
			"to": [ 8, 6.5, -5.5 ],
			"faces": {
				"down": { "uv": [ 0, 0, 16, 16 ], "texture": "#planks_big_oak", "rotation": 90 },
				"up": { "uv": [ 0, 0, 16, 16 ], "texture": "#planks_big_oak", "rotation": 90 },
				"north": { "uv": [ 0, 0, 16, 16 ], "texture": "#planks_big_oak" },
				"west": { "uv": [ 0, 0, 16, 16 ], "texture": "#planks_big_oak" }
			}
		},
		{
			"__comment": "zijkant*",
			"from": [ 8, 6.4375, -10 ],
			"to": [ 16, 6.5, -5.5 ],
			"faces": {
				"down": { "uv": [ 0, 0, 16, 16 ], "texture": "#planks_big_oak", "rotation": 90 },
				"up": { "uv": [ 0, 0, 16, 16 ], "texture": "#planks_big_oak", "rotation": 90 },
				"north": { "uv": [ 0, 0, 16, 16 ], "texture": "#planks_big_oak" },
				"east": { "uv": [ 0, 0, 16, 16 ], "texture": "#planks_big_oak" }
			}
		},
		{
			"__comment": "zijkant*",
			"from": [ 16, 6.4375, -7.5 ],
			"to": [ 17, 6.5, -5.5 ],
			"faces": {
				"down": { "uv": [ 0, 0, 16, 16 ], "texture": "#planks_big_oak", "rotation": 90 },
				"up": { "uv": [ 0, 0, 16, 16 ], "texture": "#planks_big_oak", "rotation": 90 },
				"north": { "uv": [ 0, 0, 16, 16 ], "texture": "#planks_big_oak" },
				"east": { "uv": [ 0, 0, 16, 16 ], "texture": "#planks_big_oak" }
			}
		},
		{
			"__comment": "zijkant*",
			"from": [ -1, 6.4375, -7.5 ],
			"to": [ 0, 6.5, -5.5 ],
			"faces": {
				"down": { "uv": [ 0, 0, 16, 16 ], "texture": "#planks_big_oak", "rotation": 90 },
				"up": { "uv": [ 0, 0, 16, 16 ], "texture": "#planks_big_oak", "rotation": 90 },
				"north": { "uv": [ 0, 0, 16, 16 ], "texture": "#planks_big_oak" },
				"west": { "uv": [ 0, 0, 16, 16 ], "texture": "#planks_big_oak" }
			}
		},
		{
			"from": [ 16, -1.5, -9 ],
			"to": [ 17, 4, -8 ],
			"rotation": { "origin": [ 15.99999, 4, -9 ], "axis": "x", "angle": -22.5 },
			"faces": {
				"down": { "uv": [ 15, 0, 2, 0 ], "texture": "#texture" },
				"north": { "uv": [ 2, 12, 15, 16 ], "texture": "#texture" },
				"south": { "uv": [ 1, 12, 14, 16 ], "texture": "#texture" },
				"west": { "uv": [ 0, 12, 0, 16 ], "texture": "#texture" },
				"east": { "uv": [ 16, 12, 16, 16 ], "texture": "#texture" }
			}
		},
		{
			"from": [ 16.5, -1.5, -8 ],
			"to": [ 17.5, 4, -7 ],
			"rotation": { "origin": [ 16.49999, 4, -8 ], "axis": "x", "angle": -22.5 },
			"faces": {
				"down": { "uv": [ 15, 0, 2, 0 ], "texture": "#texture" },
				"north": { "uv": [ 2, 12, 15, 16 ], "texture": "#texture" },
				"south": { "uv": [ 1, 12, 14, 16 ], "texture": "#texture" },
				"west": { "uv": [ 0, 12, 0, 16 ], "texture": "#texture" },
				"east": { "uv": [ 16, 12, 16, 16 ], "texture": "#texture" }
			}
		},
		{
			"from": [ 17, -1.5, -7 ],
			"to": [ 18, 4, -6 ],
			"rotation": { "origin": [ 17, 4, -7 ], "axis": "x", "angle": -22.5 },
			"faces": {
				"down": { "uv": [ 15, 0, 2, 0 ], "texture": "#texture" },
				"north": { "uv": [ 2, 12, 15, 16 ], "texture": "#texture" },
				"south": { "uv": [ 1, 12, 14, 16 ], "texture": "#texture" },
				"west": { "uv": [ 0, 12, 0, 16 ], "texture": "#texture" },
				"east": { "uv": [ 16, 12, 16, 16 ], "texture": "#texture" }
			}
		},
		{
			"from": [ 13, 4, -11 ],
			"to": [ 14, 6.5, -10 ],
			"faces": {
				"down": { "uv": [ 15, 0, 2, 0 ], "texture": "#texture" },
				"up": { "uv": [ 1, 0, 14, 0 ], "texture": "#texture" },
				"north": { "uv": [ 2, 12, 15, 16 ], "texture": "#texture" },
				"south": { "uv": [ 1, 12, 14, 16 ], "texture": "#texture" },
				"west": { "uv": [ 0, 12, 0, 16 ], "texture": "#texture" },
				"east": { "uv": [ 16, 12, 16, 16 ], "texture": "#texture" }
			}
		},
		{
			"from": [ 14, 4, -10.5 ],
			"to": [ 15, 6.5, -9.5 ],
			"faces": {
				"down": { "uv": [ 15, 0, 2, 0 ], "texture": "#texture" },
				"up": { "uv": [ 1, 0, 14, 0 ], "texture": "#texture" },
				"north": { "uv": [ 2, 12, 15, 16 ], "texture": "#texture" },
				"south": { "uv": [ 1, 12, 14, 16 ], "texture": "#texture" },
				"west": { "uv": [ 0, 12, 0, 16 ], "texture": "#texture" },
				"east": { "uv": [ 16, 12, 16, 16 ], "texture": "#texture" }
			}
		},
		{
			"from": [ 15, 4, -10 ],
			"to": [ 16, 6.5, -9 ],
			"faces": {
				"down": { "uv": [ 15, 0, 2, 0 ], "texture": "#texture" },
				"north": { "uv": [ 2, 12, 15, 16 ], "texture": "#texture" },
				"south": { "uv": [ 1, 12, 14, 16 ], "texture": "#texture" },
				"west": { "uv": [ 0, 12, 0, 16 ], "texture": "#texture" },
				"east": { "uv": [ 16, 12, 16, 16 ], "texture": "#texture" }
			}
		},
		{
			"from": [ 16, 4, -9 ],
			"to": [ 17, 6.5, -8 ],
			"faces": {
				"down": { "uv": [ 15, 0, 2, 0 ], "texture": "#texture" },
				"up": { "uv": [ 1, 0, 14, 0 ], "texture": "#texture" },
				"north": { "uv": [ 2, 12, 15, 16 ], "texture": "#texture" },
				"south": { "uv": [ 1, 12, 14, 16 ], "texture": "#texture" },
				"west": { "uv": [ 0, 12, 0, 16 ], "texture": "#texture" },
				"east": { "uv": [ 16, 12, 16, 16 ], "texture": "#texture" }
			}
		},
		{
			"from": [ 16.5, 4, -8 ],
			"to": [ 17.5, 6.5, -7 ],
			"faces": {
				"down": { "uv": [ 15, 0, 2, 0 ], "texture": "#texture" },
				"up": { "uv": [ 1, 0, 14, 0 ], "texture": "#texture" },
				"north": { "uv": [ 2, 12, 15, 16 ], "texture": "#texture" },
				"south": { "uv": [ 1, 12, 14, 16 ], "texture": "#texture" },
				"west": { "uv": [ 0, 12, 0, 16 ], "texture": "#texture" },
				"east": { "uv": [ 16, 12, 16, 16 ], "texture": "#texture" }
			}
		},
		{
			"from": [ 17, 4, -7 ],
			"to": [ 18, 6.5, -6 ],
			"faces": {
				"down": { "uv": [ 15, 0, 2, 0 ], "texture": "#texture" },
				"up": { "uv": [ 1, 0, 14, 0 ], "texture": "#texture" },
				"north": { "uv": [ 2, 12, 15, 16 ], "texture": "#texture" },
				"west": { "uv": [ 0, 12, 0, 16 ], "texture": "#texture" },
				"east": { "uv": [ 16, 12, 16, 16 ], "texture": "#texture" }
			}
		},
		{
			"from": [ 13, -1, -8.5 ],
			"to": [ 14, 0, -3.5 ],
			"rotation": { "origin": [ 12.99999, 0, -8.5 ], "axis": "x", "angle": 22.5 },
			"faces": {
				"down": { "uv": [ 15, 0, 2, 0 ], "texture": "#texture" },
				"up": { "uv": [ 1, 0, 14, 0 ], "texture": "#texture" },
				"north": { "uv": [ 2, 12, 15, 16 ], "texture": "#texture" },
				"south": { "uv": [ 1, 12, 14, 16 ], "texture": "#texture" },
				"west": { "uv": [ 0, 12, 0, 16 ], "texture": "#texture" },
				"east": { "uv": [ 16, 12, 16, 16 ], "texture": "#texture" }
			}
		},
		{
			"from": [ 13, -1, -8.5 ],
			"to": [ 14, 0, -3.5 ],
			"rotation": { "origin": [ 12.99999, 0, -8.5 ], "axis": "x", "angle": 22.5 },
			"faces": {
				"down": { "uv": [ 15, 0, 2, 0 ], "texture": "#texture" },
				"up": { "uv": [ 1, 0, 14, 0 ], "texture": "#texture" },
				"north": { "uv": [ 2, 12, 15, 16 ], "texture": "#texture" },
				"south": { "uv": [ 1, 12, 14, 16 ], "texture": "#texture" },
				"west": { "uv": [ 0, 12, 0, 16 ], "texture": "#texture" },
				"east": { "uv": [ 16, 12, 16, 16 ], "texture": "#texture" }
			}
		},
		{
			"from": [ 14, -1, -8 ],
			"to": [ 15, 0, -3 ],
			"rotation": { "origin": [ 13.99999, 0, -7.999998 ], "axis": "x", "angle": 22.5 },
			"faces": {
				"down": { "uv": [ 15, 0, 2, 0 ], "texture": "#texture" },
				"up": { "uv": [ 1, 0, 14, 0 ], "texture": "#texture" },
				"north": { "uv": [ 2, 12, 15, 16 ], "texture": "#texture" },
				"south": { "uv": [ 1, 12, 14, 16 ], "texture": "#texture" },
				"west": { "uv": [ 0, 12, 0, 16 ], "texture": "#texture" },
				"east": { "uv": [ 16, 12, 16, 16 ], "texture": "#texture" }
			}
		},
		{
			"from": [ 15, -1, -7.5 ],
			"to": [ 16, 0, -2.5 ],
			"rotation": { "origin": [ 14.99999, 0, -7.499998 ], "axis": "x", "angle": 22.5 },
			"faces": {
				"down": { "uv": [ 15, 0, 2, 0 ], "texture": "#texture" },
				"up": { "uv": [ 1, 0, 14, 0 ], "texture": "#texture" },
				"north": { "uv": [ 2, 12, 15, 16 ], "texture": "#texture" },
				"west": { "uv": [ 0, 12, 0, 16 ], "texture": "#texture" },
				"east": { "uv": [ 16, 12, 16, 16 ], "texture": "#texture" }
			}
		},
		{
			"from": [ 16, -1, -6.5 ],
			"to": [ 17, 0, -1.5 ],
			"rotation": { "origin": [ 15.99999, 0, -6.5 ], "axis": "x", "angle": 22.5 },
			"faces": {
				"down": { "uv": [ 15, 0, 2, 0 ], "texture": "#texture" },
				"up": { "uv": [ 1, 0, 14, 0 ], "texture": "#texture" },
				"north": { "uv": [ 2, 12, 15, 16 ], "texture": "#texture" },
				"west": { "uv": [ 0, 12, 0, 16 ], "texture": "#texture" },
				"east": { "uv": [ 16, 12, 16, 16 ], "texture": "#texture" }
			}
		},
		{
			"from": [ 16.5, -1, -5.5 ],
			"to": [ 17.5, 0, -0.5 ],
			"rotation": { "origin": [ 16.5, 0, -5.5 ], "axis": "x", "angle": 22.5 },
			"faces": {
				"down": { "uv": [ 15, 0, 2, 0 ], "texture": "#texture" },
				"up": { "uv": [ 1, 0, 14, 0 ], "texture": "#texture" },
				"north": { "uv": [ 2, 12, 15, 16 ], "texture": "#texture" },
				"west": { "uv": [ 0, 12, 0, 16 ], "texture": "#texture" },
				"east": { "uv": [ 16, 12, 16, 16 ], "texture": "#texture" }
			}
		},
		{
			"from": [ 17, -1, -4.5 ],
			"to": [ 18, 0, 0.5 ],
			"rotation": { "origin": [ 17, 0, -4.5 ], "axis": "x", "angle": 22.5 },
			"faces": {
				"down": { "uv": [ 15, 0, 2, 0 ], "texture": "#texture" },
				"up": { "uv": [ 1, 0, 14, 0 ], "texture": "#texture" },
				"north": { "uv": [ 2, 12, 15, 16 ], "texture": "#texture" },
				"west": { "uv": [ 0, 12, 0, 16 ], "texture": "#texture" },
				"east": { "uv": [ 16, 12, 16, 16 ], "texture": "#texture" }
			}
		},
		{
			"from": [ 2, -1, -8.5 ],
			"to": [ 3, 0, -3.5 ],
			"rotation": { "origin": [ 1.999998, 0, -8.499992 ], "axis": "x", "angle": 22.5 },
			"faces": {
				"down": { "uv": [ 15, 0, 2, 0 ], "texture": "#texture" },
				"up": { "uv": [ 1, 0, 14, 0 ], "texture": "#texture" },
				"north": { "uv": [ 2, 12, 15, 16 ], "texture": "#texture" },
				"south": { "uv": [ 1, 12, 14, 16 ], "texture": "#texture" },
				"west": { "uv": [ 0, 12, 0, 16 ], "texture": "#texture" },
				"east": { "uv": [ 16, 12, 16, 16 ], "texture": "#texture" }
			}
		},
		{
			"from": [ 1, -1, -8 ],
			"to": [ 2, 0, -3 ],
			"rotation": { "origin": [ 0.9999976, 0, -7.999998 ], "axis": "x", "angle": 22.5 },
			"faces": {
				"down": { "uv": [ 15, 0, 2, 0 ], "texture": "#texture" },
				"up": { "uv": [ 1, 0, 14, 0 ], "texture": "#texture" },
				"north": { "uv": [ 2, 12, 15, 16 ], "texture": "#texture" },
				"south": { "uv": [ 1, 12, 14, 16 ], "texture": "#texture" },
				"west": { "uv": [ 0, 12, 0, 16 ], "texture": "#texture" },
				"east": { "uv": [ 16, 12, 16, 16 ], "texture": "#texture" }
			}
		},
		{
			"from": [ 0, -1, -7.5 ],
			"to": [ 1, 0, -2.5 ],
			"rotation": { "origin": [ 0, 0, -7.499998 ], "axis": "x", "angle": 22.5 },
			"faces": {
				"down": { "uv": [ 15, 0, 2, 0 ], "texture": "#texture" },
				"up": { "uv": [ 1, 0, 14, 0 ], "texture": "#texture" },
				"north": { "uv": [ 2, 12, 15, 16 ], "texture": "#texture" },
				"west": { "uv": [ 0, 12, 0, 16 ], "texture": "#texture" },
				"east": { "uv": [ 16, 12, 16, 16 ], "texture": "#texture" }
			}
		},
		{
			"from": [ -1, -1, -6.5 ],
			"to": [ 0, 0, -1.5 ],
			"rotation": { "origin": [ -1, 0, -6.499998 ], "axis": "x", "angle": 22.5 },
			"faces": {
				"down": { "uv": [ 15, 0, 2, 0 ], "texture": "#texture" },
				"up": { "uv": [ 1, 0, 14, 0 ], "texture": "#texture" },
				"north": { "uv": [ 2, 12, 15, 16 ], "texture": "#texture" },
				"west": { "uv": [ 0, 12, 0, 16 ], "texture": "#texture" },
				"east": { "uv": [ 16, 12, 16, 16 ], "texture": "#texture" }
			}
		},
		{
			"from": [ -1.5, -1, -5.5 ],
			"to": [ -0.5, 0, -0.5 ],
			"rotation": { "origin": [ -1.5, 0, -5.499998 ], "axis": "x", "angle": 22.5 },
			"faces": {
				"down": { "uv": [ 15, 0, 2, 0 ], "texture": "#texture" },
				"up": { "uv": [ 1, 0, 14, 0 ], "texture": "#texture" },
				"north": { "uv": [ 2, 12, 15, 16 ], "texture": "#texture" },
				"west": { "uv": [ 0, 12, 0, 16 ], "texture": "#texture" },
				"east": { "uv": [ 16, 12, 16, 16 ], "texture": "#texture" }
			}
		},
		{
			"from": [ -2, -1, -4.5 ],
			"to": [ -1, 0, 0.5 ],
			"rotation": { "origin": [ -2, 0, -4.499998 ], "axis": "x", "angle": 22.5 },
			"faces": {
				"down": { "uv": [ 15, 0, 2, 0 ], "texture": "#texture" },
				"up": { "uv": [ 1, 0, 14, 0 ], "texture": "#texture" },
				"north": { "uv": [ 2, 12, 15, 16 ], "texture": "#texture" },
				"west": { "uv": [ 0, 12, 0, 16 ], "texture": "#texture" },
				"east": { "uv": [ 16, 12, 16, 16 ], "texture": "#texture" }
			}
		},
		{
			"from": [ 3, -3, -5 ],
			"to": [ 13, -2, -4.5 ],
			"faces": {
				"down": { "uv": [ 15, 0, 2, 0 ], "texture": "#texture" },
				"up": { "uv": [ 1, 0, 14, 0 ], "texture": "#texture" },
				"north": { "uv": [ 2, 12, 15, 16 ], "texture": "#texture" },
				"west": { "uv": [ 0, 12, 0, 16 ], "texture": "#texture" },
				"east": { "uv": [ 16, 12, 16, 16 ], "texture": "#texture" }
			}
		},
		{
			"from": [ 2, -3, -4.5 ],
			"to": [ 14, -2, -4 ],
			"faces": {
				"down": { "uv": [ 15, 0, 2, 0 ], "texture": "#texture" },
				"up": { "uv": [ 1, 0, 14, 0 ], "texture": "#texture" },
				"north": { "uv": [ 2, 12, 15, 16 ], "texture": "#texture" },
				"west": { "uv": [ 0, 12, 0, 16 ], "texture": "#texture" },
				"east": { "uv": [ 16, 12, 16, 16 ], "texture": "#texture" }
			}
		},
		{
			"from": [ 1, -3, -4 ],
			"to": [ 15, -2, -3.5 ],
			"faces": {
				"down": { "uv": [ 15, 0, 2, 0 ], "texture": "#texture" },
				"up": { "uv": [ 1, 0, 14, 0 ], "texture": "#texture" },
				"north": { "uv": [ 2, 12, 15, 16 ], "texture": "#texture" },
				"west": { "uv": [ 0, 12, 0, 16 ], "texture": "#texture" },
				"east": { "uv": [ 16, 12, 16, 16 ], "texture": "#texture" }
			}
		},
		{
			"from": [ 0, -3, -3.5 ],
			"to": [ 16, -2, -2.5 ],
			"faces": {
				"down": { "uv": [ 15, 0, 2, 0 ], "texture": "#texture" },
				"up": { "uv": [ 1, 0, 14, 0 ], "texture": "#texture" },
				"north": { "uv": [ 2, 12, 15, 16 ], "texture": "#texture" },
				"west": { "uv": [ 0, 12, 0, 16 ], "texture": "#texture" },
				"east": { "uv": [ 16, 12, 16, 16 ], "texture": "#texture" }
			}
		},
		{
			"from": [ -1, -3, -2.5 ],
			"to": [ 17, -2, -1.5 ],
			"faces": {
				"down": { "uv": [ 15, 0, 2, 0 ], "texture": "#texture" },
				"up": { "uv": [ 1, 0, 14, 0 ], "texture": "#texture" },
				"north": { "uv": [ 2, 12, 15, 16 ], "texture": "#texture" },
				"west": { "uv": [ 0, 12, 0, 16 ], "texture": "#texture" },
				"east": { "uv": [ 16, 12, 16, 16 ], "texture": "#texture" }
			}
		},
		{
			"from": [ -1.5, -3, -1.5 ],
			"to": [ 17.5, -2, -0.5 ],
			"faces": {
				"down": { "uv": [ 15, 0, 2, 0 ], "texture": "#texture" },
				"north": { "uv": [ 2, 12, 15, 16 ], "texture": "#texture" },
				"west": { "uv": [ 0, 12, 0, 16 ], "texture": "#texture" },
				"east": { "uv": [ 16, 12, 16, 16 ], "texture": "#texture" }
			}
		},
		{
			"from": [ -2, 1.5, 27.5 ],
			"to": [ 18, 9, 28 ],
			"faces": {
				"down": { "uv": [ 15, 0, 2, 0 ], "texture": "#texture" },
				"up": { "uv": [ 1, 0, 14, 0 ], "texture": "#texture" },
				"north": { "uv": [ 2, 12, 15, 16 ], "texture": "#texture" },
				"south": { "uv": [ 1, 12, 14, 16 ], "texture": "#texture" },
				"west": { "uv": [ 0, 12, 0, 16 ], "texture": "#texture" },
				"east": { "uv": [ 16, 12, 16, 16 ], "texture": "#texture" }
			}
		},
		{
			"from": [ -2, -1, -4.5 ],
			"to": [ 18, 0, 0 ],
			"faces": {
				"down": { "uv": [ 15, 0, 2, 0 ], "texture": "#texture" },
				"up": { "uv": [ 1, 0, 14, 0 ], "texture": "#texture" },
				"north": { "uv": [ 2, 12, 15, 16 ], "texture": "#texture" },
				"west": { "uv": [ 0, 12, 0, 16 ], "texture": "#texture" },
				"east": { "uv": [ 16, 12, 16, 16 ], "texture": "#texture" }
			}
		},
		{
			"from": [ -2, -2, -2 ],
			"to": [ 18, -1, 2.5 ],
			"faces": {
				"down": { "uv": [ 15, 0, 2, 0 ], "texture": "#texture" },
				"up": { "uv": [ 1, 0, 14, 0 ], "texture": "#texture" },
				"north": { "uv": [ 2, 12, 15, 16 ], "texture": "#texture" },
				"west": { "uv": [ 0, 12, 0, 16 ], "texture": "#texture" },
				"east": { "uv": [ 16, 12, 16, 16 ], "texture": "#texture" }
			}
		},
		{
			"__comment": "goudenrandje",
			"from": [ -2.5, 8, 9 ],
			"to": [ -0.5, 9, 15 ],
			"faces": {
				"down": { "uv": [ 0, 9, 2, 15 ], "texture": "#randje" },
				"up": { "uv": [ 0, 9, 2, 15 ], "texture": "#randje" },
				"north": { "uv": [ 0, 7, 2, 8 ], "texture": "#randje" },
				"south": { "uv": [ 0, 7, 2, 8 ], "texture": "#randje" },
				"west": { "uv": [ 9, 7, 15, 8 ], "texture": "#randje" },
				"east": { "uv": [ 9, 7, 15, 8 ], "texture": "#randje" }
			}
		},
		{
			"__comment": "zijkant*",
			"from": [ -1.5, 8.875, 24.5 ],
			"to": [ 8, 8.876, 28 ],
			"faces": {
				"down": { "uv": [ 0, 0, 16, 16 ], "texture": "#planks_big_oak", "rotation": 90 },
				"up": { "uv": [ 0, 0, 16, 16 ], "texture": "#planks_big_oak", "rotation": 90 },
				"north": { "uv": [ 0, 0, 16, 16 ], "texture": "#planks_big_oak" },
				"south": { "uv": [ 0, 0, 16, 16 ], "texture": "#planks_big_oak" }
			}
		},
		{
			"__comment": "zijkant*",
			"from": [ 8, 8.875, 24.5 ],
			"to": [ 17.5, 8.876, 28 ],
			"faces": {
				"down": { "uv": [ 0, 0, 16, 16 ], "texture": "#planks_big_oak", "rotation": 90 },
				"up": { "uv": [ 0, 0, 16, 16 ], "texture": "#planks_big_oak", "rotation": 90 },
				"north": { "uv": [ 0, 0, 16, 16 ], "texture": "#planks_big_oak" },
				"south": { "uv": [ 0, 0, 16, 16 ], "texture": "#planks_big_oak" }
			}
		},
		{
			"__comment": "goudenrandje*",
			"from": [ -2.5, 1.5, 27 ],
			"to": [ -0.5, 8.5, 28.5 ],
			"faces": {
				"down": { "uv": [ 0, 14.5, 2, 15 ], "texture": "#randje" },
				"north": { "uv": [ 0, 8, 2, 15 ], "texture": "#randje" },
				"south": { "uv": [ 0, 8, 2, 15 ], "texture": "#randje" },
				"west": { "uv": [ 14.5, 8, 15, 15 ], "texture": "#randje" },
				"east": { "uv": [ 14.5, 8, 15, 15 ], "texture": "#randje" }
			}
		},
		{
			"__comment": "goudenrandje*",
			"from": [ 16.5, 1.5, 27 ],
			"to": [ 18.5, 8.5, 28.5 ],
			"faces": {
				"down": { "uv": [ 0, 14.5, 2, 15 ], "texture": "#randje" },
				"north": { "uv": [ 0, 8, 2, 15 ], "texture": "#randje" },
				"south": { "uv": [ 0, 8, 2, 15 ], "texture": "#randje" },
				"west": { "uv": [ 14.5, 8, 15, 15 ], "texture": "#randje" },
				"east": { "uv": [ 14.5, 8, 15, 15 ], "texture": "#randje" }
			}
		},
		{
			"__comment": "goudenrandje",
			"from": [ -0.5, 8.5, 27 ],
			"to": [ 5, 9.5, 28.5 ],
			"rotation": { "origin": [ -0.5, 8.5, 27 ], "axis": "z", "angle": 22.5 },
			"faces": {
				"down": { "uv": [ 0, 9, 2, 15 ], "texture": "#randje" },
				"up": { "uv": [ 0, 9, 2, 15 ], "texture": "#randje" },
				"north": { "uv": [ 0, 7, 2, 8 ], "texture": "#randje" },
				"south": { "uv": [ 0, 7, 2, 8 ], "texture": "#randje" }
			}
		},
		{
			"__comment": "goudenrandje",
			"from": [ -2.5, 1.5, 25.5 ],
			"to": [ 18.5, 3.5, 27.5 ],
			"rotation": { "origin": [ -2.5, 1.5, 25.5 ], "axis": "x", "angle": 45 },
			"faces": {
				"down": { "uv": [ 0, 9, 2, 15 ], "texture": "#randje" },
				"up": { "uv": [ 0, 9, 2, 15 ], "texture": "#randje" },
				"north": { "uv": [ 0, 7, 2, 8 ], "texture": "#randje" },
				"south": { "uv": [ 0, 7, 2, 8 ], "texture": "#randje" },
				"west": { "uv": [ 9, 7, 15, 8 ], "texture": "#randje" },
				"east": { "uv": [ 9, 7, 15, 8 ], "texture": "#randje" }
			}
		},
		{
			"from": [ 0, -1.5, 24.75 ],
			"to": [ 16, 2.5, 26.25 ],
			"rotation": { "origin": [ 0, -1.5, 24.75 ], "axis": "x", "angle": 22.5 },
			"faces": {
				"down": { "uv": [ 15, 0, 2, 0 ], "texture": "#texture" },
				"up": { "uv": [ 1, 0, 14, 0 ], "texture": "#texture" },
				"north": { "uv": [ 2, 12, 15, 16 ], "texture": "#texture" },
				"south": { "uv": [ 1, 12, 14, 16 ], "texture": "#texture" },
				"west": { "uv": [ 0, 12, 0, 16 ], "texture": "#texture" },
				"east": { "uv": [ 16, 12, 16, 16 ], "texture": "#texture" }
			}
		},
		{
			"from": [ -2, -2.5, 23.5 ],
			"to": [ 18, 1.5, 25 ],
			"rotation": { "origin": [ -2, -2.5, 23.5 ], "axis": "x", "angle": 22.5 },
			"faces": {
				"up": { "uv": [ 1, 0, 14, 0 ], "texture": "#texture" },
				"north": { "uv": [ 2, 12, 15, 16 ], "texture": "#texture" },
				"south": { "uv": [ 1, 12, 14, 16 ], "texture": "#texture" },
				"west": { "uv": [ 0, 12, 0, 16 ], "texture": "#texture" },
				"east": { "uv": [ 16, 12, 16, 16 ], "texture": "#texture" }
			}
		},
		{
			"from": [ -1, -2, 24.125 ],
			"to": [ 17, 2, 25.625 ],
			"rotation": { "origin": [ -1, -2, 24.125 ], "axis": "x", "angle": 22.5 },
			"faces": {
				"down": { "uv": [ 15, 0, 2, 0 ], "texture": "#texture" },
				"up": { "uv": [ 1, 0, 14, 0 ], "texture": "#texture" },
				"north": { "uv": [ 2, 12, 15, 16 ], "texture": "#texture" },
				"south": { "uv": [ 1, 12, 14, 16 ], "texture": "#texture" },
				"west": { "uv": [ 0, 12, 0, 16 ], "texture": "#texture" },
				"east": { "uv": [ 16, 12, 16, 16 ], "texture": "#texture" }
			}
		},
		{
			"__comment": "goudenrandje",
			"from": [ 11, 8.5, 27 ],
			"to": [ 16.5, 9.5, 28.5 ],
			"rotation": { "origin": [ 16.5, 8.5, 27 ], "axis": "z", "angle": -22.5 },
			"faces": {
				"down": { "uv": [ 0, 9, 2, 15 ], "texture": "#randje" },
				"up": { "uv": [ 0, 9, 2, 15 ], "texture": "#randje" },
				"north": { "uv": [ 0, 7, 2, 8 ], "texture": "#randje" },
				"south": { "uv": [ 0, 7, 2, 8 ], "texture": "#randje" }
			}
		},
		{
			"__comment": "goudenrandje",
			"from": [ 4.25, 10.5, 27 ],
			"to": [ 11.75, 11.5, 28.5 ],
			"faces": {
				"down": { "uv": [ 0, 9, 2, 15 ], "texture": "#randje" },
				"up": { "uv": [ 0, 9, 2, 15 ], "texture": "#randje" },
				"north": { "uv": [ 0, 7, 2, 8 ], "texture": "#randje" },
				"south": { "uv": [ 0, 7, 2, 8 ], "texture": "#randje" }
			}
		},
		{
			"from": [ -2, -3, -0.5 ],
			"to": [ 18, 0, 25 ],
			"faces": {
				"down": { "uv": [ 15, 0, 2, 0 ], "texture": "#texture" },
				"up": { "uv": [ 1, 0, 14, 0 ], "texture": "#texture" },
				"north": { "uv": [ 2, 12, 15, 16 ], "texture": "#texture" },
				"south": { "uv": [ 1, 12, 14, 16 ], "texture": "#texture" },
				"west": { "uv": [ 0, 12, 0, 16 ], "texture": "#texture" },
				"east": { "uv": [ 16, 12, 16, 16 ], "texture": "#texture" }
			}
		},
		{
			"from": [ 0.5, 9, 27.5 ],
			"to": [ 15.5, 9.5, 28 ],
			"faces": {
				"down": { "uv": [ 15, 0, 2, 0 ], "texture": "#texture" },
				"up": { "uv": [ 1, 0, 14, 0 ], "texture": "#texture" },
				"north": { "uv": [ 2, 12, 15, 16 ], "texture": "#texture" },
				"south": { "uv": [ 1, 12, 14, 16 ], "texture": "#texture" },
				"west": { "uv": [ 0, 12, 0, 16 ], "texture": "#texture" },
				"east": { "uv": [ 16, 12, 16, 16 ], "texture": "#texture" }
			}
		},
		{
			"from": [ 1, 9.5, 27.5 ],
			"to": [ 14.5, 10, 28 ],
			"faces": {
				"down": { "uv": [ 15, 0, 2, 0 ], "texture": "#texture" },
				"up": { "uv": [ 1, 0, 14, 0 ], "texture": "#texture" },
				"north": { "uv": [ 2, 12, 15, 16 ], "texture": "#texture" },
				"south": { "uv": [ 1, 12, 14, 16 ], "texture": "#texture" },
				"west": { "uv": [ 0, 12, 0, 16 ], "texture": "#texture" },
				"east": { "uv": [ 16, 12, 16, 16 ], "texture": "#texture" }
			}
		},
		{
			"from": [ 3, 10, 27.5 ],
			"to": [ 13, 10.5, 28 ],
			"faces": {
				"down": { "uv": [ 15, 0, 2, 0 ], "texture": "#texture" },
				"up": { "uv": [ 1, 0, 14, 0 ], "texture": "#texture" },
				"north": { "uv": [ 2, 12, 15, 16 ], "texture": "#texture" },
				"south": { "uv": [ 1, 12, 14, 16 ], "texture": "#texture" },
				"west": { "uv": [ 0, 12, 0, 16 ], "texture": "#texture" },
				"east": { "uv": [ 16, 12, 16, 16 ], "texture": "#texture" }
			}
		},
		{
			"from": [ 0, -1, 25.375 ],
			"to": [ 16, 3, 26.875 ],
			"rotation": { "origin": [ 0, -1, 25.375 ], "axis": "x", "angle": 22.5 },
			"faces": {
				"down": { "uv": [ 15, 0, 2, 0 ], "texture": "#texture" },
				"up": { "uv": [ 1, 0, 14, 0 ], "texture": "#texture" },
				"north": { "uv": [ 2, 12, 15, 16 ], "texture": "#texture" },
				"south": { "uv": [ 1, 12, 14, 16 ], "texture": "#texture" },
				"west": { "uv": [ 0, 12, 0, 16 ], "texture": "#texture" },
				"east": { "uv": [ 16, 12, 16, 16 ], "texture": "#texture" }
			}
		},
		{
			"__comment": "goudenrandje*",
			"from": [ -0.5, 1.5, 27 ],
			"to": [ 16.5, 3, 28.5 ],
			"faces": {
				"down": { "uv": [ 0, 14.5, 2, 15 ], "texture": "#randje" },
				"north": { "uv": [ 0, 8, 2, 15 ], "texture": "#randje" },
				"south": { "uv": [ 0, 8, 2, 15 ], "texture": "#randje" },
				"west": { "uv": [ 14.5, 8, 15, 15 ], "texture": "#randje" },
				"east": { "uv": [ 14.5, 8, 15, 15 ], "texture": "#randje" }
			}
		},
		{
			"__comment": "goudenrandje*",
			"from": [ 16.5, 1, 14.5 ],
			"to": [ 18.5, 8, 15 ],
			"faces": {
				"north": { "uv": [ 0, 8, 0, 15 ], "texture": "#randje" },
				"south": { "uv": [ 16, 8, 16, 15 ], "texture": "#randje" },
				"west": { "uv": [ 14.5, 8, 15, 15 ], "texture": "#randje" },
				"east": { "uv": [ 1, 8, 1.5, 15 ], "texture": "#randje" }
			}
		},
		{
			"__comment": "goudenrandje*",
			"from": [ -2.5, 1.5, 19 ],
			"to": [ -0.5, 8.5, 19.5 ],
			"faces": {
				"north": { "uv": [ 0, 8, 2, 15 ], "texture": "#randje" },
				"south": { "uv": [ 0, 8, 2, 15 ], "texture": "#randje" },
				"west": { "uv": [ 9, 8, 9.5, 15 ], "texture": "#randje" },
				"east": { "uv": [ 9, 8, 9.5, 15 ], "texture": "#randje" }
			}
		},
		{
			"__comment": "goudenrandje",
			"from": [ 16.5, 8.5, 19 ],
			"to": [ 18.5, 9.5, 28.5 ],
			"faces": {
				"down": { "uv": [ 0, 9, 2, 15 ], "texture": "#randje" },
				"up": { "uv": [ 0, 9, 2, 15 ], "texture": "#randje" },
				"north": { "uv": [ 0, 7, 2, 8 ], "texture": "#randje" },
				"south": { "uv": [ 0, 7, 2, 8 ], "texture": "#randje" },
				"west": { "uv": [ 9, 7, 15, 8 ], "texture": "#randje" },
				"east": { "uv": [ 9, 7, 15, 8 ], "texture": "#randje" }
			}
		},
		{
			"__comment": "goudenrandje",
			"from": [ -2.5, 8.5, 19 ],
			"to": [ -0.5, 9.5, 28.5 ],
			"faces": {
				"down": { "uv": [ 0, 9, 2, 15 ], "texture": "#randje" },
				"up": { "uv": [ 0, 9, 2, 15 ], "texture": "#randje" },
				"north": { "uv": [ 0, 7, 2, 8 ], "texture": "#randje" },
				"south": { "uv": [ 0, 7, 2, 8 ], "texture": "#randje" },
				"west": { "uv": [ 9, 7, 15, 8 ], "texture": "#randje" },
				"east": { "uv": [ 9, 7, 15, 8 ], "texture": "#randje" }
			}
		},
		{
			"__comment": "Cube144",
			"from": [ 4, 1.875, 28.125 ],
			"to": [ 12, 9.375, 28.126 ],
			"rotation": { "origin": [ 8, 5.875, 28.125 ], "axis": "z", "angle": 22.5 },
			"faces": {
				"down": { "uv": [ 5.5, 16, 11, 16 ], "texture": "#texture7" },
				"up": { "uv": [ 5.5, 0, 11, 0 ], "texture": "#texture7" },
				"north": { "uv": [ 0, 0, 16, 16 ], "texture": "#texture7" },
				"south": { "uv": [ 16, 0, 0, 16 ], "texture": "#texture7" },
				"west": { "uv": [ 0, 0, 0, 4 ], "texture": "#texture7" },
				"east": { "uv": [ 16, 0, 16, 4 ], "texture": "#texture7" }
			}
		},
		{
			"__comment": "Cube144",
			"from": [ 4, 2, 28 ],
			"to": [ 12, 9.5, 28.001 ],
			"rotation": { "origin": [ 8, 6, 28 ], "axis": "z", "angle": -22.5 },
			"faces": {
				"down": { "uv": [ 5.5, 16, 11, 16 ], "texture": "#texture7" },
				"up": { "uv": [ 5.5, 0, 11, 0 ], "texture": "#texture7" },
				"north": { "uv": [ 0, 16, 16, 0 ], "texture": "#texture7" },
				"south": { "uv": [ 0, 0, 16, 16 ], "texture": "#texture7" },
				"west": { "uv": [ 0, 0, 0, 4 ], "texture": "#texture7" },
				"east": { "uv": [ 16, 0, 16, 4 ], "texture": "#texture7" }
			}
		},
		{
			"__comment": "Cube146",
			"from": [ 6.75, 6.875, 27.875 ],
			"to": [ 9.25, 9.875, 28.375 ],
			"faces": {
				"down": { "uv": [ 2, 1, 4, 1.5 ], "texture": "#texture6" },
				"up": { "uv": [ 2, 1.5, 4, 2 ], "texture": "#texture6" },
				"north": { "uv": [ 2, 2, 4, 4 ], "texture": "#texture6" },
				"south": { "uv": [ 2, 2, 4, 4 ], "texture": "#texture6" },
				"west": { "uv": [ 1, 2, 2, 4 ], "texture": "#texture6" },
				"east": { "uv": [ 4, 2, 5, 4 ], "texture": "#texture6" }
			}
		}
	],
	"display": {
		"head": {
			"translation":  [ 0, 0, 24 ],
			"scale":  [ 3.5, 2.5, 3.5 ]
		}
	}
}