{
"__comment": "Designed by Kukamonda with BDcraft Cubik PRO 0.92 Beta - http://bdcraft.net",
"textures": {
    "texture": "blocks/coal_block",
    "wielen inner": "blocks/piston_inner",
    "cauldron_inner": "blocks/cauldron_inner",
    "anvil_base": "blocks/anvil_base",
    "frame": "blocks/fenrirzwart",
    "wielen": "blocks/coal_block",
    "remmen": "blocks/furnace_side",
    "minecart": "entity/minecart",
    "hopper_outside": "blocks/hopper_outside",
    "stone_slab_top": "blocks/hardened_clay_stained_red",
    "stone_slab": "blocks/stone_slab_top"
},
"elements": [ 
{
    "__comment": "stoel",
    "from": [ 1.35, -1.4, 5.9 ],
    "to": [ 6.95, -0.7, 9.4 ],
    "faces": {
        "down":  { "uv": [ 0, 0, 16, 16 ], "texture": "#anvil_base" },
        "up":    { "uv": [ 0, 0, 16, 16 ], "texture": "#anvil_base" },
        "north": { "uv": [ 0, 0, 16, 16 ], "texture": "#anvil_base" },
        "south": { "uv": [ 0, 0, 16, 16 ], "texture": "#anvil_base" },
        "west":  { "uv": [ 0, 0, 16, 16 ], "texture": "#anvil_base" },
        "east":  { "uv": [ 0, 0, 16, 16 ], "texture": "#anvil_base" }
    }
},
{
    "__comment": "stoel*",
    "from": [ 9.05, -1.4, 5.9 ],
    "to": [ 14.65, -0.7, 9.4 ],
    "faces": {
        "down":  { "uv": [ 0, 0, 16, 16 ], "texture": "#anvil_base" },
        "up":    { "uv": [ 0, 0, 16, 16 ], "texture": "#anvil_base" },
        "north": { "uv": [ 0, 0, 16, 16 ], "texture": "#anvil_base" },
        "south": { "uv": [ 0, 0, 16, 16 ], "texture": "#anvil_base" },
        "west":  { "uv": [ 0, 0, 16, 16 ], "texture": "#anvil_base" },
        "east":  { "uv": [ 0, 0, 16, 16 ], "texture": "#anvil_base" }
    }
},
{
    "__comment": "stoel*",
    "from": [ 9.05, -0.35, 10.45 ],
    "to": [ 14.65, 1.4, 11.15 ],
    "rotation": { "origin": [ 9.05, 1.4, 10.45 ], "axis": "x", "angle": 22.5 },
    "faces": {
        "down":  { "uv": [ 0, 0, 16, 16 ], "texture": "#anvil_base" },
        "up":    { "uv": [ 0, 0, 16, 16 ], "texture": "#anvil_base" },
        "north": { "uv": [ 0, 0, 16, 16 ], "texture": "#anvil_base" },
        "south": { "uv": [ 0, 0, 16, 16 ], "texture": "#anvil_base" },
        "west":  { "uv": [ 0, 0, 16, 16 ], "texture": "#anvil_base" },
        "east":  { "uv": [ 0, 0, 16, 16 ], "texture": "#anvil_base" }
    }
},
{
    "__comment": "Stoel frame*",
    "from": [ 9.4, -2.1, 6.95 ],
    "to": [ 14.3, -1.4, 9.4 ],
    "faces": {
        "down":  { "uv": [ 6, 10, 0, 6.5 ], "texture": "#stone_slab_top" },
        "up":    { "uv": [ 10, 6.5, 16, 10 ], "texture": "#stone_slab_top" },
        "north": { "uv": [ 0, 8, 6, 9 ], "texture": "#stone_slab_top" },
        "south": { "uv": [ 10, 8, 16, 9 ], "texture": "#stone_slab_top" },
        "west":  { "uv": [ 6.5, 8, 10, 9 ], "texture": "#stone_slab_top" },
        "east":  { "uv": [ 6, 8, 9.5, 9 ], "texture": "#stone_slab_top" }
    }
},
{
    "__comment": "stoel*",
    "from": [ 10.45, 7, 10.1 ],
    "to": [ 13.25, 7.7, 10.8 ],
    "rotation": { "origin": [ 10.45, 7.7, 10.1 ], "axis": "x", "angle": -22.5 },
    "faces": {
        "down":  { "uv": [ 0, 0, 16, 16 ], "texture": "#anvil_base" },
        "up":    { "uv": [ 0, 0, 16, 16 ], "texture": "#anvil_base" },
        "north": { "uv": [ 0, 0, 16, 16 ], "texture": "#anvil_base" },
        "south": { "uv": [ 0, 0, 16, 16 ], "texture": "#anvil_base" },
        "west":  { "uv": [ 0, 0, 16, 16 ], "texture": "#anvil_base" },
        "east":  { "uv": [ 0, 0, 16, 16 ], "texture": "#anvil_base" }
    }
},
{
    "__comment": "stoel*",
    "from": [ 10.1, 4.33125, 10.45 ],
    "to": [ 10.8, 7.13125, 11.15 ],
    "rotation": { "origin": [ 10.1, 7.13125, 10.45 ], "axis": "z", "angle": -22.5 },
    "faces": {
        "down":  { "uv": [ 0, 0, 16, 16 ], "texture": "#anvil_base" },
        "up":    { "uv": [ 0, 0, 16, 16 ], "texture": "#anvil_base" },
        "north": { "uv": [ 0, 0, 16, 16 ], "texture": "#anvil_base" },
        "south": { "uv": [ 0, 0, 16, 16 ], "texture": "#anvil_base" },
        "west":  { "uv": [ 0, 0, 16, 16 ], "texture": "#anvil_base" },
        "east":  { "uv": [ 0, 0, 16, 16 ], "texture": "#anvil_base" }
    }
},
{
    "__comment": "stoel*",
    "from": [ 17.8438, 4.4625, 10.45 ],
    "to": [ 18.5437, 7.2625, 11.15 ],
    "rotation": { "origin": [ 17.8438, 7.2625, 10.45 ], "axis": "z", "angle": -22.5 },
    "faces": {
        "down":  { "uv": [ 0, 0, 16, 16 ], "texture": "#anvil_base" },
        "up":    { "uv": [ 0, 0, 16, 16 ], "texture": "#anvil_base" },
        "north": { "uv": [ 0, 0, 16, 16 ], "texture": "#anvil_base" },
        "south": { "uv": [ 0, 0, 16, 16 ], "texture": "#anvil_base" },
        "west":  { "uv": [ 0, 0, 16, 16 ], "texture": "#anvil_base" },
        "east":  { "uv": [ 0, 0, 16, 16 ], "texture": "#anvil_base" }
    }
},
{
    "__comment": "stoel*",
    "from": [ 9.05, -1.6625, 5.2875 ],
    "to": [ 11.5, -0.9625, 5.9875 ],
    "rotation": { "origin": [ 9.05, -0.9625, 5.2875 ], "axis": "x", "angle": -22.5 },
    "faces": {
        "down":  { "uv": [ 0, 0, 16, 16 ], "texture": "#anvil_base" },
        "up":    { "uv": [ 0, 0, 16, 16 ], "texture": "#anvil_base" },
        "north": { "uv": [ 0, 0, 16, 16 ], "texture": "#anvil_base" },
        "south": { "uv": [ 0, 0, 16, 16 ], "texture": "#anvil_base" },
        "west":  { "uv": [ 0, 0, 16, 16 ], "texture": "#anvil_base" },
        "east":  { "uv": [ 0, 0, 16, 16 ], "texture": "#anvil_base" }
    }
},
{
    "__comment": "stoel*",
    "from": [ 3.8, -1.00625, 6.3375 ],
    "to": [ 4.5, -0.30625, 7.3875 ],
    "rotation": { "origin": [ 3.8, -0.30625, 6.3375 ], "axis": "x", "angle": 22.5 },
    "faces": {
        "down":  { "uv": [ 0, 0, 16, 16 ], "texture": "#anvil_base" },
        "up":    { "uv": [ 0, 0, 16, 16 ], "texture": "#anvil_base" },
        "north": { "uv": [ 0, 0, 16, 16 ], "texture": "#anvil_base" },
        "south": { "uv": [ 0, 0, 16, 16 ], "texture": "#anvil_base" },
        "west":  { "uv": [ 0, 0, 16, 16 ], "texture": "#anvil_base" },
        "east":  { "uv": [ 0, 0, 16, 16 ], "texture": "#anvil_base" }
    }
},
{
    "__comment": "stoel*",
    "from": [ 9.05, 1.05, 10.45 ],
    "to": [ 14.65, 4.9, 11.15 ],
    "faces": {
        "down":  { "uv": [ 0, 0, 16, 16 ], "texture": "#anvil_base" },
        "up":    { "uv": [ 0, 0, 16, 16 ], "texture": "#anvil_base" },
        "north": { "uv": [ 0, 0, 16, 16 ], "texture": "#anvil_base" },
        "south": { "uv": [ 0, 0, 16, 16 ], "texture": "#anvil_base" },
        "west":  { "uv": [ 0, 0, 16, 16 ], "texture": "#anvil_base" },
        "east":  { "uv": [ 0, 0, 16, 16 ], "texture": "#anvil_base" }
    }
},
{
    "__comment": "stoel*",
    "from": [ 4.5, -1.6625, 5.24375 ],
    "to": [ 6.95, -0.9625, 5.94375 ],
    "rotation": { "origin": [ 4.5, -0.9625, 5.24375 ], "axis": "x", "angle": -22.5 },
    "faces": {
        "down":  { "uv": [ 0, 0, 16, 16 ], "texture": "#anvil_base" },
        "up":    { "uv": [ 0, 0, 16, 16 ], "texture": "#anvil_base" },
        "north": { "uv": [ 0, 0, 16, 16 ], "texture": "#anvil_base" },
        "south": { "uv": [ 0, 0, 16, 16 ], "texture": "#anvil_base" },
        "west":  { "uv": [ 0, 0, 16, 16 ], "texture": "#anvil_base" },
        "east":  { "uv": [ 0, 0, 16, 16 ], "texture": "#anvil_base" }
    }
},
{
    "__comment": "stoel*",
    "from": [ 19.2, -1.00625, 6.3375 ],
    "to": [ 19.9, -0.30625, 7.3875 ],
    "rotation": { "origin": [ 19.2, -0.30625, 6.3375 ], "axis": "x", "angle": 22.5 },
    "faces": {
        "down":  { "uv": [ 0, 0, 16, 16 ], "texture": "#anvil_base" },
        "up":    { "uv": [ 0, 0, 16, 16 ], "texture": "#anvil_base" },
        "north": { "uv": [ 0, 0, 16, 16 ], "texture": "#anvil_base" },
        "south": { "uv": [ 0, 0, 16, 16 ], "texture": "#anvil_base" },
        "west":  { "uv": [ 0, 0, 16, 16 ], "texture": "#anvil_base" },
        "east":  { "uv": [ 0, 0, 16, 16 ], "texture": "#anvil_base" }
    }
},
{
    "__comment": "stoel*",
    "from": [ 1.35, -1.3125, 9.96875 ],
    "to": [ 6.95, 0.0875, 10.6687 ],
    "rotation": { "origin": [ 1.35, 0.0875, 9.96875 ], "axis": "x", "angle": 45 },
    "faces": {
        "down":  { "uv": [ 0, 0, 16, 16 ], "texture": "#anvil_base" },
        "up":    { "uv": [ 0, 0, 16, 16 ], "texture": "#anvil_base" },
        "north": { "uv": [ 0, 0, 16, 16 ], "texture": "#anvil_base" },
        "south": { "uv": [ 0, 0, 16, 16 ], "texture": "#anvil_base" },
        "west":  { "uv": [ 0, 0, 16, 16 ], "texture": "#anvil_base" },
        "east":  { "uv": [ 0, 0, 16, 16 ], "texture": "#anvil_base" }
    }
},
{
    "__comment": "stoel*",
    "from": [ 1.35, -0.35, 10.45 ],
    "to": [ 6.95, 1.4, 11.15 ],
    "rotation": { "origin": [ 1.35, 1.4, 10.45 ], "axis": "x", "angle": 22.5 },
    "faces": {
        "down":  { "uv": [ 0, 0, 16, 16 ], "texture": "#anvil_base" },
        "up":    { "uv": [ 0, 0, 16, 16 ], "texture": "#anvil_base" },
        "north": { "uv": [ 0, 0, 16, 16 ], "texture": "#anvil_base" },
        "south": { "uv": [ 0, 0, 16, 16 ], "texture": "#anvil_base" },
        "west":  { "uv": [ 0, 0, 16, 16 ], "texture": "#anvil_base" },
        "east":  { "uv": [ 0, 0, 16, 16 ], "texture": "#anvil_base" }
    }
},
{
    "__comment": "stoel*",
    "from": [ 1.35, 1.05, 10.45 ],
    "to": [ 6.95, 4.9, 11.15 ],
    "faces": {
        "down":  { "uv": [ 0, 0, 16, 16 ], "texture": "#anvil_base" },
        "up":    { "uv": [ 0, 0, 16, 16 ], "texture": "#anvil_base" },
        "north": { "uv": [ 0, 0, 16, 16 ], "texture": "#anvil_base" },
        "south": { "uv": [ 0, 0, 16, 16 ], "texture": "#anvil_base" },
        "west":  { "uv": [ 0, 0, 16, 16 ], "texture": "#anvil_base" },
        "east":  { "uv": [ 0, 0, 16, 16 ], "texture": "#anvil_base" }
    }
},
{
    "__comment": "stoel*",
    "from": [ 2.05, 4.2, 10.45 ],
    "to": [ 6.25, 7.35, 11.15 ],
    "faces": {
        "down":  { "uv": [ 0, 0, 16, 16 ], "texture": "#anvil_base" },
        "up":    { "uv": [ 0, 0, 16, 16 ], "texture": "#anvil_base" },
        "north": { "uv": [ 0, 0, 16, 16 ], "texture": "#anvil_base" },
        "south": { "uv": [ 0, 0, 16, 16 ], "texture": "#anvil_base" },
        "west":  { "uv": [ 0, 0, 16, 16 ], "texture": "#anvil_base" },
        "east":  { "uv": [ 0, 0, 16, 16 ], "texture": "#anvil_base" }
    }
},
{
    "__comment": "stoel*",
    "from": [ 4.5, 4.55, 10.45 ],
    "to": [ 5.2, 7.35, 11.15 ],
    "rotation": { "origin": [ 4.5, 7.35, 10.45 ], "axis": "z", "angle": -22.5 },
    "faces": {
        "down":  { "uv": [ 0, 0, 16, 16 ], "texture": "#anvil_base" },
        "up":    { "uv": [ 0, 0, 16, 16 ], "texture": "#anvil_base" },
        "north": { "uv": [ 0, 0, 16, 16 ], "texture": "#anvil_base" },
        "south": { "uv": [ 0, 0, 16, 16 ], "texture": "#anvil_base" },
        "west":  { "uv": [ 0, 0, 16, 16 ], "texture": "#anvil_base" },
        "east":  { "uv": [ 0, 0, 16, 16 ], "texture": "#anvil_base" }
    }
},
{
    "__comment": "stoel*",
    "from": [ 2.4, 4.55, 10.45 ],
    "to": [ 3.1, 7.35, 11.15 ],
    "rotation": { "origin": [ 2.4, 7.35, 10.45 ], "axis": "z", "angle": -22.5 },
    "faces": {
        "down":  { "uv": [ 0, 0, 16, 16 ], "texture": "#anvil_base" },
        "up":    { "uv": [ 0, 0, 16, 16 ], "texture": "#anvil_base" },
        "north": { "uv": [ 0, 0, 16, 16 ], "texture": "#anvil_base" },
        "south": { "uv": [ 0, 0, 16, 16 ], "texture": "#anvil_base" },
        "west":  { "uv": [ 0, 0, 16, 16 ], "texture": "#anvil_base" },
        "east":  { "uv": [ 0, 0, 16, 16 ], "texture": "#anvil_base" }
    }
},
{
    "__comment": "stoel*",
    "from": [ 5.2, 4.2, 10.45 ],
    "to": [ 5.9, 7, 11.15 ],
    "rotation": { "origin": [ 5.2, 7, 10.45 ], "axis": "z", "angle": 22.5 },
    "faces": {
        "down":  { "uv": [ 0, 0, 16, 16 ], "texture": "#anvil_base" },
        "up":    { "uv": [ 0, 0, 16, 16 ], "texture": "#anvil_base" },
        "north": { "uv": [ 0, 0, 16, 16 ], "texture": "#anvil_base" },
        "south": { "uv": [ 0, 0, 16, 16 ], "texture": "#anvil_base" },
        "west":  { "uv": [ 0, 0, 16, 16 ], "texture": "#anvil_base" },
        "east":  { "uv": [ 0, 0, 16, 16 ], "texture": "#anvil_base" }
    }
},
{
    "__comment": "stoel*",
    "from": [ 2.75, 7, 10.1 ],
    "to": [ 5.55, 7.7, 10.8 ],
    "rotation": { "origin": [ 2.75, 7.7, 10.1 ], "axis": "x", "angle": -22.5 },
    "faces": {
        "down":  { "uv": [ 0, 0, 16, 16 ], "texture": "#anvil_base" },
        "up":    { "uv": [ 0, 0, 16, 16 ], "texture": "#anvil_base" },
        "north": { "uv": [ 0, 0, 16, 16 ], "texture": "#anvil_base" },
        "south": { "uv": [ 0, 0, 16, 16 ], "texture": "#anvil_base" },
        "west":  { "uv": [ 0, 0, 16, 16 ], "texture": "#anvil_base" },
        "east":  { "uv": [ 0, 0, 16, 16 ], "texture": "#anvil_base" }
    }
},
{
    "__comment": "stoel*",
    "from": [ 2.75, 7.7, 10.1 ],
    "to": [ 5.55, 10.85, 10.8 ],
    "faces": {
        "down":  { "uv": [ 0, 0, 16, 16 ], "texture": "#anvil_base" },
        "up":    { "uv": [ 0, 0, 16, 16 ], "texture": "#anvil_base" },
        "north": { "uv": [ 0, 0, 16, 16 ], "texture": "#anvil_base" },
        "south": { "uv": [ 0, 0, 16, 16 ], "texture": "#anvil_base" },
        "west":  { "uv": [ 0, 0, 16, 16 ], "texture": "#anvil_base" },
        "east":  { "uv": [ 0, 0, 16, 16 ], "texture": "#anvil_base" }
    }
},
{
    "__comment": "Stoel frame*",
    "from": [ 3.1, 6.3, 11.15 ],
    "to": [ 5.2, 7.35, 11.5 ],
    "faces": {
        "down":  { "uv": [ 16, 13, 10.5, 12.5 ], "texture": "#stone_slab_top" },
        "up":    { "uv": [ 0, 12.5, 5.5, 13 ], "texture": "#stone_slab_top" },
        "north": { "uv": [ 10.5, 0, 16, 0 ], "texture": "#stone_slab_top" },
        "south": { "uv": [ 0, 0, 5.5, 0 ], "texture": "#stone_slab_top" },
        "west":  { "uv": [ 12.5, 0, 13, 0 ], "texture": "#stone_slab_top" },
        "east":  { "uv": [ 3, 0, 3.5, 0 ], "texture": "#stone_slab_top" }
    }
},
{
    "__comment": "Stoel frame*",
    "from": [ 1.7, -2.1, 6.95 ],
    "to": [ 6.6, -1.4, 9.4 ],
    "faces": {
        "down":  { "uv": [ 16, 10, 10, 6.5 ], "texture": "#stone_slab_top" },
        "up":    { "uv": [ 0, 6.5, 6, 10 ], "texture": "#stone_slab_top" },
        "north": { "uv": [ 10, 8, 16, 9 ], "texture": "#stone_slab_top" },
        "south": { "uv": [ 0, 8, 6, 9 ], "texture": "#stone_slab_top" },
        "west":  { "uv": [ 6.5, 8, 10, 9 ], "texture": "#stone_slab_top" },
        "east":  { "uv": [ 6, 8, 9.5, 9 ], "texture": "#stone_slab_top" }
    }
},
{
    "__comment": "stoel*",
    "from": [ 1.35, -1.6625, 5.2875 ],
    "to": [ 3.8, -0.9625, 5.9875 ],
    "rotation": { "origin": [ 1.35, -0.9625, 5.2875 ], "axis": "x", "angle": -22.5 },
    "faces": {
        "down":  { "uv": [ 0, 0, 16, 16 ], "texture": "#anvil_base" },
        "up":    { "uv": [ 0, 0, 16, 16 ], "texture": "#anvil_base" },
        "north": { "uv": [ 0, 0, 16, 16 ], "texture": "#anvil_base" },
        "south": { "uv": [ 0, 0, 16, 16 ], "texture": "#anvil_base" },
        "west":  { "uv": [ 0, 0, 16, 16 ], "texture": "#anvil_base" },
        "east":  { "uv": [ 0, 0, 16, 16 ], "texture": "#anvil_base" }
    }
},
{
    "__comment": "stoel*",
    "from": [ 12.2, -1.6625, 5.24375 ],
    "to": [ 14.65, -0.9625, 5.94375 ],
    "rotation": { "origin": [ 12.2, -0.9625, 5.24375 ], "axis": "x", "angle": -22.5 },
    "faces": {
        "down":  { "uv": [ 0, 0, 16, 16 ], "texture": "#anvil_base" },
        "up":    { "uv": [ 0, 0, 16, 16 ], "texture": "#anvil_base" },
        "north": { "uv": [ 0, 0, 16, 16 ], "texture": "#anvil_base" },
        "south": { "uv": [ 0, 0, 16, 16 ], "texture": "#anvil_base" },
        "west":  { "uv": [ 0, 0, 16, 16 ], "texture": "#anvil_base" },
        "east":  { "uv": [ 0, 0, 16, 16 ], "texture": "#anvil_base" }
    }
},
{
    "__comment": "stoel*",
    "from": [ 9.05, -1.3125, 9.96875 ],
    "to": [ 14.65, 0.0875, 10.6687 ],
    "rotation": { "origin": [ 9.05, 0.0875, 9.96875 ], "axis": "x", "angle": 45 },
    "faces": {
        "down":  { "uv": [ 0, 0, 16, 16 ], "texture": "#anvil_base" },
        "up":    { "uv": [ 0, 0, 16, 16 ], "texture": "#anvil_base" },
        "north": { "uv": [ 0, 0, 16, 16 ], "texture": "#anvil_base" },
        "south": { "uv": [ 0, 0, 16, 16 ], "texture": "#anvil_base" },
        "west":  { "uv": [ 0, 0, 16, 16 ], "texture": "#anvil_base" },
        "east":  { "uv": [ 0, 0, 16, 16 ], "texture": "#anvil_base" }
    }
},
{
    "__comment": "stoel*",
    "from": [ 9.75, 4.2, 10.45 ],
    "to": [ 13.95, 7.35, 11.15 ],
    "faces": {
        "down":  { "uv": [ 0, 0, 16, 16 ], "texture": "#anvil_base" },
        "up":    { "uv": [ 0, 0, 16, 16 ], "texture": "#anvil_base" },
        "north": { "uv": [ 0, 0, 16, 16 ], "texture": "#anvil_base" },
        "south": { "uv": [ 0, 0, 16, 16 ], "texture": "#anvil_base" },
        "west":  { "uv": [ 0, 0, 16, 16 ], "texture": "#anvil_base" },
        "east":  { "uv": [ 0, 0, 16, 16 ], "texture": "#anvil_base" }
    }
},
{
    "__comment": "stoel*",
    "from": [ 10.45, 7.7, 10.1 ],
    "to": [ 13.25, 10.85, 10.8 ],
    "faces": {
        "down":  { "uv": [ 0, 0, 16, 16 ], "texture": "#anvil_base" },
        "up":    { "uv": [ 0, 0, 16, 16 ], "texture": "#anvil_base" },
        "north": { "uv": [ 0, 0, 16, 16 ], "texture": "#anvil_base" },
        "south": { "uv": [ 0, 0, 16, 16 ], "texture": "#anvil_base" },
        "west":  { "uv": [ 0, 0, 16, 16 ], "texture": "#anvil_base" },
        "east":  { "uv": [ 0, 0, 16, 16 ], "texture": "#anvil_base" }
    }
},
{
    "__comment": "stoel*",
    "from": [ 1, -1.4, 8 ],
    "to": [ 1.7, 0, 10.1 ],
    "rotation": { "origin": [ 1, 0, 8 ], "axis": "x", "angle": -45 },
    "faces": {
        "down":  { "uv": [ 0, 0, 16, 16 ], "texture": "#anvil_base" },
        "up":    { "uv": [ 0, 0, 16, 16 ], "texture": "#anvil_base" },
        "north": { "uv": [ 0, 0, 16, 16 ], "texture": "#anvil_base" },
        "south": { "uv": [ 0, 0, 16, 16 ], "texture": "#anvil_base" },
        "west":  { "uv": [ 0, 0, 16, 16 ], "texture": "#anvil_base" },
        "east":  { "uv": [ 0, 0, 16, 16 ], "texture": "#anvil_base" }
    }
},
{
    "__comment": "stoel*",
    "from": [ 6.6, -1.4, 8 ],
    "to": [ 7.3, 0, 10.1 ],
    "rotation": { "origin": [ 6.6, 0, 8 ], "axis": "x", "angle": -45 },
    "faces": {
        "down":  { "uv": [ 0, 0, 16, 16 ], "texture": "#anvil_base" },
        "up":    { "uv": [ 0, 0, 16, 16 ], "texture": "#anvil_base" },
        "north": { "uv": [ 0, 0, 16, 16 ], "texture": "#anvil_base" },
        "south": { "uv": [ 0, 0, 16, 16 ], "texture": "#anvil_base" },
        "west":  { "uv": [ 0, 0, 16, 16 ], "texture": "#anvil_base" },
        "east":  { "uv": [ 0, 0, 16, 16 ], "texture": "#anvil_base" }
    }
},
{
    "__comment": "stoel*",
    "from": [ 8.7, -1.4, 8 ],
    "to": [ 9.4, 0, 10.1 ],
    "rotation": { "origin": [ 8.7, 0, 8 ], "axis": "x", "angle": -45 },
    "faces": {
        "down":  { "uv": [ 0, 0, 16, 16 ], "texture": "#anvil_base" },
        "up":    { "uv": [ 0, 0, 16, 16 ], "texture": "#anvil_base" },
        "north": { "uv": [ 0, 0, 16, 16 ], "texture": "#anvil_base" },
        "south": { "uv": [ 0, 0, 16, 16 ], "texture": "#anvil_base" },
        "west":  { "uv": [ 0, 0, 16, 16 ], "texture": "#anvil_base" },
        "east":  { "uv": [ 0, 0, 16, 16 ], "texture": "#anvil_base" }
    }
},
{
    "__comment": "stoel*",
    "from": [ 14.3, -1.4, 8 ],
    "to": [ 15, 0, 10.1 ],
    "rotation": { "origin": [ 14.3, 0, 8 ], "axis": "x", "angle": -45 },
    "faces": {
        "down":  { "uv": [ 0, 0, 16, 16 ], "texture": "#anvil_base" },
        "up":    { "uv": [ 0, 0, 16, 16 ], "texture": "#anvil_base" },
        "north": { "uv": [ 0, 0, 16, 16 ], "texture": "#anvil_base" },
        "south": { "uv": [ 0, 0, 16, 16 ], "texture": "#anvil_base" },
        "west":  { "uv": [ 0, 0, 16, 16 ], "texture": "#anvil_base" },
        "east":  { "uv": [ 0, 0, 16, 16 ], "texture": "#anvil_base" }
    }
},
{
    "__comment": "Stoel frame*",
    "from": [ 10.8, 6.3, 11.15 ],
    "to": [ 12.9, 7.35, 11.5 ],
    "faces": {
        "down":  { "uv": [ 16, 13, 10.5, 12.5 ], "texture": "#stone_slab_top" },
        "up":    { "uv": [ 0, 12.5, 5.5, 13 ], "texture": "#stone_slab_top" },
        "north": { "uv": [ 10.5, 0, 16, 0 ], "texture": "#stone_slab_top" },
        "south": { "uv": [ 0, 0, 5.5, 0 ], "texture": "#stone_slab_top" },
        "west":  { "uv": [ 12.5, 0, 13, 0 ], "texture": "#stone_slab_top" },
        "east":  { "uv": [ 3, 0, 3.5, 0 ], "texture": "#stone_slab_top" }
    }
},
{
    "__comment": "stoel*",
    "from": [ 16.4, -1.4, 8 ],
    "to": [ 17.1, 0, 10.1 ],
    "rotation": { "origin": [ 16.4, 0, 8 ], "axis": "x", "angle": -45 },
    "faces": {
        "down":  { "uv": [ 0, 0, 16, 16 ], "texture": "#anvil_base" },
        "up":    { "uv": [ 0, 0, 16, 16 ], "texture": "#anvil_base" },
        "north": { "uv": [ 0, 0, 16, 16 ], "texture": "#anvil_base" },
        "south": { "uv": [ 0, 0, 16, 16 ], "texture": "#anvil_base" },
        "west":  { "uv": [ 0, 0, 16, 16 ], "texture": "#anvil_base" },
        "east":  { "uv": [ 0, 0, 16, 16 ], "texture": "#anvil_base" }
    }
},
{
    "__comment": "stoel*",
    "from": [ 24.45, -1.4, 5.9 ],
    "to": [ 30.05, -0.7, 9.4 ],
    "faces": {
        "down":  { "uv": [ 0, 0, 16, 16 ], "texture": "#anvil_base" },
        "up":    { "uv": [ 0, 0, 16, 16 ], "texture": "#anvil_base" },
        "north": { "uv": [ 0, 0, 16, 16 ], "texture": "#anvil_base" },
        "south": { "uv": [ 0, 0, 16, 16 ], "texture": "#anvil_base" },
        "west":  { "uv": [ 0, 0, 16, 16 ], "texture": "#anvil_base" },
        "east":  { "uv": [ 0, 0, 16, 16 ], "texture": "#anvil_base" }
    }
},
{
    "__comment": "stoel*",
    "from": [ 22, -1.4, 8 ],
    "to": [ 22.7, 0, 10.1 ],
    "rotation": { "origin": [ 22, 0, 8 ], "axis": "x", "angle": -45 },
    "faces": {
        "down":  { "uv": [ 0, 0, 16, 16 ], "texture": "#anvil_base" },
        "up":    { "uv": [ 0, 0, 16, 16 ], "texture": "#anvil_base" },
        "north": { "uv": [ 0, 0, 16, 16 ], "texture": "#anvil_base" },
        "south": { "uv": [ 0, 0, 16, 16 ], "texture": "#anvil_base" },
        "west":  { "uv": [ 0, 0, 16, 16 ], "texture": "#anvil_base" },
        "east":  { "uv": [ 0, 0, 16, 16 ], "texture": "#anvil_base" }
    }
},
{
    "__comment": "stoel*",
    "from": [ 19.9, -1.6625, 5.24375 ],
    "to": [ 22.35, -0.9625, 5.94375 ],
    "rotation": { "origin": [ 19.9, -0.9625, 5.24375 ], "axis": "x", "angle": -22.5 },
    "faces": {
        "down":  { "uv": [ 0, 0, 16, 16 ], "texture": "#anvil_base" },
        "up":    { "uv": [ 0, 0, 16, 16 ], "texture": "#anvil_base" },
        "north": { "uv": [ 0, 0, 16, 16 ], "texture": "#anvil_base" },
        "south": { "uv": [ 0, 0, 16, 16 ], "texture": "#anvil_base" },
        "west":  { "uv": [ 0, 0, 16, 16 ], "texture": "#anvil_base" },
        "east":  { "uv": [ 0, 0, 16, 16 ], "texture": "#anvil_base" }
    }
},
{
    "__comment": "stoel*",
    "from": [ 16.75, -1.6625, 5.2875 ],
    "to": [ 19.2, -0.9625, 5.9875 ],
    "rotation": { "origin": [ 16.75, -0.9625, 5.2875 ], "axis": "x", "angle": -22.5 },
    "faces": {
        "down":  { "uv": [ 0, 0, 16, 16 ], "texture": "#anvil_base" },
        "up":    { "uv": [ 0, 0, 16, 16 ], "texture": "#anvil_base" },
        "north": { "uv": [ 0, 0, 16, 16 ], "texture": "#anvil_base" },
        "south": { "uv": [ 0, 0, 16, 16 ], "texture": "#anvil_base" },
        "west":  { "uv": [ 0, 0, 16, 16 ], "texture": "#anvil_base" },
        "east":  { "uv": [ 0, 0, 16, 16 ], "texture": "#anvil_base" }
    }
},
{
    "__comment": "stoel*",
    "from": [ 11.5, -1.00625, 6.3375 ],
    "to": [ 12.2, -0.30625, 7.3875 ],
    "rotation": { "origin": [ 11.5, -0.30625, 6.3375 ], "axis": "x", "angle": 22.5 },
    "faces": {
        "down":  { "uv": [ 0, 0, 16, 16 ], "texture": "#anvil_base" },
        "up":    { "uv": [ 0, 0, 16, 16 ], "texture": "#anvil_base" },
        "north": { "uv": [ 0, 0, 16, 16 ], "texture": "#anvil_base" },
        "south": { "uv": [ 0, 0, 16, 16 ], "texture": "#anvil_base" },
        "west":  { "uv": [ 0, 0, 16, 16 ], "texture": "#anvil_base" },
        "east":  { "uv": [ 0, 0, 16, 16 ], "texture": "#anvil_base" }
    }
},
{
    "__comment": "stoel*",
    "from": [ 16.75, -1.3125, 9.96875 ],
    "to": [ 22.35, 0.0875, 10.6687 ],
    "rotation": { "origin": [ 16.75, 0.0875, 9.96875 ], "axis": "x", "angle": 45 },
    "faces": {
        "down":  { "uv": [ 0, 0, 16, 16 ], "texture": "#anvil_base" },
        "up":    { "uv": [ 0, 0, 16, 16 ], "texture": "#anvil_base" },
        "north": { "uv": [ 0, 0, 16, 16 ], "texture": "#anvil_base" },
        "south": { "uv": [ 0, 0, 16, 16 ], "texture": "#anvil_base" },
        "west":  { "uv": [ 0, 0, 16, 16 ], "texture": "#anvil_base" },
        "east":  { "uv": [ 0, 0, 16, 16 ], "texture": "#anvil_base" }
    }
},
{
    "__comment": "stoel*",
    "from": [ 16.75, -0.35, 10.45 ],
    "to": [ 22.35, 1.4, 11.15 ],
    "rotation": { "origin": [ 16.75, 1.4, 10.45 ], "axis": "x", "angle": 22.5 },
    "faces": {
        "down":  { "uv": [ 0, 0, 16, 16 ], "texture": "#anvil_base" },
        "up":    { "uv": [ 0, 0, 16, 16 ], "texture": "#anvil_base" },
        "north": { "uv": [ 0, 0, 16, 16 ], "texture": "#anvil_base" },
        "south": { "uv": [ 0, 0, 16, 16 ], "texture": "#anvil_base" },
        "west":  { "uv": [ 0, 0, 16, 16 ], "texture": "#anvil_base" },
        "east":  { "uv": [ 0, 0, 16, 16 ], "texture": "#anvil_base" }
    }
},
{
    "__comment": "stoel*",
    "from": [ 18.15, 7.7, 10.1 ],
    "to": [ 20.95, 10.85, 10.8 ],
    "faces": {
        "down":  { "uv": [ 0, 0, 16, 16 ], "texture": "#anvil_base" },
        "up":    { "uv": [ 0, 0, 16, 16 ], "texture": "#anvil_base" },
        "north": { "uv": [ 0, 0, 16, 16 ], "texture": "#anvil_base" },
        "south": { "uv": [ 0, 0, 16, 16 ], "texture": "#anvil_base" },
        "west":  { "uv": [ 0, 0, 16, 16 ], "texture": "#anvil_base" },
        "east":  { "uv": [ 0, 0, 16, 16 ], "texture": "#anvil_base" }
    }
},
{
    "__comment": "stoel*",
    "from": [ 12.9438, 4.06875, 10.45 ],
    "to": [ 13.6437, 6.86875, 11.15 ],
    "rotation": { "origin": [ 12.9438, 6.86875, 10.45 ], "axis": "z", "angle": 22.5 },
    "faces": {
        "down":  { "uv": [ 0, 0, 16, 16 ], "texture": "#anvil_base" },
        "up":    { "uv": [ 0, 0, 16, 16 ], "texture": "#anvil_base" },
        "north": { "uv": [ 0, 0, 16, 16 ], "texture": "#anvil_base" },
        "south": { "uv": [ 0, 0, 16, 16 ], "texture": "#anvil_base" },
        "west":  { "uv": [ 0, 0, 16, 16 ], "texture": "#anvil_base" },
        "east":  { "uv": [ 0, 0, 16, 16 ], "texture": "#anvil_base" }
    }
},
{
    "__comment": "stoel*",
    "from": [ 17.45, 4.2, 10.45 ],
    "to": [ 21.65, 7.35, 11.15 ],
    "faces": {
        "down":  { "uv": [ 0, 0, 16, 16 ], "texture": "#anvil_base" },
        "up":    { "uv": [ 0, 0, 16, 16 ], "texture": "#anvil_base" },
        "north": { "uv": [ 0, 0, 16, 16 ], "texture": "#anvil_base" },
        "south": { "uv": [ 0, 0, 16, 16 ], "texture": "#anvil_base" },
        "west":  { "uv": [ 0, 0, 16, 16 ], "texture": "#anvil_base" },
        "east":  { "uv": [ 0, 0, 16, 16 ], "texture": "#anvil_base" }
    }
},
{
    "__comment": "stoel*",
    "from": [ 20.6, 4.2, 10.45 ],
    "to": [ 21.3, 7, 11.15 ],
    "rotation": { "origin": [ 20.6, 7, 10.45 ], "axis": "z", "angle": 22.5 },
    "faces": {
        "down":  { "uv": [ 0, 0, 16, 16 ], "texture": "#anvil_base" },
        "up":    { "uv": [ 0, 0, 16, 16 ], "texture": "#anvil_base" },
        "north": { "uv": [ 0, 0, 16, 16 ], "texture": "#anvil_base" },
        "south": { "uv": [ 0, 0, 16, 16 ], "texture": "#anvil_base" },
        "west":  { "uv": [ 0, 0, 16, 16 ], "texture": "#anvil_base" },
        "east":  { "uv": [ 0, 0, 16, 16 ], "texture": "#anvil_base" }
    }
},
{
    "__comment": "stoel*",
    "from": [ 16.75, 1.05, 10.45 ],
    "to": [ 22.35, 4.9, 11.15 ],
    "faces": {
        "down":  { "uv": [ 0, 0, 16, 16 ], "texture": "#anvil_base" },
        "up":    { "uv": [ 0, 0, 16, 16 ], "texture": "#anvil_base" },
        "north": { "uv": [ 0, 0, 16, 16 ], "texture": "#anvil_base" },
        "south": { "uv": [ 0, 0, 16, 16 ], "texture": "#anvil_base" },
        "west":  { "uv": [ 0, 0, 16, 16 ], "texture": "#anvil_base" },
        "east":  { "uv": [ 0, 0, 16, 16 ], "texture": "#anvil_base" }
    }
},
{
    "__comment": "stoel*",
    "from": [ 18.15, 7, 10.1 ],
    "to": [ 20.95, 7.7, 10.8 ],
    "rotation": { "origin": [ 18.15, 7.7, 10.1 ], "axis": "x", "angle": -22.5 },
    "faces": {
        "down":  { "uv": [ 0, 0, 16, 16 ], "texture": "#anvil_base" },
        "up":    { "uv": [ 0, 0, 16, 16 ], "texture": "#anvil_base" },
        "north": { "uv": [ 0, 0, 16, 16 ], "texture": "#anvil_base" },
        "south": { "uv": [ 0, 0, 16, 16 ], "texture": "#anvil_base" },
        "west":  { "uv": [ 0, 0, 16, 16 ], "texture": "#anvil_base" },
        "east":  { "uv": [ 0, 0, 16, 16 ], "texture": "#anvil_base" }
    }
},
{
    "__comment": "Stoel frame*",
    "from": [ 18.5, 6.3, 11.15 ],
    "to": [ 20.6, 7.35, 11.5 ],
    "faces": {
        "down":  { "uv": [ 16, 13, 10.5, 12.5 ], "texture": "#stone_slab_top" },
        "up":    { "uv": [ 0, 12.5, 5.5, 13 ], "texture": "#stone_slab_top" },
        "north": { "uv": [ 10.5, 0, 16, 0 ], "texture": "#stone_slab_top" },
        "south": { "uv": [ 0, 0, 5.5, 0 ], "texture": "#stone_slab_top" },
        "west":  { "uv": [ 12.5, 0, 13, 0 ], "texture": "#stone_slab_top" },
        "east":  { "uv": [ 3, 0, 3.5, 0 ], "texture": "#stone_slab_top" }
    }
},
{
    "__comment": "Stoel frame*",
    "from": [ 17.1, -2.1, 6.95 ],
    "to": [ 22, -1.4, 9.4 ],
    "faces": {
        "down":  { "uv": [ 6, 10, 0, 6.5 ], "texture": "#stone_slab_top" },
        "up":    { "uv": [ 10, 6.5, 16, 10 ], "texture": "#stone_slab_top" },
        "north": { "uv": [ 0, 8, 6, 9 ], "texture": "#stone_slab_top" },
        "south": { "uv": [ 10, 8, 16, 9 ], "texture": "#stone_slab_top" },
        "west":  { "uv": [ 6.5, 8, 10, 9 ], "texture": "#stone_slab_top" },
        "east":  { "uv": [ 6, 8, 9.5, 9 ], "texture": "#stone_slab_top" }
    }
},
{
    "__comment": "stoel*",
    "from": [ 24.1, -1.4, 8 ],
    "to": [ 24.8, 0, 10.1 ],
    "rotation": { "origin": [ 24.1, 0, 8 ], "axis": "x", "angle": -45 },
    "faces": {
        "down":  { "uv": [ 0, 0, 16, 16 ], "texture": "#anvil_base" },
        "up":    { "uv": [ 0, 0, 16, 16 ], "texture": "#anvil_base" },
        "north": { "uv": [ 0, 0, 16, 16 ], "texture": "#anvil_base" },
        "south": { "uv": [ 0, 0, 16, 16 ], "texture": "#anvil_base" },
        "west":  { "uv": [ 0, 0, 16, 16 ], "texture": "#anvil_base" },
        "east":  { "uv": [ 0, 0, 16, 16 ], "texture": "#anvil_base" }
    }
},
{
    "__comment": "stoel*",
    "from": [ 29.7, -1.4, 8 ],
    "to": [ 30.4, 0, 10.1 ],
    "rotation": { "origin": [ 29.7, 0, 8 ], "axis": "x", "angle": -45 },
    "faces": {
        "down":  { "uv": [ 0, 0, 16, 16 ], "texture": "#anvil_base" },
        "up":    { "uv": [ 0, 0, 16, 16 ], "texture": "#anvil_base" },
        "north": { "uv": [ 0, 0, 16, 16 ], "texture": "#anvil_base" },
        "south": { "uv": [ 0, 0, 16, 16 ], "texture": "#anvil_base" },
        "west":  { "uv": [ 0, 0, 16, 16 ], "texture": "#anvil_base" },
        "east":  { "uv": [ 0, 0, 16, 16 ], "texture": "#anvil_base" }
    }
},
{
    "__comment": "stoel*",
    "from": [ 16.75, -1.4, 5.9 ],
    "to": [ 22.35, -0.7, 9.4 ],
    "faces": {
        "down":  { "uv": [ 0, 0, 16, 16 ], "texture": "#anvil_base" },
        "up":    { "uv": [ 0, 0, 16, 16 ], "texture": "#anvil_base" },
        "north": { "uv": [ 0, 0, 16, 16 ], "texture": "#anvil_base" },
        "south": { "uv": [ 0, 0, 16, 16 ], "texture": "#anvil_base" },
        "west":  { "uv": [ 0, 0, 16, 16 ], "texture": "#anvil_base" },
        "east":  { "uv": [ 0, 0, 16, 16 ], "texture": "#anvil_base" }
    }
},
{
    "__comment": "stoel*",
    "from": [ 24.45, -1.05, 9.96875 ],
    "to": [ 30.05, 0.35, 10.6687 ],
    "rotation": { "origin": [ 24.45, 0.35, 9.96875 ], "axis": "x", "angle": 45 },
    "faces": {
        "down":  { "uv": [ 0, 0, 16, 16 ], "texture": "#anvil_base" },
        "up":    { "uv": [ 0, 0, 16, 16 ], "texture": "#anvil_base" },
        "north": { "uv": [ 0, 0, 16, 16 ], "texture": "#anvil_base" },
        "south": { "uv": [ 0, 0, 16, 16 ], "texture": "#anvil_base" },
        "west":  { "uv": [ 0, 0, 16, 16 ], "texture": "#anvil_base" },
        "east":  { "uv": [ 0, 0, 16, 16 ], "texture": "#anvil_base" }
    }
},
{
    "__comment": "stoel*",
    "from": [ 24.45, -0.35, 10.45 ],
    "to": [ 30.05, 1.4, 11.15 ],
    "rotation": { "origin": [ 24.45, 1.4, 10.45 ], "axis": "x", "angle": 22.5 },
    "faces": {
        "down":  { "uv": [ 0, 0, 16, 16 ], "texture": "#anvil_base" },
        "up":    { "uv": [ 0, 0, 16, 16 ], "texture": "#anvil_base" },
        "north": { "uv": [ 0, 0, 16, 16 ], "texture": "#anvil_base" },
        "south": { "uv": [ 0, 0, 16, 16 ], "texture": "#anvil_base" },
        "west":  { "uv": [ 0, 0, 16, 16 ], "texture": "#anvil_base" },
        "east":  { "uv": [ 0, 0, 16, 16 ], "texture": "#anvil_base" }
    }
},
{
    "__comment": "stoel*",
    "from": [ 24.45, 1.05, 10.45 ],
    "to": [ 30.05, 4.9, 11.15 ],
    "faces": {
        "down":  { "uv": [ 0, 0, 16, 16 ], "texture": "#anvil_base" },
        "up":    { "uv": [ 0, 0, 16, 16 ], "texture": "#anvil_base" },
        "north": { "uv": [ 0, 0, 16, 16 ], "texture": "#anvil_base" },
        "south": { "uv": [ 0, 0, 16, 16 ], "texture": "#anvil_base" },
        "west":  { "uv": [ 0, 0, 16, 16 ], "texture": "#anvil_base" },
        "east":  { "uv": [ 0, 0, 16, 16 ], "texture": "#anvil_base" }
    }
},
{
    "__comment": "stoel*",
    "from": [ 25.15, 4.2, 10.45 ],
    "to": [ 29.35, 7.35, 11.15 ],
    "faces": {
        "down":  { "uv": [ 0, 0, 16, 16 ], "texture": "#anvil_base" },
        "up":    { "uv": [ 0, 0, 16, 16 ], "texture": "#anvil_base" },
        "north": { "uv": [ 0, 0, 16, 16 ], "texture": "#anvil_base" },
        "south": { "uv": [ 0, 0, 16, 16 ], "texture": "#anvil_base" },
        "west":  { "uv": [ 0, 0, 16, 16 ], "texture": "#anvil_base" },
        "east":  { "uv": [ 0, 0, 16, 16 ], "texture": "#anvil_base" }
    }
},
{
    "__comment": "stoel*",
    "from": [ 25.5, 4.55, 10.45 ],
    "to": [ 26.2, 7.35, 11.15 ],
    "rotation": { "origin": [ 25.5, 7.35, 10.45 ], "axis": "z", "angle": -22.5 },
    "faces": {
        "down":  { "uv": [ 0, 0, 16, 16 ], "texture": "#anvil_base" },
        "up":    { "uv": [ 0, 0, 16, 16 ], "texture": "#anvil_base" },
        "north": { "uv": [ 0, 0, 16, 16 ], "texture": "#anvil_base" },
        "south": { "uv": [ 0, 0, 16, 16 ], "texture": "#anvil_base" },
        "west":  { "uv": [ 0, 0, 16, 16 ], "texture": "#anvil_base" },
        "east":  { "uv": [ 0, 0, 16, 16 ], "texture": "#anvil_base" }
    }
},
{
    "__comment": "stoel*",
    "from": [ 28.3, 4.2, 10.45 ],
    "to": [ 29, 7, 11.15 ],
    "rotation": { "origin": [ 28.3, 7, 10.45 ], "axis": "z", "angle": 22.5 },
    "faces": {
        "down":  { "uv": [ 0, 0, 16, 16 ], "texture": "#anvil_base" },
        "up":    { "uv": [ 0, 0, 16, 16 ], "texture": "#anvil_base" },
        "north": { "uv": [ 0, 0, 16, 16 ], "texture": "#anvil_base" },
        "south": { "uv": [ 0, 0, 16, 16 ], "texture": "#anvil_base" },
        "west":  { "uv": [ 0, 0, 16, 16 ], "texture": "#anvil_base" },
        "east":  { "uv": [ 0, 0, 16, 16 ], "texture": "#anvil_base" }
    }
},
{
    "__comment": "stoel*",
    "from": [ 25.85, 7.7, 10.1 ],
    "to": [ 28.65, 10.85, 10.8 ],
    "faces": {
        "down":  { "uv": [ 0, 0, 16, 16 ], "texture": "#anvil_base" },
        "up":    { "uv": [ 0, 0, 16, 16 ], "texture": "#anvil_base" },
        "north": { "uv": [ 0, 0, 16, 16 ], "texture": "#anvil_base" },
        "south": { "uv": [ 0, 0, 16, 16 ], "texture": "#anvil_base" },
        "west":  { "uv": [ 0, 0, 16, 16 ], "texture": "#anvil_base" },
        "east":  { "uv": [ 0, 0, 16, 16 ], "texture": "#anvil_base" }
    }
},
{
    "__comment": "stoel*",
    "from": [ -5.65, 4.2, 10.45 ],
    "to": [ -1.45, 7.35, 11.15 ],
    "faces": {
        "down":  { "uv": [ 0, 0, 16, 16 ], "texture": "#anvil_base" },
        "up":    { "uv": [ 0, 0, 16, 16 ], "texture": "#anvil_base" },
        "north": { "uv": [ 0, 0, 16, 16 ], "texture": "#anvil_base" },
        "south": { "uv": [ 0, 0, 16, 16 ], "texture": "#anvil_base" },
        "west":  { "uv": [ 0, 0, 16, 16 ], "texture": "#anvil_base" },
        "east":  { "uv": [ 0, 0, 16, 16 ], "texture": "#anvil_base" }
    }
},
{
    "__comment": "stoel*",
    "from": [ 25.85, 7, 10.1 ],
    "to": [ 28.65, 7.7, 10.8 ],
    "rotation": { "origin": [ 25.85, 7.7, 10.1 ], "axis": "x", "angle": -22.5 },
    "faces": {
        "down":  { "uv": [ 0, 0, 16, 16 ], "texture": "#anvil_base" },
        "up":    { "uv": [ 0, 0, 16, 16 ], "texture": "#anvil_base" },
        "north": { "uv": [ 0, 0, 16, 16 ], "texture": "#anvil_base" },
        "south": { "uv": [ 0, 0, 16, 16 ], "texture": "#anvil_base" },
        "west":  { "uv": [ 0, 0, 16, 16 ], "texture": "#anvil_base" },
        "east":  { "uv": [ 0, 0, 16, 16 ], "texture": "#anvil_base" }
    }
},
{
    "__comment": "stoel*",
    "from": [ 27.6, -1.6625, 5.24375 ],
    "to": [ 30.05, -0.9625, 5.94375 ],
    "rotation": { "origin": [ 27.6, -0.9625, 5.24375 ], "axis": "x", "angle": -22.5 },
    "faces": {
        "down":  { "uv": [ 0, 0, 16, 16 ], "texture": "#anvil_base" },
        "up":    { "uv": [ 0, 0, 16, 16 ], "texture": "#anvil_base" },
        "north": { "uv": [ 0, 0, 16, 16 ], "texture": "#anvil_base" },
        "south": { "uv": [ 0, 0, 16, 16 ], "texture": "#anvil_base" },
        "west":  { "uv": [ 0, 0, 16, 16 ], "texture": "#anvil_base" },
        "east":  { "uv": [ 0, 0, 16, 16 ], "texture": "#anvil_base" }
    }
},
{
    "__comment": "stoel*",
    "from": [ 24.45, -1.6625, 5.2875 ],
    "to": [ 26.9, -0.9625, 5.9875 ],
    "rotation": { "origin": [ 24.45, -0.9625, 5.2875 ], "axis": "x", "angle": -22.5 },
    "faces": {
        "down":  { "uv": [ 0, 0, 16, 16 ], "texture": "#anvil_base" },
        "up":    { "uv": [ 0, 0, 16, 16 ], "texture": "#anvil_base" },
        "north": { "uv": [ 0, 0, 16, 16 ], "texture": "#anvil_base" },
        "south": { "uv": [ 0, 0, 16, 16 ], "texture": "#anvil_base" },
        "west":  { "uv": [ 0, 0, 16, 16 ], "texture": "#anvil_base" },
        "east":  { "uv": [ 0, 0, 16, 16 ], "texture": "#anvil_base" }
    }
},
{
    "__comment": "stoel*",
    "from": [ 26.9, -1.00625, 6.3375 ],
    "to": [ 27.6, -0.30625, 7.3875 ],
    "rotation": { "origin": [ 26.9, -0.30625, 6.3375 ], "axis": "x", "angle": 22.5 },
    "faces": {
        "down":  { "uv": [ 0, 0, 16, 16 ], "texture": "#anvil_base" },
        "up":    { "uv": [ 0, 0, 16, 16 ], "texture": "#anvil_base" },
        "north": { "uv": [ 0, 0, 16, 16 ], "texture": "#anvil_base" },
        "south": { "uv": [ 0, 0, 16, 16 ], "texture": "#anvil_base" },
        "west":  { "uv": [ 0, 0, 16, 16 ], "texture": "#anvil_base" },
        "east":  { "uv": [ 0, 0, 16, 16 ], "texture": "#anvil_base" }
    }
},
{
    "__comment": "Stoel frame*",
    "from": [ 26.2, 6.3, 11.15 ],
    "to": [ 28.3, 7.35, 11.5 ],
    "faces": {
        "down":  { "uv": [ 16, 13, 10.5, 12.5 ], "texture": "#stone_slab_top" },
        "up":    { "uv": [ 0, 12.5, 5.5, 13 ], "texture": "#stone_slab_top" },
        "north": { "uv": [ 10.5, 0, 16, 0 ], "texture": "#stone_slab_top" },
        "south": { "uv": [ 0, 0, 5.5, 0 ], "texture": "#stone_slab_top" },
        "west":  { "uv": [ 12.5, 0, 13, 0 ], "texture": "#stone_slab_top" },
        "east":  { "uv": [ 3, 0, 3.5, 0 ], "texture": "#stone_slab_top" }
    }
},
{
    "__comment": "Stoel frame*",
    "from": [ 24.8, -2.1, 6.95 ],
    "to": [ 29.7, -1.4, 9.4 ],
    "faces": {
        "down":  { "uv": [ 6, 10, 0, 6.5 ], "texture": "#stone_slab_top" },
        "up":    { "uv": [ 10, 6.5, 16, 10 ], "texture": "#stone_slab_top" },
        "north": { "uv": [ 0, 8, 6, 9 ], "texture": "#stone_slab_top" },
        "south": { "uv": [ 10, 8, 16, 9 ], "texture": "#stone_slab_top" },
        "west":  { "uv": [ 6.5, 8, 10, 9 ], "texture": "#stone_slab_top" },
        "east":  { "uv": [ 6, 8, 9.5, 9 ], "texture": "#stone_slab_top" }
    }
},
{
    "__comment": "stoel*",
    "from": [ -13.35, 4.2, 10.45 ],
    "to": [ -9.15, 7.35, 11.15 ],
    "faces": {
        "down":  { "uv": [ 0, 0, 16, 16 ], "texture": "#anvil_base" },
        "up":    { "uv": [ 0, 0, 16, 16 ], "texture": "#anvil_base" },
        "north": { "uv": [ 0, 0, 16, 16 ], "texture": "#anvil_base" },
        "south": { "uv": [ 0, 0, 16, 16 ], "texture": "#anvil_base" },
        "west":  { "uv": [ 0, 0, 16, 16 ], "texture": "#anvil_base" },
        "east":  { "uv": [ 0, 0, 16, 16 ], "texture": "#anvil_base" }
    }
},
{
    "__comment": "stoel*",
    "from": [ -5.3, 4.55, 10.45 ],
    "to": [ -4.6, 7.35, 11.15 ],
    "rotation": { "origin": [ -5.3, 7.35, 10.45 ], "axis": "z", "angle": -22.5 },
    "faces": {
        "down":  { "uv": [ 0, 0, 16, 16 ], "texture": "#anvil_base" },
        "up":    { "uv": [ 0, 0, 16, 16 ], "texture": "#anvil_base" },
        "north": { "uv": [ 0, 0, 16, 16 ], "texture": "#anvil_base" },
        "south": { "uv": [ 0, 0, 16, 16 ], "texture": "#anvil_base" },
        "west":  { "uv": [ 0, 0, 16, 16 ], "texture": "#anvil_base" },
        "east":  { "uv": [ 0, 0, 16, 16 ], "texture": "#anvil_base" }
    }
},
{
    "__comment": "stoel*",
    "from": [ -13, 4.55, 10.45 ],
    "to": [ -12.3, 7.35, 11.15 ],
    "rotation": { "origin": [ -13, 7.35, 10.45 ], "axis": "z", "angle": -22.5 },
    "faces": {
        "down":  { "uv": [ 0, 0, 16, 16 ], "texture": "#anvil_base" },
        "up":    { "uv": [ 0, 0, 16, 16 ], "texture": "#anvil_base" },
        "north": { "uv": [ 0, 0, 16, 16 ], "texture": "#anvil_base" },
        "south": { "uv": [ 0, 0, 16, 16 ], "texture": "#anvil_base" },
        "west":  { "uv": [ 0, 0, 16, 16 ], "texture": "#anvil_base" },
        "east":  { "uv": [ 0, 0, 16, 16 ], "texture": "#anvil_base" }
    }
},
{
    "__comment": "stoel*",
    "from": [ -10.1563, 4.2875, 10.45 ],
    "to": [ -9.45625, 7.0875, 11.15 ],
    "rotation": { "origin": [ -10.1563, 7.0875, 10.45 ], "axis": "z", "angle": 22.5 },
    "faces": {
        "down":  { "uv": [ 0, 0, 16, 16 ], "texture": "#anvil_base" },
        "up":    { "uv": [ 0, 0, 16, 16 ], "texture": "#anvil_base" },
        "north": { "uv": [ 0, 0, 16, 16 ], "texture": "#anvil_base" },
        "south": { "uv": [ 0, 0, 16, 16 ], "texture": "#anvil_base" },
        "west":  { "uv": [ 0, 0, 16, 16 ], "texture": "#anvil_base" },
        "east":  { "uv": [ 0, 0, 16, 16 ], "texture": "#anvil_base" }
    }
},
{
    "__comment": "stoel*",
    "from": [ -2.45625, 4.2875, 10.45 ],
    "to": [ -1.75625, 7.0875, 11.15 ],
    "rotation": { "origin": [ -2.45625, 7.0875, 10.45 ], "axis": "z", "angle": 22.5 },
    "faces": {
        "down":  { "uv": [ 0, 0, 16, 16 ], "texture": "#anvil_base" },
        "up":    { "uv": [ 0, 0, 16, 16 ], "texture": "#anvil_base" },
        "north": { "uv": [ 0, 0, 16, 16 ], "texture": "#anvil_base" },
        "south": { "uv": [ 0, 0, 16, 16 ], "texture": "#anvil_base" },
        "west":  { "uv": [ 0, 0, 16, 16 ], "texture": "#anvil_base" },
        "east":  { "uv": [ 0, 0, 16, 16 ], "texture": "#anvil_base" }
    }
},
{
    "__comment": "stoel*",
    "from": [ -14.05, 1.05, 10.45 ],
    "to": [ -8.45, 4.9, 11.15 ],
    "faces": {
        "down":  { "uv": [ 0, 0, 16, 16 ], "texture": "#anvil_base" },
        "up":    { "uv": [ 0, 0, 16, 16 ], "texture": "#anvil_base" },
        "north": { "uv": [ 0, 0, 16, 16 ], "texture": "#anvil_base" },
        "south": { "uv": [ 0, 0, 16, 16 ], "texture": "#anvil_base" },
        "west":  { "uv": [ 0, 0, 16, 16 ], "texture": "#anvil_base" },
        "east":  { "uv": [ 0, 0, 16, 16 ], "texture": "#anvil_base" }
    }
},
{
    "__comment": "stoel*",
    "from": [ -6.35, 1.05, 10.45 ],
    "to": [ -0.75, 4.9, 11.15 ],
    "faces": {
        "down":  { "uv": [ 0, 0, 16, 16 ], "texture": "#anvil_base" },
        "up":    { "uv": [ 0, 0, 16, 16 ], "texture": "#anvil_base" },
        "north": { "uv": [ 0, 0, 16, 16 ], "texture": "#anvil_base" },
        "south": { "uv": [ 0, 0, 16, 16 ], "texture": "#anvil_base" },
        "west":  { "uv": [ 0, 0, 16, 16 ], "texture": "#anvil_base" },
        "east":  { "uv": [ 0, 0, 16, 16 ], "texture": "#anvil_base" }
    }
},
{
    "__comment": "stoel*",
    "from": [ -6.35, -0.35, 10.45 ],
    "to": [ -0.75, 1.4, 11.15 ],
    "rotation": { "origin": [ -6.35, 1.4, 10.45 ], "axis": "x", "angle": 22.5 },
    "faces": {
        "down":  { "uv": [ 0, 0, 16, 16 ], "texture": "#anvil_base" },
        "up":    { "uv": [ 0, 0, 16, 16 ], "texture": "#anvil_base" },
        "north": { "uv": [ 0, 0, 16, 16 ], "texture": "#anvil_base" },
        "south": { "uv": [ 0, 0, 16, 16 ], "texture": "#anvil_base" },
        "west":  { "uv": [ 0, 0, 16, 16 ], "texture": "#anvil_base" },
        "east":  { "uv": [ 0, 0, 16, 16 ], "texture": "#anvil_base" }
    }
},
{
    "__comment": "stoel*",
    "from": [ -1.1, -1.4, 8 ],
    "to": [ -0.4, 0, 10.1 ],
    "rotation": { "origin": [ -1.1, 0, 8 ], "axis": "x", "angle": -45 },
    "faces": {
        "down":  { "uv": [ 0, 0, 16, 16 ], "texture": "#anvil_base" },
        "up":    { "uv": [ 0, 0, 16, 16 ], "texture": "#anvil_base" },
        "north": { "uv": [ 0, 0, 16, 16 ], "texture": "#anvil_base" },
        "south": { "uv": [ 0, 0, 16, 16 ], "texture": "#anvil_base" },
        "west":  { "uv": [ 0, 0, 16, 16 ], "texture": "#anvil_base" },
        "east":  { "uv": [ 0, 0, 16, 16 ], "texture": "#anvil_base" }
    }
},
{
    "__comment": "stoel*",
    "from": [ -6.7, -1.4, 8 ],
    "to": [ -6, 0, 10.1 ],
    "rotation": { "origin": [ -6.7, 0, 8 ], "axis": "x", "angle": -45 },
    "faces": {
        "down":  { "uv": [ 0, 0, 16, 16 ], "texture": "#anvil_base" },
        "up":    { "uv": [ 0, 0, 16, 16 ], "texture": "#anvil_base" },
        "north": { "uv": [ 0, 0, 16, 16 ], "texture": "#anvil_base" },
        "south": { "uv": [ 0, 0, 16, 16 ], "texture": "#anvil_base" },
        "west":  { "uv": [ 0, 0, 16, 16 ], "texture": "#anvil_base" },
        "east":  { "uv": [ 0, 0, 16, 16 ], "texture": "#anvil_base" }
    }
},
{
    "__comment": "stoel*",
    "from": [ -8.8, -1.4, 8 ],
    "to": [ -8.1, 0, 10.1 ],
    "rotation": { "origin": [ -8.8, 0, 8 ], "axis": "x", "angle": -45 },
    "faces": {
        "down":  { "uv": [ 0, 0, 16, 16 ], "texture": "#anvil_base" },
        "up":    { "uv": [ 0, 0, 16, 16 ], "texture": "#anvil_base" },
        "north": { "uv": [ 0, 0, 16, 16 ], "texture": "#anvil_base" },
        "south": { "uv": [ 0, 0, 16, 16 ], "texture": "#anvil_base" },
        "west":  { "uv": [ 0, 0, 16, 16 ], "texture": "#anvil_base" },
        "east":  { "uv": [ 0, 0, 16, 16 ], "texture": "#anvil_base" }
    }
},
{
    "__comment": "stoel*",
    "from": [ -14.4, -1.4, 8 ],
    "to": [ -13.7, 0, 10.1 ],
    "rotation": { "origin": [ -14.4, 0, 8 ], "axis": "x", "angle": -45 },
    "faces": {
        "down":  { "uv": [ 0, 0, 16, 16 ], "texture": "#anvil_base" },
        "up":    { "uv": [ 0, 0, 16, 16 ], "texture": "#anvil_base" },
        "north": { "uv": [ 0, 0, 16, 16 ], "texture": "#anvil_base" },
        "south": { "uv": [ 0, 0, 16, 16 ], "texture": "#anvil_base" },
        "west":  { "uv": [ 0, 0, 16, 16 ], "texture": "#anvil_base" },
        "east":  { "uv": [ 0, 0, 16, 16 ], "texture": "#anvil_base" }
    }
},
{
    "__comment": "stoel*",
    "from": [ -14.05, -0.35, 10.45 ],
    "to": [ -8.45, 1.4, 11.15 ],
    "rotation": { "origin": [ -14.05, 1.4, 10.45 ], "axis": "x", "angle": 22.5 },
    "faces": {
        "down":  { "uv": [ 0, 0, 16, 16 ], "texture": "#anvil_base" },
        "up":    { "uv": [ 0, 0, 16, 16 ], "texture": "#anvil_base" },
        "north": { "uv": [ 0, 0, 16, 16 ], "texture": "#anvil_base" },
        "south": { "uv": [ 0, 0, 16, 16 ], "texture": "#anvil_base" },
        "west":  { "uv": [ 0, 0, 16, 16 ], "texture": "#anvil_base" },
        "east":  { "uv": [ 0, 0, 16, 16 ], "texture": "#anvil_base" }
    }
},
{
    "__comment": "stoel*",
    "from": [ -6.35, -1.4, 5.9 ],
    "to": [ -0.75, -0.7, 9.4 ],
    "faces": {
        "down":  { "uv": [ 0, 0, 16, 16 ], "texture": "#anvil_base" },
        "up":    { "uv": [ 0, 0, 16, 16 ], "texture": "#anvil_base" },
        "north": { "uv": [ 0, 0, 16, 16 ], "texture": "#anvil_base" },
        "south": { "uv": [ 0, 0, 16, 16 ], "texture": "#anvil_base" },
        "west":  { "uv": [ 0, 0, 16, 16 ], "texture": "#anvil_base" },
        "east":  { "uv": [ 0, 0, 16, 16 ], "texture": "#anvil_base" }
    }
},
{
    "__comment": "stoel*",
    "from": [ -14.05, -1.4, 5.9 ],
    "to": [ -8.45, -0.7, 9.4 ],
    "faces": {
        "down":  { "uv": [ 0, 0, 16, 16 ], "texture": "#anvil_base" },
        "up":    { "uv": [ 0, 0, 16, 16 ], "texture": "#anvil_base" },
        "north": { "uv": [ 0, 0, 16, 16 ], "texture": "#anvil_base" },
        "south": { "uv": [ 0, 0, 16, 16 ], "texture": "#anvil_base" },
        "west":  { "uv": [ 0, 0, 16, 16 ], "texture": "#anvil_base" },
        "east":  { "uv": [ 0, 0, 16, 16 ], "texture": "#anvil_base" }
    }
},
{
    "__comment": "stoel*",
    "from": [ -6.35, -1.4, 9.96875 ],
    "to": [ -0.75, 0, 10.6687 ],
    "rotation": { "origin": [ -6.35, 0, 9.96875 ], "axis": "x", "angle": 45 },
    "faces": {
        "down":  { "uv": [ 0, 0, 16, 16 ], "texture": "#anvil_base" },
        "up":    { "uv": [ 0, 0, 16, 16 ], "texture": "#anvil_base" },
        "north": { "uv": [ 0, 0, 16, 16 ], "texture": "#anvil_base" },
        "south": { "uv": [ 0, 0, 16, 16 ], "texture": "#anvil_base" },
        "west":  { "uv": [ 0, 0, 16, 16 ], "texture": "#anvil_base" },
        "east":  { "uv": [ 0, 0, 16, 16 ], "texture": "#anvil_base" }
    }
},
{
    "__comment": "stoel*",
    "from": [ -14.05, -1.4, 9.96875 ],
    "to": [ -8.45, 0, 10.6687 ],
    "rotation": { "origin": [ -14.05, 0, 9.96875 ], "axis": "x", "angle": 45 },
    "faces": {
        "down":  { "uv": [ 0, 0, 16, 16 ], "texture": "#anvil_base" },
        "up":    { "uv": [ 0, 0, 16, 16 ], "texture": "#anvil_base" },
        "north": { "uv": [ 0, 0, 16, 16 ], "texture": "#anvil_base" },
        "south": { "uv": [ 0, 0, 16, 16 ], "texture": "#anvil_base" },
        "west":  { "uv": [ 0, 0, 16, 16 ], "texture": "#anvil_base" },
        "east":  { "uv": [ 0, 0, 16, 16 ], "texture": "#anvil_base" }
    }
},
{
    "__comment": "Stoel frame*",
    "from": [ -6, -2.1, 6.95 ],
    "to": [ -1.1, -1.4, 9.4 ],
    "faces": {
        "down":  { "uv": [ 16, 10, 10, 6.5 ], "texture": "#stone_slab_top" },
        "up":    { "uv": [ 0, 6.5, 6, 10 ], "texture": "#stone_slab_top" },
        "north": { "uv": [ 10, 8, 16, 9 ], "texture": "#stone_slab_top" },
        "south": { "uv": [ 0, 8, 6, 9 ], "texture": "#stone_slab_top" },
        "west":  { "uv": [ 6.5, 8, 10, 9 ], "texture": "#stone_slab_top" },
        "east":  { "uv": [ 6, 8, 9.5, 9 ], "texture": "#stone_slab_top" }
    }
},
{
    "__comment": "Stoel frame*",
    "from": [ -13.7, -2.1, 6.95 ],
    "to": [ -8.8, -1.4, 9.4 ],
    "faces": {
        "down":  { "uv": [ 16, 10, 10, 6.5 ], "texture": "#stone_slab_top" },
        "up":    { "uv": [ 0, 6.5, 6, 10 ], "texture": "#stone_slab_top" },
        "north": { "uv": [ 10, 8, 16, 9 ], "texture": "#stone_slab_top" },
        "south": { "uv": [ 0, 8, 6, 9 ], "texture": "#stone_slab_top" },
        "west":  { "uv": [ 6.5, 8, 10, 9 ], "texture": "#stone_slab_top" },
        "east":  { "uv": [ 6, 8, 9.5, 9 ], "texture": "#stone_slab_top" }
    }
},
{
    "__comment": "Stoel frame*",
    "from": [ -13.7, -0.35, 10.8 ],
    "to": [ 29.7, 11.2, 12.2 ],
    "faces": {
        "down":  { "uv": [ 14.5, 13, 12.5, 12 ], "texture": "#stone_slab_top" },
        "up":    { "uv": [ 1.5, 12, 3.5, 13 ], "texture": "#stone_slab_top" },
        "north": { "uv": [ 12.5, 0, 14.5, 6 ], "texture": "#stone_slab_top" },
        "south": { "uv": [ 1.5, 0, 3.5, 6 ], "texture": "#stone_slab_top" },
        "west":  { "uv": [ 12, 0, 13, 6 ], "texture": "#stone_slab_top" },
        "east":  { "uv": [ 3, 0, 4, 6 ], "texture": "#stone_slab_top" }
    }
},
{
    "__comment": "Stoel frame*",
    "from": [ -13.7, -3.325, 10.975 ],
    "to": [ 29.7, 0.875, 12.725 ],
    "rotation": { "origin": [ -13.7, 0.875, 10.975 ], "axis": "x", "angle": 45 },
    "faces": {
        "down":  { "uv": [ 14.5, 13, 12.5, 12 ], "texture": "#stone_slab_top" },
        "up":    { "uv": [ 1.5, 12, 3.5, 13 ], "texture": "#stone_slab_top" },
        "north": { "uv": [ 12.5, 5.5, 14.5, 9.5 ], "texture": "#stone_slab_top" },
        "south": { "uv": [ 1.5, 5.5, 3.5, 9.5 ], "texture": "#stone_slab_top" },
        "west":  { "uv": [ 12, 5.5, 13, 9.5 ], "texture": "#stone_slab_top" },
        "east":  { "uv": [ 3, 5.5, 4, 9.5 ], "texture": "#stone_slab_top" }
    }
},
{
    "__comment": "Stoel frame*",
    "from": [ -13.7, -3.5, 8.7 ],
    "to": [ 29.7, -1.05, 10.1 ],
    "rotation": { "origin": [ -13.7, -1.05, 8.7 ], "axis": "x", "angle": 22.5 },
    "faces": {
        "down":  { "uv": [ 14.5, 9, 12.5, 7 ], "texture": "#stone_slab_top" },
        "up":    { "uv": [ 1.5, 7, 3.5, 9 ], "texture": "#stone_slab_top" },
        "north": { "uv": [ 12.5, 8, 14.5, 11.5 ], "texture": "#stone_slab_top" },
        "south": { "uv": [ 1.5, 8, 3.5, 11.5 ], "texture": "#stone_slab_top" },
        "west":  { "uv": [ 7, 8, 9, 11.5 ], "texture": "#stone_slab_top" },
        "east":  { "uv": [ 7, 8, 9, 11.5 ], "texture": "#stone_slab_top" }
    }
},
{
    "__comment": "Stoel frame*",
    "from": [ -13.7, -3.85, 6.95 ],
    "to": [ 29.7, -1.75, 9.05 ],
    "faces": {
        "down":  { "uv": [ 14.5, 9, 12.5, 7 ], "texture": "#stone_slab_top" },
        "up":    { "uv": [ 1.5, 7, 3.5, 9 ], "texture": "#stone_slab_top" },
        "north": { "uv": [ 12.5, 8, 14.5, 11.5 ], "texture": "#stone_slab_top" },
        "south": { "uv": [ 1.5, 8, 3.5, 11.5 ], "texture": "#stone_slab_top" },
        "west":  { "uv": [ 7, 8, 9, 11.5 ], "texture": "#stone_slab_top" },
        "east":  { "uv": [ 7, 8, 9, 11.5 ], "texture": "#stone_slab_top" }
    }
},
{
    "__comment": "Stoel frame*",
    "from": [ -13.7, -3.85, 5.9 ],
    "to": [ 29.7, -1.4, 7.3 ],
    "rotation": { "origin": [ -13.7, -1.4, 5.9 ], "axis": "x", "angle": -22.5 },
    "faces": {
        "down":  { "uv": [ 14.5, 9, 12.5, 7 ], "texture": "#stone_slab_top" },
        "up":    { "uv": [ 1.5, 7, 3.5, 9 ], "texture": "#stone_slab_top" },
        "north": { "uv": [ 12.5, 8, 14.5, 11.5 ], "texture": "#stone_slab_top" },
        "south": { "uv": [ 1.5, 8, 3.5, 11.5 ], "texture": "#stone_slab_top" },
        "west":  { "uv": [ 7, 8, 9, 11.5 ], "texture": "#stone_slab_top" },
        "east":  { "uv": [ 7, 8, 9, 11.5 ], "texture": "#stone_slab_top" }
    }
},
{
    "__comment": "stoel*",
    "from": [ -4.95, 7.7, 10.1 ],
    "to": [ -2.15, 10.85, 10.8 ],
    "faces": {
        "down":  { "uv": [ 0, 0, 16, 16 ], "texture": "#anvil_base" },
        "up":    { "uv": [ 0, 0, 16, 16 ], "texture": "#anvil_base" },
        "north": { "uv": [ 0, 0, 16, 16 ], "texture": "#anvil_base" },
        "south": { "uv": [ 0, 0, 16, 16 ], "texture": "#anvil_base" },
        "west":  { "uv": [ 0, 0, 16, 16 ], "texture": "#anvil_base" },
        "east":  { "uv": [ 0, 0, 16, 16 ], "texture": "#anvil_base" }
    }
},
{
    "__comment": "stoel*",
    "from": [ -12.65, 7.7, 10.1 ],
    "to": [ -9.85, 10.85, 10.8 ],
    "faces": {
        "down":  { "uv": [ 0, 0, 16, 16 ], "texture": "#anvil_base" },
        "up":    { "uv": [ 0, 0, 16, 16 ], "texture": "#anvil_base" },
        "north": { "uv": [ 0, 0, 16, 16 ], "texture": "#anvil_base" },
        "south": { "uv": [ 0, 0, 16, 16 ], "texture": "#anvil_base" },
        "west":  { "uv": [ 0, 0, 16, 16 ], "texture": "#anvil_base" },
        "east":  { "uv": [ 0, 0, 16, 16 ], "texture": "#anvil_base" }
    }
},
{
    "__comment": "stoel*",
    "from": [ -4.95, 7, 10.1 ],
    "to": [ -2.15, 7.7, 10.8 ],
    "rotation": { "origin": [ -4.95, 7.7, 10.1 ], "axis": "x", "angle": -22.5 },
    "faces": {
        "down":  { "uv": [ 0, 0, 16, 16 ], "texture": "#anvil_base" },
        "up":    { "uv": [ 0, 0, 16, 16 ], "texture": "#anvil_base" },
        "north": { "uv": [ 0, 0, 16, 16 ], "texture": "#anvil_base" },
        "south": { "uv": [ 0, 0, 16, 16 ], "texture": "#anvil_base" },
        "west":  { "uv": [ 0, 0, 16, 16 ], "texture": "#anvil_base" },
        "east":  { "uv": [ 0, 0, 16, 16 ], "texture": "#anvil_base" }
    }
},
{
    "__comment": "stoel*",
    "from": [ -12.65, 7, 10.1 ],
    "to": [ -9.85, 7.7, 10.8 ],
    "rotation": { "origin": [ -12.65, 7.7, 10.1 ], "axis": "x", "angle": -22.5 },
    "faces": {
        "down":  { "uv": [ 0, 0, 16, 16 ], "texture": "#anvil_base" },
        "up":    { "uv": [ 0, 0, 16, 16 ], "texture": "#anvil_base" },
        "north": { "uv": [ 0, 0, 16, 16 ], "texture": "#anvil_base" },
        "south": { "uv": [ 0, 0, 16, 16 ], "texture": "#anvil_base" },
        "west":  { "uv": [ 0, 0, 16, 16 ], "texture": "#anvil_base" },
        "east":  { "uv": [ 0, 0, 16, 16 ], "texture": "#anvil_base" }
    }
},
{
    "__comment": "Stoel frame*",
    "from": [ -4.6, 6.3, 11.15 ],
    "to": [ -2.5, 7.35, 11.5 ],
    "faces": {
        "down":  { "uv": [ 16, 13, 10.5, 12.5 ], "texture": "#stone_slab_top" },
        "up":    { "uv": [ 0, 12.5, 5.5, 13 ], "texture": "#stone_slab_top" },
        "north": { "uv": [ 10.5, 0, 16, 0 ], "texture": "#stone_slab_top" },
        "south": { "uv": [ 0, 0, 5.5, 0 ], "texture": "#stone_slab_top" },
        "west":  { "uv": [ 12.5, 0, 13, 0 ], "texture": "#stone_slab_top" },
        "east":  { "uv": [ 3, 0, 3.5, 0 ], "texture": "#stone_slab_top" }
    }
},
{
    "__comment": "Stoel frame*",
    "from": [ -12.3, 6.3, 11.15 ],
    "to": [ -10.2, 7.35, 11.5 ],
    "faces": {
        "down":  { "uv": [ 16, 13, 10.5, 12.5 ], "texture": "#stone_slab_top" },
        "up":    { "uv": [ 0, 12.5, 5.5, 13 ], "texture": "#stone_slab_top" },
        "north": { "uv": [ 10.5, 0, 16, 0 ], "texture": "#stone_slab_top" },
        "south": { "uv": [ 0, 0, 5.5, 0 ], "texture": "#stone_slab_top" },
        "west":  { "uv": [ 12.5, 0, 13, 0 ], "texture": "#stone_slab_top" },
        "east":  { "uv": [ 3, 0, 3.5, 0 ], "texture": "#stone_slab_top" }
    }
},
{
    "__comment": "stoel*",
    "from": [ -14.05, -1.6625, 5.24375 ],
    "to": [ -11.6, -0.9625, 5.94375 ],
    "rotation": { "origin": [ -14.05, -0.9625, 5.24375 ], "axis": "x", "angle": -22.5 },
    "faces": {
        "down":  { "uv": [ 0, 0, 16, 16 ], "texture": "#anvil_base" },
        "up":    { "uv": [ 0, 0, 16, 16 ], "texture": "#anvil_base" },
        "north": { "uv": [ 0, 0, 16, 16 ], "texture": "#anvil_base" },
        "south": { "uv": [ 0, 0, 16, 16 ], "texture": "#anvil_base" },
        "west":  { "uv": [ 0, 0, 16, 16 ], "texture": "#anvil_base" },
        "east":  { "uv": [ 0, 0, 16, 16 ], "texture": "#anvil_base" }
    }
},
{
    "__comment": "stoel*",
    "from": [ -10.9, -1.6625, 5.24375 ],
    "to": [ -8.45, -0.9625, 5.94375 ],
    "rotation": { "origin": [ -10.9, -0.9625, 5.24375 ], "axis": "x", "angle": -22.5 },
    "faces": {
        "down":  { "uv": [ 0, 0, 16, 16 ], "texture": "#anvil_base" },
        "up":    { "uv": [ 0, 0, 16, 16 ], "texture": "#anvil_base" },
        "north": { "uv": [ 0, 0, 16, 16 ], "texture": "#anvil_base" },
        "south": { "uv": [ 0, 0, 16, 16 ], "texture": "#anvil_base" },
        "west":  { "uv": [ 0, 0, 16, 16 ], "texture": "#anvil_base" },
        "east":  { "uv": [ 0, 0, 16, 16 ], "texture": "#anvil_base" }
    }
},
{
    "__comment": "stoel*",
    "from": [ -3.2, -1.6625, 5.24375 ],
    "to": [ -0.75, -0.9625, 5.94375 ],
    "rotation": { "origin": [ -3.2, -0.9625, 5.24375 ], "axis": "x", "angle": -22.5 },
    "faces": {
        "down":  { "uv": [ 0, 0, 16, 16 ], "texture": "#anvil_base" },
        "up":    { "uv": [ 0, 0, 16, 16 ], "texture": "#anvil_base" },
        "north": { "uv": [ 0, 0, 16, 16 ], "texture": "#anvil_base" },
        "south": { "uv": [ 0, 0, 16, 16 ], "texture": "#anvil_base" },
        "west":  { "uv": [ 0, 0, 16, 16 ], "texture": "#anvil_base" },
        "east":  { "uv": [ 0, 0, 16, 16 ], "texture": "#anvil_base" }
    }
},
{
    "__comment": "stoel*",
    "from": [ -6.35, -1.6625, 5.2875 ],
    "to": [ -3.9, -0.9625, 5.9875 ],
    "rotation": { "origin": [ -6.35, -0.9625, 5.2875 ], "axis": "x", "angle": -22.5 },
    "faces": {
        "down":  { "uv": [ 0, 0, 16, 16 ], "texture": "#anvil_base" },
        "up":    { "uv": [ 0, 0, 16, 16 ], "texture": "#anvil_base" },
        "north": { "uv": [ 0, 0, 16, 16 ], "texture": "#anvil_base" },
        "south": { "uv": [ 0, 0, 16, 16 ], "texture": "#anvil_base" },
        "west":  { "uv": [ 0, 0, 16, 16 ], "texture": "#anvil_base" },
        "east":  { "uv": [ 0, 0, 16, 16 ], "texture": "#anvil_base" }
    }
},
{
    "__comment": "stoel*",
    "from": [ -11.6, -1.05, 6.25 ],
    "to": [ -10.9, -0.35, 7.3 ],
    "rotation": { "origin": [ -11.6, -0.35, 6.25 ], "axis": "x", "angle": 22.5 },
    "faces": {
        "down":  { "uv": [ 0, 0, 16, 16 ], "texture": "#anvil_base" },
        "up":    { "uv": [ 0, 0, 16, 16 ], "texture": "#anvil_base" },
        "north": { "uv": [ 0, 0, 16, 16 ], "texture": "#anvil_base" },
        "south": { "uv": [ 0, 0, 16, 16 ], "texture": "#anvil_base" },
        "west":  { "uv": [ 0, 0, 16, 16 ], "texture": "#anvil_base" },
        "east":  { "uv": [ 0, 0, 16, 16 ], "texture": "#anvil_base" }
    }
},
{
    "__comment": "stoel*",
    "from": [ -3.9, -1.05, 6.25 ],
    "to": [ -3.2, -0.35, 7.3 ],
    "rotation": { "origin": [ -3.9, -0.35, 6.25 ], "axis": "x", "angle": 22.5 },
    "faces": {
        "down":  { "uv": [ 0, 0, 16, 16 ], "texture": "#anvil_base" },
        "up":    { "uv": [ 0, 0, 16, 16 ], "texture": "#anvil_base" },
        "north": { "uv": [ 0, 0, 16, 16 ], "texture": "#anvil_base" },
        "south": { "uv": [ 0, 0, 16, 16 ], "texture": "#anvil_base" },
        "west":  { "uv": [ 0, 0, 16, 16 ], "texture": "#anvil_base" },
        "east":  { "uv": [ 0, 0, 16, 16 ], "texture": "#anvil_base" }
    }
},
{
    "from": [ -14.05, 9.45, 10.0125 ],
    "to": [ 30.05, 11.55, 12.1125 ],
    "rotation": { "origin": [ -14.05, 11.55, 10.0125 ], "axis": "x", "angle": -45 },
    "faces": {
        "down":  { "uv": [ 16, 14.5, 0, 11.5 ], "texture": "#texture" },
        "up":    { "uv": [ 0, 11.5, 16, 14.5 ], "texture": "#texture" },
        "north": { "uv": [ 0, 0, 16, 0 ], "texture": "#texture" },
        "south": { "uv": [ 0, 0, 16, 0 ], "texture": "#texture" },
        "west":  { "uv": [ 11.5, 0, 14.5, 0 ], "texture": "#texture" },
        "east":  { "uv": [ 1.5, 0, 4.5, 0 ], "texture": "#texture" }
    }
},
{
    "from": [ -13.7, 12.95, 3.8 ],
    "to": [ 29.7, 14, 6.95 ],
    "faces": {
        "down":  { "uv": [ 16, 5.5, 16, 4.5 ], "texture": "#texture" },
        "up":    { "uv": [ 0, 4.5, 0, 5.5 ], "texture": "#texture" },
        "north": { "uv": [ 16, 0, 16, 0 ], "texture": "#texture" },
        "south": { "uv": [ 0, 0, 0, 0 ], "texture": "#texture" },
        "west":  { "uv": [ 4.5, 0, 5.5, 0 ], "texture": "#texture" },
        "east":  { "uv": [ 10.5, 0, 11.5, 0 ], "texture": "#texture" }
    }
},
{
    "from": [ -13.7, 12.95, 6.95 ],
    "to": [ 29.7, 14, 11.5 ],
    "rotation": { "origin": [ -13.7, 14, 6.95 ], "axis": "x", "angle": 22.5 },
    "faces": {
        "down":  { "uv": [ 16, 5.5, 16, 4.5 ], "texture": "#texture" },
        "up":    { "uv": [ 0, 4.5, 0, 5.5 ], "texture": "#texture" },
        "north": { "uv": [ 16, 0, 16, 0 ], "texture": "#texture" },
        "south": { "uv": [ 0, 0, 0, 0 ], "texture": "#texture" },
        "west":  { "uv": [ 4.5, 0, 5.5, 0 ], "texture": "#texture" },
        "east":  { "uv": [ 10.5, 0, 11.5, 0 ], "texture": "#texture" }
    }
},
{
    "from": [ -7.4, 4.9, 13.6 ],
    "to": [ -6, 12.6, 15 ],
    "faces": {
        "down":  { "uv": [ 0, 0, 16, 16 ], "texture": "#texture" },
        "up":    { "uv": [ 0, 0, 16, 16 ], "texture": "#texture" },
        "north": { "uv": [ 0, 0, 16, 16 ], "texture": "#texture" },
        "south": { "uv": [ 0, 0, 16, 16 ], "texture": "#texture" },
        "west":  { "uv": [ 0, 0, 16, 16 ], "texture": "#texture" },
        "east":  { "uv": [ 0, 0, 16, 16 ], "texture": "#texture" }
    }
},
{
    "from": [ 7.3, 4.9, 13.6 ],
    "to": [ 8.7, 12.6, 15 ],
    "faces": {
        "down":  { "uv": [ 0, 0, 16, 16 ], "texture": "#texture" },
        "up":    { "uv": [ 0, 0, 16, 16 ], "texture": "#texture" },
        "north": { "uv": [ 0, 0, 16, 16 ], "texture": "#texture" },
        "south": { "uv": [ 0, 0, 16, 16 ], "texture": "#texture" },
        "west":  { "uv": [ 0, 0, 16, 16 ], "texture": "#texture" },
        "east":  { "uv": [ 0, 0, 16, 16 ], "texture": "#texture" }
    }
},
{
    "from": [ -7.4, 2.05625, 13.9938 ],
    "to": [ -6, 5.90625, 15.3938 ],
    "rotation": { "origin": [ -7.4, 5.90625, 13.9938 ], "axis": "x", "angle": 45 },
    "faces": {
        "down":  { "uv": [ 5, 15.5, 4, 14 ], "texture": "#texture" },
        "up":    { "uv": [ 11, 14, 12, 15.5 ], "texture": "#texture" },
        "north": { "uv": [ 4, 0, 5, 2 ], "texture": "#texture" },
        "south": { "uv": [ 11, 0, 12, 2 ], "texture": "#texture" },
        "west":  { "uv": [ 14, 0, 15.5, 2 ], "texture": "#texture" },
        "east":  { "uv": [ 0.5, 0, 2, 2 ], "texture": "#texture" }
    }
},
{
    "from": [ 22, 4.9, 13.6 ],
    "to": [ 23.4, 12.6, 15 ],
    "faces": {
        "down":  { "uv": [ 0, 0, 16, 16 ], "texture": "#texture" },
        "up":    { "uv": [ 0, 0, 16, 16 ], "texture": "#texture" },
        "north": { "uv": [ 0, 0, 16, 16 ], "texture": "#texture" },
        "south": { "uv": [ 0, 0, 16, 16 ], "texture": "#texture" },
        "west":  { "uv": [ 0, 0, 16, 16 ], "texture": "#texture" },
        "east":  { "uv": [ 0, 0, 16, 16 ], "texture": "#texture" }
    }
},
{
    "from": [ 22, 2.05625, 13.9938 ],
    "to": [ 23.4, 5.90625, 15.3938 ],
    "rotation": { "origin": [ 22, 5.90625, 13.9938 ], "axis": "x", "angle": 45 },
    "faces": {
        "down":  { "uv": [ 5, 15.5, 4, 14 ], "texture": "#texture" },
        "up":    { "uv": [ 11, 14, 12, 15.5 ], "texture": "#texture" },
        "north": { "uv": [ 4, 0, 5, 2 ], "texture": "#texture" },
        "south": { "uv": [ 11, 0, 12, 2 ], "texture": "#texture" },
        "west":  { "uv": [ 14, 0, 15.5, 2 ], "texture": "#texture" },
        "east":  { "uv": [ 0.5, 0, 2, 2 ], "texture": "#texture" }
    }
},
{
    "from": [ 7.3, 2.05625, 13.9938 ],
    "to": [ 8.7, 5.90625, 15.3938 ],
    "rotation": { "origin": [ 7.3, 5.90625, 13.9938 ], "axis": "x", "angle": 45 },
    "faces": {
        "down":  { "uv": [ 5, 15.5, 4, 14 ], "texture": "#texture" },
        "up":    { "uv": [ 11, 14, 12, 15.5 ], "texture": "#texture" },
        "north": { "uv": [ 4, 0, 5, 2 ], "texture": "#texture" },
        "south": { "uv": [ 11, 0, 12, 2 ], "texture": "#texture" },
        "west":  { "uv": [ 14, 0, 15.5, 2 ], "texture": "#texture" },
        "east":  { "uv": [ 0.5, 0, 2, 2 ], "texture": "#texture" }
    }
},
{
    "from": [ -7.4, 10.0625, 10.3188 ],
    "to": [ -6, 15.3125, 11.7188 ],
    "rotation": { "origin": [ -7.4, 15.3125, 10.3188 ], "axis": "x", "angle": -45 },
    "faces": {
        "down":  { "uv": [ 5, 15.5, 4, 14 ], "texture": "#texture" },
        "up":    { "uv": [ 11, 14, 12, 15.5 ], "texture": "#texture" },
        "north": { "uv": [ 4, 0, 5, 2 ], "texture": "#texture" },
        "south": { "uv": [ 11, 0, 12, 2 ], "texture": "#texture" },
        "west":  { "uv": [ 14, 0, 15.5, 2 ], "texture": "#texture" },
        "east":  { "uv": [ 0.5, 0, 2, 2 ], "texture": "#texture" }
    }
},
{
    "from": [ -7.4, 12.2063, 10.8438 ],
    "to": [ -6, 16.7563, 12.2438 ],
    "rotation": { "origin": [ -7.4, 16.7563, 10.8438 ], "axis": "x", "angle": 45 },
    "faces": {
        "down":  { "uv": [ 5, 15.5, 4, 14 ], "texture": "#texture" },
        "up":    { "uv": [ 11, 14, 12, 15.5 ], "texture": "#texture" },
        "north": { "uv": [ 4, 0, 5, 2 ], "texture": "#texture" },
        "south": { "uv": [ 11, 0, 12, 2 ], "texture": "#texture" },
        "west":  { "uv": [ 14, 0, 15.5, 2 ], "texture": "#texture" },
        "east":  { "uv": [ 0.5, 0, 2, 2 ], "texture": "#texture" }
    }
},
{
    "from": [ 7.3, 12.25, 10.8 ],
    "to": [ 8.7, 16.8, 12.2 ],
    "rotation": { "origin": [ 7.3, 16.8, 10.8 ], "axis": "x", "angle": 45 },
    "faces": {
        "down":  { "uv": [ 5, 15.5, 4, 14 ], "texture": "#texture" },
        "up":    { "uv": [ 11, 14, 12, 15.5 ], "texture": "#texture" },
        "north": { "uv": [ 4, 0, 5, 2 ], "texture": "#texture" },
        "south": { "uv": [ 11, 0, 12, 2 ], "texture": "#texture" },
        "west":  { "uv": [ 14, 0, 15.5, 2 ], "texture": "#texture" },
        "east":  { "uv": [ 0.5, 0, 2, 2 ], "texture": "#texture" }
    }
},
{
    "from": [ 22, 12.25, 10.8 ],
    "to": [ 23.4, 16.8, 12.2 ],
    "rotation": { "origin": [ 22, 16.8, 10.8 ], "axis": "x", "angle": 45 },
    "faces": {
        "down":  { "uv": [ 5, 15.5, 4, 14 ], "texture": "#texture" },
        "up":    { "uv": [ 11, 14, 12, 15.5 ], "texture": "#texture" },
        "north": { "uv": [ 4, 0, 5, 2 ], "texture": "#texture" },
        "south": { "uv": [ 11, 0, 12, 2 ], "texture": "#texture" },
        "west":  { "uv": [ 14, 0, 15.5, 2 ], "texture": "#texture" },
        "east":  { "uv": [ 0.5, 0, 2, 2 ], "texture": "#texture" }
    }
},
{
    "from": [ 7.3, 10.0625, 10.3188 ],
    "to": [ 8.7, 15.3125, 11.7188 ],
    "rotation": { "origin": [ 7.3, 15.3125, 10.3188 ], "axis": "x", "angle": -45 },
    "faces": {
        "down":  { "uv": [ 5, 15.5, 4, 14 ], "texture": "#texture" },
        "up":    { "uv": [ 11, 14, 12, 15.5 ], "texture": "#texture" },
        "north": { "uv": [ 4, 0, 5, 2 ], "texture": "#texture" },
        "south": { "uv": [ 11, 0, 12, 2 ], "texture": "#texture" },
        "west":  { "uv": [ 14, 0, 15.5, 2 ], "texture": "#texture" },
        "east":  { "uv": [ 0.5, 0, 2, 2 ], "texture": "#texture" }
    }
},
{
    "from": [ 22, 10.0625, 10.3188 ],
    "to": [ 23.4, 15.3125, 11.7188 ],
    "rotation": { "origin": [ 22, 15.3125, 10.3188 ], "axis": "x", "angle": -45 },
    "faces": {
        "down":  { "uv": [ 5, 15.5, 4, 14 ], "texture": "#texture" },
        "up":    { "uv": [ 11, 14, 12, 15.5 ], "texture": "#texture" },
        "north": { "uv": [ 4, 0, 5, 2 ], "texture": "#texture" },
        "south": { "uv": [ 11, 0, 12, 2 ], "texture": "#texture" },
        "west":  { "uv": [ 14, 0, 15.5, 2 ], "texture": "#texture" },
        "east":  { "uv": [ 0.5, 0, 2, 2 ], "texture": "#texture" }
    }
},
{
    "from": [ -8.1, 15.4, 10.8 ],
    "to": [ 24.1, 16.8, 12.2 ],
    "rotation": { "origin": [ -8.1, 16.8, 10.8 ], "axis": "x", "angle": 45 },
    "faces": {
        "down":  { "uv": [ 0, 0, 16, 16 ], "texture": "#texture" },
        "up":    { "uv": [ 0, 0, 16, 16 ], "texture": "#texture" },
        "north": { "uv": [ 0, 0, 16, 16 ], "texture": "#texture" },
        "south": { "uv": [ 0, 0, 16, 16 ], "texture": "#texture" },
        "west":  { "uv": [ 0, 0, 16, 16 ], "texture": "#texture" },
        "east":  { "uv": [ 0, 0, 16, 16 ], "texture": "#texture" }
    }
},
{
    "from": [ -8.1, 12.2062, 13.9938 ],
    "to": [ 24.1, 13.6062, 15.3938 ],
    "rotation": { "origin": [ -8.1, 13.6062, 13.9938 ], "axis": "x", "angle": 45 },
    "faces": {
        "down":  { "uv": [ 0, 0, 16, 16 ], "texture": "#texture" },
        "up":    { "uv": [ 0, 0, 16, 16 ], "texture": "#texture" },
        "north": { "uv": [ 0, 0, 16, 16 ], "texture": "#texture" },
        "south": { "uv": [ 0, 0, 16, 16 ], "texture": "#texture" },
        "west":  { "uv": [ 0, 0, 16, 16 ], "texture": "#texture" },
        "east":  { "uv": [ 0, 0, 16, 16 ], "texture": "#texture" }
    }
},
{
    "from": [ 17, 16, 10 ],
    "to": [ 18.4, 21, 11.5 ],
    "faces": {
        "down":  { "uv": [ 5, 15.5, 4, 14 ], "texture": "#texture" },
        "up":    { "uv": [ 11, 14, 12, 15.5 ], "texture": "#texture" },
        "north": { "uv": [ 4, 0, 5, 2 ], "texture": "#texture" },
        "south": { "uv": [ 11, 0, 12, 2 ], "texture": "#texture" },
        "west":  { "uv": [ 14, 0, 15.5, 2 ], "texture": "#texture" },
        "east":  { "uv": [ 0.5, 0, 2, 2 ], "texture": "#texture" }
    }
},
{
    "from": [ 17, 19.5, 10 ],
    "to": [ 18.4, 21, 17 ],
    "faces": {
        "down":  { "uv": [ 5, 15.5, 4, 14 ], "texture": "#texture" },
        "up":    { "uv": [ 11, 14, 12, 15.5 ], "texture": "#texture" },
        "north": { "uv": [ 4, 0, 5, 2 ], "texture": "#texture" },
        "south": { "uv": [ 11, 0, 12, 2 ], "texture": "#texture" },
        "west":  { "uv": [ 14, 0, 15.5, 2 ], "texture": "#texture" },
        "east":  { "uv": [ 0.5, 0, 2, 2 ], "texture": "#texture" }
    }
},
{
    "from": [ -2.5, 16, 10 ],
    "to": [ -1.1, 21, 11.5 ],
    "faces": {
        "down":  { "uv": [ 5, 15.5, 4, 14 ], "texture": "#texture" },
        "up":    { "uv": [ 11, 14, 12, 15.5 ], "texture": "#texture" },
        "north": { "uv": [ 4, 0, 5, 2 ], "texture": "#texture" },
        "south": { "uv": [ 11, 0, 12, 2 ], "texture": "#texture" },
        "west":  { "uv": [ 14, 0, 15.5, 2 ], "texture": "#texture" },
        "east":  { "uv": [ 0.5, 0, 2, 2 ], "texture": "#texture" }
    }
},
{
    "from": [ -2.5, 19.5, 10 ],
    "to": [ -1.1, 21, 17 ],
    "faces": {
        "down":  { "uv": [ 5, 15.5, 4, 14 ], "texture": "#texture" },
        "up":    { "uv": [ 11, 14, 12, 15.5 ], "texture": "#texture" },
        "north": { "uv": [ 4, 0, 5, 2 ], "texture": "#texture" },
        "south": { "uv": [ 11, 0, 12, 2 ], "texture": "#texture" },
        "west":  { "uv": [ 14, 0, 15.5, 2 ], "texture": "#texture" },
        "east":  { "uv": [ 0.5, 0, 2, 2 ], "texture": "#texture" }
    }
}
],
"display": {
    "head": {
        "rotation": [ 0, 0, 0 ],
        "translation": [ 12.5, 22, -2 ],
        "scale": [ 3.3, 3.3, 3.3 ]
    }
}
}