{
"__comment": "Designed by Kukamonda with BDcraft Cubik PRO 0.92 Beta - http://bdcraft.net",
"textures": {
    "texture": "blocks/fenrirzwart",
    "anvil_base": "blocks/piston_inner",
    "oranje": "blocks/hardened_clay_stained_red"
},
"elements": [ 
{
    "__comment": "midpunt*",
    "from": [ -14, -1, 1 ],
    "to": [ -4, 13, 15 ],
    "faces": {
        "down":  { "uv": [ 0, 0, 16, 16 ], "texture": "#anvil_base" },
        "up":    { "uv": [ 0, 0, 16, 16 ], "texture": "#anvil_base" },
        "north": { "uv": [ 0, 0, 16, 16 ], "texture": "#anvil_base" },
        "south": { "uv": [ 0, 0, 16, 16 ], "texture": "#anvil_base" },
        "west":  { "uv": [ 0, 0, 16, 16 ], "texture": "#anvil_base" },
        "east":  { "uv": [ 0, 0, 16, 16 ], "texture": "#anvil_base" }
    }
},
{
    "__comment": "midpunt*",
    "from": [ -14, -1, 15 ],
    "to": [ -4, 13, 17 ],
    "faces": {
        "down":  { "uv": [ 8.6, 8.7, 7.2, 7.3 ], "texture": "#texture" },
        "up":    { "uv": [ 7.4, 7.3, 8.8, 8.7 ], "texture": "#texture" },
        "north": { "uv": [ 7.2, 14.2, 8.6, 15.5 ], "texture": "#texture" },
        "south": { "uv": [ 7.4, 14.2, 8.8, 15.5 ], "texture": "#texture" },
        "west":  { "uv": [ 7.3, 14.2, 8.7, 15.5 ], "texture": "#texture" },
        "east":  { "uv": [ 7.3, 14.2, 8.7, 15.5 ], "texture": "#texture" }
    }
},
{
    "__comment": "midpunt*",
    "from": [ -14, -1, -1 ],
    "to": [ -4, 13, 1 ],
    "faces": {
        "down":  { "uv": [ 0, 0, 16, 16 ], "texture": "#texture" },
        "up":    { "uv": [ 0, 0, 16, 16 ], "texture": "#texture" },
        "north": { "uv": [ 0, 0, 16, 16 ], "texture": "#texture" },
        "south": { "uv": [ 0, 0, 16, 16 ], "texture": "#texture" },
        "west":  { "uv": [ 0, 0, 16, 16 ], "texture": "#texture" },
        "east":  { "uv": [ 0, 0, 16, 16 ], "texture": "#texture" }
    }
},
{
    "__comment": "midpunt*",
    "from": [ -14, 13, 1 ],
    "to": [ -4, 15, 15 ],
    "faces": {
        "down":  { "uv": [ 8.6, 8.7, 7.2, 7.3 ], "texture": "#texture" },
        "up":    { "uv": [ 7.4, 7.3, 8.8, 8.7 ], "texture": "#texture" },
        "north": { "uv": [ 7.2, 14.2, 8.6, 15.5 ], "texture": "#texture" },
        "south": { "uv": [ 7.4, 14.2, 8.8, 15.5 ], "texture": "#texture" },
        "west":  { "uv": [ 7.3, 14.2, 8.7, 15.5 ], "texture": "#texture" },
        "east":  { "uv": [ 7.3, 14.2, 8.7, 15.5 ], "texture": "#texture" }
    }
},
{
    "__comment": "midpunt*",
    "from": [ -14, -3, 1 ],
    "to": [ -4, -1, 15 ],
    "faces": {
        "down":  { "uv": [ 8.6, 8.7, 7.2, 7.3 ], "texture": "#texture" },
        "up":    { "uv": [ 7.4, 7.3, 8.8, 8.7 ], "texture": "#texture" },
        "north": { "uv": [ 7.2, 14.2, 8.6, 15.5 ], "texture": "#texture" },
        "south": { "uv": [ 7.4, 14.2, 8.8, 15.5 ], "texture": "#texture" },
        "west":  { "uv": [ 7.3, 14.2, 8.7, 15.5 ], "texture": "#texture" },
        "east":  { "uv": [ 7.3, 14.2, 8.7, 15.5 ], "texture": "#texture" }
    }
}
],
"display": {
    "head": {
        "rotation": [ 0, 0, 0 ],
        "translation": [ 20, 0, 0 ],
        "scale": [ 3.4, 3.4, 3.4 ]
    }
}
}