{
"__comment": "Designed by Kukamonda with BDcraft Cubik PRO 0.96 Beta - http://bdcraft.net",
"textures": {
    "texture": "blocks/concrete_white",
    "concrete_powder_red": "blocks/concrete_red"
},
"elements": [ 
{
    "from": [ 0, -16, 12 ],
    "to": [ 4, -12, 16 ],
    "faces": {
        "down":  { "uv": [ 2.5, 12, 6.5, 16 ], "texture": "#texture" },
        "up":    { "uv": [ 2.5, 12, 6.5, 16 ], "texture": "#texture" },
        "north": { "uv": [ 2.5, 10.5, 6.5, 14.5 ], "texture": "#texture" },
        "south": { "uv": [ 2.5, 10.5, 6.5, 14.5 ], "texture": "#texture" },
        "west":  { "uv": [ 12, 10.5, 16, 14.5 ], "texture": "#texture" },
        "east":  { "uv": [ 12, 10.5, 16, 14.5 ], "texture": "#texture" }
    }
},
{
    "from": [ 0, -8, 12 ],
    "to": [ 4, -4, 16 ],
    "faces": {
        "down":  { "uv": [ 2.5, 12, 6.5, 16 ], "texture": "#texture" },
        "up":    { "uv": [ 2.5, 12, 6.5, 16 ], "texture": "#texture" },
        "north": { "uv": [ 2.5, 10.5, 6.5, 14.5 ], "texture": "#texture" },
        "south": { "uv": [ 2.5, 10.5, 6.5, 14.5 ], "texture": "#texture" },
        "west":  { "uv": [ 12, 10.5, 16, 14.5 ], "texture": "#texture" },
        "east":  { "uv": [ 12, 10.5, 16, 14.5 ], "texture": "#texture" }
    }
},
{
    "from": [ 0, 0, 12 ],
    "to": [ 4, 4, 16 ],
    "faces": {
        "down":  { "uv": [ 2.5, 12, 6.5, 16 ], "texture": "#texture" },
        "up":    { "uv": [ 2.5, 12, 6.5, 16 ], "texture": "#texture" },
        "north": { "uv": [ 2.5, 10.5, 6.5, 14.5 ], "texture": "#texture" },
        "south": { "uv": [ 2.5, 10.5, 6.5, 14.5 ], "texture": "#texture" },
        "west":  { "uv": [ 12, 10.5, 16, 14.5 ], "texture": "#texture" },
        "east":  { "uv": [ 12, 10.5, 16, 14.5 ], "texture": "#texture" }
    }
},
{
    "from": [ 0, 8, 12 ],
    "to": [ 4, 12, 16 ],
    "faces": {
        "down":  { "uv": [ 2.5, 12, 6.5, 16 ], "texture": "#texture" },
        "up":    { "uv": [ 2.5, 12, 6.5, 16 ], "texture": "#texture" },
        "north": { "uv": [ 2.5, 10.5, 6.5, 14.5 ], "texture": "#texture" },
        "south": { "uv": [ 2.5, 10.5, 6.5, 14.5 ], "texture": "#texture" },
        "west":  { "uv": [ 12, 10.5, 16, 14.5 ], "texture": "#texture" },
        "east":  { "uv": [ 12, 10.5, 16, 14.5 ], "texture": "#texture" }
    }
},
{
    "from": [ 1.625, 15.625, 12.0625 ],
    "to": [ 5.4375, 19.625, 15.9375 ],
    "rotation": { "origin": [ 1.625, 19.625, 12.0625 ], "axis": "z", "angle": -22.5 },
    "faces": {
        "down":  { "uv": [ 2.5, 12, 6.5, 16 ], "texture": "#texture" },
        "up":    { "uv": [ 2.5, 12, 6.5, 16 ], "texture": "#texture" },
        "north": { "uv": [ 2.5, 10.5, 6.5, 14.5 ], "texture": "#texture" },
        "south": { "uv": [ 2.5, 10.5, 6.5, 14.5 ], "texture": "#texture" },
        "west":  { "uv": [ 12, 10.5, 16, 14.5 ], "texture": "#texture" },
        "east":  { "uv": [ 12, 10.5, 16, 14.5 ], "texture": "#texture" }
    }
},
{
    "from": [ 0, -12, 12 ],
    "to": [ 4, -8, 16 ],
    "faces": {
        "down":  { "uv": [ 16, 16, 12, 12 ], "texture": "#concrete_powder_red" },
        "up":    { "uv": [ 0, 12, 4, 16 ], "texture": "#concrete_powder_red" },
        "north": { "uv": [ 12, 16, 16, 16 ], "texture": "#concrete_powder_red" },
        "south": { "uv": [ 0, 16, 4, 16 ], "texture": "#concrete_powder_red" },
        "west":  { "uv": [ 12, 16, 16, 16 ], "texture": "#concrete_powder_red" },
        "east":  { "uv": [ 0, 16, 4, 16 ], "texture": "#concrete_powder_red" }
    }
},
{
    "from": [ 0, -4, 12 ],
    "to": [ 4, 0, 16 ],
    "faces": {
        "down":  { "uv": [ 16, 16, 12, 12 ], "texture": "#concrete_powder_red" },
        "up":    { "uv": [ 0, 12, 4, 16 ], "texture": "#concrete_powder_red" },
        "north": { "uv": [ 12, 16, 16, 16 ], "texture": "#concrete_powder_red" },
        "south": { "uv": [ 0, 16, 4, 16 ], "texture": "#concrete_powder_red" },
        "west":  { "uv": [ 12, 16, 16, 16 ], "texture": "#concrete_powder_red" },
        "east":  { "uv": [ 0, 16, 4, 16 ], "texture": "#concrete_powder_red" }
    }
},
{
    "from": [ 0, 4, 12 ],
    "to": [ 4, 8, 16 ],
    "faces": {
        "down":  { "uv": [ 16, 16, 12, 12 ], "texture": "#concrete_powder_red" },
        "up":    { "uv": [ 0, 12, 4, 16 ], "texture": "#concrete_powder_red" },
        "north": { "uv": [ 12, 8, 16, 12 ], "texture": "#concrete_powder_red" },
        "south": { "uv": [ 0, 8, 4, 12 ], "texture": "#concrete_powder_red" },
        "west":  { "uv": [ 12, 8, 16, 12 ], "texture": "#concrete_powder_red" },
        "east":  { "uv": [ 0, 8, 4, 12 ], "texture": "#concrete_powder_red" }
    }
},
{
    "from": [ 0, 12, 12 ],
    "to": [ 4, 16, 16 ],
    "faces": {
        "down":  { "uv": [ 16, 16, 12, 12 ], "texture": "#concrete_powder_red" },
        "up":    { "uv": [ 0, 12, 4, 16 ], "texture": "#concrete_powder_red" },
        "north": { "uv": [ 12, 0, 16, 4 ], "texture": "#concrete_powder_red" },
        "south": { "uv": [ 0, 0, 4, 4 ], "texture": "#concrete_powder_red" },
        "west":  { "uv": [ 12, 0, 16, 4 ], "texture": "#concrete_powder_red" },
        "east":  { "uv": [ 0, 0, 4, 4 ], "texture": "#concrete_powder_red" }
    }
},
{
    "from": [ 4.5, 18.3125, 12 ],
    "to": [ 8.5, 22.3125, 16 ],
    "rotation": { "origin": [ 4.5, 22.3125, 12 ], "axis": "z", "angle": -45 },
    "faces": {
        "down":  { "uv": [ 14.5, 16, 10.5, 12 ], "texture": "#concrete_powder_red" },
        "up":    { "uv": [ 1.5, 12, 5.5, 16 ], "texture": "#concrete_powder_red" },
        "north": { "uv": [ 10.5, 0, 14.5, 0 ], "texture": "#concrete_powder_red" },
        "south": { "uv": [ 1.5, 0, 5.5, 0 ], "texture": "#concrete_powder_red" },
        "west":  { "uv": [ 12, 0, 16, 0 ], "texture": "#concrete_powder_red" },
        "east":  { "uv": [ 0, 0, 4, 0 ], "texture": "#concrete_powder_red" }
    }
},
{
    "from": [ 4.5, 18.5, 12.0625 ],
    "to": [ 8.3125, 22.5, 15.9375 ],
    "rotation": { "origin": [ 4.5, 22.5, 12.0625 ], "axis": "z", "angle": 22.5 },
    "faces": {
        "down":  { "uv": [ 2.5, 12, 6.5, 16 ], "texture": "#texture" },
        "up":    { "uv": [ 2.5, 12, 6.5, 16 ], "texture": "#texture" },
        "north": { "uv": [ 2.5, 10.5, 6.5, 14.5 ], "texture": "#texture" },
        "south": { "uv": [ 2.5, 10.5, 6.5, 14.5 ], "texture": "#texture" },
        "west":  { "uv": [ 12, 10.5, 16, 14.5 ], "texture": "#texture" },
        "east":  { "uv": [ 12, 10.5, 16, 14.5 ], "texture": "#texture" }
    }
},
{
    "from": [ 8, 20, 12 ],
    "to": [ 12, 24, 16 ],
    "faces": {
        "down":  { "uv": [ 8, 16, 4, 12 ], "texture": "#concrete_powder_red" },
        "up":    { "uv": [ 8, 12, 12, 16 ], "texture": "#concrete_powder_red" },
        "north": { "uv": [ 4, 0, 8, 0 ], "texture": "#concrete_powder_red" },
        "south": { "uv": [ 8, 0, 12, 0 ], "texture": "#concrete_powder_red" },
        "west":  { "uv": [ 12, 0, 16, 0 ], "texture": "#concrete_powder_red" },
        "east":  { "uv": [ 0, 0, 4, 0 ], "texture": "#concrete_powder_red" }
    }
},
{
    "from": [ 11.875, 20.1875, 12.0625 ],
    "to": [ 15.875, 23.9375, 15.9375 ],
    "rotation": { "origin": [ 11.875, 23.9375, 12.0625 ], "axis": "z", "angle": -22.5 },
    "faces": {
        "down":  { "uv": [ 2.5, 12, 6.5, 16 ], "texture": "#texture" },
        "up":    { "uv": [ 2.5, 12, 6.5, 16 ], "texture": "#texture" },
        "north": { "uv": [ 2.5, 10.5, 6.5, 14.5 ], "texture": "#texture" },
        "south": { "uv": [ 2.5, 10.5, 6.5, 14.5 ], "texture": "#texture" },
        "west":  { "uv": [ 12, 10.5, 16, 14.5 ], "texture": "#texture" },
        "east":  { "uv": [ 12, 10.5, 16, 14.5 ], "texture": "#texture" }
    }
},
{
    "from": [ 12.6875, 15.5625, 12 ],
    "to": [ 16.6875, 19.5625, 16 ],
    "rotation": { "origin": [ 12.6875, 19.5625, 12 ], "axis": "z", "angle": 45 },
    "faces": {
        "down":  { "uv": [ 14.5, 16, 10.5, 12 ], "texture": "#concrete_powder_red" },
        "up":    { "uv": [ 1.5, 12, 5.5, 16 ], "texture": "#concrete_powder_red" },
        "north": { "uv": [ 10.5, 0, 14.5, 0 ], "texture": "#concrete_powder_red" },
        "south": { "uv": [ 1.5, 0, 5.5, 0 ], "texture": "#concrete_powder_red" },
        "west":  { "uv": [ 12, 0, 16, 0 ], "texture": "#concrete_powder_red" },
        "east":  { "uv": [ 0, 0, 4, 0 ], "texture": "#concrete_powder_red" }
    }
},
{
    "from": [ 14.8125, 14, 12.0625 ],
    "to": [ 18.625, 18, 15.9375 ],
    "rotation": { "origin": [ 14.8125, 18, 12.0625 ], "axis": "z", "angle": 22.5 },
    "faces": {
        "down":  { "uv": [ 2.5, 12, 6.5, 16 ], "texture": "#texture" },
        "up":    { "uv": [ 2.5, 12, 6.5, 16 ], "texture": "#texture" },
        "north": { "uv": [ 2.5, 10.5, 6.5, 14.5 ], "texture": "#texture" },
        "south": { "uv": [ 2.5, 10.5, 6.5, 14.5 ], "texture": "#texture" },
        "west":  { "uv": [ 12, 10.5, 16, 14.5 ], "texture": "#texture" },
        "east":  { "uv": [ 12, 10.5, 16, 14.5 ], "texture": "#texture" }
    }
},
{
    "from": [ 15.9375, 11.9375, 12 ],
    "to": [ 19.9375, 15.9375, 16 ],
    "faces": {
        "down":  { "uv": [ 0.0625, 16, 0, 12 ], "texture": "#concrete_powder_red" },
        "up":    { "uv": [ 15.9375, 12, 16, 16 ], "texture": "#concrete_powder_red" },
        "north": { "uv": [ 0, 0.0625, 0.0625, 4.0625 ], "texture": "#concrete_powder_red" },
        "south": { "uv": [ 15.9375, 0.0625, 16, 4.0625 ], "texture": "#concrete_powder_red" },
        "west":  { "uv": [ 12, 0.0625, 16, 4.0625 ], "texture": "#concrete_powder_red" },
        "east":  { "uv": [ 0, 0.0625, 4, 4.0625 ], "texture": "#concrete_powder_red" }
    }
}
],
"display": {
    "thirdperson_righthand": {
        "rotation": [ 0, -69, 6 ],
        "translation": [ 2.08, 6.24, 1.89 ],
        "scale": [ 0.3, 0.3, 0.3 ]
    },
    "firstperson_righthand": {
        "rotation": [ -47, -68, -23 ],
        "translation": [ 4.16, 2.46, -0.57 ],
        "scale": [ 0.4, 0.4, 0.4 ]
    },
    "gui": {
        "rotation": [ 6, -27, -30 ],
        "translation": [ 1.51, 1.32, 0 ],
        "scale": [ 0.4, 0.4, 0.4 ]
    }
}
}