{
"__comment": "Designed by Kukamonda with BDcraft Cubik PRO 0.96 Beta - http://bdcraft.net",
"textures": {
    "texture": "blocks/concrete_black",
    "crafting_table_top": "blocks/crafting_table_top",
    "glass": "blocks/glass2",
    "castle": "blocks/castle"
},
"elements": [ 
{
    "from": [ 8, 7.4375, 7 ],
    "to": [ 10, 9.4375, 11 ],
    "rotation": { "origin": [ 8, 9.4375, 7 ], "axis": "z", "angle": -45 },
    "faces": {
        "down":  { "uv": [ 8, 7, 10, 11 ], "texture": "#texture" },
        "up":    { "uv": [ 8, 7, 10, 11 ], "texture": "#texture" },
        "north": { "uv": [ 8, 6.5625, 10, 8.5625 ], "texture": "#texture" },
        "south": { "uv": [ 8, 6.5625, 10, 8.5625 ], "texture": "#texture" },
        "west":  { "uv": [ 7, 6.5625, 11, 8.5625 ], "texture": "#texture" },
        "east":  { "uv": [ 7, 6.5625, 11, 8.5625 ], "texture": "#texture" }
    }
},
{
    "from": [ 7.5, 2, 7.5 ],
    "to": [ 8.5, 16, 8.5 ],
    "faces": {
        "down":  { "uv": [ 7.5, 7.5, 8.5, 8.5 ], "texture": "#texture" },
        "up":    { "uv": [ 7.5, 7.5, 8.5, 8.5 ], "texture": "#texture" },
        "north": { "uv": [ 7.5, 0, 8.5, 7 ], "texture": "#texture" },
        "south": { "uv": [ 7.5, 0, 8.5, 7 ], "texture": "#texture" },
        "west":  { "uv": [ 7.5, 0, 8.5, 7 ], "texture": "#texture" },
        "east":  { "uv": [ 7.5, 0, 8.5, 7 ], "texture": "#texture" }
    }
},
{
    "from": [ 8.125, 0.6875, 7.8125 ],
    "to": [ 8.625, 2.1875, 8.3125 ],
    "rotation": { "origin": [ 8.125, 2.1875, 7.8125 ], "axis": "z", "angle": 45 },
    "faces": {
        "down":  { "uv": [ 8.125, 7.5, 8.625, 8.5 ], "texture": "#texture" },
        "up":    { "uv": [ 8.125, 7.5, 8.625, 8.5 ], "texture": "#texture" },
        "north": { "uv": [ 8.125, 13.875, 8.625, 15.375 ], "texture": "#texture" },
        "south": { "uv": [ 8.125, 13.875, 8.625, 15.375 ], "texture": "#texture" },
        "west":  { "uv": [ 7.5, 13.875, 8.5, 15.375 ], "texture": "#texture" },
        "east":  { "uv": [ 7.5, 13.875, 8.5, 15.375 ], "texture": "#texture" }
    }
},
{
    "from": [ 8.125, 1.9375, 7.8125 ],
    "to": [ 8.625, 3.4375, 8.3125 ],
    "rotation": { "origin": [ 8.125, 3.4375, 7.8125 ], "axis": "z", "angle": 45 },
    "faces": {
        "down":  { "uv": [ 8.125, 7.5, 8.625, 8.5 ], "texture": "#texture" },
        "up":    { "uv": [ 8.125, 7.5, 8.625, 8.5 ], "texture": "#texture" },
        "north": { "uv": [ 8.125, 13.875, 8.625, 15.375 ], "texture": "#texture" },
        "south": { "uv": [ 8.125, 13.875, 8.625, 15.375 ], "texture": "#texture" },
        "west":  { "uv": [ 7.5, 13.875, 8.5, 15.375 ], "texture": "#texture" },
        "east":  { "uv": [ 7.5, 13.875, 8.5, 15.375 ], "texture": "#texture" }
    }
},
{
    "from": [ 7.5, 2.375, 7.8125 ],
    "to": [ 8, 3.875, 8.3125 ],
    "rotation": { "origin": [ 7.5, 3.875, 7.8125 ], "axis": "z", "angle": -45 },
    "faces": {
        "down":  { "uv": [ 8.125, 7.5, 8.625, 8.5 ], "texture": "#texture" },
        "up":    { "uv": [ 8.125, 7.5, 8.625, 8.5 ], "texture": "#texture" },
        "north": { "uv": [ 8.125, 13.875, 8.625, 15.375 ], "texture": "#texture" },
        "south": { "uv": [ 8.125, 13.875, 8.625, 15.375 ], "texture": "#texture" },
        "west":  { "uv": [ 7.5, 13.875, 8.5, 15.375 ], "texture": "#texture" },
        "east":  { "uv": [ 7.5, 13.875, 8.5, 15.375 ], "texture": "#texture" }
    }
},
{
    "from": [ 7.5, 1.0625, 7.8125 ],
    "to": [ 8, 2.5625, 8.3125 ],
    "rotation": { "origin": [ 7.5, 2.5625, 7.8125 ], "axis": "z", "angle": -45 },
    "faces": {
        "down":  { "uv": [ 8.125, 7.5, 8.625, 8.5 ], "texture": "#texture" },
        "up":    { "uv": [ 8.125, 7.5, 8.625, 8.5 ], "texture": "#texture" },
        "north": { "uv": [ 8.125, 13.875, 8.625, 15.375 ], "texture": "#texture" },
        "south": { "uv": [ 8.125, 13.875, 8.625, 15.375 ], "texture": "#texture" },
        "west":  { "uv": [ 7.5, 13.875, 8.5, 15.375 ], "texture": "#texture" },
        "east":  { "uv": [ 7.5, 13.875, 8.5, 15.375 ], "texture": "#texture" }
    }
},
{
    "from": [ 8, 14.9375, 7.5 ],
    "to": [ 10, 16.9375, 8.5 ],
    "rotation": { "origin": [ 8, 16.9375, 7.5 ], "axis": "z", "angle": -45 },
    "faces": {
        "down":  { "uv": [ 8, 7.5, 10, 8.5 ], "texture": "#texture" },
        "up":    { "uv": [ 8, 7.5, 10, 8.5 ], "texture": "#texture" },
        "north": { "uv": [ 8, 0, 10, 2 ], "texture": "#texture" },
        "south": { "uv": [ 8, 0, 10, 2 ], "texture": "#texture" },
        "west":  { "uv": [ 7.5, 0, 8.5, 2 ], "texture": "#texture" },
        "east":  { "uv": [ 7.5, 0, 8.5, 2 ], "texture": "#texture" }
    }
}
],
"display": {
    "head": {
        "rotation": [ 0, 0, 0 ],
        "translation": [ 0, -6, 0 ],
        "scale": [ 2, 2, 2 ]
    }
}
}