{
"__comment": "Designed by Kukamonda with BDcraft Cubik PRO 0.96 Beta - http://bdcraft.net",
"textures": {
    "texture": "blocks/noteblock",
    "crafting_table_top": "blocks/crafting_table_top",
    "glass": "blocks/glass2",
    "castle": "blocks/castle"
},
"elements": [ 
{
    "from": [ 3, 0, 3 ],
    "to": [ 13, 3, 13 ],
    "faces": {
        "down":  { "uv": [ 3, 3, 13, 13 ], "texture": "#crafting_table_top" },
        "up":    { "uv": [ 3, 3, 13, 13 ], "texture": "#crafting_table_top" },
        "north": { "uv": [ 4, 1, 12, 4 ], "texture": "#texture" },
        "south": { "uv": [ 4, 1, 12, 4 ], "texture": "#texture" },
        "west":  { "uv": [ 4, 1, 12, 4 ], "texture": "#texture" },
        "east":  { "uv": [ 4, 1, 12, 4 ], "texture": "#texture" }
    }
},
{
    "from": [ 2, 2.5, 2 ],
    "to": [ 14, 14, 14 ],
    "faces": {
        "down":  { "uv": [ 0, 0, 16, 16 ], "texture": "#glass" },
        "up":    { "uv": [ 0, 0, 16, 16 ], "texture": "#glass" },
        "north": { "uv": [ 0, 0, 16, 16 ], "texture": "#glass" },
        "south": { "uv": [ 0, 0, 16, 16 ], "texture": "#glass" },
        "west":  { "uv": [ 0, 0, 16, 16 ], "texture": "#glass" },
        "east":  { "uv": [ 0, 0, 16, 16 ], "texture": "#glass" }
    }
},
{
    "from": [ 3.5, 3, 12.3125 ],
    "to": [ 15.5, 13, 12.375 ],
    "rotation": { "origin": [ 3.5, 3, 12.3125 ], "axis": "y", "angle": 45 },
    "faces": {
        "down":  { "uv": [ 0.5, 0, 14.5, 0 ], "texture": "#castle" },
        "up":    { "uv": [ 0.5, 0, 14.5, 0 ], "texture": "#castle" },
        "north": { "uv": [ 0, 0, 16, 16 ], "texture": "#castle" },
        "south": { "uv": [ 16, 0, 0, 16 ], "texture": "#castle" },
        "west":  { "uv": [ 7.5, 0, 0, 0 ], "texture": "#castle" },
        "east":  { "uv": [ 7.5, 0, 0, 0 ], "texture": "#castle" }
    }
},
{
    "from": [ 3.6875, 3, 3.6875 ],
    "to": [ 15.6875, 13, 3.75 ],
    "rotation": { "origin": [ 3.6875, 3, 3.6875 ], "axis": "y", "angle": -45 },
    "faces": {
        "down":  { "uv": [ 1, 7.5, 1, 0 ], "texture": "#castle" },
        "up":    { "uv": [ 1, 7.5, 1, 0 ], "texture": "#castle" },
        "north": { "uv": [ 0, 0, 16, 16 ], "texture": "#castle" },
        "south": { "uv": [ 16, 0, 0, 16 ], "texture": "#castle" },
        "west":  { "uv": [ 7.5, 0, 0, 0 ], "texture": "#castle" },
        "east":  { "uv": [ 7.5, 0, 0, 0 ], "texture": "#castle" }
    }
}
],
"display": {
    "head": {
        "rotation": [ 0, 0, 0 ],
        "translation": [ 2, 4, 0 ],
        "scale": [ 1, 1, 1 ]
    }
}
}