{
    "__comment": "Model by Daveytje21",
    "textures": {
        "0": "blocks/planks_spruce"
    },
    "elements": [
        {
            "name": "geweibase1",
            "from": [ 7.0, 6.0, 7.0 ], 
            "to": [ 9.0, 9.0, 9.0 ], 
            "rotation": { "origin": [ 8.0, 4.0, 8.0 ], "axis": "z", "angle": -45.0 },
            "faces": {
                "north": { "texture": "#0", "uv": [ 0.0, 0.0, 2.0, 3.0 ] },
                "east": { "texture": "#0", "uv": [ 0.0, 0.0, 2.0, 3.0 ] },
                "south": { "texture": "#0", "uv": [ 0.0, 0.0, 2.0, 3.0 ] },
                "west": { "texture": "#0", "uv": [ 0.0, 0.0, 2.0, 3.0 ] },
                "up": { "texture": "#0", "uv": [ 0.0, 0.0, 2.0, 2.0 ] },
                "down": { "texture": "#0", "uv": [ 0.0, 0.0, 2.0, 2.0 ] }
            }
        },
        {
            "name": "geweibase2",
            "from": [ 12.999999985098839, 7.0, 7.200000002980232 ], 
            "to": [ 15.599999979138374, 8.599999994039536, 8.799999997019768 ], 
            "rotation": { "origin": [ 13.0, 3.0, 8.0 ], "axis": "z", "angle": 22.5 },
            "faces": {
                "north": { "texture": "#0", "uv": [ 0.0, 0.0, 2.5999999940395355, 1.5999999940395355 ] },
                "east": { "texture": "#0", "uv": [ 0.0, 0.0, 1.5999999940395355, 1.5999999940395355 ] },
                "south": { "texture": "#0", "uv": [ 0.0, 0.0, 2.5999999940395355, 1.5999999940395355 ] },
                "west": { "texture": "#0", "uv": [ 0.0, 0.0, 1.5999999940395355, 1.5999999940395355 ] },
                "up": { "texture": "#0", "uv": [ 0.0, 0.0, 2.5999999940395355, 1.5999999940395355 ] },
                "down": { "texture": "#0", "uv": [ 0.0, 0.0, 2.5999999940395355, 1.5999999940395355 ] }
            }
        },
        {
            "name": "geweibase3",
            "from": [ 12.999999985098839, 7.799999997019768, 7.4000000059604645 ], 
            "to": [ 15.299999974668026, 8.999999985098839, 8.599999994039536 ], 
            "faces": {
                "north": { "texture": "#0", "uv": [ 0.0, 0.0, 2.299999989569187, 1.199999988079071 ] },
                "east": { "texture": "#0", "uv": [ 0.0, 0.0, 1.199999988079071, 1.199999988079071 ] },
                "south": { "texture": "#0", "uv": [ 0.0, 0.0, 2.299999989569187, 1.199999988079071 ] },
                "west": { "texture": "#0", "uv": [ 0.0, 0.0, 1.199999988079071, 1.199999988079071 ] },
                "up": { "texture": "#0", "uv": [ 0.0, 0.0, 2.299999989569187, 1.199999988079071 ] },
                "down": { "texture": "#0", "uv": [ 0.0, 0.0, 2.299999989569187, 1.199999988079071 ] }
            }
        },
        {
            "name": "geweibase4",
            "from": [ 14.999999985098839, 7.799999997019768, 7.600000008940697 ], 
            "to": [ 16.999999970197678, 8.599999979138374, 8.399999991059303 ], 
            "rotation": { "origin": [ 15.799999997019768, 8.0, 8.0 ], "axis": "z", "angle": -22.5 },
            "faces": {
                "north": { "texture": "#0", "uv": [ 0.0, 0.0, 1.9999999850988388, 0.7999999821186066 ] },
                "east": { "texture": "#0", "uv": [ 0.0, 0.0, 0.7999999821186066, 0.7999999821186066 ] },
                "south": { "texture": "#0", "uv": [ 0.0, 0.0, 1.9999999850988388, 0.7999999821186066 ] },
                "west": { "texture": "#0", "uv": [ 0.0, 0.0, 0.7999999821186066, 0.7999999821186066 ] },
                "up": { "texture": "#0", "uv": [ 0.0, 0.0, 1.9999999850988388, 0.7999999821186066 ] },
                "down": { "texture": "#0", "uv": [ 0.0, 0.0, 1.9999999850988388, 0.7999999821186066 ] }
            }
        },
        {
            "name": "geweibase5",
            "from": [ 16.799999997019768, 7.4000000059604645, 7.700000010430813 ], 
            "to": [ 18.19999997317791, 7.999999985098839, 8.299999989569187 ], 
            "faces": {
                "north": { "texture": "#0", "uv": [ 0.0, 0.0, 1.399999976158142, 0.5999999791383743 ] },
                "east": { "texture": "#0", "uv": [ 0.0, 0.0, 0.5999999791383743, 0.5999999791383743 ] },
                "south": { "texture": "#0", "uv": [ 0.0, 0.0, 1.399999976158142, 0.5999999791383743 ] },
                "west": { "texture": "#0", "uv": [ 0.0, 0.0, 0.5999999791383743, 0.5999999791383743 ] },
                "up": { "texture": "#0", "uv": [ 0.0, 0.0, 1.399999976158142, 0.5999999791383743 ] },
                "down": { "texture": "#0", "uv": [ 0.0, 0.0, 1.399999976158142, 0.5999999791383743 ] }
            }
        },
        {
            "name": "geweibase6",
            "from": [ 16.799999997019768, 7.4000000059604645, 7.700000010430813 ], 
            "to": [ 18.19999997317791, 7.999999985098839, 8.299999989569187 ], 
            "rotation": { "origin": [ 17.599999994039536, 11.0, 8.0 ], "axis": "z", "angle": 22.5 },
            "faces": {
                "north": { "texture": "#0", "uv": [ 0.0, 0.0, 1.399999976158142, 0.5999999791383743 ] },
                "east": { "texture": "#0", "uv": [ 0.0, 0.0, 0.5999999791383743, 0.5999999791383743 ] },
                "south": { "texture": "#0", "uv": [ 0.0, 0.0, 1.399999976158142, 0.5999999791383743 ] },
                "west": { "texture": "#0", "uv": [ 0.0, 0.0, 0.5999999791383743, 0.5999999791383743 ] },
                "up": { "texture": "#0", "uv": [ 0.0, 0.0, 1.399999976158142, 0.5999999791383743 ] },
                "down": { "texture": "#0", "uv": [ 0.0, 0.0, 1.399999976158142, 0.5999999791383743 ] }
            }
        },
        {
            "name": "geweibase7",
            "from": [ 16.69999999552965, 7.500000007450581, 7.800000011920929 ], 
            "to": [ 18.19999995827675, 7.899999983608723, 8.199999988079071 ], 
            "rotation": { "origin": [ 17.599999994039536, 11.0, 8.0 ], "axis": "z", "angle": 45.0 },
            "faces": {
                "north": { "texture": "#0", "uv": [ 0.0, 0.0, 1.499999962747097, 0.3999999761581421 ] },
                "east": { "texture": "#0", "uv": [ 0.0, 0.0, 0.3999999761581421, 0.3999999761581421 ] },
                "south": { "texture": "#0", "uv": [ 0.0, 0.0, 1.499999962747097, 0.3999999761581421 ] },
                "west": { "texture": "#0", "uv": [ 0.0, 0.0, 0.3999999761581421, 0.3999999761581421 ] },
                "up": { "texture": "#0", "uv": [ 0.0, 0.0, 1.499999962747097, 0.3999999761581421 ] },
                "down": { "texture": "#0", "uv": [ 0.0, 0.0, 1.499999962747097, 0.3999999761581421 ] }
            }
        },
        {
            "name": "uit1.1",
            "from": [ 15.399999991059303, 8.100000001490116, 7.700000010430813 ], 
            "to": [ 17.399999976158142, 8.69999998062849, 8.299999989569187 ], 
            "rotation": { "origin": [ 15.799999997019768, 8.0, 8.0 ], "axis": "z", "angle": 22.5 },
            "faces": {
                "north": { "texture": "#0", "uv": [ 0.0, 0.0, 1.9999999850988388, 0.5999999791383743 ] },
                "east": { "texture": "#0", "uv": [ 0.0, 0.0, 0.5999999791383743, 0.5999999791383743 ] },
                "south": { "texture": "#0", "uv": [ 0.0, 0.0, 1.9999999850988388, 0.5999999791383743 ] },
                "west": { "texture": "#0", "uv": [ 0.0, 0.0, 0.5999999791383743, 0.5999999791383743 ] },
                "up": { "texture": "#0", "uv": [ 0.0, 0.0, 1.9999999850988388, 0.5999999791383743 ] },
                "down": { "texture": "#0", "uv": [ 0.0, 0.0, 1.9999999850988388, 0.5999999791383743 ] }
            }
        },
        {
            "name": "uit1.2",
            "from": [ 16.100000001490116, 8.100000001490116, 7.800000011920929 ], 
            "to": [ 17.69999998062849, 8.499999977648258, 8.199999988079071 ], 
            "rotation": { "origin": [ 15.899999998509884, 9.600000008940697, 8.0 ], "axis": "z", "angle": 45.0 },
            "faces": {
                "north": { "texture": "#0", "uv": [ 0.0, 0.0, 1.5999999791383743, 0.3999999761581421 ] },
                "east": { "texture": "#0", "uv": [ 0.0, 0.0, 0.3999999761581421, 0.3999999761581421 ] },
                "south": { "texture": "#0", "uv": [ 0.0, 0.0, 1.5999999791383743, 0.3999999761581421 ] },
                "west": { "texture": "#0", "uv": [ 0.0, 0.0, 0.3999999761581421, 0.3999999761581421 ] },
                "up": { "texture": "#0", "uv": [ 0.0, 0.0, 1.5999999791383743, 0.3999999761581421 ] },
                "down": { "texture": "#0", "uv": [ 0.0, 0.0, 1.5999999791383743, 0.3999999761581421 ] }
            }
        },
        {
            "name": "uit2.1",
            "from": [ 16.099999986588955, 6.399999991059303, 7.4000000059604645 ], 
            "to": [ 18.399999976158142, 7.599999979138374, 8.599999994039536 ], 
            "rotation": { "origin": [ 13.0, 3.0, 8.0 ], "axis": "z", "angle": 45.0 },
            "faces": {
                "north": { "texture": "#0", "uv": [ 0.0, 0.0, 2.299999989569187, 1.199999988079071 ] },
                "east": { "texture": "#0", "uv": [ 0.0, 0.0, 1.199999988079071, 1.199999988079071 ] },
                "south": { "texture": "#0", "uv": [ 0.0, 0.0, 2.299999989569187, 1.199999988079071 ] },
                "west": { "texture": "#0", "uv": [ 0.0, 0.0, 1.199999988079071, 1.199999988079071 ] },
                "up": { "texture": "#0", "uv": [ 0.0, 0.0, 2.299999989569187, 1.199999988079071 ] },
                "down": { "texture": "#0", "uv": [ 0.0, 0.0, 2.299999989569187, 1.199999988079071 ] }
            }
        },
        {
            "name": "uit2.2",
            "from": [ 17.099999986588955, 6.399999991059303, 7.600000008940697 ], 
            "to": [ 17.89999996870756, 8.19999997317791, 8.399999991059303 ], 
            "rotation": { "origin": [ 23.399999991059303, 17.0, 8.0 ], "axis": "z", "angle": -22.5 },
            "faces": {
                "north": { "texture": "#0", "uv": [ 0.0, 0.0, 0.7999999821186066, 1.7999999821186066 ] },
                "east": { "texture": "#0", "uv": [ 0.0, 0.0, 0.7999999821186066, 1.7999999821186066 ] },
                "south": { "texture": "#0", "uv": [ 0.0, 0.0, 0.7999999821186066, 1.7999999821186066 ] },
                "west": { "texture": "#0", "uv": [ 0.0, 0.0, 0.7999999821186066, 1.7999999821186066 ] },
                "up": { "texture": "#0", "uv": [ 0.0, 0.0, 0.7999999821186066, 0.7999999821186066 ] },
                "down": { "texture": "#0", "uv": [ 0.0, 0.0, 0.7999999821186066, 0.7999999821186066 ] }
            }
        },
        {
            "name": "uit2.3",
            "from": [ 14.299999989569187, 10.799999997019768, 7.700000010430813 ], 
            "to": [ 14.899999968707561, 12.599999979138374, 8.299999989569187 ], 
            "faces": {
                "north": { "texture": "#0", "uv": [ 0.0, 0.0, 0.5999999791383743, 1.7999999821186066 ] },
                "east": { "texture": "#0", "uv": [ 0.0, 0.0, 0.5999999791383743, 1.7999999821186066 ] },
                "south": { "texture": "#0", "uv": [ 0.0, 0.0, 0.5999999791383743, 1.7999999821186066 ] },
                "west": { "texture": "#0", "uv": [ 0.0, 0.0, 0.5999999791383743, 1.7999999821186066 ] },
                "up": { "texture": "#0", "uv": [ 0.0, 0.0, 0.5999999791383743, 0.5999999791383743 ] },
                "down": { "texture": "#0", "uv": [ 0.0, 0.0, 0.5999999791383743, 0.5999999791383743 ] }
            }
        },
        {
            "name": "uit2.4",
            "from": [ 16.799999982118607, 9.0, 7.800000011920929 ], 
            "to": [ 17.19999995827675, 10.799999982118607, 8.199999988079071 ], 
            "rotation": { "origin": [ 23.399999991059303, 17.0, 8.0 ], "axis": "z", "angle": -22.5 },
            "faces": {
                "north": { "texture": "#0", "uv": [ 0.0, 0.0, 0.3999999761581421, 1.7999999821186066 ] },
                "east": { "texture": "#0", "uv": [ 0.0, 0.0, 0.3999999761581421, 1.7999999821186066 ] },
                "south": { "texture": "#0", "uv": [ 0.0, 0.0, 0.3999999761581421, 1.7999999821186066 ] },
                "west": { "texture": "#0", "uv": [ 0.0, 0.0, 0.3999999761581421, 1.7999999821186066 ] },
                "up": { "texture": "#0", "uv": [ 0.0, 0.0, 0.3999999761581421, 0.3999999761581421 ] },
                "down": { "texture": "#0", "uv": [ 0.0, 0.0, 0.3999999761581421, 0.3999999761581421 ] }
            }
        },
        {
            "name": "uit2.5",
            "from": [ 17.799999982118607, 9.0, 7.800000011920929 ], 
            "to": [ 18.19999995827675, 10.799999982118607, 8.199999988079071 ], 
            "rotation": { "origin": [ 16.399999991059303, 14.0, 8.0 ], "axis": "z", "angle": -45.0 },
            "faces": {
                "north": { "texture": "#0", "uv": [ 0.0, 0.0, 0.3999999761581421, 1.7999999821186066 ] },
                "east": { "texture": "#0", "uv": [ 0.0, 0.0, 0.3999999761581421, 1.7999999821186066 ] },
                "south": { "texture": "#0", "uv": [ 0.0, 0.0, 0.3999999761581421, 1.7999999821186066 ] },
                "west": { "texture": "#0", "uv": [ 0.0, 0.0, 0.3999999761581421, 1.7999999821186066 ] },
                "up": { "texture": "#0", "uv": [ 0.0, 0.0, 0.3999999761581421, 0.3999999761581421 ] },
                "down": { "texture": "#0", "uv": [ 0.0, 0.0, 0.3999999761581421, 0.3999999761581421 ] }
            }
        },
        {
            "name": "uit2.6",
            "from": [ 17.799999982118607, 9.0, 7.800000011920929 ], 
            "to": [ 19.19999995827675, 9.399999961256981, 8.199999988079071 ], 
            "rotation": { "origin": [ 13.399999991059303, 3.0, 8.0 ], "axis": "z", "angle": 22.5 },
            "faces": {
                "north": { "texture": "#0", "uv": [ 0.0, 0.0, 1.399999976158142, 0.3999999612569809 ] },
                "east": { "texture": "#0", "uv": [ 0.0, 0.0, 0.3999999761581421, 0.3999999612569809 ] },
                "south": { "texture": "#0", "uv": [ 0.0, 0.0, 1.399999976158142, 0.3999999612569809 ] },
                "west": { "texture": "#0", "uv": [ 0.0, 0.0, 0.3999999761581421, 0.3999999612569809 ] },
                "up": { "texture": "#0", "uv": [ 0.0, 0.0, 1.399999976158142, 0.3999999761581421 ] },
                "down": { "texture": "#0", "uv": [ 0.0, 0.0, 1.399999976158142, 0.3999999761581421 ] }
            }
        },
        {
            "name": "uit3.1",
            "from": [ 16.799999982118607, 9.0, 7.4000000059604645 ], 
            "to": [ 17.999999970197678, 11.199999988079071, 8.599999994039536 ], 
            "rotation": { "origin": [ 8.399999991059303, 26.0, 8.0 ], "axis": "z", "angle": -22.5 },
            "faces": {
                "north": { "texture": "#0", "uv": [ 0.0, 0.0, 1.199999988079071, 2.199999988079071 ] },
                "east": { "texture": "#0", "uv": [ 0.0, 0.0, 1.199999988079071, 2.199999988079071 ] },
                "south": { "texture": "#0", "uv": [ 0.0, 0.0, 1.199999988079071, 2.199999988079071 ] },
                "west": { "texture": "#0", "uv": [ 0.0, 0.0, 1.199999988079071, 2.199999988079071 ] },
                "up": { "texture": "#0", "uv": [ 0.0, 0.0, 1.199999988079071, 1.199999988079071 ] },
                "down": { "texture": "#0", "uv": [ 0.0, 0.0, 1.199999988079071, 1.199999988079071 ] }
            }
        },
        {
            "name": "uit3.2",
            "from": [ 10.399999976158142, 8.599999994039536, 7.4000000059604645 ], 
            "to": [ 11.599999964237213, 10.799999982118607, 8.599999994039536 ], 
            "faces": {
                "north": { "texture": "#0", "uv": [ 0.0, 0.0, 1.199999988079071, 2.199999988079071 ] },
                "east": { "texture": "#0", "uv": [ 0.0, 0.0, 1.199999988079071, 2.199999988079071 ] },
                "south": { "texture": "#0", "uv": [ 0.0, 0.0, 1.199999988079071, 2.199999988079071 ] },
                "west": { "texture": "#0", "uv": [ 0.0, 0.0, 1.199999988079071, 2.199999988079071 ] },
                "up": { "texture": "#0", "uv": [ 0.0, 0.0, 1.199999988079071, 1.199999988079071 ] },
                "down": { "texture": "#0", "uv": [ 0.0, 0.0, 1.199999988079071, 1.199999988079071 ] }
            }
        },
        {
            "name": "uit3.3",
            "from": [ 10.499999977648258, 10.599999994039536, 7.600000008940697 ], 
            "to": [ 11.299999959766865, 12.799999982118607, 8.399999991059303 ], 
            "rotation": { "origin": [ 11.399999991059303, 11.0, 8.0 ], "axis": "z", "angle": 22.5 },
            "faces": {
                "north": { "texture": "#0", "uv": [ 0.0, 0.0, 0.7999999821186066, 2.199999988079071 ] },
                "east": { "texture": "#0", "uv": [ 0.0, 0.0, 0.7999999821186066, 2.199999988079071 ] },
                "south": { "texture": "#0", "uv": [ 0.0, 0.0, 0.7999999821186066, 2.199999988079071 ] },
                "west": { "texture": "#0", "uv": [ 0.0, 0.0, 0.7999999821186066, 2.199999988079071 ] },
                "up": { "texture": "#0", "uv": [ 0.0, 0.0, 0.7999999821186066, 0.7999999821186066 ] },
                "down": { "texture": "#0", "uv": [ 0.0, 0.0, 0.7999999821186066, 0.7999999821186066 ] }
            }
        },
        {
            "name": "uit3.4",
            "from": [ 9.999999970197678, 12.0, 7.700000010430813 ], 
            "to": [ 10.599999949336052, 14.199999988079071, 8.299999989569187 ], 
            "faces": {
                "north": { "texture": "#0", "uv": [ 0.0, 0.0, 0.5999999791383743, 2.199999988079071 ] },
                "east": { "texture": "#0", "uv": [ 0.0, 0.0, 0.5999999791383743, 2.199999988079071 ] },
                "south": { "texture": "#0", "uv": [ 0.0, 0.0, 0.5999999791383743, 2.199999988079071 ] },
                "west": { "texture": "#0", "uv": [ 0.0, 0.0, 0.5999999791383743, 2.199999988079071 ] },
                "up": { "texture": "#0", "uv": [ 0.0, 0.0, 0.5999999791383743, 0.5999999791383743 ] },
                "down": { "texture": "#0", "uv": [ 0.0, 0.0, 0.5999999791383743, 0.5999999791383743 ] }
            }
        },
        {
            "name": "geweibase1.1",
            "from": [ 7.0, 6.0, 7.0 ], 
            "to": [ 9.0, 9.0, 9.0 ], 
            "rotation": { "origin": [ 8.0, 4.0, 8.0 ], "axis": "z", "angle": 45.0 },
            "faces": {
                "north": { "texture": "#0", "uv": [ 0.0, 0.0, 2.0, 3.0 ] },
                "east": { "texture": "#0", "uv": [ 0.0, 0.0, 2.0, 3.0 ] },
                "south": { "texture": "#0", "uv": [ 0.0, 0.0, 2.0, 3.0 ] },
                "west": { "texture": "#0", "uv": [ 0.0, 0.0, 2.0, 3.0 ] },
                "up": { "texture": "#0", "uv": [ 0.0, 0.0, 2.0, 2.0 ] },
                "down": { "texture": "#0", "uv": [ 0.0, 0.0, 2.0, 2.0 ] }
            }
        },
        {
            "name": "geweibase1.2",
            "from": [ 0.4999999925494194, 7.0, 7.200000002980232 ], 
            "to": [ 3.099999986588955, 8.599999994039536, 8.799999997019768 ], 
            "rotation": { "origin": [ 3.0, 3.0, 8.0 ], "axis": "z", "angle": -22.5 },
            "faces": {
                "north": { "texture": "#0", "uv": [ 0.0, 0.0, 2.5999999940395355, 1.5999999940395355 ] },
                "east": { "texture": "#0", "uv": [ 0.0, 0.0, 1.5999999940395355, 1.5999999940395355 ] },
                "south": { "texture": "#0", "uv": [ 0.0, 0.0, 2.5999999940395355, 1.5999999940395355 ] },
                "west": { "texture": "#0", "uv": [ 0.0, 0.0, 1.5999999940395355, 1.5999999940395355 ] },
                "up": { "texture": "#0", "uv": [ 0.0, 0.0, 2.5999999940395355, 1.5999999940395355 ] },
                "down": { "texture": "#0", "uv": [ 0.0, 0.0, 2.5999999940395355, 1.5999999940395355 ] }
            }
        },
        {
            "name": "Geweibase1.3",
            "from": [ 0.4999999776482582, 7.799999997019768, 7.4000000059604645 ], 
            "to": [ 2.7999999672174454, 8.999999985098839, 8.599999994039536 ], 
            "faces": {
                "north": { "texture": "#0", "uv": [ 0.0, 0.0, 2.299999989569187, 1.199999988079071 ] },
                "east": { "texture": "#0", "uv": [ 0.0, 0.0, 1.199999988079071, 1.199999988079071 ] },
                "south": { "texture": "#0", "uv": [ 0.0, 0.0, 2.299999989569187, 1.199999988079071 ] },
                "west": { "texture": "#0", "uv": [ 0.0, 0.0, 1.199999988079071, 1.199999988079071 ] },
                "up": { "texture": "#0", "uv": [ 0.0, 0.0, 2.299999989569187, 1.199999988079071 ] },
                "down": { "texture": "#0", "uv": [ 0.0, 0.0, 2.299999989569187, 1.199999988079071 ] }
            }
        },
        {
            "name": "Geweibase1.4",
            "from": [ -1.0000000149011612, 7.699999995529652, 7.600000008940697 ], 
            "to": [ 0.9999999701976776, 8.499999977648258, 8.399999991059303 ], 
            "rotation": { "origin": [ 0.0, 8.0, 8.0 ], "axis": "z", "angle": 22.5 },
            "faces": {
                "north": { "texture": "#0", "uv": [ 0.0, 0.0, 1.9999999850988388, 0.7999999821186066 ] },
                "east": { "texture": "#0", "uv": [ 0.0, 0.0, 0.7999999821186066, 0.7999999821186066 ] },
                "south": { "texture": "#0", "uv": [ 0.0, 0.0, 1.9999999850988388, 0.7999999821186066 ] },
                "west": { "texture": "#0", "uv": [ 0.0, 0.0, 0.7999999821186066, 0.7999999821186066 ] },
                "up": { "texture": "#0", "uv": [ 0.0, 0.0, 1.9999999850988388, 0.7999999821186066 ] },
                "down": { "texture": "#0", "uv": [ 0.0, 0.0, 1.9999999850988388, 0.7999999821186066 ] }
            }
        },
        {
            "name": "Geweibase1.5",
            "from": [ -2.2000000029802322, 7.4000000059604645, 7.700000010430813 ], 
            "to": [ -0.8000000268220901, 7.999999985098839, 8.299999989569187 ], 
            "faces": {
                "north": { "texture": "#0", "uv": [ 0.0, 0.0, 1.399999976158142, 0.5999999791383743 ] },
                "east": { "texture": "#0", "uv": [ 0.0, 0.0, 0.5999999791383743, 0.5999999791383743 ] },
                "south": { "texture": "#0", "uv": [ 0.0, 0.0, 1.399999976158142, 0.5999999791383743 ] },
                "west": { "texture": "#0", "uv": [ 0.0, 0.0, 0.5999999791383743, 0.5999999791383743 ] },
                "up": { "texture": "#0", "uv": [ 0.0, 0.0, 1.399999976158142, 0.5999999791383743 ] },
                "down": { "texture": "#0", "uv": [ 0.0, 0.0, 1.399999976158142, 0.5999999791383743 ] }
            }
        },
        {
            "name": "Geweibase1.6",
            "from": [ -1.800000011920929, 7.4000000059604645, 7.700000010430813 ], 
            "to": [ -0.40000003576278687, 7.999999985098839, 8.299999989569187 ], 
            "rotation": { "origin": [ -1.3000000193715096, 12.0, 8.0 ], "axis": "z", "angle": -22.5 },
            "faces": {
                "north": { "texture": "#0", "uv": [ 0.0, 0.0, 1.399999976158142, 0.5999999791383743 ] },
                "east": { "texture": "#0", "uv": [ 0.0, 0.0, 0.5999999791383743, 0.5999999791383743 ] },
                "south": { "texture": "#0", "uv": [ 0.0, 0.0, 1.399999976158142, 0.5999999791383743 ] },
                "west": { "texture": "#0", "uv": [ 0.0, 0.0, 0.5999999791383743, 0.5999999791383743 ] },
                "up": { "texture": "#0", "uv": [ 0.0, 0.0, 1.399999976158142, 0.5999999791383743 ] },
                "down": { "texture": "#0", "uv": [ 0.0, 0.0, 1.399999976158142, 0.5999999791383743 ] }
            }
        },
        {
            "name": "Geweibase1.7",
            "from": [ -2.2000000178813934, 7.500000007450581, 7.800000011920929 ], 
            "to": [ -0.7000000551342964, 7.899999983608723, 8.199999988079071 ], 
            "rotation": { "origin": [ -1.6000000089406967, 11.0, 8.0 ], "axis": "z", "angle": -45.0 },
            "faces": {
                "north": { "texture": "#0", "uv": [ 0.0, 0.0, 1.499999962747097, 0.3999999761581421 ] },
                "east": { "texture": "#0", "uv": [ 0.0, 0.0, 0.3999999761581421, 0.3999999761581421 ] },
                "south": { "texture": "#0", "uv": [ 0.0, 0.0, 1.499999962747097, 0.3999999761581421 ] },
                "west": { "texture": "#0", "uv": [ 0.0, 0.0, 0.3999999761581421, 0.3999999761581421 ] },
                "up": { "texture": "#0", "uv": [ 0.0, 0.0, 1.499999962747097, 0.3999999761581421 ] },
                "down": { "texture": "#0", "uv": [ 0.0, 0.0, 1.499999962747097, 0.3999999761581421 ] }
            }
        },
        {
            "name": "uit1.1.1",
            "from": [ -1.4000000059604645, 8.100000001490116, 7.700000010430813 ], 
            "to": [ 0.5999999791383743, 8.69999998062849, 8.299999989569187 ], 
            "rotation": { "origin": [ 0.19999998807907104, 8.0, 8.0 ], "axis": "z", "angle": -22.5 },
            "faces": {
                "north": { "texture": "#0", "uv": [ 0.0, 0.0, 1.9999999850988388, 0.5999999791383743 ] },
                "east": { "texture": "#0", "uv": [ 0.0, 0.0, 0.5999999791383743, 0.5999999791383743 ] },
                "south": { "texture": "#0", "uv": [ 0.0, 0.0, 1.9999999850988388, 0.5999999791383743 ] },
                "west": { "texture": "#0", "uv": [ 0.0, 0.0, 0.5999999791383743, 0.5999999791383743 ] },
                "up": { "texture": "#0", "uv": [ 0.0, 0.0, 1.9999999850988388, 0.5999999791383743 ] },
                "down": { "texture": "#0", "uv": [ 0.0, 0.0, 1.9999999850988388, 0.5999999791383743 ] }
            }
        },
        {
            "name": "uit1.2.1",
            "from": [ -1.7999999970197678, 8.100000001490116, 7.800000011920929 ], 
            "to": [ -0.20000001788139343, 8.499999977648258, 8.199999988079071 ], 
            "rotation": { "origin": [ 0.09999998658895493, 9.600000008940697, 8.0 ], "axis": "z", "angle": -45.0 },
            "faces": {
                "north": { "texture": "#0", "uv": [ 0.0, 0.0, 1.5999999791383743, 0.3999999761581421 ] },
                "east": { "texture": "#0", "uv": [ 0.0, 0.0, 0.3999999761581421, 0.3999999761581421 ] },
                "south": { "texture": "#0", "uv": [ 0.0, 0.0, 1.5999999791383743, 0.3999999761581421 ] },
                "west": { "texture": "#0", "uv": [ 0.0, 0.0, 0.3999999761581421, 0.3999999761581421 ] },
                "up": { "texture": "#0", "uv": [ 0.0, 0.0, 1.5999999791383743, 0.3999999761581421 ] },
                "down": { "texture": "#0", "uv": [ 0.0, 0.0, 1.5999999791383743, 0.3999999761581421 ] }
            }
        },
        {
            "name": "uit2.1.1",
            "from": [ -2.4000000208616257, 6.399999991059303, 7.4000000059604645 ], 
            "to": [ -0.10000003129243851, 7.599999979138374, 8.599999994039536 ], 
            "rotation": { "origin": [ 3.0, 3.0, 8.0 ], "axis": "z", "angle": -45.0 },
            "faces": {
                "north": { "texture": "#0", "uv": [ 0.0, 0.0, 2.299999989569187, 1.199999988079071 ] },
                "east": { "texture": "#0", "uv": [ 0.0, 0.0, 1.199999988079071, 1.199999988079071 ] },
                "south": { "texture": "#0", "uv": [ 0.0, 0.0, 2.299999989569187, 1.199999988079071 ] },
                "west": { "texture": "#0", "uv": [ 0.0, 0.0, 1.199999988079071, 1.199999988079071 ] },
                "up": { "texture": "#0", "uv": [ 0.0, 0.0, 2.299999989569187, 1.199999988079071 ] },
                "down": { "texture": "#0", "uv": [ 0.0, 0.0, 2.299999989569187, 1.199999988079071 ] }
            }
        },
        {
            "name": "uit2.2.1",
            "from": [ -2.100000001490116, 18.49999999254942, 7.600000008940697 ], 
            "to": [ -1.3000000193715096, 20.299999974668026, 8.399999991059303 ], 
            "rotation": { "origin": [ 23.399999991059303, 23.69999999552965, 8.0 ], "axis": "z", "angle": 22.5 },
            "faces": {
                "north": { "texture": "#0", "uv": [ 0.0, 0.0, 0.7999999821186066, 1.7999999821186066 ] },
                "east": { "texture": "#0", "uv": [ 0.0, 0.0, 0.7999999821186066, 1.7999999821186066 ] },
                "south": { "texture": "#0", "uv": [ 0.0, 0.0, 0.7999999821186066, 1.7999999821186066 ] },
                "west": { "texture": "#0", "uv": [ 0.0, 0.0, 0.7999999821186066, 1.7999999821186066 ] },
                "up": { "texture": "#0", "uv": [ 0.0, 0.0, 0.7999999821186066, 0.7999999821186066 ] },
                "down": { "texture": "#0", "uv": [ 0.0, 0.0, 0.7999999821186066, 0.7999999821186066 ] }
            }
        },
        {
            "name": "uit2.3.1",
            "from": [ 1.199999988079071, 10.799999997019768, 7.700000010430813 ], 
            "to": [ 1.7999999672174454, 12.599999979138374, 8.299999989569187 ], 
            "faces": {
                "north": { "texture": "#0", "uv": [ 0.0, 0.0, 0.5999999791383743, 1.7999999821186066 ] },
                "east": { "texture": "#0", "uv": [ 0.0, 0.0, 0.5999999791383743, 1.7999999821186066 ] },
                "south": { "texture": "#0", "uv": [ 0.0, 0.0, 0.5999999791383743, 1.7999999821186066 ] },
                "west": { "texture": "#0", "uv": [ 0.0, 0.0, 0.5999999791383743, 1.7999999821186066 ] },
                "up": { "texture": "#0", "uv": [ 0.0, 0.0, 0.5999999791383743, 0.5999999791383743 ] },
                "down": { "texture": "#0", "uv": [ 0.0, 0.0, 0.5999999791383743, 0.5999999791383743 ] }
            }
        },
        {
            "name": "uit2.4.1",
            "from": [ 4.899999983608723, 7.299999989569187, 7.800000011920929 ], 
            "to": [ 5.299999959766865, 9.099999971687794, 8.199999988079071 ], 
            "rotation": { "origin": [ -8.600000008940697, 1.0, 8.0 ], "axis": "z", "angle": 22.5 },
            "faces": {
                "north": { "texture": "#0", "uv": [ 0.0, 0.0, 0.3999999761581421, 1.7999999821186066 ] },
                "east": { "texture": "#0", "uv": [ 0.0, 0.0, 0.3999999761581421, 1.7999999821186066 ] },
                "south": { "texture": "#0", "uv": [ 0.0, 0.0, 0.3999999761581421, 1.7999999821186066 ] },
                "west": { "texture": "#0", "uv": [ 0.0, 0.0, 0.3999999761581421, 1.7999999821186066 ] },
                "up": { "texture": "#0", "uv": [ 0.0, 0.0, 0.3999999761581421, 0.3999999761581421 ] },
                "down": { "texture": "#0", "uv": [ 0.0, 0.0, 0.3999999761581421, 0.3999999761581421 ] }
            }
        },
        {
            "name": "uit2.5.1",
            "from": [ -2.9000000283122063, 7.200000002980232, 7.800000011920929 ], 
            "to": [ -2.500000052154064, 8.999999985098839, 8.199999988079071 ], 
            "rotation": { "origin": [ -2.6000000089406967, 14.0, 8.0 ], "axis": "z", "angle": 45.0 },
            "faces": {
                "north": { "texture": "#0", "uv": [ 0.0, 0.0, 0.3999999761581421, 1.7999999821186066 ] },
                "east": { "texture": "#0", "uv": [ 0.0, 0.0, 0.3999999761581421, 1.7999999821186066 ] },
                "south": { "texture": "#0", "uv": [ 0.0, 0.0, 0.3999999761581421, 1.7999999821186066 ] },
                "west": { "texture": "#0", "uv": [ 0.0, 0.0, 0.3999999761581421, 1.7999999821186066 ] },
                "up": { "texture": "#0", "uv": [ 0.0, 0.0, 0.3999999761581421, 0.3999999761581421 ] },
                "down": { "texture": "#0", "uv": [ 0.0, 0.0, 0.3999999761581421, 0.3999999761581421 ] }
            }
        },
        {
            "name": "uit2.6.1",
            "from": [ -3.0000000298023224, 8.899999998509884, 7.800000011920929 ], 
            "to": [ -1.6000000536441803, 9.299999959766865, 8.199999988079071 ], 
            "rotation": { "origin": [ 2.5999999940395355, 3.0, 8.0 ], "axis": "z", "angle": -22.5 },
            "faces": {
                "north": { "texture": "#0", "uv": [ 0.0, 0.0, 1.399999976158142, 0.3999999612569809 ] },
                "east": { "texture": "#0", "uv": [ 0.0, 0.0, 0.3999999761581421, 0.3999999612569809 ] },
                "south": { "texture": "#0", "uv": [ 0.0, 0.0, 1.399999976158142, 0.3999999612569809 ] },
                "west": { "texture": "#0", "uv": [ 0.0, 0.0, 0.3999999761581421, 0.3999999612569809 ] },
                "up": { "texture": "#0", "uv": [ 0.0, 0.0, 1.399999976158142, 0.3999999761581421 ] },
                "down": { "texture": "#0", "uv": [ 0.0, 0.0, 1.399999976158142, 0.3999999761581421 ] }
            }
        },
        {
            "name": "Uit3.1.1",
            "from": [ -2.000000014901161, 9.0, 7.4000000059604645 ], 
            "to": [ -0.8000000268220901, 11.199999988079071, 8.599999994039536 ], 
            "rotation": { "origin": [ 7.599999979138374, 26.0, 8.0 ], "axis": "z", "angle": 22.5 },
            "faces": {
                "north": { "texture": "#0", "uv": [ 0.0, 0.0, 1.199999988079071, 2.199999988079071 ] },
                "east": { "texture": "#0", "uv": [ 0.0, 0.0, 1.199999988079071, 2.199999988079071 ] },
                "south": { "texture": "#0", "uv": [ 0.0, 0.0, 1.199999988079071, 2.199999988079071 ] },
                "west": { "texture": "#0", "uv": [ 0.0, 0.0, 1.199999988079071, 2.199999988079071 ] },
                "up": { "texture": "#0", "uv": [ 0.0, 0.0, 1.199999988079071, 1.199999988079071 ] },
                "down": { "texture": "#0", "uv": [ 0.0, 0.0, 1.199999988079071, 1.199999988079071 ] }
            }
        },
        {
            "name": "uit3.2.1",
            "from": [ 4.399999976158142, 8.599999994039536, 7.4000000059604645 ], 
            "to": [ 5.599999964237213, 10.799999982118607, 8.599999994039536 ], 
            "shade": false,
            "faces": {
                "north": { "texture": "#0", "uv": [ 0.0, 0.0, 1.199999988079071, 2.199999988079071 ] },
                "east": { "texture": "#0", "uv": [ 0.0, 0.0, 1.199999988079071, 2.199999988079071 ] },
                "south": { "texture": "#0", "uv": [ 0.0, 0.0, 1.199999988079071, 2.199999988079071 ] },
                "west": { "texture": "#0", "uv": [ 0.0, 0.0, 1.199999988079071, 2.199999988079071 ] },
                "up": { "texture": "#0", "uv": [ 0.0, 0.0, 1.199999988079071, 1.199999988079071 ] },
                "down": { "texture": "#0", "uv": [ 0.0, 0.0, 1.199999988079071, 1.199999988079071 ] }
            }
        },
        {
            "name": "uit3.3.1",
            "from": [ 4.6999999806284904, 10.599999994039536, 7.600000008940697 ], 
            "to": [ 5.499999962747097, 12.799999982118607, 8.399999991059303 ], 
            "rotation": { "origin": [ 4.5999999940395355, 11.0, 8.0 ], "axis": "z", "angle": -22.5 },
            "faces": {
                "north": { "texture": "#0", "uv": [ 0.0, 0.0, 0.7999999821186066, 2.199999988079071 ] },
                "east": { "texture": "#0", "uv": [ 0.0, 0.0, 0.7999999821186066, 2.199999988079071 ] },
                "south": { "texture": "#0", "uv": [ 0.0, 0.0, 0.7999999821186066, 2.199999988079071 ] },
                "west": { "texture": "#0", "uv": [ 0.0, 0.0, 0.7999999821186066, 2.199999988079071 ] },
                "up": { "texture": "#0", "uv": [ 0.0, 0.0, 0.7999999821186066, 0.7999999821186066 ] },
                "down": { "texture": "#0", "uv": [ 0.0, 0.0, 0.7999999821186066, 0.7999999821186066 ] }
            }
        },
        {
            "name": "uit3.4.1",
            "from": [ 5.399999976158142, 12.0, 7.700000010430813 ], 
            "to": [ 5.999999955296516, 14.199999988079071, 8.299999989569187 ], 
            "faces": {
                "north": { "texture": "#0", "uv": [ 0.0, 0.0, 0.5999999791383743, 2.199999988079071 ] },
                "east": { "texture": "#0", "uv": [ 0.0, 0.0, 0.5999999791383743, 2.199999988079071 ] },
                "south": { "texture": "#0", "uv": [ 0.0, 0.0, -8.400000020861626, 1.199999988079071 ] },
                "west": { "texture": "#0", "uv": [ 0.0, 0.0, 0.5999999791383743, 2.199999988079071 ] },
                "up": { "texture": "#0", "uv": [ 0.0, 0.0, 0.5999999791383743, 0.5999999791383743 ] },
                "down": { "texture": "#0", "uv": [ 0.0, 0.0, 0.5999999791383743, 0.5999999791383743 ] }
            }
        }
    ],
"display": {
    "head": {
        "rotation": [ -25, 0, 2 ],
        "translation": [ 0, 9, -5 ],
        "scale": [ 2, 2, 2 ]
    },
    "gui": {
        "rotation": [ 0, 0, 0 ],
        "translation": [ 0, -1.32, 0 ],
        "scale": [ 0.7, 0.7, 0.7 ]
    }
}
}