{
    "__comment": "Model generated using MrCrayfish's Model Creator (http://mrcrayfish.com/modelcreator/)",
    "textures": {
        "0": "blocks/quartz_block_top",
        "1": "blocks/glass_yellow",
        "2": "blocks/glass_pane_top_yellow",
        "3": "blocks/piston_inner",
        "4": "blocks/rail_detector",
        "5": "blocks/coal_block",
        "6": "blocks/daylight_detector_top",
        "7": "blocks/stone_slab_top"
    },
    "elements": [
        {
            "name": "bottom1",
            "from": [ 0.5, 1.0, 0.5 ], 
            "to": [ 15.5, 1.1, 15.5 ], 
            "faces": {
                "north": { "texture": "#0", "uv": [ 0.0, 0.0, 16.0, 1.0 ] },
                "east": { "texture": "#0", "uv": [ 0.0, 0.0, 16.0, 1.0 ] },
                "south": { "texture": "#0", "uv": [ 0.0, 0.0, 16.0, 1.0 ] },
                "west": { "texture": "#0", "uv": [ 0.0, 0.0, 16.0, 1.0 ] },
                "up": { "texture": "#0", "uv": [ 0.0, 0.0, 15.0, 15.0 ] },
                "down": { "texture": "#0", "uv": [ 0.0, 0.0, 15.0, 15.0 ] }
            }
        },
        {
            "name": "back",
            "from": [ 1.0, 1.0, 15.5 ], 
            "to": [ 15.0, 15.0, 17.0 ], 
            "faces": {
                "north": { "texture": "#0", "uv": [ 0.0, 0.0, 15.0, 15.0 ] },
                "east": { "texture": "#0", "uv": [ 0.0, 0.0, 1.0, 15.0 ] },
                "south": { "texture": "#0", "uv": [ 0.0, 0.0, 15.0, 15.0 ] },
                "west": { "texture": "#0", "uv": [ 0.0, 0.0, 1.0, 15.0 ] },
                "up": { "texture": "#0", "uv": [ 0.0, 0.0, 15.0, 1.0 ] },
                "down": { "texture": "#0", "uv": [ 0.0, 0.0, 15.0, 1.0 ] }
            }
        },
        {
            "name": "sideL1",
            "from": [ -1.0, 1.0, 10.0 ], 
            "to": [ 0.5, 15.0, 15.0 ], 
            "faces": {
                "north": { "texture": "#0", "uv": [ 0.0, 0.0, 1.0, 15.0 ] },
                "east": { "texture": "#0", "uv": [ 0.0, 0.0, 5.36, 15.0 ] },
                "south": { "texture": "#0", "uv": [ 0.0, 0.0, 1.0, 15.0 ] },
                "west": { "texture": "#0", "uv": [ 9.64, 0.0, 15.0, 15.0 ] },
                "up": { "texture": "#0", "uv": [ 0.0, 0.0, 15.0, 1.0 ] },
                "down": { "texture": "#0", "uv": [ 0.0, 0.0, 15.0, 1.0 ] }
            }
        },
        {
            "name": "sideR1",
            "from": [ 15.5, 1.0, 10.0 ], 
            "to": [ 17.0, 15.0, 15.0 ], 
            "faces": {
                "north": { "texture": "#0", "uv": [ 0.0, 0.0, 1.0, 15.0 ] },
                "east": { "texture": "#0", "uv": [ 0.0, 0.0, 5.36, 15.0 ] },
                "south": { "texture": "#0", "uv": [ 0.0, 0.0, 1.0, 15.0 ] },
                "west": { "texture": "#0", "uv": [ 9.64, 0.0, 15.0, 15.0 ] },
                "up": { "texture": "#0", "uv": [ 0.0, 0.0, 15.0, 1.0 ] },
                "down": { "texture": "#0", "uv": [ 0.0, 0.0, 15.0, 1.0 ] }
            }
        },
        {
            "name": "sideL2",
            "from": [ -1.0, 1.0, 1.0 ], 
            "to": [ 0.5, 3.0, 10.0 ], 
            "faces": {
                "north": { "texture": "#0", "uv": [ 0.0, 12.86, 1.0, 15.0 ] },
                "east": { "texture": "#0", "uv": [ 5.36, 12.86, 15.0, 15.0 ] },
                "south": { "texture": "#0", "uv": [ 0.0, 0.0, -6.0, 14.0 ] },
                "west": { "texture": "#0", "uv": [ 0.0, 12.86, 9.64, 15.0 ] },
                "up": { "texture": "#0", "uv": [ 0.0, 0.0, 11.0, 0.0 ] },
                "down": { "texture": "#0", "uv": [ 0.0, 0.0, 15.0, 1.0 ] }
            }
        },
        {
            "name": "sideR2",
            "from": [ 15.5, 1.0, 1.0 ], 
            "to": [ 17.0, 3.0, 10.0 ], 
            "faces": {
                "north": { "texture": "#0", "uv": [ 0.0, 12.86, -2.0, 16.0 ] },
                "east": { "texture": "#0", "uv": [ 5.36, 12.86, 14.0, 16.0 ] },
                "south": { "texture": "#0", "uv": [ 0.0, 0.0, -6.0, 14.0 ] },
                "west": { "texture": "#0", "uv": [ 0.0, 12.86, 9.64, 15.0 ] },
                "up": { "texture": "#0", "uv": [ 0.0, 0.0, 11.0, 0.0 ] },
                "down": { "texture": "#0", "uv": [ 0.0, 0.0, 15.0, 1.0 ] }
            }
        },
        {
            "name": "front",
            "from": [ 1.0, 1.0, -1.0 ], 
            "to": [ 15.0, 3.0, 0.5 ], 
            "faces": {
                "north": { "texture": "#0", "uv": [ 0.0, 12.86, 15.0, 15.0 ] },
                "east": { "texture": "#0", "uv": [ 0.0, 12.86, -9.0, 12.0 ] },
                "south": { "texture": "#0", "uv": [ 0.0, 12.86, 15.0, 16.0 ] },
                "west": { "texture": "#0", "uv": [ 0.0, 12.86, 1.0, 15.0 ] },
                "up": { "texture": "#0", "uv": [ 0.0, 0.0, 15.0, 1.0 ] },
                "down": { "texture": "#0", "uv": [ 0.0, 0.0, 15.0, 1.0 ] }
            }
        },
        {
            "name": "backcorner1",
            "from": [ 6.5858, 1.0, 17.8137 ], 
            "to": [ 9.4142, 15.0, 19.3137 ], 
            "rotation": { "origin": [ 8.0, 8.0, 8.0 ], "axis": "y", "angle": -45.0 },
            "faces": {
                "north": { "texture": "#0", "uv": [ 0.0, 0.0, 2.0, 15.0 ] },
                "east": { "texture": "#0", "uv": [ 0.0, 0.0, 1.0, 15.0 ] },
                "south": { "texture": "#0", "uv": [ 0.0, 0.0, 2.0, 15.0 ] },
                "west": { "texture": "#0", "uv": [ 0.0, 0.0, 1.0, 15.0 ] },
                "up": { "texture": "#0", "uv": [ 0.0, 0.0, 15.0, 1.0 ] },
                "down": { "texture": "#0", "uv": [ 0.0, 0.0, 15.0, 1.0 ] }
            }
        },
        {
            "name": "backcorner2",
            "from": [ 6.5858, 1.0, 17.8137 ], 
            "to": [ 9.4142, 15.0, 19.3137 ], 
            "rotation": { "origin": [ 8.0, 8.0, 8.0 ], "axis": "y", "angle": 45.0 },
            "faces": {
                "north": { "texture": "#0", "uv": [ 0.0, 0.0, 2.0, 15.0 ] },
                "east": { "texture": "#0", "uv": [ 0.0, 0.0, 1.0, 15.0 ] },
                "south": { "texture": "#0", "uv": [ 0.0, 0.0, 2.0, 15.0 ] },
                "west": { "texture": "#0", "uv": [ 0.0, 0.0, 1.0, 15.0 ] },
                "up": { "texture": "#0", "uv": [ 0.0, 0.0, 15.0, 1.0 ] },
                "down": { "texture": "#0", "uv": [ 0.0, 0.0, 15.0, 1.0 ] }
            }
        },
        {
            "name": "frontcorner1",
            "from": [ 6.5858, 1.0, -3.3137 ], 
            "to": [ 9.4142, 3.0, -1.8136999999999999 ], 
            "rotation": { "origin": [ 8.0, 8.0, 8.0 ], "axis": "y", "angle": -45.0 },
            "faces": {
                "north": { "texture": "#0", "uv": [ 0.0, 12.0, 2.0, 15.0 ] },
                "east": { "texture": "#0", "uv": [ 0.0, 0.0, 1.0, 15.0 ] },
                "south": { "texture": "#0", "uv": [ 0.0, 12.0, 2.0, 15.0 ] },
                "west": { "texture": "#0", "uv": [ 0.0, 0.0, 1.0, 15.0 ] },
                "up": { "texture": "#0", "uv": [ 0.0, 0.0, 15.0, 1.0 ] },
                "down": { "texture": "#0", "uv": [ 0.0, 0.0, 15.0, 1.0 ] }
            }
        },
        {
            "name": "frontcorner2",
            "from": [ 6.5858, 1.0, -3.3137 ], 
            "to": [ 9.4142, 3.0, -1.8136999999999999 ], 
            "rotation": { "origin": [ 8.0, 8.0, 8.0 ], "axis": "y", "angle": 45.0 },
            "faces": {
                "north": { "texture": "#0", "uv": [ 0.0, 12.0, 2.0, 15.0 ] },
                "east": { "texture": "#0", "uv": [ 0.0, 0.0, 1.0, 15.0 ] },
                "south": { "texture": "#0", "uv": [ 0.0, 12.0, 2.0, 15.0 ] },
                "west": { "texture": "#0", "uv": [ 0.0, 0.0, 1.0, 15.0 ] },
                "up": { "texture": "#0", "uv": [ 0.0, 0.0, 15.0, 1.0 ] },
                "down": { "texture": "#0", "uv": [ 0.0, 0.0, 15.0, 1.0 ] }
            }
        },
        {
            "name": "topcorner1",
            "from": [ -3.3137, 6.5858, 10.0 ], 
            "to": [ -1.8136999999999999, 9.4142, 15.0 ], 
            "rotation": { "origin": [ 8.0, 8.0, 8.0 ], "axis": "z", "angle": -45.0 },
            "faces": {
                "north": { "texture": "#0", "uv": [ 0.0, 0.0, 1.0, 15.0 ] },
                "east": { "texture": "#0", "uv": [ 0.0, 0.0, 5.36, 2.0 ] },
                "south": { "texture": "#0", "uv": [ 0.0, 0.0, 1.0, 15.0 ] },
                "west": { "texture": "#0", "uv": [ 9.64, 0.0, 15.0, 2.0 ] },
                "up": { "texture": "#0", "uv": [ 0.0, 0.0, 15.0, 1.0 ] },
                "down": { "texture": "#0", "uv": [ 0.0, 0.0, 15.0, 1.0 ] }
            }
        },
        {
            "name": "topcorner2",
            "from": [ 17.8137, 6.5858, 10.0 ], 
            "to": [ 19.3137, 9.4142, 15.0 ], 
            "rotation": { "origin": [ 8.0, 8.0, 8.0 ], "axis": "z", "angle": 45.0 },
            "faces": {
                "north": { "texture": "#0", "uv": [ 0.0, 0.0, 1.0, 15.0 ] },
                "east": { "texture": "#0", "uv": [ 0.0, 0.0, 5.36, 2.0 ] },
                "south": { "texture": "#0", "uv": [ 0.0, 0.0, 1.0, 15.0 ] },
                "west": { "texture": "#0", "uv": [ 9.64, 0.0, 15.0, 2.0 ] },
                "up": { "texture": "#0", "uv": [ 0.0, 0.0, 15.0, 1.0 ] },
                "down": { "texture": "#0", "uv": [ 0.0, 0.0, 15.0, 1.0 ] }
            }
        },
        {
            "name": "topcorner3",
            "from": [ 1.0, 17.8137, 6.5858 ], 
            "to": [ 15.0, 19.3137, 9.4142 ], 
            "rotation": { "origin": [ 8.0, 8.0, 8.0 ], "axis": "x", "angle": 45.0 },
            "faces": {
                "north": { "texture": "#0", "uv": [ 0.0, 0.0, 16.0, 1.0 ] },
                "east": { "texture": "#0", "uv": [ 0.0, 0.0, 16.0, 1.0 ] },
                "south": { "texture": "#0", "uv": [ 0.0, 0.0, 16.0, 1.0 ] },
                "west": { "texture": "#0", "uv": [ 0.0, 0.0, 16.0, 1.0 ] },
                "up": { "texture": "#0", "uv": [ 0.0, 0.0, 15.0, 2.0 ] },
                "down": { "texture": "#0", "uv": [ 0.0, 0.0, 15.0, 2.0 ] }
            }
        },
        {
            "name": "top",
            "from": [ 1.0, 15.5, 10.0 ], 
            "to": [ 15.0, 17.0, 15.0 ], 
            "faces": {
                "north": { "texture": "#0", "uv": [ 0.0, 0.0, 16.0, 1.0 ] },
                "east": { "texture": "#0", "uv": [ 0.0, 0.0, 16.0, 1.0 ] },
                "south": { "texture": "#0", "uv": [ 0.0, 0.0, 16.0, 1.0 ] },
                "west": { "texture": "#0", "uv": [ 0.0, 0.0, 7.0, 0.0 ] },
                "up": { "texture": "#0", "uv": [ 0.0, 0.0, 15.0, 5.5 ] },
                "down": { "texture": "#0", "uv": [ 0.0, 0.0, 15.0, 5.5 ] }
            }
        },
        {
            "name": "glass",
            "from": [ 0.0, 3.0, 0.0 ], 
            "to": [ 16.0, 16.0, 10.0 ], 
            "faces": {
                "north": { "texture": "#1", "uv": [ 8.0, 3.0, 9.0, 4.0 ] },
                "east": { "texture": "#1", "uv": [ 8.0, 3.0, 9.0, 4.0 ] },
                "south": { "texture": "#2", "uv": [ 0.0, 0.0, 1.0, 1.0 ] },
                "west": { "texture": "#1", "uv": [ 8.0, 3.0, 9.0, 4.0 ] },
                "up": { "texture": "#1", "uv": [ 8.0, 3.0, 9.0, 4.0 ] },
                "down": { "texture": "#2", "uv": [ 0.0, 0.0, 1.0, 1.0 ] }
            }
        },
        {
            "name": "ScharnierL-M1",
            "from": [ -1.25, 2.5, 7.75 ], 
            "to": [ 0.75, 6.0, 11.25 ], 
            "rotation": { "origin": [ 8.0, 3.5, 9.5 ], "axis": "x", "angle": -45.0 },
            "faces": {
                "north": { "texture": "#3", "uv": [ 5.0, 5.0, 6.0, 6.0 ] },
                "east": { "texture": "#3", "uv": [ 5.0, 5.0, 11.0, 11.0 ] },
                "south": { "texture": "#3", "uv": [ 5.0, 5.0, 6.0, 6.0 ] },
                "west": { "texture": "#3", "uv": [ 5.0, 5.0, 11.0, 11.0 ] },
                "up": { "texture": "#3", "uv": [ 5.0, 5.0, 6.0, 6.0 ] },
                "down": { "texture": "#3", "uv": [ 5.0, 5.0, 6.0, 6.0 ] }
            }
        },
        {
            "name": "ScharnierR-M1",
            "from": [ 15.25, 2.5, 7.75 ], 
            "to": [ 17.25, 6.0, 11.25 ], 
            "rotation": { "origin": [ 8.0, 3.5, 9.5 ], "axis": "x", "angle": -45.0 },
            "faces": {
                "north": { "texture": "#3", "uv": [ 5.0, 5.0, 6.0, 6.0 ] },
                "east": { "texture": "#3", "uv": [ 5.0, 5.0, 11.0, 11.0 ] },
                "south": { "texture": "#3", "uv": [ 5.0, 5.0, 6.0, 6.0 ] },
                "west": { "texture": "#3", "uv": [ 5.0, 5.0, 11.0, 11.0 ] },
                "up": { "texture": "#3", "uv": [ 5.0, 5.0, 6.0, 6.0 ] },
                "down": { "texture": "#3", "uv": [ 5.0, 5.0, 6.0, 6.0 ] }
            }
        },
        {
            "name": "detailL",
            "from": [ -1.1, 11.0, 11.5 ], 
            "to": [ -1.1, 13.5, 14.0 ], 
            "faces": {
                "north": { "texture": "#-1", "uv": [ 0.0, 0.0, 0.0, 2.5 ] },
                "east": { "texture": "#4", "uv": [ 5.0, 5.0, 11.0, 11.0 ] },
                "south": { "texture": "#-1", "uv": [ 0.0, 0.0, 0.0, 2.5 ] },
                "west": { "texture": "#4", "uv": [ 5.0, 5.0, 11.0, 11.0 ] },
                "up": { "texture": "#-1", "uv": [ 0.0, 0.0, 0.0, 2.5 ] },
                "down": { "texture": "#-1", "uv": [ 0.0, 0.0, 0.0, 2.5 ] }
            }
        },
        {
            "name": "detailL-snoer1",
            "from": [ -1.1, 4.0, 12.25 ], 
            "to": [ -1.1, 11.0, 13.25 ], 
            "faces": {
                "north": { "texture": "#-1", "uv": [ 0.0, 0.0, 0.0, 7.0 ] },
                "east": { "texture": "#5", "uv": [ 0.0, 0.0, 2.0, 16.0 ] },
                "south": { "texture": "#-1", "uv": [ 0.0, 0.0, -9.0, 14.0 ] },
                "west": { "texture": "#5", "uv": [ 0.0, 0.0, 2.0, 16.0 ] },
                "up": { "texture": "#-1", "uv": [ 0.0, 0.0, 0.0, 1.0 ] },
                "down": { "texture": "#-1", "uv": [ 0.0, 0.0, 0.0, 1.0 ] }
            }
        },
        {
            "name": "detailL-snoer2",
            "from": [ -1.1, 3.3, 13.4 ], 
            "to": [ -1.1, 6.3, 14.4 ], 
            "rotation": { "origin": [ 8.0, 8.0, 8.0 ], "axis": "x", "angle": 22.5 },
            "faces": {
                "north": { "texture": "#-1", "uv": [ 0.0, 0.0, 0.0, 3.0 ] },
                "east": { "texture": "#5", "uv": [ 0.0, 0.0, 2.0, 8.0 ] },
                "south": { "texture": "#-1", "uv": [ 0.0, 0.0, 0.0, 3.0 ] },
                "west": { "texture": "#5", "uv": [ 0.0, 0.0, 2.0, 8.0 ] },
                "up": { "texture": "#-1", "uv": [ 0.0, 0.0, 0.0, 1.0 ] },
                "down": { "texture": "#-1", "uv": [ 0.0, 0.0, 0.0, 1.0 ] }
            }
        },
        {
            "name": "detailL-snoer3",
            "from": [ -1.1, 1.0, 11.0 ], 
            "to": [ -1.1, 1.6, 12.5 ], 
            "faces": {
                "north": { "texture": "#-1", "uv": [ 0.0, 0.0, 0.0, 0.6 ] },
                "east": { "texture": "#5", "uv": [ 6.0, 3.0, 7.0, 4.0 ] },
                "south": { "texture": "#-1", "uv": [ 10.0, 7.0, 10.0, 7.6 ] },
                "west": { "texture": "#5", "uv": [ 6.0, 3.0, 7.0, 4.0 ] },
                "up": { "texture": "#-1", "uv": [ 0.0, 0.0, 0.0, 1.5 ] },
                "down": { "texture": "#-1", "uv": [ 0.0, 0.0, 0.0, 1.5 ] }
            }
        },
        {
            "name": "detailR",
            "from": [ 17.1, 6.5, 11.5 ], 
            "to": [ 17.1, 13.5, 14.0 ], 
            "faces": {
                "north": { "texture": "#-1", "uv": [ 0.0, 0.0, 0.0, 2.5 ] },
                "east": { "texture": "#6", "uv": [ 5.0, 0.0, 11.0, 16.0 ] },
                "south": { "texture": "#-1", "uv": [ 0.0, 0.0, 0.0, 2.5 ] },
                "west": { "texture": "#6", "uv": [ 5.0, 0.0, 11.0, 16.0 ] },
                "up": { "texture": "#-1", "uv": [ 0.0, 0.0, 0.0, 2.5 ] },
                "down": { "texture": "#-1", "uv": [ 0.0, 0.0, 0.0, 2.5 ] }
            }
        },
        {
            "name": "DetalR-snoer1",
            "from": [ 17.1, 10.5, 14.0 ], 
            "to": [ 17.1, 11.5, 15.05 ], 
            "faces": {
                "north": { "texture": "#-1", "uv": [ 0.0, 0.0, 0.0, 2.5 ] },
                "east": { "texture": "#5", "uv": [ 5.0, 6.0, 7.0, 8.0 ] },
                "south": { "texture": "#-1", "uv": [ 0.0, 0.0, 0.0, 2.5 ] },
                "west": { "texture": "#5", "uv": [ 5.0, 0.0, 11.0, 16.0 ] },
                "up": { "texture": "#-1", "uv": [ 0.0, 0.0, 0.0, 2.5 ] },
                "down": { "texture": "#-1", "uv": [ 0.0, 0.0, 0.0, 2.5 ] }
            }
        },
        {
            "name": "detailR-snoer2",
            "from": [ 19.4137, 10.5, 6.5443999999999996 ], 
            "to": [ 19.4137, 11.5, 9.4556 ], 
            "rotation": { "origin": [ 8.0, 8.0, 8.0 ], "axis": "y", "angle": -45.0 },
            "faces": {
                "north": { "texture": "#-1", "uv": [ 0.0, 0.0, 0.0, 2.5 ] },
                "east": { "texture": "#5", "uv": [ 5.0, 6.0, 10.0, 8.0 ] },
                "south": { "texture": "#-1", "uv": [ 0.0, 0.0, 0.0, 2.5 ] },
                "west": { "texture": "#5", "uv": [ 5.0, 0.0, 11.0, 16.0 ] },
                "up": { "texture": "#-1", "uv": [ 0.0, 0.0, 0.0, 2.5 ] },
                "down": { "texture": "#-1", "uv": [ 0.0, 0.0, 0.0, 2.5 ] }
            }
        },
        {
            "name": "detailR-snoer3",
            "from": [ 11.5, 10.5, 17.1 ], 
            "to": [ 15.05, 11.5, 17.1 ], 
            "faces": {
                "north": { "texture": "#5", "uv": [ 4.0, 5.0, 10.0, 7.0 ] },
                "east": { "texture": "#-1", "uv": [ 0.0, 0.0, 0.0, 1.0 ] },
                "south": { "texture": "#5", "uv": [ 4.0, 5.0, 10.0, 7.0 ] },
                "west": { "texture": "#-1", "uv": [ 0.0, 0.0, -2.0, 3.0 ] },
                "up": { "texture": "#-1", "uv": [ 0.0, 0.0, 3.55, 0.0 ] },
                "down": { "texture": "#-1", "uv": [ 0.0, 0.0, 3.55, 0.0 ] }
            }
        },
        {
            "name": "detailR-snoer4",
            "from": [ 13.5, 1.0, 17.1 ], 
            "to": [ 14.5, 11.0, 17.1 ], 
            "faces": {
                "north": { "texture": "#5", "uv": [ 1.0, 1.0, 3.0, 16.0 ] },
                "east": { "texture": "#-1", "uv": [ 0.0, 0.0, 0.0, 10.0 ] },
                "south": { "texture": "#5", "uv": [ 1.0, 1.0, 3.0, 16.0 ] },
                "west": { "texture": "#-1", "uv": [ 0.0, 0.0, 0.0, 10.0 ] },
                "up": { "texture": "#-1", "uv": [ 0.0, 0.0, 1.0, 0.0 ] },
                "down": { "texture": "#-1", "uv": [ 0.0, 0.0, 1.0, 0.0 ] }
            }
        },
        {
            "name": "Cube",
            "from": [ 3.5, 4.0, 17.0 ], 
            "to": [ 11.5, 13.0, 17.75 ], 
            "faces": {
                "north": { "texture": "#7", "uv": [ 0.0, 0.0, 16.0, 16.0 ] },
                "east": { "texture": "#7", "uv": [ 0.0, 0.0, 0.75, 9.0 ] },
                "south": { "texture": "#7", "uv": [ 0.0, 0.0, 16.0, 16.0 ] },
                "west": { "texture": "#7", "uv": [ 0.0, 0.0, 0.75, 9.0 ] },
                "up": { "texture": "#7", "uv": [ 0.0, 0.0, 8.0, 0.75 ] },
                "down": { "texture": "#7", "uv": [ 0.0, 0.0, 8.0, 0.75 ] }
            }
        }
    ],
"display": {
    "head": {
        "rotation": [ 0, 0, 0 ],
        "translation": [ 0, 0, 0 ],
        "scale": [ 1, 1, 1 ]
    },
    "gui": {
        "rotation": [ 20, -110, 0 ],
        "translation": [ 0, 0, 0 ],
        "scale": [ 0.6, 0.6, 0.6 ]
    }
}
}