{
    "__comment": "Model generated using MrCrayfish's Model Creator (http://mrcrayfish.com/modelcreator/)",
    "textures": {
        "0": "blocks/concrete_green",
        "1": "blocks/hardened_clay_stained_red",
        "2": "blocks/clay",
        "3": "blocks/anvil_base",
        "4": "blocks/glass_orange",
        "5": "blocks/concrete_black"
    },
    "elements": [
        {
            "name": "Cube",
            "from": [ 0.0, -1.0, 0.0 ], 
            "to": [ 16.0, 4.0, 16.0 ], 
            "faces": {
                "north": { "texture": "#0", "uv": [ 0.0, 0.0, 16.0, 5.0 ] },
                "east": { "texture": "#0", "uv": [ 0.0, 0.0, 16.0, 5.0 ] },
                "south": { "texture": "#0", "uv": [ 0.0, 0.0, 16.0, 5.0 ] },
                "west": { "texture": "#0", "uv": [ 0.0, 0.0, 16.0, 5.0 ] },
                "up": { "texture": "#0", "uv": [ 0.0, 0.0, 16.0, 16.0 ] },
                "down": { "texture": "#0", "uv": [ 0.0, 0.0, 16.0, 16.0 ] }
            }
        },
        {
            "name": "Cube",
            "from": [ 0.5000000074505806, 3.0, 0.5000000074505806 ], 
            "to": [ 15.49999999254942, 5.0, 15.50000000745058 ], 
            "faces": {
                "north": { "texture": "#0", "uv": [ 0.0, 0.0, 14.999999985098839, 2.0 ] },
                "east": { "texture": "#0", "uv": [ 0.0, 0.0, 15.0, 2.0 ] },
                "south": { "texture": "#0", "uv": [ 0.0, 0.0, 14.999999985098839, 2.0 ] },
                "west": { "texture": "#0", "uv": [ 0.0, 0.0, 15.0, 2.0 ] },
                "up": { "texture": "#0", "uv": [ 0.0, 0.0, 14.999999985098839, 15.0 ] },
                "down": { "texture": "#0", "uv": [ 0.0, 0.0, 14.999999985098839, 15.0 ] }
            }
        },
        {
            "name": "Cube",
            "from": [ -4.500000007450581, -3.0, 6.0 ], 
            "to": [ -0.5000000074505806, 3.0, 10.0 ], 
            "faces": {
                "north": { "texture": "#1", "uv": [ 0.0, 0.0, 4.0, 6.0 ] },
                "east": { "texture": "#1", "uv": [ 0.0, 0.0, 4.0, 6.0 ] },
                "south": { "texture": "#1", "uv": [ 0.0, 0.0, 4.0, 6.0 ] },
                "west": { "texture": "#1", "uv": [ 0.0, 0.0, 4.0, 6.0 ] },
                "up": { "texture": "#1", "uv": [ 0.0, 0.0, 4.0, 4.0 ] },
                "down": { "texture": "#1", "uv": [ 0.0, 0.0, 4.0, 4.0 ] }
            }
        },
        {
            "name": "Cube",
            "from": [ 16.49999999254942, -3.0, 6.0 ], 
            "to": [ 20.49999999254942, 3.0, 10.0 ], 
            "faces": {
                "north": { "texture": "#1", "uv": [ 0.0, 0.0, 4.0, 6.0 ] },
                "east": { "texture": "#1", "uv": [ 0.0, 0.0, 4.0, 6.0 ] },
                "south": { "texture": "#1", "uv": [ 0.0, 0.0, 4.0, 6.0 ] },
                "west": { "texture": "#1", "uv": [ 0.0, 0.0, 4.0, 6.0 ] },
                "up": { "texture": "#1", "uv": [ 0.0, 0.0, 4.0, 4.0 ] },
                "down": { "texture": "#1", "uv": [ 0.0, 0.0, 4.0, 4.0 ] }
            }
        },
        {
            "name": "Cube",
            "from": [ 16.799999997019768, -3.4999999925494194, 6.300000004470348 ], 
            "to": [ 20.19999998807907, -3.0, 9.699999995529652 ], 
            "faces": {
                "north": { "texture": "#2", "uv": [ 0.0, 0.0, 3.3999999910593033, 0.4999999925494194 ] },
                "east": { "texture": "#2", "uv": [ 0.0, 0.0, 3.3999999910593033, 0.4999999925494194 ] },
                "south": { "texture": "#2", "uv": [ 0.0, 0.0, 3.3999999910593033, 0.4999999925494194 ] },
                "west": { "texture": "#2", "uv": [ 0.0, 0.0, 3.3999999910593033, 0.4999999925494194 ] },
                "up": { "texture": "#2", "uv": [ 0.0, 0.0, 3.3999999910593033, 3.3999999910593033 ] },
                "down": { "texture": "#2", "uv": [ 0.0, 0.0, 3.3999999910593033, 3.3999999910593033 ] }
            }
        },
        {
            "name": "Cube",
            "from": [ 16.799999997019768, 3.0, 6.300000004470348 ], 
            "to": [ 20.19999998807907, 3.4999999925494194, 9.699999995529652 ], 
            "faces": {
                "north": { "texture": "#2", "uv": [ 0.0, 0.0, 3.3999999910593033, 0.4999999925494194 ] },
                "east": { "texture": "#2", "uv": [ 0.0, 0.0, 3.3999999910593033, 0.4999999925494194 ] },
                "south": { "texture": "#2", "uv": [ 0.0, 0.0, 3.3999999910593033, 0.4999999925494194 ] },
                "west": { "texture": "#2", "uv": [ 0.0, 0.0, 3.3999999910593033, 0.4999999925494194 ] },
                "up": { "texture": "#2", "uv": [ 0.0, 0.0, 3.3999999910593033, 3.3999999910593033 ] },
                "down": { "texture": "#2", "uv": [ 0.0, 0.0, 3.3999999910593033, 3.3999999910593033 ] }
            }
        },
        {
            "name": "Cube",
            "from": [ -4.200000002980232, 3.0, 6.300000004470348 ], 
            "to": [ -0.800000011920929, 3.4999999925494194, 9.699999995529652 ], 
            "faces": {
                "north": { "texture": "#2", "uv": [ 0.0, 0.0, 3.3999999910593033, 0.4999999925494194 ] },
                "east": { "texture": "#2", "uv": [ 0.0, 0.0, 3.3999999910593033, 0.4999999925494194 ] },
                "south": { "texture": "#2", "uv": [ 0.0, 0.0, 3.3999999910593033, 0.4999999925494194 ] },
                "west": { "texture": "#2", "uv": [ 0.0, 0.0, 3.3999999910593033, 0.4999999925494194 ] },
                "up": { "texture": "#2", "uv": [ 0.0, 0.0, 3.3999999910593033, 3.3999999910593033 ] },
                "down": { "texture": "#2", "uv": [ 0.0, 0.0, 3.3999999910593033, 3.3999999910593033 ] }
            }
        },
        {
            "name": "Cube",
            "from": [ -4.200000002980232, -3.4999999925494194, 6.300000004470348 ], 
            "to": [ -0.800000011920929, -3.0, 9.699999995529652 ], 
            "faces": {
                "north": { "texture": "#2", "uv": [ 0.0, 0.0, 3.3999999910593033, 0.4999999925494194 ] },
                "east": { "texture": "#2", "uv": [ 0.0, 0.0, 3.3999999910593033, 0.4999999925494194 ] },
                "south": { "texture": "#2", "uv": [ 0.0, 0.0, 3.3999999910593033, 0.4999999925494194 ] },
                "west": { "texture": "#2", "uv": [ 0.0, 0.0, 3.3999999910593033, 0.4999999925494194 ] },
                "up": { "texture": "#2", "uv": [ 0.0, 0.0, 3.3999999910593033, 3.3999999910593033 ] },
                "down": { "texture": "#2", "uv": [ 0.0, 0.0, 3.3999999910593033, 3.3999999910593033 ] }
            }
        },
        {
            "name": "Cube",
            "from": [ -4.700000010430813, -0.4999999925494194, 5.799999997019768 ], 
            "to": [ -0.30000000447034836, 0.5000000074505806, 10.200000002980232 ], 
            "faces": {
                "north": { "texture": "#3", "uv": [ 0.0, 0.0, 4.4000000059604645, 1.0 ] },
                "east": { "texture": "#3", "uv": [ 0.0, 0.0, 4.4000000059604645, 1.0 ] },
                "south": { "texture": "#3", "uv": [ 0.0, 0.0, 4.4000000059604645, 1.0 ] },
                "west": { "texture": "#3", "uv": [ 0.0, 0.0, 4.4000000059604645, 1.0 ] },
                "up": { "texture": "#3", "uv": [ 0.0, 0.0, 4.4000000059604645, 4.4000000059604645 ] },
                "down": { "texture": "#3", "uv": [ 0.0, 0.0, 4.4000000059604645, 4.4000000059604645 ] }
            }
        },
        {
            "name": "Cube",
            "from": [ 16.299999989569187, -0.4999999925494194, 5.799999997019768 ], 
            "to": [ 20.69999999552965, 0.5000000074505806, 10.200000002980232 ], 
            "faces": {
                "north": { "texture": "#3", "uv": [ 0.0, 0.0, 4.4000000059604645, 1.0 ] },
                "east": { "texture": "#3", "uv": [ 0.0, 0.0, 4.4000000059604645, 1.0 ] },
                "south": { "texture": "#3", "uv": [ 0.0, 0.0, 4.4000000059604645, 1.0 ] },
                "west": { "texture": "#3", "uv": [ 0.0, 0.0, 4.4000000059604645, 1.0 ] },
                "up": { "texture": "#3", "uv": [ 0.0, 0.0, 4.4000000059604645, 4.4000000059604645 ] },
                "down": { "texture": "#3", "uv": [ 0.0, 0.0, 4.4000000059604645, 4.4000000059604645 ] }
            }
        },
        {
            "name": "Cube",
            "from": [ -0.4000000059604645, -0.4999999925494194, 7.5999999940395355 ], 
            "to": [ 0.0, 0.5000000074505806, 8.599999994039536 ], 
            "faces": {
                "north": { "texture": "#3", "uv": [ 0.0, 0.0, 0.4000000059604645, 1.0 ] },
                "east": { "texture": "#3", "uv": [ 0.0, 0.0, 1.0, 1.0 ] },
                "south": { "texture": "#3", "uv": [ 0.0, 0.0, 0.4000000059604645, 1.0 ] },
                "west": { "texture": "#3", "uv": [ 0.0, 0.0, 1.0, 1.0 ] },
                "up": { "texture": "#3", "uv": [ 0.0, 0.0, 0.4000000059604645, 1.0 ] },
                "down": { "texture": "#3", "uv": [ 0.0, 0.0, 0.4000000059604645, 1.0 ] }
            }
        },
        {
            "name": "Cube",
            "from": [ -0.4000000059604645, 0.5000000074505806, 7.5999999940395355 ], 
            "to": [ 0.0, 6.500000007450581, 8.599999994039536 ], 
            "faces": {
                "north": { "texture": "#3", "uv": [ 0.0, 0.0, 0.4000000059604645, 6.0 ] },
                "east": { "texture": "#3", "uv": [ 0.0, 0.0, 1.0, 6.0 ] },
                "south": { "texture": "#3", "uv": [ 0.0, 0.0, 0.4000000059604645, 6.0 ] },
                "west": { "texture": "#3", "uv": [ 0.0, 0.0, 1.0, 6.0 ] },
                "up": { "texture": "#3", "uv": [ 0.0, 0.0, 0.4000000059604645, 1.0 ] },
                "down": { "texture": "#3", "uv": [ 0.0, 0.0, 0.4000000059604645, 1.0 ] }
            }
        },
        {
            "name": "Cube",
            "from": [ 0.0, 5.500000007450581, 7.5999999940395355 ], 
            "to": [ 16.400000005960464, 6.500000007450581, 8.599999994039536 ], 
            "faces": {
                "north": { "texture": "#3", "uv": [ 0.0, 0.0, 16.400000005960464, 1.0 ] },
                "east": { "texture": "#3", "uv": [ 0.0, 0.0, 1.0, 1.0 ] },
                "south": { "texture": "#3", "uv": [ 0.0, 0.0, 16.400000005960464, 1.0 ] },
                "west": { "texture": "#3", "uv": [ 0.0, 0.0, 1.0, 1.0 ] },
                "up": { "texture": "#3", "uv": [ 0.0, 0.0, 16.400000005960464, 1.0 ] },
                "down": { "texture": "#3", "uv": [ 0.0, 0.0, 16.400000005960464, 1.0 ] }
            }
        },
        {
            "name": "Cube",
            "from": [ 16.100000001490116, 0.5000000074505806, 7.5999999940395355 ], 
            "to": [ 16.50000000745058, 6.500000007450581, 8.599999994039536 ], 
            "faces": {
                "north": { "texture": "#3", "uv": [ 0.0, 0.0, 0.4000000059604645, 6.0 ] },
                "east": { "texture": "#3", "uv": [ 0.0, 0.0, 1.0, 6.0 ] },
                "south": { "texture": "#3", "uv": [ 0.0, 0.0, 0.4000000059604645, 6.0 ] },
                "west": { "texture": "#3", "uv": [ 0.0, 0.0, 1.0, 6.0 ] },
                "up": { "texture": "#3", "uv": [ 0.0, 0.0, 0.4000000059604645, 1.0 ] },
                "down": { "texture": "#3", "uv": [ 0.0, 0.0, 0.4000000059604645, 1.0 ] }
            }
        },
        {
            "name": "Cube",
            "from": [ 16.100000001490116, -0.4999999925494194, 7.5999999940395355 ], 
            "to": [ 16.50000000745058, 0.5000000074505806, 8.599999994039536 ], 
            "faces": {
                "north": { "texture": "#3", "uv": [ 0.0, 0.0, 0.4000000059604645, 1.0 ] },
                "east": { "texture": "#3", "uv": [ 0.0, 0.0, 1.0, 1.0 ] },
                "south": { "texture": "#3", "uv": [ 0.0, 0.0, 0.4000000059604645, 1.0 ] },
                "west": { "texture": "#3", "uv": [ 0.0, 0.0, 1.0, 1.0 ] },
                "up": { "texture": "#3", "uv": [ 0.0, 0.0, 0.4000000059604645, 1.0 ] },
                "down": { "texture": "#3", "uv": [ 0.0, 0.0, 0.4000000059604645, 1.0 ] }
            }
        },
        {
            "name": "Cube",
            "from": [ -2.100000001490116, 3.5000000074505806, 7.5999999940395355 ], 
            "to": [ -1.6999999955296516, 7.500000007450581, 8.099999986588955 ], 
            "faces": {
                "north": { "texture": "#4", "uv": [ 0.0, 0.0, 0.4000000059604645, 4.0 ] },
                "east": { "texture": "#4", "uv": [ 0.0, 0.0, 0.4999999925494194, 4.0 ] },
                "south": { "texture": "#4", "uv": [ 0.0, 0.0, 0.4000000059604645, 4.0 ] },
                "west": { "texture": "#4", "uv": [ 0.0, 0.0, 0.4999999925494194, 4.0 ] },
                "up": { "texture": "#4", "uv": [ 0.0, 0.0, 0.4000000059604645, 0.4999999925494194 ] },
                "down": { "texture": "#4", "uv": [ 0.0, 0.0, 0.4000000059604645, 0.4999999925494194 ] }
            }
        },
        {
            "name": "Cube",
            "from": [ 17.799999997019768, 3.5000000074505806, 7.5999999940395355 ], 
            "to": [ 18.200000002980232, 7.500000007450581, 8.099999986588955 ], 
            "faces": {
                "north": { "texture": "#4", "uv": [ 0.0, 0.0, 0.4000000059604645, 4.0 ] },
                "east": { "texture": "#4", "uv": [ 0.0, 0.0, 0.4999999925494194, 4.0 ] },
                "south": { "texture": "#4", "uv": [ 0.0, 0.0, 0.4000000059604645, 4.0 ] },
                "west": { "texture": "#4", "uv": [ 0.0, 0.0, 0.4999999925494194, 4.0 ] },
                "up": { "texture": "#4", "uv": [ 0.0, 0.0, 0.4000000059604645, 0.4999999925494194 ] },
                "down": { "texture": "#4", "uv": [ 0.0, 0.0, 0.4000000059604645, 0.4999999925494194 ] }
            }
        },
        {
            "name": "Cube",
            "from": [ -1.1000000014901161, 3.700000010430813, 7.5999999940395355 ], 
            "to": [ -0.6999999955296516, 5.700000010430813, 8.099999986588955 ], 
            "rotation": { "origin": [ 8.0, 8.0, 8.0 ], "axis": "z", "angle": -22.5 },
            "faces": {
                "north": { "texture": "#4", "uv": [ 0.0, 0.0, 0.4000000059604645, 2.0 ] },
                "east": { "texture": "#4", "uv": [ 0.0, 0.0, 0.4999999925494194, 2.0 ] },
                "south": { "texture": "#4", "uv": [ 0.0, 0.0, 0.4000000059604645, 2.0 ] },
                "west": { "texture": "#4", "uv": [ 0.0, 0.0, 0.4999999925494194, 2.0 ] },
                "up": { "texture": "#4", "uv": [ 0.0, 0.0, 0.4000000059604645, 0.4999999925494194 ] },
                "down": { "texture": "#4", "uv": [ 0.0, 0.0, 0.4000000059604645, 0.4999999925494194 ] }
            }
        },
        {
            "name": "Cube",
            "from": [ 0.4999999925494194, 2.3999999910593033, 7.5999999940395355 ], 
            "to": [ 0.8999999985098839, 3.8999999836087227, 8.099999986588955 ], 
            "rotation": { "origin": [ 8.0, 8.0, 8.0 ], "axis": "z", "angle": -45.0 },
            "faces": {
                "north": { "texture": "#4", "uv": [ 0.0, 0.0, 0.4000000059604645, 1.4999999925494194 ] },
                "east": { "texture": "#4", "uv": [ 0.0, 0.0, 0.4999999925494194, 1.4999999925494194 ] },
                "south": { "texture": "#4", "uv": [ 0.0, 0.0, 0.4000000059604645, 1.4999999925494194 ] },
                "west": { "texture": "#4", "uv": [ 0.0, 0.0, 0.4999999925494194, 1.4999999925494194 ] },
                "up": { "texture": "#4", "uv": [ 0.0, 0.0, 0.4000000059604645, 0.4999999925494194 ] },
                "down": { "texture": "#4", "uv": [ 0.0, 0.0, 0.4000000059604645, 0.4999999925494194 ] }
            }
        },
        {
            "name": "Cube",
            "from": [ -0.20000001788139343, 9.999999985098839, 7.5999999940395355 ], 
            "to": [ 1.3000000044703484, 10.399999961256981, 8.099999986588955 ], 
            "faces": {
                "north": { "texture": "#4", "uv": [ 0.0, 0.0, 1.5000000223517418, 0.3999999761581421 ] },
                "east": { "texture": "#4", "uv": [ 0.0, 0.0, 0.4999999925494194, 0.3999999761581421 ] },
                "south": { "texture": "#4", "uv": [ 0.0, 0.0, 1.5000000223517418, 0.3999999761581421 ] },
                "west": { "texture": "#4", "uv": [ 0.0, 0.0, 0.4999999925494194, 0.3999999761581421 ] },
                "up": { "texture": "#4", "uv": [ 0.0, 0.0, 1.5000000223517418, 0.4999999925494194 ] },
                "down": { "texture": "#4", "uv": [ 0.0, 0.0, 1.5000000223517418, 0.4999999925494194 ] }
            }
        },
        {
            "name": "Cube",
            "from": [ 0.8999999985098839, 7.299999989569187, 7.5999999940395355 ], 
            "to": [ 5.900000013411045, 7.699999965727329, 8.099999986588955 ], 
            "rotation": { "origin": [ 8.0, 8.0, 8.0 ], "axis": "z", "angle": -22.5 },
            "faces": {
                "north": { "texture": "#4", "uv": [ 0.0, 0.0, 5.000000014901161, 0.3999999761581421 ] },
                "east": { "texture": "#4", "uv": [ 0.0, 0.0, 0.4999999925494194, 0.3999999761581421 ] },
                "south": { "texture": "#4", "uv": [ 0.0, 0.0, 5.000000014901161, 0.3999999761581421 ] },
                "west": { "texture": "#4", "uv": [ 0.0, 0.0, 0.4999999925494194, 0.3999999761581421 ] },
                "up": { "texture": "#4", "uv": [ 0.0, 0.0, 5.000000014901161, 0.4999999925494194 ] },
                "down": { "texture": "#4", "uv": [ 0.0, 0.0, 5.000000014901161, 0.4999999925494194 ] }
            }
        },
        {
            "name": "Cube",
            "from": [ 6.0, 5.0, 7.099999986588955 ], 
            "to": [ 10.0, 7.0, 9.099999986588955 ], 
            "faces": {
                "north": { "texture": "#5", "uv": [ 0.0, 0.0, 4.0, 2.0 ] },
                "east": { "texture": "#5", "uv": [ 0.0, 0.0, 2.0, 2.0 ] },
                "south": { "texture": "#5", "uv": [ 0.0, 0.0, 4.0, 2.0 ] },
                "west": { "texture": "#5", "uv": [ 0.0, 0.0, 2.0, 2.0 ] },
                "up": { "texture": "#5", "uv": [ 0.0, 0.0, 4.0, 2.0 ] },
                "down": { "texture": "#5", "uv": [ 0.0, 0.0, 4.0, 2.0 ] }
            }
        },
        {
            "name": "Cube",
            "from": [ 6.19999997317791, 6.499999977648258, 7.5999999940395355 ], 
            "to": [ 8.699999995529652, 6.8999999538064, 8.099999986588955 ], 
            "rotation": { "origin": [ 8.0, 8.0, 8.0 ], "axis": "z", "angle": -45.0 },
            "faces": {
                "north": { "texture": "#4", "uv": [ 0.0, 0.0, 2.500000022351742, 0.3999999761581421 ] },
                "east": { "texture": "#4", "uv": [ 0.0, 0.0, 0.4999999925494194, 0.3999999761581421 ] },
                "south": { "texture": "#4", "uv": [ 0.0, 0.0, 2.500000022351742, 0.3999999761581421 ] },
                "west": { "texture": "#4", "uv": [ 0.0, 0.0, 0.4999999925494194, 0.3999999761581421 ] },
                "up": { "texture": "#4", "uv": [ 0.0, 0.0, 2.500000022351742, 0.4999999925494194 ] },
                "down": { "texture": "#4", "uv": [ 0.0, 0.0, 2.500000022351742, 0.4999999925494194 ] }
            }
        },
        {
            "name": "Cube",
            "from": [ 7.399999991059303, 6.399999976158142, 7.5999999940395355 ], 
            "to": [ 9.900000013411045, 6.799999952316284, 8.099999986588955 ], 
            "rotation": { "origin": [ 8.0, 8.0, 8.0 ], "axis": "z", "angle": 45.0 },
            "faces": {
                "north": { "texture": "#4", "uv": [ 0.0, 0.0, 2.500000022351742, 0.3999999761581421 ] },
                "east": { "texture": "#4", "uv": [ 0.0, 0.0, 0.4999999925494194, 0.3999999761581421 ] },
                "south": { "texture": "#4", "uv": [ 0.0, 0.0, 2.500000022351742, 0.3999999761581421 ] },
                "west": { "texture": "#4", "uv": [ 0.0, 0.0, 0.4999999925494194, 0.3999999761581421 ] },
                "up": { "texture": "#4", "uv": [ 0.0, 0.0, 2.500000022351742, 0.4999999925494194 ] },
                "down": { "texture": "#4", "uv": [ 0.0, 0.0, 2.500000022351742, 0.4999999925494194 ] }
            }
        },
        {
            "name": "Cube",
            "from": [ 16.799999982118607, 3.5999999940395355, 7.5999999940395355 ], 
            "to": [ 17.19999998807907, 5.5999999940395355, 8.099999986588955 ], 
            "rotation": { "origin": [ 8.0, 8.0, 8.0 ], "axis": "z", "angle": 22.5 },
            "faces": {
                "north": { "texture": "#4", "uv": [ 0.0, 0.0, 0.4000000059604645, 2.0 ] },
                "east": { "texture": "#4", "uv": [ 0.0, 0.0, 0.4999999925494194, 2.0 ] },
                "south": { "texture": "#4", "uv": [ 0.0, 0.0, 0.4000000059604645, 2.0 ] },
                "west": { "texture": "#4", "uv": [ 0.0, 0.0, 0.4999999925494194, 2.0 ] },
                "up": { "texture": "#4", "uv": [ 0.0, 0.0, 0.4000000059604645, 0.4999999925494194 ] },
                "down": { "texture": "#4", "uv": [ 0.0, 0.0, 0.4000000059604645, 0.4999999925494194 ] }
            }
        },
        {
            "name": "Cube",
            "from": [ 15.199999988079071, 2.299999989569187, 7.5999999940395355 ], 
            "to": [ 15.599999994039536, 3.7999999821186066, 8.099999986588955 ], 
            "rotation": { "origin": [ 8.0, 8.0, 8.0 ], "axis": "z", "angle": 45.0 },
            "faces": {
                "north": { "texture": "#4", "uv": [ 0.0, 0.0, 0.4000000059604645, 1.4999999925494194 ] },
                "east": { "texture": "#4", "uv": [ 0.0, 0.0, 0.4999999925494194, 1.4999999925494194 ] },
                "south": { "texture": "#4", "uv": [ 0.0, 0.0, 0.4000000059604645, 1.4999999925494194 ] },
                "west": { "texture": "#4", "uv": [ 0.0, 0.0, 0.4999999925494194, 1.4999999925494194 ] },
                "up": { "texture": "#4", "uv": [ 0.0, 0.0, 0.4000000059604645, 0.4999999925494194 ] },
                "down": { "texture": "#4", "uv": [ 0.0, 0.0, 0.4000000059604645, 0.4999999925494194 ] }
            }
        },
        {
            "name": "Cube",
            "from": [ 14.799999982118607, 9.999999985098839, 7.5999999940395355 ], 
            "to": [ 16.30000000447035, 10.399999961256981, 8.099999986588955 ], 
            "faces": {
                "north": { "texture": "#4", "uv": [ 0.0, 0.0, 1.5000000223517418, 0.3999999761581421 ] },
                "east": { "texture": "#4", "uv": [ 0.0, 0.0, 0.4999999925494194, 0.3999999761581421 ] },
                "south": { "texture": "#4", "uv": [ 0.0, 0.0, 1.5000000223517418, 0.3999999761581421 ] },
                "west": { "texture": "#4", "uv": [ 0.0, 0.0, 0.4999999925494194, 0.3999999761581421 ] },
                "up": { "texture": "#4", "uv": [ 0.0, 0.0, 1.5000000223517418, 0.4999999925494194 ] },
                "down": { "texture": "#4", "uv": [ 0.0, 0.0, 1.5000000223517418, 0.4999999925494194 ] }
            }
        },
        {
            "name": "Cube",
            "from": [ 10.199999988079071, 7.199999988079071, 7.5999999940395355 ], 
            "to": [ 15.200000017881393, 7.599999964237213, 8.099999986588955 ], 
            "rotation": { "origin": [ 8.0, 8.0, 8.0 ], "axis": "z", "angle": 22.5 },
            "faces": {
                "north": { "texture": "#4", "uv": [ 0.0, 0.0, 5.000000029802322, 0.3999999761581421 ] },
                "east": { "texture": "#4", "uv": [ 0.0, 0.0, 0.4999999925494194, 0.3999999761581421 ] },
                "south": { "texture": "#4", "uv": [ 0.0, 0.0, 5.000000029802322, 0.3999999761581421 ] },
                "west": { "texture": "#4", "uv": [ 0.0, 0.0, 0.4999999925494194, 0.3999999761581421 ] },
                "up": { "texture": "#4", "uv": [ 0.0, 0.0, 5.000000029802322, 0.4999999925494194 ] },
                "down": { "texture": "#4", "uv": [ 0.0, 0.0, 5.000000029802322, 0.4999999925494194 ] }
            }
        }
	],
"display": {
    "head": {
        "rotation": [ 0, 0, 0 ],
        "translation": [ 0, 10.91, 0 ],
        "scale": [ 1, 1, 1 ]
    },
    "gui": {
        "rotation": [ 9, 21, 0 ],
        "translation": [ 0, 2, 0 ],
        "scale": [ 0.8, 0.8, 0.8 ]
    }
}
}