{
    "__comment": "Model generated using MrCrayfish's Model Creator (http://mrcrayfish.com/modelcreator/)",
    "textures": {
        "particle": "blocks/cardboardbox0",
        "0": "blocks/cardboardbox",
        "1": "blocks/hardened_clay_stained_brown",
        "2": "blocks/hardened_clay_stained_brown",
        "3": "blocks/arrow-up-c"
    },
    "elements": [
        {
            "name": "Element",
            "from": [ 3.0, 10.0, 1.0 ], 
            "to": [ 13.0, 11.0, 15.0 ], 
            "faces": {
                "north": { "texture": "#0", "uv": [ 6.0, 3.0, 10.0, 7.0 ] },
                "east": { "texture": "#0", "uv": [ 6.0, 4.0, 9.0, 9.0 ] },
                "south": { "texture": "#0", "uv": [ 6.0, 3.0, 10.0, 9.0 ] },
                "west": { "texture": "#0", "uv": [ 6.0, 2.0, 11.0, 7.0 ] },
                "up": { "texture": "#0", "uv": [ 6.0, 1.0, 10.0, 15.0 ] },
                "down": { "texture": "#0", "uv": [ 6.0, 1.0, 10.0, 15.0 ] }
            }
        },
        {
            "name": "Element",
            "from": [ 3.0, 4.0, 14.0 ], 
            "to": [ 13.0, 10.0, 15.0 ], 
            "faces": {
                "north": { "texture": "#0", "uv": [ 6.0, 3.0, 10.0, 9.0 ] },
                "east": { "texture": "#0", "uv": [ 9.0, 2.0, 10.0, 8.0 ] },
                "south": { "texture": "#0", "uv": [ 7.0, 4.0, 10.0, 10.0 ] },
                "west": { "texture": "#0", "uv": [ 8.0, 3.0, 9.0, 9.0 ] },
                "up": { "texture": "#0", "uv": [ 7.0, 4.0, 10.0, 7.0 ] },
                "down": { "texture": "#0", "uv": [ 7.0, 4.0, 10.0, 7.0 ] }
            }
        },
        {
            "name": "Element",
            "from": [ 3.0, 4.0, 1.0 ], 
            "to": [ 13.0, 10.0, 2.0 ], 
            "faces": {
                "north": { "texture": "#0", "uv": [ 7.0, 4.0, 11.0, 11.0 ] },
                "east": { "texture": "#0", "uv": [ 8.0, 4.0, 9.0, 10.0 ] },
                "south": { "texture": "#0", "uv": [ 7.0, 3.0, 11.0, 9.0 ] },
                "west": { "texture": "#0", "uv": [ 8.0, 2.0, 9.0, 8.0 ] },
                "up": { "texture": "#0", "uv": [ 7.0, 5.0, 10.0, 9.0 ] },
                "down": { "texture": "#0", "uv": [ 7.0, 5.0, 10.0, 10.0 ] }
            }
        },
        {
            "name": "Element",
            "from": [ 3.0, 4.0, 2.0 ], 
            "to": [ 4.0, 10.0, 14.0 ], 
            "faces": {
                "north": { "texture": "#0", "uv": [ 8.0, 7.0, 9.0, 13.0 ] },
                "east": { "texture": "#0", "uv": [ 6.0, 2.0, 10.0, 8.0 ] },
                "south": { "texture": "#0", "uv": [ 8.0, 7.0, 9.0, 13.0 ] },
                "west": { "texture": "#0", "uv": [ 6.0, 4.0, 11.0, 10.0 ] },
                "up": { "texture": "#0", "uv": [ 8.0, 2.0, 9.0, 14.0 ] },
                "down": { "texture": "#0", "uv": [ 8.0, 2.0, 9.0, 14.0 ] }
            }
        },
        {
            "name": "Element",
            "from": [ 12.0, 4.0, 2.0 ], 
            "to": [ 13.0, 10.0, 14.0 ], 
            "faces": {
                "north": { "texture": "#0", "uv": [ 9.0, 7.0, 10.0, 13.0 ] },
                "east": { "texture": "#0", "uv": [ 6.0, 2.0, 11.0, 8.0 ] },
                "south": { "texture": "#0", "uv": [ 8.0, 7.0, 9.0, 13.0 ] },
                "west": { "texture": "#0", "uv": [ 7.0, 3.0, 11.0, 10.0 ] },
                "up": { "texture": "#0", "uv": [ 9.0, 1.0, 10.0, 13.0 ] },
                "down": { "texture": "#0", "uv": [ 9.0, 2.0, 10.0, 14.0 ] }
            }
        },
        {
            "name": "Element",
            "from": [ -1.2, 6.0, 1.0 ], 
            "to": [ 3.8, 7.0, 15.0 ], 
            "rotation": { "origin": [ 8.0, 8.0, 8.0 ], "axis": "z", "angle": 22.5 },
            "faces": {
                "north": { "texture": "#0", "uv": [ 6.0, 2.0, 11.0, 3.0 ] },
                "east": { "texture": "#0", "uv": [ 6.0, 9.0, 10.0, 10.0 ] },
                "south": { "texture": "#0", "uv": [ 6.0, 4.0, 10.0, 7.0 ] },
                "west": { "texture": "#0", "uv": [ 6.0, 2.0, 11.0, 6.0 ] },
                "up": { "texture": "#0", "uv": [ 7.0, 3.0, 10.0, 14.0 ] },
                "down": { "texture": "#0", "uv": [ 6.0, 1.0, 10.0, 14.0 ] }
            }
        },
        {
            "name": "Element",
            "from": [ 12.0, 6.0, 1.0 ], 
            "to": [ 17.0, 7.0, 15.0 ], 
            "rotation": { "origin": [ 8.0, 8.0, 8.0 ], "axis": "z", "angle": -22.5 },
            "faces": {
                "north": { "texture": "#0", "uv": [ 6.0, 4.0, 11.0, 5.0 ] },
                "east": { "texture": "#0", "uv": [ 6.0, 6.0, 11.0, 7.0 ] },
                "south": { "texture": "#0", "uv": [ 6.0, 3.0, 11.0, 4.0 ] },
                "west": { "texture": "#0", "uv": [ 6.0, 4.0, 10.0, 9.0 ] },
                "up": { "texture": "#0", "uv": [ 6.0, 1.0, 10.0, 15.0 ] },
                "down": { "texture": "#0", "uv": [ 6.0, 1.0, 10.0, 15.0 ] }
            }
        },
        {
            "name": "Cube",
            "from": [ 7.0, 10.1, 0.9 ], 
            "to": [ 9.0, 11.1, 15.1 ], 
            "faces": {
                "north": { "texture": "#1", "uv": [ 0.0, 0.0, 2.0, 1.0 ] },
                "east": { "texture": "#1", "uv": [ 0.0, 0.0, 14.2, 1.0 ] },
                "south": { "texture": "#1", "uv": [ 0.0, 0.0, 2.0, 1.0 ] },
                "west": { "texture": "#1", "uv": [ 0.0, 0.0, 14.2, 1.0 ] },
                "up": { "texture": "#1", "uv": [ 0.0, 0.0, 2.0, 14.2 ] },
                "down": { "texture": "#1", "uv": [ 0.0, 0.0, 2.0, 14.2 ] }
            }
        },
        {
            "name": "Cube",
            "from": [ -1.15, 6.1, 1.1 ], 
            "to": [ -0.1499999999999999, 7.1, 14.9 ], 
            "rotation": { "origin": [ 8.0, 8.0, 8.0 ], "axis": "z", "angle": 22.5 },
            "faces": {
                "north": { "texture": "#2", "uv": [ 6.0, 2.0, 7.0, 3.0 ] },
                "east": { "texture": "#2", "uv": [ 6.0, 9.0, 10.0, 10.0 ] },
                "south": { "texture": "#2", "uv": [ 6.0, 4.0, 10.0, 7.0 ] },
                "west": { "texture": "#2", "uv": [ 6.0, 2.0, 11.0, 6.0 ] },
                "up": { "texture": "#2", "uv": [ 7.0, 3.0, 10.0, 14.0 ] },
                "down": { "texture": "#2", "uv": [ 6.0, 1.0, 10.0, 14.0 ] }
            }
        },
        {
            "name": "Cube",
            "from": [ 15.95, 6.1, 1.1 ], 
            "to": [ 16.95, 7.1, 14.9 ], 
            "rotation": { "origin": [ 8.0, 8.0, 8.0 ], "axis": "z", "angle": -22.5 },
            "faces": {
                "north": { "texture": "#2", "uv": [ 6.0, 4.0, 7.0, 5.0 ] },
                "east": { "texture": "#2", "uv": [ 6.0, 6.0, 11.0, 7.0 ] },
                "south": { "texture": "#2", "uv": [ 6.0, 3.0, 7.0, 4.0 ] },
                "west": { "texture": "#2", "uv": [ 6.0, 4.0, 10.0, 9.0 ] },
                "up": { "texture": "#2", "uv": [ 6.0, 1.0, 10.0, 15.0 ] },
                "down": { "texture": "#2", "uv": [ 6.0, 1.0, 10.0, 15.0 ] }
            }
        },
        {
            "name": "Cube",
            "from": [ 2.95, 6.0, 3.0 ], 
            "to": [ 3.95, 10.0, 8.0 ], 
            "faces": {
                "north": { "texture": "#3", "uv": [ 0.0, 0.0, 1.0, 4.0 ] },
                "east": { "texture": "#3", "uv": [ 0.0, 0.0, 5.0, 4.0 ] },
                "south": { "texture": "#3", "uv": [ 0.0, 0.0, 1.0, 4.0 ] },
                "west": { "texture": "#3", "uv": [ 0.0, 0.0, 16.0, 15.0 ], "rotation": 180 },
                "up": { "texture": "#3", "uv": [ 0.0, 0.0, 1.0, 5.0 ] },
                "down": { "texture": "#3", "uv": [ 0.0, 0.0, 1.0, 5.0 ] }
            }
        },
        {
            "name": "Cube",
            "from": [ 2.95, 6.0, 8.0 ], 
            "to": [ 3.95, 10.0, 13.0 ], 
            "faces": {
                "north": { "texture": "#3", "uv": [ 0.0, 0.0, 1.0, 4.0 ], "rotation": 180 },
                "east": { "texture": "#3", "uv": [ 0.0, 0.0, 5.0, 4.0 ], "rotation": 180 },
                "south": { "texture": "#3", "uv": [ 0.0, 0.0, 1.0, 4.0 ] },
                "west": { "texture": "#3", "uv": [ 0.0, 0.0, 16.0, 15.0 ], "rotation": 180 },
                "up": { "texture": "#3", "uv": [ 0.0, 0.0, 1.0, 5.0 ] },
                "down": { "texture": "#3", "uv": [ 0.0, 0.0, 1.0, 5.0 ] }
            }
        },
        {
            "name": "Cube",
            "from": [ 3.0, 4.0, 1.0 ], 
            "to": [ 13.0, 10.0, 2.0 ], 
            "faces": {
                "north": { "texture": "#0", "uv": [ 7.0, 4.0, 11.0, 11.0 ] },
                "east": { "texture": "#0", "uv": [ 8.0, 4.0, 9.0, 10.0 ] },
                "south": { "texture": "#0", "uv": [ 7.0, 3.0, 11.0, 9.0 ] },
                "west": { "texture": "#0", "uv": [ 8.0, 2.0, 9.0, 8.0 ] },
                "up": { "texture": "#0", "uv": [ 7.0, 5.0, 10.0, 9.0 ] },
                "down": { "texture": "#0", "uv": [ 7.0, 5.0, 10.0, 10.0 ] }
            }
        },
        {
            "name": "Cube",
            "from": [ 12.1, 6.0, 8.0 ], 
            "to": [ 13.1, 10.0, 13.0 ], 
            "faces": {
                "north": { "texture": "#3", "uv": [ 0.0, 0.0, 1.0, 4.0 ] },
                "east": { "texture": "#3", "uv": [ 0.0, 0.0, 16.0, 16.0 ], "rotation": 180 },
                "south": { "texture": "#3", "uv": [ 0.0, 0.0, 1.0, 4.0 ] },
                "west": { "texture": "#3", "uv": [ 0.0, 0.0, 16.0, 15.0 ] },
                "up": { "texture": "#3", "uv": [ 0.0, 0.0, 1.0, 5.0 ] },
                "down": { "texture": "#3", "uv": [ 0.0, 0.0, 1.0, 5.0 ] }
            }
        },
        {
            "name": "Cube",
            "from": [ 12.1, 6.0, 3.0 ], 
            "to": [ 13.1, 10.0, 8.0 ], 
            "faces": {
                "north": { "texture": "#3", "uv": [ 0.0, 0.0, 1.0, 4.0 ] },
                "east": { "texture": "#3", "uv": [ 0.0, 0.0, 16.0, 16.0 ], "rotation": 180 },
                "south": { "texture": "#3", "uv": [ 0.0, 0.0, 1.0, 4.0 ] },
                "west": { "texture": "#3", "uv": [ 0.0, 0.0, 16.0, 15.0 ], "rotation": 180 },
                "up": { "texture": "#3", "uv": [ 0.0, 0.0, 1.0, 5.0 ] },
                "down": { "texture": "#3", "uv": [ 0.0, 0.0, 1.0, 5.0 ] }
            }
        }
	],
"display": {
    "head": {
        "rotation": [ 23, 180, 0 ],
        "translation": [ 0, 5.29, 1.89 ],
        "scale": [ 1.6, 1.4, 1.6 ]
    },
    "gui": {
        "rotation": [ 9, 21, 0 ],
        "translation": [ 0, 0, 0 ],
        "scale": [ 0.8, 0.8, 0.8 ]
    }
}
}