{
    "__comment": "Model generated using MrCrayfish's Model Creator (http://mrcrayfish.com/modelcreator/)",
    "textures": {
        "0": "blocks/Cardboardbox",
        "1": "blocks/creeper gezicht",
        "2": "blocks/Cardboardbox",
        "3": "blocks/Cardboardbox"
    },
    "elements": [
        {
            "name": "Cube",
            "from": [ 0.0, 1.0, 0.0 ], 
            "to": [ 16.0, 19.0, 1.0 ], 
            "faces": {
                "north": { "texture": "#0", "uv": [ 5.0, 0.0, 11.0, 14.0 ] },
                "east": { "texture": "#0", "uv": [ 7.0, 0.0, 8.0, 15.0 ] },
                "south": { "texture": "#0", "uv": [ 5.0, 0.0, 11.0, 15.0 ] },
                "west": { "texture": "#0", "uv": [ 6.0, 0.0, 10.0, 15.0 ] },
                "up": { "texture": "#0", "uv": [ 6.0, 1.0, 10.0, 10.0 ] },
                "down": { "texture": "#0", "uv": [ 7.0, 4.0, 11.0, 9.0 ] }
            }
        },
        {
            "name": "Cube",
            "from": [ 0.0, 1.9999999850988388, 15.0 ], 
            "to": [ 16.0, 17.99999998509884, 16.0 ], 
            "faces": {
                "north": { "texture": "#0", "uv": [ 6.0, 2.0, 10.0, 10.49999999254942 ] },
                "east": { "texture": "#0", "uv": [ 8.0, 4.0, 9.0, 9.49999999254942 ] },
                "south": { "texture": "#1", "uv": [ 3.0, 3.0, 13.0, 12.49999999254942 ] },
                "west": { "texture": "#0", "uv": [ 7.0, 2.0, 8.0, 7.499999992549419 ] },
                "up": { "texture": "#0", "uv": [ 6.0, 3.0, 10.0, 7.0 ] },
                "down": { "texture": "#0", "uv": [ 5.0, 3.0, 11.0, 10.0 ] }
            }
        },
        {
            "name": "Cube",
            "from": [ 0.0, 18.0, 1.0 ], 
            "to": [ 16.0, 19.0, 16.0 ], 
            "faces": {
                "north": { "texture": "#0", "uv": [ 5.0, 0.0, 11.0, 14.0 ] },
                "east": { "texture": "#0", "uv": [ 7.0, 0.0, 8.0, 15.0 ] },
                "south": { "texture": "#0", "uv": [ 5.0, 0.0, 11.0, 15.0 ] },
                "west": { "texture": "#0", "uv": [ 6.0, 0.0, 10.0, 15.0 ] },
                "up": { "texture": "#0", "uv": [ 6.0, 1.0, 10.0, 10.0 ] },
                "down": { "texture": "#0", "uv": [ 7.0, 4.0, 11.0, 9.0 ] }
            }
        },
        {
            "name": "Cube",
            "from": [ 15.0, 1.0, 1.0 ], 
            "to": [ 16.0, 18.0, 15.0 ], 
            "faces": {
                "north": { "texture": "#0", "uv": [ 5.0, 0.0, 11.0, 14.0 ] },
                "east": { "texture": "#0", "uv": [ 7.0, 0.0, 8.0, 15.0 ] },
                "south": { "texture": "#0", "uv": [ 5.0, 0.0, 11.0, 15.0 ] },
                "west": { "texture": "#0", "uv": [ 6.0, 0.0, 10.0, 15.0 ] },
                "up": { "texture": "#0", "uv": [ 6.0, 1.0, 10.0, 10.0 ] },
                "down": { "texture": "#0", "uv": [ 7.0, 4.0, 11.0, 9.0 ] }
            }
        },
        {
            "name": "Cube",
            "from": [ 0.0, 1.0, 1.0 ], 
            "to": [ 1.0, 18.0, 15.0 ], 
            "faces": {
                "north": { "texture": "#0", "uv": [ 5.0, 0.0, 11.0, 14.0 ] },
                "east": { "texture": "#0", "uv": [ 7.0, 0.0, 8.0, 15.0 ] },
                "south": { "texture": "#0", "uv": [ 5.0, 0.0, 11.0, 15.0 ] },
                "west": { "texture": "#0", "uv": [ 6.0, 0.0, 10.0, 15.0 ] },
                "up": { "texture": "#0", "uv": [ 6.0, 1.0, 10.0, 10.0 ] },
                "down": { "texture": "#0", "uv": [ 7.0, 4.0, 11.0, 9.0 ] }
            }
        },
        {
            "name": "Cube",
            "from": [ 0.0, -2.4999999925494194, 6.600000008940697 ], 
            "to": [ 1.0, -0.4999999925494194, 8.600000008940697 ], 
            "rotation": { "origin": [ 8.0, 8.0, 8.0 ], "axis": "x", "angle": -45.0 },
            "faces": {
                "north": { "texture": "#2", "uv": [ 7.0, 4.0, 8.0, 5.0 ] },
                "east": { "texture": "#2", "uv": [ 8.0, 6.0, 9.0, 7.0 ] },
                "south": { "texture": "#2", "uv": [ 7.0, 5.0, 8.0, 6.0 ] },
                "west": { "texture": "#2", "uv": [ 8.0, 4.0, 9.0, 5.0 ] },
                "up": { "texture": "#2", "uv": [ 8.0, 5.0, 9.0, 6.0 ] },
                "down": { "texture": "#2", "uv": [ 7.0, 4.0, 8.0, 5.0 ] }
            }
        },
        {
            "name": "Cube",
            "from": [ 15.0, -2.5000000074505806, 6.700000010430813 ], 
            "to": [ 16.0, -0.5000000074505806, 8.700000010430813 ], 
            "rotation": { "origin": [ 8.0, 8.0, 8.0 ], "axis": "x", "angle": -45.0 },
            "faces": {
                "north": { "texture": "#2", "uv": [ 7.0, 4.0, 8.0, 5.0 ] },
                "east": { "texture": "#2", "uv": [ 8.0, 6.0, 9.0, 7.0 ] },
                "south": { "texture": "#2", "uv": [ 7.0, 5.0, 8.0, 6.0 ] },
                "west": { "texture": "#2", "uv": [ 8.0, 4.0, 9.0, 5.0 ] },
                "up": { "texture": "#2", "uv": [ 8.0, 5.0, 9.0, 6.0 ] },
                "down": { "texture": "#2", "uv": [ 7.0, 4.0, 8.0, 5.0 ] }
            }
        },
        {
            "name": "Cube",
            "from": [ 0.0, 0.9999999850988388, 15.0 ], 
            "to": [ 16.0, 1.9999999850988388, 16.0 ], 
            "faces": {
                "north": { "texture": "#0", "uv": [ 6.0, 2.0, 10.0, 10.49999999254942 ] },
                "east": { "texture": "#0", "uv": [ 8.0, 4.0, 9.0, 9.49999999254942 ] },
                "south": { "texture": "#0", "uv": [ 5.0, 3.0, 12.0, 12.49999999254942 ] },
                "west": { "texture": "#0", "uv": [ 7.0, 2.0, 8.0, 7.499999992549419 ] },
                "up": { "texture": "#0", "uv": [ 6.0, 3.0, 10.0, 7.0 ] },
                "down": { "texture": "#0", "uv": [ 5.0, 3.0, 11.0, 10.0 ] }
            }
        },
        {
            "name": "Cube",
            "from": [ -2.1000000163912773, 6.700000025331974, 14.999999985098839 ], 
            "to": [ -0.5000000223517418, 8.30000001937151, 15.999999985098839 ], 
            "rotation": { "origin": [ 8.0, 8.0, 8.0 ], "axis": "z", "angle": 45.0 },
            "faces": {
                "north": { "texture": "#3", "uv": [ 7.0, 4.0, 8.0, 5.0 ] },
                "east": { "texture": "#3", "uv": [ 8.0, 6.0, 9.0, 7.0 ] },
                "south": { "texture": "#3", "uv": [ 7.0, 5.0, 8.0, 6.0 ] },
                "west": { "texture": "#3", "uv": [ 8.0, 4.0, 9.0, 5.0 ] },
                "up": { "texture": "#3", "uv": [ 8.0, 5.0, 9.0, 6.0 ] },
                "down": { "texture": "#3", "uv": [ 7.0, 4.0, 8.0, 5.0 ] }
            }
        },
        {
            "name": "Cube",
            "from": [ -0.5000000223517418, 4.600000023841858, 14.999999985098839 ], 
            "to": [ 1.4999999776482582, 6.600000023841858, 15.999999985098839 ], 
            "rotation": { "origin": [ 8.0, 8.0, 8.0 ], "axis": "z", "angle": 45.0 },
            "faces": {
                "north": { "texture": "#3", "uv": [ 7.0, 4.0, 8.0, 5.0 ] },
                "east": { "texture": "#3", "uv": [ 8.0, 6.0, 9.0, 7.0 ] },
                "south": { "texture": "#3", "uv": [ 7.0, 5.0, 8.0, 6.0 ] },
                "west": { "texture": "#3", "uv": [ 8.0, 4.0, 9.0, 5.0 ] },
                "up": { "texture": "#3", "uv": [ 8.0, 5.0, 9.0, 6.0 ] },
                "down": { "texture": "#3", "uv": [ 7.0, 4.0, 8.0, 5.0 ] }
            }
        },
        {
            "name": "Cube",
            "from": [ 1.6999999806284904, 3.1000000312924385, 14.999999985098839 ], 
            "to": [ 3.19999997317791, 4.600000023841858, 15.999999985098839 ], 
            "rotation": { "origin": [ 8.0, 8.0, 8.0 ], "axis": "z", "angle": 45.0 },
            "faces": {
                "north": { "texture": "#3", "uv": [ 7.0, 4.0, 8.0, 5.0 ] },
                "east": { "texture": "#3", "uv": [ 8.0, 6.0, 9.0, 7.0 ] },
                "south": { "texture": "#3", "uv": [ 7.0, 5.0, 8.0, 6.0 ] },
                "west": { "texture": "#3", "uv": [ 8.0, 4.0, 9.0, 5.0 ] },
                "up": { "texture": "#3", "uv": [ 8.0, 5.0, 9.0, 6.0 ] },
                "down": { "texture": "#3", "uv": [ 7.0, 4.0, 8.0, 5.0 ] }
            }
        },
        {
            "name": "Cube",
            "from": [ 3.499999977648258, 0.6000000238418579, 14.999999985098839 ], 
            "to": [ 5.499999977648258, 2.600000023841858, 15.999999985098839 ], 
            "rotation": { "origin": [ 8.0, 8.0, 8.0 ], "axis": "z", "angle": 45.0 },
            "faces": {
                "north": { "texture": "#3", "uv": [ 7.0, 4.0, 8.0, 5.0 ] },
                "east": { "texture": "#3", "uv": [ 8.0, 6.0, 9.0, 7.0 ] },
                "south": { "texture": "#3", "uv": [ 7.0, 5.0, 8.0, 6.0 ] },
                "west": { "texture": "#3", "uv": [ 8.0, 4.0, 9.0, 5.0 ] },
                "up": { "texture": "#3", "uv": [ 8.0, 5.0, 9.0, 6.0 ] },
                "down": { "texture": "#3", "uv": [ 7.0, 4.0, 8.0, 5.0 ] }
            }
        },
        {
            "name": "Cube",
            "from": [ 5.499999977648258, -1.399999976158142, 14.999999985098839 ], 
            "to": [ 7.499999977648258, 0.6000000238418579, 15.999999985098839 ], 
            "rotation": { "origin": [ 8.0, 8.0, 8.0 ], "axis": "z", "angle": 45.0 },
            "faces": {
                "north": { "texture": "#3", "uv": [ 7.0, 4.0, 8.0, 5.0 ] },
                "east": { "texture": "#3", "uv": [ 8.0, 6.0, 9.0, 7.0 ] },
                "south": { "texture": "#3", "uv": [ 7.0, 5.0, 8.0, 6.0 ] },
                "west": { "texture": "#3", "uv": [ 8.0, 4.0, 9.0, 5.0 ] },
                "up": { "texture": "#3", "uv": [ 8.0, 5.0, 9.0, 6.0 ] },
                "down": { "texture": "#3", "uv": [ 7.0, 4.0, 8.0, 5.0 ] }
            }
        },
        {
            "name": "Cube",
            "from": [ 7.599999964237213, -2.2999999597668648, 14.999999985098839 ], 
            "to": [ 8.599999964237213, -1.2999999597668648, 15.999999985098839 ], 
            "rotation": { "origin": [ 8.0, 8.0, 8.0 ], "axis": "z", "angle": 45.0 },
            "faces": {
                "north": { "texture": "#3", "uv": [ 7.0, 4.0, 8.0, 5.0 ] },
                "east": { "texture": "#3", "uv": [ 8.0, 6.0, 9.0, 7.0 ] },
                "south": { "texture": "#3", "uv": [ 7.0, 5.0, 8.0, 6.0 ] },
                "west": { "texture": "#3", "uv": [ 8.0, 4.0, 9.0, 5.0 ] },
                "up": { "texture": "#3", "uv": [ 8.0, 5.0, 9.0, 6.0 ] },
                "down": { "texture": "#3", "uv": [ 7.0, 4.0, 8.0, 5.0 ] }
            }
        },
        {
            "name": "Cube",
            "from": [ 0.0, -0.19999998807907104, 5.000000014901161 ], 
            "to": [ 1.0, 1.3000000044703484, 6.500000007450581 ], 
            "rotation": { "origin": [ 8.0, 8.0, 8.0 ], "axis": "x", "angle": -45.0 },
            "faces": {
                "north": { "texture": "#2", "uv": [ 7.0, 4.0, 8.0, 5.0 ] },
                "east": { "texture": "#2", "uv": [ 8.0, 6.0, 9.0, 7.0 ] },
                "south": { "texture": "#2", "uv": [ 7.0, 5.0, 8.0, 6.0 ] },
                "west": { "texture": "#2", "uv": [ 8.0, 4.0, 9.0, 5.0 ] },
                "up": { "texture": "#2", "uv": [ 8.0, 5.0, 9.0, 6.0 ] },
                "down": { "texture": "#2", "uv": [ 7.0, 4.0, 8.0, 5.0 ] }
            }
        },
        {
            "name": "Cube",
            "from": [ 0.0, 1.1000000163912773, 3.2000000178813934 ], 
            "to": [ 1.0, 2.900000013411045, 5.000000014901161 ], 
            "rotation": { "origin": [ 8.0, 8.0, 8.0 ], "axis": "x", "angle": -45.0 },
            "faces": {
                "north": { "texture": "#2", "uv": [ 7.0, 4.0, 8.0, 5.0 ] },
                "east": { "texture": "#2", "uv": [ 8.0, 6.0, 9.0, 7.0 ] },
                "south": { "texture": "#2", "uv": [ 7.0, 5.0, 8.0, 6.0 ] },
                "west": { "texture": "#2", "uv": [ 8.0, 4.0, 9.0, 5.0 ] },
                "up": { "texture": "#2", "uv": [ 8.0, 5.0, 9.0, 6.0 ] },
                "down": { "texture": "#2", "uv": [ 7.0, 4.0, 8.0, 5.0 ] }
            }
        },
        {
            "name": "Cube",
            "from": [ 0.0, 3.1000000163912773, 2.3000000342726707 ], 
            "to": [ 1.0, 4.300000004470348, 3.3000000193715096 ], 
            "rotation": { "origin": [ 8.0, 8.0, 8.0 ], "axis": "x", "angle": -45.0 },
            "faces": {
                "north": { "texture": "#2", "uv": [ 7.0, 4.0, 8.0, 5.0 ] },
                "east": { "texture": "#2", "uv": [ 8.0, 6.0, 9.0, 7.0 ] },
                "south": { "texture": "#2", "uv": [ 7.0, 5.0, 8.0, 6.0 ] },
                "west": { "texture": "#2", "uv": [ 8.0, 4.0, 9.0, 5.0 ] },
                "up": { "texture": "#2", "uv": [ 8.0, 5.0, 9.0, 6.0 ] },
                "down": { "texture": "#2", "uv": [ 7.0, 4.0, 8.0, 5.0 ] }
            }
        },
        {
            "name": "Cube",
            "from": [ 0.0, 4.100000016391277, 0.20000001788139343 ], 
            "to": [ 1.0, 5.900000013411045, 2.000000014901161 ], 
            "rotation": { "origin": [ 8.0, 8.0, 8.0 ], "axis": "x", "angle": -45.0 },
            "faces": {
                "north": { "texture": "#2", "uv": [ 7.0, 4.0, 8.0, 5.0 ] },
                "east": { "texture": "#2", "uv": [ 8.0, 6.0, 9.0, 7.0 ] },
                "south": { "texture": "#2", "uv": [ 7.0, 5.0, 8.0, 6.0 ] },
                "west": { "texture": "#2", "uv": [ 8.0, 4.0, 9.0, 5.0 ] },
                "up": { "texture": "#2", "uv": [ 8.0, 5.0, 9.0, 6.0 ] },
                "down": { "texture": "#2", "uv": [ 7.0, 4.0, 8.0, 5.0 ] }
            }
        },
        {
            "name": "Cube",
            "from": [ 0.0, 6.500000022351742, -2.3999999910593033 ], 
            "to": [ 1.0, 8.500000022351742, -0.3999999910593033 ], 
            "rotation": { "origin": [ 8.0, 8.0, 8.0 ], "axis": "x", "angle": -45.0 },
            "faces": {
                "north": { "texture": "#2", "uv": [ 7.0, 4.0, 8.0, 5.0 ] },
                "east": { "texture": "#2", "uv": [ 8.0, 6.0, 9.0, 7.0 ] },
                "south": { "texture": "#2", "uv": [ 7.0, 5.0, 8.0, 6.0 ] },
                "west": { "texture": "#2", "uv": [ 8.0, 4.0, 9.0, 5.0 ] },
                "up": { "texture": "#2", "uv": [ 8.0, 5.0, 9.0, 6.0 ] },
                "down": { "texture": "#2", "uv": [ 7.0, 4.0, 8.0, 5.0 ] }
            }
        },
        {
            "name": "Cube",
            "from": [ 5.499999992549419, -0.3999999910593033, -1.4901161193847656E-8 ], 
            "to": [ 6.499999977648258, 0.8999999985098839, 0.9999999850988388 ], 
            "rotation": { "origin": [ 8.0, 8.0, 8.0 ], "axis": "z", "angle": 45.0 },
            "faces": {
                "north": { "texture": "#2", "uv": [ 7.0, 4.0, 8.0, 5.0 ] },
                "east": { "texture": "#2", "uv": [ 8.0, 6.0, 9.0, 7.0 ] },
                "south": { "texture": "#2", "uv": [ 7.0, 5.0, 8.0, 6.0 ] },
                "west": { "texture": "#2", "uv": [ 8.0, 4.0, 9.0, 5.0 ] },
                "up": { "texture": "#2", "uv": [ 8.0, 5.0, 9.0, 6.0 ] },
                "down": { "texture": "#2", "uv": [ 7.0, 4.0, 8.0, 5.0 ] }
            }
        },
        {
            "name": "Cube",
            "from": [ 3.7999999970197678, 0.7000000104308128, -1.4901161193847656E-8 ], 
            "to": [ 5.499999992549419, 2.4000000059604645, 0.9999999850988388 ], 
            "rotation": { "origin": [ 8.0, 8.0, 8.0 ], "axis": "z", "angle": 45.0 },
            "faces": {
                "north": { "texture": "#2", "uv": [ 7.0, 4.0, 8.0, 5.0 ] },
                "east": { "texture": "#2", "uv": [ 8.0, 6.0, 9.0, 7.0 ] },
                "south": { "texture": "#2", "uv": [ 7.0, 5.0, 8.0, 6.0 ] },
                "west": { "texture": "#2", "uv": [ 8.0, 4.0, 9.0, 5.0 ] },
                "up": { "texture": "#2", "uv": [ 8.0, 5.0, 9.0, 6.0 ] },
                "down": { "texture": "#2", "uv": [ 7.0, 4.0, 8.0, 5.0 ] }
            }
        },
        {
            "name": "Cube",
            "from": [ 1.7999999970197678, 2.1000000312924385, -1.4901161193847656E-8 ], 
            "to": [ 4.200000002980232, 4.400000035762787, 0.9999999850988388 ], 
            "rotation": { "origin": [ 8.0, 8.0, 8.0 ], "axis": "z", "angle": 45.0 },
            "faces": {
                "north": { "texture": "#2", "uv": [ 7.0, 4.0, 8.0, 5.0 ] },
                "east": { "texture": "#2", "uv": [ 8.0, 6.0, 9.0, 7.0 ] },
                "south": { "texture": "#2", "uv": [ 7.0, 5.0, 8.0, 6.0 ] },
                "west": { "texture": "#2", "uv": [ 8.0, 4.0, 9.0, 5.0 ] },
                "up": { "texture": "#2", "uv": [ 8.0, 5.0, 9.0, 6.0 ] },
                "down": { "texture": "#2", "uv": [ 7.0, 4.0, 8.0, 5.0 ] }
            }
        },
        {
            "name": "Cube",
            "from": [ 0.20000000298023224, 4.500000037252903, -1.4901161193847656E-8 ], 
            "to": [ 1.8999999985098839, 6.1000000312924385, 0.9999999850988388 ], 
            "rotation": { "origin": [ 8.0, 8.0, 8.0 ], "axis": "z", "angle": 45.0 },
            "faces": {
                "north": { "texture": "#2", "uv": [ 7.0, 4.0, 8.0, 5.0 ] },
                "east": { "texture": "#2", "uv": [ 8.0, 6.0, 9.0, 7.0 ] },
                "south": { "texture": "#2", "uv": [ 7.0, 5.0, 8.0, 6.0 ] },
                "west": { "texture": "#2", "uv": [ 8.0, 4.0, 9.0, 5.0 ] },
                "up": { "texture": "#2", "uv": [ 8.0, 5.0, 9.0, 6.0 ] },
                "down": { "texture": "#2", "uv": [ 7.0, 4.0, 8.0, 5.0 ] }
            }
        },
        {
            "name": "Cube",
            "from": [ -2.4000000059604645, 6.200000032782555, -1.4901161193847656E-8 ], 
            "to": [ 0.10000000149011612, 8.500000037252903, 0.9999999850988388 ], 
            "rotation": { "origin": [ 8.0, 8.0, 8.0 ], "axis": "z", "angle": 45.0 },
            "faces": {
                "north": { "texture": "#2", "uv": [ 7.0, 4.0, 8.0, 5.0 ] },
                "east": { "texture": "#2", "uv": [ 8.0, 6.0, 9.0, 7.0 ] },
                "south": { "texture": "#2", "uv": [ 7.0, 5.0, 8.0, 6.0 ] },
                "west": { "texture": "#2", "uv": [ 8.0, 4.0, 9.0, 5.0 ] },
                "up": { "texture": "#2", "uv": [ 8.0, 5.0, 9.0, 6.0 ] },
                "down": { "texture": "#2", "uv": [ 7.0, 4.0, 8.0, 5.0 ] }
            }
        },
        {
            "name": "Cube",
            "from": [ 6.500000007450581, -2.2999999597668648, -1.4901161193847656E-8 ], 
            "to": [ 8.900000013411045, 4.470348358154297E-8, 0.9999999850988388 ], 
            "rotation": { "origin": [ 8.0, 8.0, 8.0 ], "axis": "z", "angle": 45.0 },
            "faces": {
                "north": { "texture": "#2", "uv": [ 7.0, 4.0, 8.0, 5.0 ] },
                "east": { "texture": "#2", "uv": [ 8.0, 6.0, 9.0, 7.0 ] },
                "south": { "texture": "#2", "uv": [ 7.0, 5.0, 8.0, 6.0 ] },
                "west": { "texture": "#2", "uv": [ 8.0, 4.0, 9.0, 5.0 ] },
                "up": { "texture": "#2", "uv": [ 8.0, 5.0, 9.0, 6.0 ] },
                "down": { "texture": "#2", "uv": [ 7.0, 4.0, 8.0, 5.0 ] }
            }
        },
        {
            "name": "Cube",
            "from": [ 15.0, -0.30000000447034836, 5.300000034272671 ], 
            "to": [ 16.0, 0.9999999850988388, 6.600000023841858 ], 
            "rotation": { "origin": [ 8.0, 8.0, 8.0 ], "axis": "x", "angle": -45.0 },
            "faces": {
                "north": { "texture": "#2", "uv": [ 7.0, 4.0, 8.0, 5.0 ] },
                "east": { "texture": "#2", "uv": [ 8.0, 6.0, 9.0, 7.0 ] },
                "south": { "texture": "#2", "uv": [ 7.0, 5.0, 8.0, 6.0 ] },
                "west": { "texture": "#2", "uv": [ 8.0, 4.0, 9.0, 5.0 ] },
                "up": { "texture": "#2", "uv": [ 8.0, 5.0, 9.0, 6.0 ] },
                "down": { "texture": "#2", "uv": [ 7.0, 4.0, 8.0, 5.0 ] }
            }
        },
        {
            "name": "Cube",
            "from": [ 15.0, 0.4999999925494194, 3.3000000342726707 ], 
            "to": [ 16.0, 2.7999999821186066, 5.600000023841858 ], 
            "rotation": { "origin": [ 8.0, 8.0, 8.0 ], "axis": "x", "angle": -45.0 },
            "faces": {
                "north": { "texture": "#2", "uv": [ 7.0, 4.0, 8.0, 5.0 ] },
                "east": { "texture": "#2", "uv": [ 8.0, 6.0, 9.0, 7.0 ] },
                "south": { "texture": "#2", "uv": [ 7.0, 5.0, 8.0, 6.0 ] },
                "west": { "texture": "#2", "uv": [ 8.0, 4.0, 9.0, 5.0 ] },
                "up": { "texture": "#2", "uv": [ 8.0, 5.0, 9.0, 6.0 ] },
                "down": { "texture": "#2", "uv": [ 7.0, 4.0, 8.0, 5.0 ] }
            }
        },
        {
            "name": "Cube",
            "from": [ 15.0, 2.8999999836087227, 1.6000000536441803 ], 
            "to": [ 16.0, 4.499999962747097, 3.1000000312924385 ], 
            "rotation": { "origin": [ 8.0, 8.0, 8.0 ], "axis": "x", "angle": -45.0 },
            "faces": {
                "north": { "texture": "#2", "uv": [ 7.0, 4.0, 8.0, 5.0 ] },
                "east": { "texture": "#2", "uv": [ 8.0, 6.0, 9.0, 7.0 ] },
                "south": { "texture": "#2", "uv": [ 7.0, 5.0, 8.0, 6.0 ] },
                "west": { "texture": "#2", "uv": [ 8.0, 4.0, 9.0, 5.0 ] },
                "up": { "texture": "#2", "uv": [ 8.0, 5.0, 9.0, 6.0 ] },
                "down": { "texture": "#2", "uv": [ 7.0, 4.0, 8.0, 5.0 ] }
            }
        },
        {
            "name": "Cube",
            "from": [ 15.0, 4.899999983608723, -1.3999999463558197 ], 
            "to": [ 16.0, 7.499999962747097, 1.1000000312924385 ], 
            "rotation": { "origin": [ 8.0, 8.0, 8.0 ], "axis": "x", "angle": -45.0 },
            "faces": {
                "north": { "texture": "#2", "uv": [ 7.0, 4.0, 8.0, 5.0 ] },
                "east": { "texture": "#2", "uv": [ 8.0, 6.0, 9.0, 7.0 ] },
                "south": { "texture": "#2", "uv": [ 7.0, 5.0, 8.0, 6.0 ] },
                "west": { "texture": "#2", "uv": [ 8.0, 4.0, 9.0, 5.0 ] },
                "up": { "texture": "#2", "uv": [ 8.0, 5.0, 9.0, 6.0 ] },
                "down": { "texture": "#2", "uv": [ 7.0, 4.0, 8.0, 5.0 ] }
            }
        },
        {
            "name": "Cube",
            "from": [ 15.0, 7.299999989569187, -2.3999999463558197 ], 
            "to": [ 16.0, 8.599999949336052, -1.099999986588955 ], 
            "rotation": { "origin": [ 8.0, 8.0, 8.0 ], "axis": "x", "angle": -45.0 },
            "faces": {
                "north": { "texture": "#2", "uv": [ 7.0, 4.0, 8.0, 5.0 ] },
                "east": { "texture": "#2", "uv": [ 8.0, 6.0, 9.0, 7.0 ] },
                "south": { "texture": "#2", "uv": [ 7.0, 5.0, 8.0, 6.0 ] },
                "west": { "texture": "#2", "uv": [ 8.0, 4.0, 9.0, 5.0 ] },
                "up": { "texture": "#2", "uv": [ 8.0, 5.0, 9.0, 6.0 ] },
                "down": { "texture": "#2", "uv": [ 7.0, 4.0, 8.0, 5.0 ] }
            }
        }
	],
"display": {
    "head": {
        "rotation": [ 0, 180, 0 ],
        "translation": [ 0, 0, 0 ],
        "scale": [ 1.05, 1.05, 1.05 ]
    },
    "gui": {
        "rotation": [ 0, 180, 0 ],
        "translation": [ 0, 0, 0 ],
        "scale": [ 0.7, 0.7, 0.7 ]
    }
}
}