{
    "__comment": "Model animated using Fizzy's model animator - http://fizzy81.github.io/animated-models/", 
    "textures": {
        "main": "blocks/gonbao-hoed1"
    }, 
    "elements": [
        {
            "name": "Cube", 
            "from": [ 3, 0, 5.899999998509884 ], 
            "to":   [ 5, 2, 11.899999998509884 ], 
            "rotation": { "origin": [8, 8, 8], "axis": "y", "angle": -22.5 }, 
            "faces": {
                "north": { "texture": "#main", "uv": [ 0.75, 1.5, 0.875, 2 ] }, 
                "east":  { "texture": "#main", "uv": [ 0.75, 1.5, 0.875, 2 ], "rotation":90 }, 
                "south": { "texture": "#main", "uv": [ 0.625, 1.5, 0.75, 1.625 ] }, 
                "west":  { "texture": "#main", "uv": [ 0.75, 1.5, 0.875, 2 ], "rotation":270 }, 
                "up":    { "texture": "#main", "uv": [ 0.625, 1.375, 0.75, 2 ] }, 
                "down":  { "texture": "#main", "uv": [ 0.625, 1.5, 0.75, 2 ], "rotation":180 }
            }
        }, 
        {
            "name": "Cube", 
            "from": [ 6.5, 0, 4 ], 
            "to":   [ 8.5, 2, 10 ], 
            "rotation": { "origin": [8, -2, 8], "axis": "y", "angle": 22.5 }, 
            "faces": {
                "north": { "texture": "#main", "uv": [ 0.5, 1.625, 0.625, 2 ], "rotation":180 }, 
                "east":  { "texture": "#main", "uv": [ 0.625, 1.5, 0.75, 2 ], "rotation":90 }, 
                "south": { "texture": "#main", "uv": [ 0.625, 1.5875, 0.75, 1.625 ] }, 
                "west":  { "texture": "#main", "uv": [ 0.625, 1.5, 0.75, 2 ], "rotation":270 }, 
                "up":    { "texture": "#main", "uv": [ 0.625, 1.5, 0.75, 2 ] }, 
                "down":  { "texture": "#main", "uv": [ 0.625, 1.5, 0.75, 2 ], "rotation":180 }
            }
        }, 
        {
            "name": "Cube", 
            "from": [ 3.3, 0, 4 ], 
            "to":   [ 7.8, 6, 6 ], 
            "faces": {
                "north": { "texture": "#main", "uv": [ 1, 0.625, 1.25, 1 ] }, 
                "east":  { "texture": "#main", "uv": [ 1, 0.875, 1.25, 1 ] }, 
                "south": { "texture": "#main", "uv": [ 0.625, 0.625, 0.875, 1.125 ] }, 
                "west":  { "texture": "#main", "uv": [ 1, 0.875, 1.25, 1 ] }, 
                "up":    { "texture": "#main", "uv": [ 0, 0, 0.5625, 0.25 ] }, 
                "down":  { "texture": "#main", "uv": [ 0.625, 1.75, 0.8125, 1.875 ] }
            }
        }, 
        {
            "name": "Cube", 
            "from": [ 6.2, 1, 4 ], 
            "to":   [ 8.2, 6, 6 ], 
            "rotation": { "origin": [8, 8, 8], "axis": "z", "angle": 22.5 }, 
            "faces": {
                "north": { "texture": "#main", "uv": [ 1.125, 1.5, 1.25, 2 ] }, 
                "east":  { "texture": "#main", "uv": [ 1.125, 1.5, 1.25, 2 ] }, 
                "south": { "texture": "#main", "uv": [ 1.125, 1.5, 1.25, 2 ] }, 
                "west":  { "texture": "#main", "uv": [ 1.125, 1.5, 1.25, 2 ] }, 
                "up":    { "texture": "#main", "uv": [ 1.125, 1.625, 1.375, 1.875 ] }, 
                "down":  { "texture": "#main", "uv": [ 1.5, 0.5, 1.625, 0.625 ] }
            }
        }, 
        {
            "name": "Cube", 
            "from": [ 3.3, 6, 3 ], 
            "to":   [ 7.8, 10, 7 ], 
            "faces": {
                "north": { "texture": "#main", "uv": [ 0.75, 0.25, 1, 0.5 ] }, 
                "east":  { "texture": "#main", "uv": [ 0.75, 0.25, 0.5, 0.5 ] }, 
                "south": { "texture": "#main", "uv": [ 0.25, 0.25, 0.5, 0.5 ] }, 
                "west":  { "texture": "#main", "uv": [ 0, 0.25, 0.25, 0.5 ] }, 
                "up":    { "texture": "#main", "uv": [ 0.25, 0, 0.5, 0.25 ] }, 
                "down":  { "texture": "#main", "uv": [ 0.5, 0, 0.75, 0.125 ] }
            }
        }, 
        {
            "name": "Cube", 
            "from": [ 3.25, 5.899999998509884, 2.7999999940395357 ], 
            "to":   [ 7.95, 10.100000001490116, 7.2 ], 
            "faces": {
                "north": { "texture": "#main", "uv": [ 1.75, 0.25, 2, 0.5 ] }, 
                "east":  { "texture": "#main", "uv": [ 1.5, 0.25, 1.625, 0.5 ] }, 
                "south": { "texture": "#main", "uv": [ 1.2125, 0.25, 1.5375, 0.5 ] }, 
                "west":  { "texture": "#main", "uv": [ 1.125, 0.25, 1.35, 0.5 ] }, 
                "up":    { "texture": "#main", "uv": [ 1.25, 0, 1.4375, 0.25 ] }, 
                "down":  { "texture": "#main", "uv": [ 1.5, 0, 1.9375, 0.25 ] }
            }
        }, 
        {
            "name": "Cube", 
            "from": [ 10.100000001490116, 0, 6.800000011920929 ], 
            "to":   [ 13.099999986588955, 1.2999999895691872, 11.49999999254942 ], 
            "faces": {
                "north": { "texture": "#main", "uv": [ 2, 0, 2.2187499995343387, 0.09687499958090484 ] }, 
                "east":  { "texture": "#main", "uv": [ 2, 0, 2.2406249993946403, 0.12812499958090484 ] }, 
                "south": { "texture": "#main", "uv": [ 2, 0, 2.1874999995343387, 0.09687499958090484 ] }, 
                "west":  { "texture": "#main", "uv": [ 2, 0, 2.2093749993946403, 0.12812499958090484 ] }, 
                "up":    { "texture": "#main", "uv": [ 2, 0, 2.1874999995343387, 0.17812499939464033 ] }, 
                "down":  { "texture": "#main", "uv": [ 2, 0, 2.1874999995343387, 0.20937499939464033 ] }
            }
        }, 
        {
            "name": "Cube", 
            "from": [ 11.100000001490116, 2.6000000089406967, 2.6999999955296516 ], 
            "to":   [ 12.099999971687794, 6.5999999940395355, 3.6999999657273293 ], 
            "rotation": { "origin": [8, 8, 8], "axis": "x", "angle": -45 }, 
            "faces": {
                "north": { "texture": "#main", "uv": [ 0.21875, 2.1875, 0.2812499995343387, 2.499999999580905 ] }, 
                "east":  { "texture": "#main", "uv": [ 0.21875, 2.1875, 0.2812499993946403, 2.499999999580905 ] }, 
                "south": { "texture": "#main", "uv": [ 0.21875, 2.1875, 0.2812499995343387, 2.499999999580905 ] }, 
                "west":  { "texture": "#main", "uv": [ 0.21875, 2.1875, 0.2812499993946403, 2.499999999580905 ] }, 
                "up":    { "texture": "#main", "uv": [ 0.21875, 2.1875, 0.2812499995343387, 2.2406249993946403 ] }, 
                "down":  { "texture": "#main", "uv": [ 0, 2, 0.1874999995343387, 2.3031249993946403 ] }
            }
        }, 
        {
            "name": "Cube", 
            "from": [ -2, 0, 6.800000011920929 ], 
            "to":   [ 0.9999999850988388, 1.2999999895691872, 11.49999999254942 ], 
            "faces": {
                "north": { "texture": "#main", "uv": [ 2, 0, 2.2187499995343387, 0.09687499958090484 ] }, 
                "east":  { "texture": "#main", "uv": [ 2, 0, 2.2406249993946403, 0.12812499958090484 ] }, 
                "south": { "texture": "#main", "uv": [ 2, 0, 2.1874999995343387, 0.09687499958090484 ] }, 
                "west":  { "texture": "#main", "uv": [ 2, 0, 2.2093749993946403, 0.12812499958090484 ] }, 
                "up":    { "texture": "#main", "uv": [ 2, 0, 2.1874999995343387, 0.17812499939464033 ] }, 
                "down":  { "texture": "#main", "uv": [ 2, 0, 2.1874999995343387, 0.20937499939464033 ] }
            }
        }, 
        {
            "name": "Cube", 
            "from": [ 3.3000000014901154, -0.8999999985098839, 4 ], 
            "to":   [ 5.3000000014901145, 4.100000001490116, 6 ], 
            "rotation": { "origin": [8, 8, 8], "axis": "z", "angle": -22.5 }, 
            "faces": {
                "north": { "texture": "#main", "uv": [ 1.125, 1.5, 1.25, 2 ] }, 
                "east":  { "texture": "#main", "uv": [ 1.125, 1.5, 1.25, 2 ] }, 
                "south": { "texture": "#main", "uv": [ 1.125, 1.5, 1.25, 2 ] }, 
                "west":  { "texture": "#main", "uv": [ 1.125, 1.5, 1.25, 2 ] }, 
                "up":    { "texture": "#main", "uv": [ 1.125, 1.625, 1.375, 1.875 ] }, 
                "down":  { "texture": "#main", "uv": [ 1.5, 0.5, 1.625, 0.625 ] }
            }
        }, 
        {
            "name": "Cube", 
            "from": [ -1, 2.6000000089406967, 2.6999999955296516 ], 
            "to":   [ -2.9802322387695312e-8, 6.5999999940395355, 3.6999999657273293 ], 
            "rotation": { "origin": [8, 8, 8], "axis": "x", "angle": -45 }, 
            "faces": {
                "north": { "texture": "#main", "uv": [ 0.21875, 2.1875, 0.2812499995343387, 2.499999999580905 ] }, 
                "east":  { "texture": "#main", "uv": [ 0.21875, 2.1875, 0.2812499993946403, 2.499999999580905 ] }, 
                "south": { "texture": "#main", "uv": [ 0.21875, 2.1875, 0.2812499995343387, 2.499999999580905 ] }, 
                "west":  { "texture": "#main", "uv": [ 0.21875, 2.1875, 0.2812499993946403, 2.499999999580905 ] }, 
                "up":    { "texture": "#main", "uv": [ 0.21875, 2.1875, 0.2812499995343387, 2.2406249993946403 ] }, 
                "down":  { "texture": "#main", "uv": [ 0, 2, 0.1874999995343387, 2.3031249993946403 ] }
            }
        }, 
        {
            "name": "Cube", 
            "from": [ 3, 0, 5.899999998509884 ], 
            "to":   [ 5, 2, 11.899999998509884 ], 
            "rotation": { "origin": [8, 8, 8], "axis": "y", "angle": -22.5 }, 
            "faces": {
                "north": { "texture": "#main", "uv": [ 4.75, 1.5, 4.875, 2 ] }, 
                "east":  { "texture": "#main", "uv": [ 4.75, 1.5, 4.875, 2 ], "rotation":90 }, 
                "south": { "texture": "#main", "uv": [ 4.625, 1.5, 4.75, 1.625 ] }, 
                "west":  { "texture": "#main", "uv": [ 4.75, 1.5, 4.875, 2 ], "rotation":270 }, 
                "up":    { "texture": "#main", "uv": [ 4.625, 1.375, 4.75, 2 ] }, 
                "down":  { "texture": "#main", "uv": [ 4.625, 1.5, 4.75, 2 ], "rotation":180 }
            }
        }, 
        {
            "name": "Cube", 
            "from": [ 6.5, 0, 4 ], 
            "to":   [ 8.5, 2, 10 ], 
            "rotation": { "origin": [8, -2, 8], "axis": "y", "angle": 22.5 }, 
            "faces": {
                "north": { "texture": "#main", "uv": [ 4.5, 1.625, 4.625, 2 ], "rotation":180 }, 
                "east":  { "texture": "#main", "uv": [ 4.625, 1.5, 4.75, 2 ], "rotation":90 }, 
                "south": { "texture": "#main", "uv": [ 4.625, 1.5875, 4.75, 1.625 ] }, 
                "west":  { "texture": "#main", "uv": [ 4.625, 1.5, 4.75, 2 ], "rotation":270 }, 
                "up":    { "texture": "#main", "uv": [ 4.625, 1.5, 4.75, 2 ] }, 
                "down":  { "texture": "#main", "uv": [ 4.625, 1.5, 4.75, 2 ], "rotation":180 }
            }
        }, 
        {
            "name": "Cube", 
            "from": [ 3.3, 0, 4 ], 
            "to":   [ 7.8, 6, 6 ], 
            "faces": {
                "north": { "texture": "#main", "uv": [ 5, 0.625, 5.25, 1 ] }, 
                "east":  { "texture": "#main", "uv": [ 5, 0.875, 5.25, 1 ] }, 
                "south": { "texture": "#main", "uv": [ 4.625, 0.625, 4.875, 1.125 ] }, 
                "west":  { "texture": "#main", "uv": [ 5, 0.875, 5.25, 1 ] }, 
                "up":    { "texture": "#main", "uv": [ 5.125, 0.75, 5.0625, 1 ] }, 
                "down":  { "texture": "#main", "uv": [ 5.125, 1.75, 5.3125, 1.875 ] }
            }
        }, 
        {
            "name": "Cube", 
            "from": [ 6.2, 1, 4 ], 
            "to":   [ 8.2, 6, 6 ], 
            "rotation": { "origin": [8, 8, 8], "axis": "z", "angle": 22.5 }, 
            "faces": {
                "north": { "texture": "#main", "uv": [ 5.125, 1.5, 5.25, 2 ] }, 
                "east":  { "texture": "#main", "uv": [ 5.125, 1.5, 5.25, 2 ] }, 
                "south": { "texture": "#main", "uv": [ 5.125, 1.5, 5.25, 2 ] }, 
                "west":  { "texture": "#main", "uv": [ 5.125, 1.5, 5.25, 2 ] }, 
                "up":    { "texture": "#main", "uv": [ 5.125, 1.625, 5.375, 1.875 ] }, 
                "down":  { "texture": "#main", "uv": [ 5.5, 0.5, 5.625, 0.625 ] }
            }
        }, 
        {
            "name": "Cube", 
            "from": [ 1.8999999940395353, 6, 5.600000008940697 ], 
            "to":   [ 6.399999994039535, 10, 9.600000008940697 ], 
            "rotation": { "origin": [8, 8, 8], "axis": "y", "angle": -45 }, 
            "faces": {
                "north": { "texture": "#main", "uv": [ 4.75, 0.25, 5, 0.5 ] }, 
                "east":  { "texture": "#main", "uv": [ 4.75, 0.25, 4.5, 0.5 ] }, 
                "south": { "texture": "#main", "uv": [ 4.25, 0.25, 4.5, 0.5 ] }, 
                "west":  { "texture": "#main", "uv": [ 4, 0.25, 4.25, 0.5 ] }, 
                "up":    { "texture": "#main", "uv": [ 4.25, 0, 4.5, 0.25 ] }, 
                "down":  { "texture": "#main", "uv": [ 4.5, 0, 4.75, 0.125 ] }
            }
        }, 
        {
            "name": "Cube", 
            "from": [ 1.7499999925494194, 5.899999998509884, 5.400000002980232 ], 
            "to":   [ 6.44999999254942, 10.100000001490116, 9.800000008940696 ], 
            "rotation": { "origin": [8, 8, 8], "axis": "y", "angle": -45 }, 
            "faces": {
                "north": { "texture": "#main", "uv": [ 5.75, 0.25, 6, 0.5 ] }, 
                "east":  { "texture": "#main", "uv": [ 5.5, 0.25, 5.625, 0.5 ] }, 
                "south": { "texture": "#main", "uv": [ 5.2125, 0.25, 5.5375, 0.5 ] }, 
                "west":  { "texture": "#main", "uv": [ 5.125, 0.25, 5.35, 0.5 ] }, 
                "up":    { "texture": "#main", "uv": [ 5.25, 0, 5.4375, 0.25 ] }, 
                "down":  { "texture": "#main", "uv": [ 5.5, 0, 5.9375, 0.25 ] }
            }
        }, 
        {
            "name": "Cube", 
            "from": [ 10.100000001490116, 0, 6.800000011920929 ], 
            "to":   [ 13.099999986588955, 1.2999999895691872, 11.49999999254942 ], 
            "faces": {
                "north": { "texture": "#main", "uv": [ 6, 0, 6.218749999534339, 0.09687499958090484 ] }, 
                "east":  { "texture": "#main", "uv": [ 6, 0, 6.24062499939464, 0.12812499958090484 ] }, 
                "south": { "texture": "#main", "uv": [ 6, 0, 6.187499999534339, 0.09687499958090484 ] }, 
                "west":  { "texture": "#main", "uv": [ 6, 0, 6.20937499939464, 0.12812499958090484 ] }, 
                "up":    { "texture": "#main", "uv": [ 6, 0, 6.187499999534339, 0.17812499939464033 ] }, 
                "down":  { "texture": "#main", "uv": [ 6, 0, 6.187499999534339, 0.20937499939464033 ] }
            }
        }, 
        {
            "name": "Cube", 
            "from": [ 11.100000001490116, 2.6000000089406967, 2.6999999955296516 ], 
            "to":   [ 12.099999971687794, 6.5999999940395355, 3.6999999657273293 ], 
            "rotation": { "origin": [8, 8, 8], "axis": "x", "angle": -45 }, 
            "faces": {
                "north": { "texture": "#main", "uv": [ 4.21875, 2.1875, 4.281249999534339, 2.499999999580905 ] }, 
                "east":  { "texture": "#main", "uv": [ 4.21875, 2.1875, 4.281249999394641, 2.499999999580905 ] }, 
                "south": { "texture": "#main", "uv": [ 4.21875, 2.1875, 4.281249999534339, 2.499999999580905 ] }, 
                "west":  { "texture": "#main", "uv": [ 4.21875, 2.1875, 4.281249999394641, 2.499999999580905 ] }, 
                "up":    { "texture": "#main", "uv": [ 4.21875, 2.1875, 4.281249999534339, 2.2406249993946403 ] }, 
                "down":  { "texture": "#main", "uv": [ 4, 2, 4.187499999534339, 2.3031249993946403 ] }
            }
        }, 
        {
            "name": "Cube", 
            "from": [ -2, 0, 6.800000011920929 ], 
            "to":   [ 0.9999999850988388, 1.2999999895691872, 11.49999999254942 ], 
            "faces": {
                "north": { "texture": "#main", "uv": [ 6, 0, 6.218749999534339, 0.09687499958090484 ] }, 
                "east":  { "texture": "#main", "uv": [ 6, 0, 6.24062499939464, 0.12812499958090484 ] }, 
                "south": { "texture": "#main", "uv": [ 6, 0, 6.187499999534339, 0.09687499958090484 ] }, 
                "west":  { "texture": "#main", "uv": [ 6, 0, 6.20937499939464, 0.12812499958090484 ] }, 
                "up":    { "texture": "#main", "uv": [ 6, 0, 6.187499999534339, 0.17812499939464033 ] }, 
                "down":  { "texture": "#main", "uv": [ 6, 0, 6.187499999534339, 0.20937499939464033 ] }
            }
        }, 
        {
            "name": "Cube", 
            "from": [ 3.3000000014901154, -0.8999999985098839, 4 ], 
            "to":   [ 5.3000000014901145, 4.100000001490116, 6 ], 
            "rotation": { "origin": [8, 8, 8], "axis": "z", "angle": -22.5 }, 
            "faces": {
                "north": { "texture": "#main", "uv": [ 5.125, 1.5, 5.25, 2 ] }, 
                "east":  { "texture": "#main", "uv": [ 5.125, 1.5, 5.25, 2 ] }, 
                "south": { "texture": "#main", "uv": [ 5.125, 1.5, 5.25, 2 ] }, 
                "west":  { "texture": "#main", "uv": [ 5.125, 1.5, 5.25, 2 ] }, 
                "up":    { "texture": "#main", "uv": [ 5.125, 1.625, 5.375, 1.875 ] }, 
                "down":  { "texture": "#main", "uv": [ 5.5, 0.5, 5.625, 0.625 ] }
            }
        }, 
        {
            "name": "Cube", 
            "from": [ -1, 2.6000000089406967, 2.6999999955296516 ], 
            "to":   [ -2.9802322387695312e-8, 6.5999999940395355, 3.6999999657273293 ], 
            "rotation": { "origin": [8, 8, 8], "axis": "x", "angle": -45 }, 
            "faces": {
                "north": { "texture": "#main", "uv": [ 4.21875, 2.1875, 4.281249999534339, 2.499999999580905 ] }, 
                "east":  { "texture": "#main", "uv": [ 4.21875, 2.1875, 4.281249999394641, 2.499999999580905 ] }, 
                "south": { "texture": "#main", "uv": [ 4.21875, 2.1875, 4.281249999534339, 2.499999999580905 ] }, 
                "west":  { "texture": "#main", "uv": [ 4.21875, 2.1875, 4.281249999394641, 2.499999999580905 ] }, 
                "up":    { "texture": "#main", "uv": [ 4.21875, 2.1875, 4.281249999534339, 2.2406249993946403 ] }, 
                "down":  { "texture": "#main", "uv": [ 4, 2, 4.187499999534339, 2.3031249993946403 ] }
            }
        }, 
        {
            "name": "Cube", 
            "from": [ 3, 0, 5.899999998509884 ], 
            "to":   [ 5, 2, 11.899999998509884 ], 
            "rotation": { "origin": [8, 8, 8], "axis": "y", "angle": -22.5 }, 
            "faces": {
                "north": { "texture": "#main", "uv": [ 8.75, 1.5, 8.875, 2 ] }, 
                "east":  { "texture": "#main", "uv": [ 8.75, 1.5, 8.875, 2 ], "rotation":90 }, 
                "south": { "texture": "#main", "uv": [ 8.625, 1.5, 8.75, 1.625 ] }, 
                "west":  { "texture": "#main", "uv": [ 8.75, 1.5, 8.875, 2 ], "rotation":270 }, 
                "up":    { "texture": "#main", "uv": [ 8.625, 1.375, 8.75, 2 ] }, 
                "down":  { "texture": "#main", "uv": [ 8.625, 1.5, 8.75, 2 ], "rotation":180 }
            }
        }, 
        {
            "name": "Cube", 
            "from": [ 6.5, 0, 4 ], 
            "to":   [ 8.5, 2, 10 ], 
            "rotation": { "origin": [8, -2, 8], "axis": "y", "angle": 22.5 }, 
            "faces": {
                "north": { "texture": "#main", "uv": [ 8.5, 1.625, 8.625, 2 ], "rotation":180 }, 
                "east":  { "texture": "#main", "uv": [ 8.625, 1.5, 8.75, 2 ], "rotation":90 }, 
                "south": { "texture": "#main", "uv": [ 8.625, 1.5875, 8.75, 1.625 ] }, 
                "west":  { "texture": "#main", "uv": [ 8.625, 1.5, 8.75, 2 ], "rotation":270 }, 
                "up":    { "texture": "#main", "uv": [ 8.625, 1.5, 8.75, 2 ] }, 
                "down":  { "texture": "#main", "uv": [ 8.625, 1.5, 8.75, 2 ], "rotation":180 }
            }
        }, 
        {
            "name": "Cube", 
            "from": [ 3.3, 0, 4 ], 
            "to":   [ 7.8, 6, 6 ], 
            "faces": {
                "north": { "texture": "#main", "uv": [ 9, 0.625, 9.25, 1 ] }, 
                "east":  { "texture": "#main", "uv": [ 9, 0.875, 9.25, 1 ] }, 
                "south": { "texture": "#main", "uv": [ 8.625, 0.625, 8.875, 1.125 ] }, 
                "west":  { "texture": "#main", "uv": [ 9, 0.875, 9.25, 1 ] }, 
                "up":    { "texture": "#main", "uv": [ 9.125, 0.75, 9.0625, 1 ] }, 
                "down":  { "texture": "#main", "uv": [ 9.125, 1.75, 9.3125, 1.875 ] }
            }
        }, 
        {
            "name": "Cube", 
            "from": [ 6.2, 1, 4 ], 
            "to":   [ 8.2, 6, 6 ], 
            "rotation": { "origin": [8, 8, 8], "axis": "z", "angle": 22.5 }, 
            "faces": {
                "north": { "texture": "#main", "uv": [ 9.125, 1.5, 9.25, 2 ] }, 
                "east":  { "texture": "#main", "uv": [ 9.125, 1.5, 9.25, 2 ] }, 
                "south": { "texture": "#main", "uv": [ 9.125, 1.5, 9.25, 2 ] }, 
                "west":  { "texture": "#main", "uv": [ 9.125, 1.5, 9.25, 2 ] }, 
                "up":    { "texture": "#main", "uv": [ 9.125, 1.625, 9.375, 1.875 ] }, 
                "down":  { "texture": "#main", "uv": [ 9.5, 0.5, 9.625, 0.625 ] }
            }
        }, 
        {
            "name": "Cube", 
            "from": [ 1.8999999940395353, 6, 5.600000008940697 ], 
            "to":   [ 6.399999994039535, 10, 9.600000008940697 ], 
            "rotation": { "origin": [8, 8, 8], "axis": "y", "angle": -45 }, 
            "faces": {
                "north": { "texture": "#main", "uv": [ 8.75, 0.25, 9, 0.5 ] }, 
                "east":  { "texture": "#main", "uv": [ 8.75, 0.25, 8.5, 0.5 ] }, 
                "south": { "texture": "#main", "uv": [ 8.25, 0.25, 8.5, 0.5 ] }, 
                "west":  { "texture": "#main", "uv": [ 8, 0.25, 8.25, 0.5 ] }, 
                "up":    { "texture": "#main", "uv": [ 8.25, 0, 8.5, 0.25 ] }, 
                "down":  { "texture": "#main", "uv": [ 8.5, 0, 8.75, 0.125 ] }
            }
        }, 
        {
            "name": "Cube", 
            "from": [ 1.7499999925494194, 5.899999998509884, 5.400000002980232 ], 
            "to":   [ 6.44999999254942, 10.100000001490116, 9.800000008940696 ], 
            "rotation": { "origin": [8, 8, 8], "axis": "y", "angle": -45 }, 
            "faces": {
                "north": { "texture": "#main", "uv": [ 9.75, 0.25, 10, 0.5 ] }, 
                "east":  { "texture": "#main", "uv": [ 9.5, 0.25, 9.625, 0.5 ] }, 
                "south": { "texture": "#main", "uv": [ 9.2125, 0.25, 9.5375, 0.5 ] }, 
                "west":  { "texture": "#main", "uv": [ 9.125, 0.25, 9.225, 0.5 ] }, 
                "up":    { "texture": "#main", "uv": [ 9.25, 0, 9.4375, 0.25 ] }, 
                "down":  { "texture": "#main", "uv": [ 9.5, 0, 9.9375, 0.25 ] }
            }
        }, 
        {
            "name": "Cube", 
            "from": [ 10.100000001490116, 0, 6.800000011920929 ], 
            "to":   [ 13.099999986588955, 1.2999999895691872, 11.49999999254942 ], 
            "faces": {
                "north": { "texture": "#main", "uv": [ 10, 0, 10.218749999534339, 0.09687499958090484 ] }, 
                "east":  { "texture": "#main", "uv": [ 10, 0, 10.24062499939464, 0.12812499958090484 ] }, 
                "south": { "texture": "#main", "uv": [ 10, 0, 10.187499999534339, 0.09687499958090484 ] }, 
                "west":  { "texture": "#main", "uv": [ 10, 0, 10.20937499939464, 0.12812499958090484 ] }, 
                "up":    { "texture": "#main", "uv": [ 10, 0, 10.187499999534339, 0.17812499939464033 ] }, 
                "down":  { "texture": "#main", "uv": [ 10, 0, 10.187499999534339, 0.20937499939464033 ] }
            }
        }, 
        {
            "name": "Cube", 
            "from": [ 11.100000001490116, 2.6000000089406967, 2.6999999955296516 ], 
            "to":   [ 12.099999971687794, 6.5999999940395355, 3.6999999657273293 ], 
            "rotation": { "origin": [8, 8, 8], "axis": "x", "angle": -45 }, 
            "faces": {
                "north": { "texture": "#main", "uv": [ 8.21875, 2.1875, 8.281249999534339, 2.499999999580905 ] }, 
                "east":  { "texture": "#main", "uv": [ 8.21875, 2.1875, 8.28124999939464, 2.499999999580905 ] }, 
                "south": { "texture": "#main", "uv": [ 8.21875, 2.1875, 8.281249999534339, 2.499999999580905 ] }, 
                "west":  { "texture": "#main", "uv": [ 8.21875, 2.1875, 8.28124999939464, 2.499999999580905 ] }, 
                "up":    { "texture": "#main", "uv": [ 8.21875, 2.1875, 8.281249999534339, 2.2406249993946403 ] }, 
                "down":  { "texture": "#main", "uv": [ 8, 2, 8.187499999534339, 2.3031249993946403 ] }
            }
        }, 
        {
            "name": "Cube", 
            "from": [ -2, 0, 6.800000011920929 ], 
            "to":   [ 0.9999999850988388, 1.2999999895691872, 11.49999999254942 ], 
            "faces": {
                "north": { "texture": "#main", "uv": [ 10, 0, 10.218749999534339, 0.09687499958090484 ] }, 
                "east":  { "texture": "#main", "uv": [ 10, 0, 10.24062499939464, 0.12812499958090484 ] }, 
                "south": { "texture": "#main", "uv": [ 10, 0, 10.187499999534339, 0.09687499958090484 ] }, 
                "west":  { "texture": "#main", "uv": [ 10, 0, 10.20937499939464, 0.12812499958090484 ] }, 
                "up":    { "texture": "#main", "uv": [ 10, 0, 10.187499999534339, 0.17812499939464033 ] }, 
                "down":  { "texture": "#main", "uv": [ 10, 0, 10.187499999534339, 0.20937499939464033 ] }
            }
        }, 
        {
            "name": "Cube", 
            "from": [ 3.3000000014901154, -0.8999999985098839, 4 ], 
            "to":   [ 5.3000000014901145, 4.100000001490116, 6 ], 
            "rotation": { "origin": [8, 8, 8], "axis": "z", "angle": -22.5 }, 
            "faces": {
                "north": { "texture": "#main", "uv": [ 9.125, 1.5, 9.25, 2 ] }, 
                "east":  { "texture": "#main", "uv": [ 9.125, 1.5, 9.25, 2 ] }, 
                "south": { "texture": "#main", "uv": [ 9.125, 1.5, 9.25, 2 ] }, 
                "west":  { "texture": "#main", "uv": [ 9.125, 1.5, 9.25, 2 ] }, 
                "up":    { "texture": "#main", "uv": [ 9.125, 1.625, 9.375, 1.875 ] }, 
                "down":  { "texture": "#main", "uv": [ 9.5, 0.5, 9.625, 0.625 ] }
            }
        }, 
        {
            "name": "Cube", 
            "from": [ -1, 4.200000002980232, 13.799999997019768 ], 
            "to":   [ -2.9802322387695312e-8, 8.199999988079071, 14.799999967217445 ], 
            "rotation": { "origin": [8, 8, 8], "axis": "x", "angle": 45 }, 
            "faces": {
                "north": { "texture": "#main", "uv": [ 8.21875, 2.1875, 8.281249999534339, 2.499999999580905 ] }, 
                "east":  { "texture": "#main", "uv": [ 8.21875, 2.1875, 8.28124999939464, 2.499999999580905 ] }, 
                "south": { "texture": "#main", "uv": [ 8.21875, 2.1875, 8.281249999534339, 2.499999999580905 ] }, 
                "west":  { "texture": "#main", "uv": [ 8.21875, 2.1875, 8.28124999939464, 2.499999999580905 ] }, 
                "up":    { "texture": "#main", "uv": [ 8.21875, 2.1875, 8.281249999534339, 2.2406249993946403 ] }, 
                "down":  { "texture": "#main", "uv": [ 8, 2, 8.187499999534339, 2.3031249993946403 ] }
            }
        }, 
        {
            "name": "Cube", 
            "from": [ 3, 0, 5.899999998509884 ], 
            "to":   [ 5, 2, 11.899999998509884 ], 
            "rotation": { "origin": [8, 8, 8], "axis": "y", "angle": -22.5 }, 
            "faces": {
                "north": { "texture": "#main", "uv": [ 12.75, 1.5, 12.875, 2 ] }, 
                "east":  { "texture": "#main", "uv": [ 12.75, 1.5, 12.875, 2 ], "rotation":90 }, 
                "south": { "texture": "#main", "uv": [ 12.625, 1.5, 12.75, 1.625 ] }, 
                "west":  { "texture": "#main", "uv": [ 12.75, 1.5, 12.875, 2 ], "rotation":270 }, 
                "up":    { "texture": "#main", "uv": [ 12.625, 1.375, 12.75, 2 ] }, 
                "down":  { "texture": "#main", "uv": [ 12.625, 1.5, 12.75, 2 ], "rotation":180 }
            }
        }, 
        {
            "name": "Cube", 
            "from": [ 6.5, 0, 4 ], 
            "to":   [ 8.5, 2, 10 ], 
            "rotation": { "origin": [8, -2, 8], "axis": "y", "angle": 22.5 }, 
            "faces": {
                "north": { "texture": "#main", "uv": [ 12.5, 1.625, 12.625, 2 ], "rotation":180 }, 
                "east":  { "texture": "#main", "uv": [ 12.625, 1.5, 12.75, 2 ], "rotation":90 }, 
                "south": { "texture": "#main", "uv": [ 12.625, 1.5875, 12.75, 1.625 ] }, 
                "west":  { "texture": "#main", "uv": [ 12.625, 1.5, 12.75, 2 ], "rotation":270 }, 
                "up":    { "texture": "#main", "uv": [ 12.625, 1.5, 12.75, 2 ] }, 
                "down":  { "texture": "#main", "uv": [ 12.625, 1.5, 12.75, 2 ], "rotation":180 }
            }
        }, 
        {
            "name": "Cube", 
            "from": [ 3.3, 0, 4 ], 
            "to":   [ 7.8, 6, 6 ], 
            "faces": {
                "north": { "texture": "#main", "uv": [ 13, 0.625, 13.25, 1 ] }, 
                "east":  { "texture": "#main", "uv": [ 13, 0.875, 13.25, 1 ] }, 
                "south": { "texture": "#main", "uv": [ 12.625, 0.625, 12.875, 1.125 ] }, 
                "west":  { "texture": "#main", "uv": [ 13, 0.875, 13.25, 1 ] }, 
                "up":    { "texture": "#main", "uv": [ 13.25, 0.625, 13.4375, 0.875 ] }, 
                "down":  { "texture": "#main", "uv": [ 12.625, 1.75, 12.8125, 1.875 ] }
            }
        }, 
        {
            "name": "Cube", 
            "from": [ 6.2, 1, 4 ], 
            "to":   [ 8.2, 6, 6 ], 
            "rotation": { "origin": [8, 8, 8], "axis": "z", "angle": 22.5 }, 
            "faces": {
                "north": { "texture": "#main", "uv": [ 13.125, 1.5, 13.25, 2 ] }, 
                "east":  { "texture": "#main", "uv": [ 13.125, 1.5, 13.25, 2 ] }, 
                "south": { "texture": "#main", "uv": [ 13.125, 1.5, 13.25, 2 ] }, 
                "west":  { "texture": "#main", "uv": [ 13.125, 1.5, 13.25, 2 ] }, 
                "up":    { "texture": "#main", "uv": [ 13.125, 1.625, 13.375, 1.875 ] }, 
                "down":  { "texture": "#main", "uv": [ 13.5, 0.5, 13.625, 0.625 ] }
            }
        }, 
        {
            "name": "Cube", 
            "from": [ 6.000000010430813, 6, 2.100000001490116 ], 
            "to":   [ 10.500000010430814, 10, 6.100000001490116 ], 
            "rotation": { "origin": [8, 8, 8], "axis": "y", "angle": 45 }, 
            "faces": {
                "north": { "texture": "#main", "uv": [ 12.75, 0.25, 13, 0.5 ] }, 
                "east":  { "texture": "#main", "uv": [ 12.75, 0.25, 12.5, 0.5 ] }, 
                "south": { "texture": "#main", "uv": [ 12.25, 0.25, 12.5, 0.5 ] }, 
                "west":  { "texture": "#main", "uv": [ 12, 0.25, 12.25, 0.5 ] }, 
                "up":    { "texture": "#main", "uv": [ 12.25, 0, 12.5, 0.25 ] }, 
                "down":  { "texture": "#main", "uv": [ 12.5, 0, 12.75, 0.125 ] }
            }
        }, 
        {
            "name": "Cube", 
            "from": [ 5.950000010430813, 5.899999998509884, 1.8999999955296518 ], 
            "to":   [ 10.650000010430812, 10.100000001490116, 6.300000001490116 ], 
            "rotation": { "origin": [8, 8, 8], "axis": "y", "angle": 45 }, 
            "faces": {
                "north": { "texture": "#main", "uv": [ 13.75, 0.25, 14, 0.5 ] }, 
                "east":  { "texture": "#main", "uv": [ 13.5, 0.25, 13.625, 0.5 ] }, 
                "south": { "texture": "#main", "uv": [ 13.2125, 0.25, 13.5375, 0.5 ] }, 
                "west":  { "texture": "#main", "uv": [ 13, 0.25, 13.225, 0.5 ] }, 
                "up":    { "texture": "#main", "uv": [ 13.25, 0, 13.4375, 0.25 ] }, 
                "down":  { "texture": "#main", "uv": [ 13.5, 0, 13.9375, 0.25 ] }
            }
        }, 
        {
            "name": "Cube", 
            "from": [ 10.100000001490116, 0, 6.800000011920929 ], 
            "to":   [ 13.099999986588955, 1.2999999895691872, 11.49999999254942 ], 
            "faces": {
                "north": { "texture": "#main", "uv": [ 14, 0, 14.218749999534339, 0.09687499958090484 ] }, 
                "east":  { "texture": "#main", "uv": [ 14, 0, 14.24062499939464, 0.12812499958090484 ] }, 
                "south": { "texture": "#main", "uv": [ 14, 0, 14.187499999534339, 0.09687499958090484 ] }, 
                "west":  { "texture": "#main", "uv": [ 14, 0, 14.20937499939464, 0.12812499958090484 ] }, 
                "up":    { "texture": "#main", "uv": [ 14, 0, 14.187499999534339, 0.17812499939464033 ] }, 
                "down":  { "texture": "#main", "uv": [ 14, 0, 14.187499999534339, 0.20937499939464033 ] }
            }
        }, 
        {
            "name": "Cube", 
            "from": [ 11.100000001490116, 2.6000000089406967, 2.6999999955296516 ], 
            "to":   [ 12.099999971687794, 6.5999999940395355, 3.6999999657273293 ], 
            "rotation": { "origin": [8, 8, 8], "axis": "x", "angle": -45 }, 
            "faces": {
                "north": { "texture": "#main", "uv": [ 12.21875, 2.1875, 12.281249999534339, 2.499999999580905 ] }, 
                "east":  { "texture": "#main", "uv": [ 12.21875, 2.1875, 12.28124999939464, 2.499999999580905 ] }, 
                "south": { "texture": "#main", "uv": [ 12.21875, 2.1875, 12.281249999534339, 2.499999999580905 ] }, 
                "west":  { "texture": "#main", "uv": [ 12.21875, 2.1875, 12.28124999939464, 2.499999999580905 ] }, 
                "up":    { "texture": "#main", "uv": [ 12.21875, 2.1875, 12.281249999534339, 2.2406249993946403 ] }, 
                "down":  { "texture": "#main", "uv": [ 12, 2, 12.187499999534339, 2.3031249993946403 ] }
            }
        }, 
        {
            "name": "Cube", 
            "from": [ -2, 0, 6.800000011920929 ], 
            "to":   [ 0.9999999850988388, 1.2999999895691872, 11.49999999254942 ], 
            "faces": {
                "north": { "texture": "#main", "uv": [ 14, 0, 14.218749999534339, 0.09687499958090484 ] }, 
                "east":  { "texture": "#main", "uv": [ 14, 0, 14.24062499939464, 0.12812499958090484 ] }, 
                "south": { "texture": "#main", "uv": [ 14, 0, 14.187499999534339, 0.09687499958090484 ] }, 
                "west":  { "texture": "#main", "uv": [ 14, 0, 14.20937499939464, 0.12812499958090484 ] }, 
                "up":    { "texture": "#main", "uv": [ 14, 0, 14.187499999534339, 0.17812499939464033 ] }, 
                "down":  { "texture": "#main", "uv": [ 14, 0, 14.187499999534339, 0.20937499939464033 ] }
            }
        }, 
        {
            "name": "Cube", 
            "from": [ 3.3000000014901154, -0.8999999985098839, 4 ], 
            "to":   [ 5.3000000014901145, 4.100000001490116, 6 ], 
            "rotation": { "origin": [8, 8, 8], "axis": "z", "angle": -22.5 }, 
            "faces": {
                "north": { "texture": "#main", "uv": [ 13.125, 1.5, 13.25, 2 ] }, 
                "east":  { "texture": "#main", "uv": [ 13.125, 1.5, 13.25, 2 ] }, 
                "south": { "texture": "#main", "uv": [ 13.125, 1.5, 13.25, 2 ] }, 
                "west":  { "texture": "#main", "uv": [ 13.125, 1.5, 13.25, 2 ] }, 
                "up":    { "texture": "#main", "uv": [ 13.125, 1.625, 13.375, 1.875 ] }, 
                "down":  { "texture": "#main", "uv": [ 13.5, 0.5, 13.625, 0.625 ] }
            }
        }, 
        {
            "name": "Cube", 
            "from": [ -1, 2.6000000089406967, 2.6999999955296516 ], 
            "to":   [ -2.9802322387695312e-8, 6.5999999940395355, 3.6999999657273293 ], 
            "rotation": { "origin": [8, 8, 8], "axis": "x", "angle": -45 }, 
            "faces": {
                "north": { "texture": "#main", "uv": [ 12.21875, 2.1875, 12.281249999534339, 2.499999999580905 ] }, 
                "east":  { "texture": "#main", "uv": [ 12.21875, 2.1875, 12.28124999939464, 2.499999999580905 ] }, 
                "south": { "texture": "#main", "uv": [ 12.21875, 2.1875, 12.281249999534339, 2.499999999580905 ] }, 
                "west":  { "texture": "#main", "uv": [ 12.21875, 2.1875, 12.28124999939464, 2.499999999580905 ] }, 
                "up":    { "texture": "#main", "uv": [ 12.21875, 2.1875, 12.281249999534339, 2.2406249993946403 ] }, 
                "down":  { "texture": "#main", "uv": [ 12, 2, 12.187499999534339, 2.3031249993946403 ] }
            }
        }, 
        {
            "name": "Cube", 
            "from": [ 3, 0, 5.899999998509884 ], 
            "to":   [ 5, 2, 11.899999998509884 ], 
            "rotation": { "origin": [8, 8, 8], "axis": "y", "angle": -22.5 }, 
            "faces": {
                "north": { "texture": "#main", "uv": [ 0.75, 5.5, 0.875, 6 ] }, 
                "east":  { "texture": "#main", "uv": [ 0.75, 5.5, 0.875, 6 ], "rotation":90 }, 
                "south": { "texture": "#main", "uv": [ 0.625, 5.5, 0.75, 5.625 ] }, 
                "west":  { "texture": "#main", "uv": [ 0.75, 5.5, 0.875, 6 ], "rotation":270 }, 
                "up":    { "texture": "#main", "uv": [ 0.625, 5.375, 0.75, 6 ] }, 
                "down":  { "texture": "#main", "uv": [ 0.625, 5.5, 0.75, 6 ], "rotation":180 }
            }
        }, 
        {
            "name": "Cube", 
            "from": [ 6.5, 0, 4 ], 
            "to":   [ 8.5, 2, 10 ], 
            "rotation": { "origin": [8, -2, 8], "axis": "y", "angle": 22.5 }, 
            "faces": {
                "north": { "texture": "#main", "uv": [ 0.5, 5.625, 0.625, 6 ], "rotation":180 }, 
                "east":  { "texture": "#main", "uv": [ 0.625, 5.5, 0.75, 6 ], "rotation":90 }, 
                "south": { "texture": "#main", "uv": [ 0.625, 5.5875, 0.75, 5.625 ] }, 
                "west":  { "texture": "#main", "uv": [ 0.625, 5.5, 0.75, 6 ], "rotation":270 }, 
                "up":    { "texture": "#main", "uv": [ 0.625, 5.5, 0.75, 6 ] }, 
                "down":  { "texture": "#main", "uv": [ 0.625, 5.5, 0.75, 6 ], "rotation":180 }
            }
        }, 
        {
            "name": "Cube", 
            "from": [ 3.3, 0, 4 ], 
            "to":   [ 7.8, 6, 6 ], 
            "faces": {
                "north": { "texture": "#main", "uv": [ 1, 4.625, 1.25, 5 ] }, 
                "east":  { "texture": "#main", "uv": [ 1, 4.875, 1.25, 5 ] }, 
                "south": { "texture": "#main", "uv": [ 0.625, 4.625, 0.875, 5.125 ] }, 
                "west":  { "texture": "#main", "uv": [ 1, 4.875, 1.25, 5 ] }, 
                "up":    { "texture": "#main", "uv": [ 1.25, 4.625, 1.4375, 4.875 ] }, 
                "down":  { "texture": "#main", "uv": [ 0.625, 5.75, 0.8125, 5.875 ] }
            }
        }, 
        {
            "name": "Cube", 
            "from": [ 6.2, 1, 4 ], 
            "to":   [ 8.2, 6, 6 ], 
            "rotation": { "origin": [8, 8, 8], "axis": "z", "angle": 22.5 }, 
            "faces": {
                "north": { "texture": "#main", "uv": [ 1.125, 5.5, 1.25, 6 ] }, 
                "east":  { "texture": "#main", "uv": [ 1.125, 5.5, 1.25, 6 ] }, 
                "south": { "texture": "#main", "uv": [ 1.125, 5.5, 1.25, 6 ] }, 
                "west":  { "texture": "#main", "uv": [ 1.125, 5.5, 1.25, 6 ] }, 
                "up":    { "texture": "#main", "uv": [ 1.125, 5.625, 1.375, 5.875 ] }, 
                "down":  { "texture": "#main", "uv": [ 1.5, 4.5, 1.625, 4.625 ] }
            }
        }, 
        {
            "name": "Cube", 
            "from": [ 6.000000010430813, 6, 2.100000001490116 ], 
            "to":   [ 10.500000010430814, 10, 6.100000001490116 ], 
            "rotation": { "origin": [8, 8, 8], "axis": "y", "angle": 45 }, 
            "faces": {
                "north": { "texture": "#main", "uv": [ 0.75, 4.25, 1, 4.5 ] }, 
                "east":  { "texture": "#main", "uv": [ 0.75, 4.25, 0.5, 4.5 ] }, 
                "south": { "texture": "#main", "uv": [ 0.25, 4.25, 0.5, 4.5 ] }, 
                "west":  { "texture": "#main", "uv": [ 0, 4.25, 0.25, 4.5 ] }, 
                "up":    { "texture": "#main", "uv": [ 0.25, 4, 0.5, 4.25 ] }, 
                "down":  { "texture": "#main", "uv": [ 0.5, 4, 0.75, 4.125 ] }
            }
        }, 
        {
            "name": "Cube", 
            "from": [ 5.950000010430813, 5.899999998509884, 1.8999999955296518 ], 
            "to":   [ 10.650000010430812, 10.100000001490116, 6.300000001490116 ], 
            "rotation": { "origin": [8, 8, 8], "axis": "y", "angle": 45 }, 
            "faces": {
                "north": { "texture": "#main", "uv": [ 1.75, 4.25, 2, 4.5 ] }, 
                "east":  { "texture": "#main", "uv": [ 1.5, 4.25, 1.625, 4.5 ] }, 
                "south": { "texture": "#main", "uv": [ 1.2125, 4.25, 1.5375, 4.5 ] }, 
                "west":  { "texture": "#main", "uv": [ 1, 4.25, 1.225, 4.5 ] }, 
                "up":    { "texture": "#main", "uv": [ 1.25, 4, 1.4375, 4.25 ] }, 
                "down":  { "texture": "#main", "uv": [ 1.5, 4, 1.9375, 4.25 ] }
            }
        }, 
        {
            "name": "Cube", 
            "from": [ 10.100000001490116, 0, 6.800000011920929 ], 
            "to":   [ 13.099999986588955, 1.2999999895691872, 11.49999999254942 ], 
            "faces": {
                "north": { "texture": "#main", "uv": [ 2, 4, 2.2187499995343387, 4.096874999580905 ] }, 
                "east":  { "texture": "#main", "uv": [ 2, 4, 2.2406249993946403, 4.128124999580905 ] }, 
                "south": { "texture": "#main", "uv": [ 2, 4, 2.1874999995343387, 4.096874999580905 ] }, 
                "west":  { "texture": "#main", "uv": [ 2, 4, 2.2093749993946403, 4.128124999580905 ] }, 
                "up":    { "texture": "#main", "uv": [ 2, 4, 2.1874999995343387, 4.17812499939464 ] }, 
                "down":  { "texture": "#main", "uv": [ 2, 4, 2.1874999995343387, 4.20937499939464 ] }
            }
        }, 
        {
            "name": "Cube", 
            "from": [ 11.100000001490116, 4.300000004470348, 13.799999997019768 ], 
            "to":   [ 12.099999971687794, 8.299999989569187, 14.799999967217445 ], 
            "rotation": { "origin": [8, 8, 8], "axis": "x", "angle": 45 }, 
            "faces": {
                "north": { "texture": "#main", "uv": [ 0.21875, 6.1875, 0.2812499995343387, 6.499999999580905 ] }, 
                "east":  { "texture": "#main", "uv": [ 0.21875, 6.1875, 0.2812499993946403, 6.499999999580905 ] }, 
                "south": { "texture": "#main", "uv": [ 0.21875, 6.1875, 0.2812499995343387, 6.499999999580905 ] }, 
                "west":  { "texture": "#main", "uv": [ 0.21875, 6.1875, 0.2812499993946403, 6.499999999580905 ] }, 
                "up":    { "texture": "#main", "uv": [ 0.21875, 6.1875, 0.2812499995343387, 6.24062499939464 ] }, 
                "down":  { "texture": "#main", "uv": [ 0, 6, 0.1874999995343387, 6.30312499939464 ] }
            }
        }, 
        {
            "name": "Cube", 
            "from": [ -2, 0, 6.800000011920929 ], 
            "to":   [ 0.9999999850988388, 1.2999999895691872, 11.49999999254942 ], 
            "faces": {
                "north": { "texture": "#main", "uv": [ 2, 4, 2.2187499995343387, 4.096874999580905 ] }, 
                "east":  { "texture": "#main", "uv": [ 2, 4, 2.2406249993946403, 4.128124999580905 ] }, 
                "south": { "texture": "#main", "uv": [ 2, 4, 2.1874999995343387, 4.096874999580905 ] }, 
                "west":  { "texture": "#main", "uv": [ 2, 4, 2.2093749993946403, 4.128124999580905 ] }, 
                "up":    { "texture": "#main", "uv": [ 2, 4, 2.1874999995343387, 4.17812499939464 ] }, 
                "down":  { "texture": "#main", "uv": [ 2, 4, 2.1874999995343387, 4.20937499939464 ] }
            }
        }, 
        {
            "name": "Cube", 
            "from": [ 3.3000000014901154, -0.8999999985098839, 4 ], 
            "to":   [ 5.3000000014901145, 4.100000001490116, 6 ], 
            "rotation": { "origin": [8, 8, 8], "axis": "z", "angle": -22.5 }, 
            "faces": {
                "north": { "texture": "#main", "uv": [ 1.125, 5.5, 1.25, 6 ] }, 
                "east":  { "texture": "#main", "uv": [ 1.125, 5.5, 1.25, 6 ] }, 
                "south": { "texture": "#main", "uv": [ 1.125, 5.5, 1.25, 6 ] }, 
                "west":  { "texture": "#main", "uv": [ 1.125, 5.5, 1.25, 6 ] }, 
                "up":    { "texture": "#main", "uv": [ 1.125, 5.625, 1.375, 5.875 ] }, 
                "down":  { "texture": "#main", "uv": [ 1.5, 4.5, 1.625, 4.625 ] }
            }
        }, 
        {
            "name": "Cube", 
            "from": [ -1, 2.6000000089406967, 2.6999999955296516 ], 
            "to":   [ -2.9802322387695312e-8, 6.5999999940395355, 3.6999999657273293 ], 
            "rotation": { "origin": [8, 8, 8], "axis": "x", "angle": -45 }, 
            "faces": {
                "north": { "texture": "#main", "uv": [ 0.21875, 6.1875, 0.2812499995343387, 6.499999999580905 ] }, 
                "east":  { "texture": "#main", "uv": [ 0.21875, 6.1875, 0.2812499993946403, 6.499999999580905 ] }, 
                "south": { "texture": "#main", "uv": [ 0.21875, 6.1875, 0.2812499995343387, 6.499999999580905 ] }, 
                "west":  { "texture": "#main", "uv": [ 0.21875, 6.1875, 0.2812499993946403, 6.499999999580905 ] }, 
                "up":    { "texture": "#main", "uv": [ 0.21875, 6.1875, 0.2812499995343387, 6.24062499939464 ] }, 
                "down":  { "texture": "#main", "uv": [ 0, 6, 0.1874999995343387, 6.30312499939464 ] }
            }
        }
	],
	"display": {
		"head": {
			"rotation":  [ 0, 180, 0 ],
			"translation":  [ -2, 13.8, 0 ],
			"scale":  [ 0.85, 0.9, 0.85 ]
		},
	    "gui": {
        "rotation": [ 0, 0, 0 ],
        "translation": [ 2.5, 0, 0 ],
        "scale": [ 1, 1, 1 ]
    }
	}
}