{
    "__comment": "Model generated using MrCrayfish's Model Creator (http://mrcrayfish.com/modelcreator/)",
    "textures": {
        "particle": "blocks/blocks/blocks//gop0",
        "0": "blocks/hardened_clay_stained_gray",
        "1": "blocks/cauldron_inner",
        "2": "blocks/clay"
    },
    "elements": [
        {
            "name": "Cube",
            "from": [ 3.4, 1.6, 8.3 ], 
            "to": [ 4.6, 1.9000000000000001, 9.3 ], 
            "faces": {
                "north": { "texture": "#0", "uv": [ 0.0, 0.0, 1.2, 0.3 ] },
                "east": { "texture": "#0", "uv": [ 0.0, 0.0, 1.0, 0.3 ] },
                "south": { "texture": "#0", "uv": [ 0.0, 0.0, 1.2, 0.3 ] },
                "west": { "texture": "#0", "uv": [ 0.0, 0.0, 1.0, 0.3 ] },
                "up": { "texture": "#0", "uv": [ 0.0, 0.0, 1.2, 1.0 ] },
                "down": { "texture": "#0", "uv": [ 0.0, 0.0, 1.2, 1.0 ] }
            }
        },
        {
            "name": "Cube",
            "from": [ 11.4, 1.6, 8.3 ], 
            "to": [ 12.6, 1.9000000000000001, 9.3 ], 
            "faces": {
                "north": { "texture": "#0", "uv": [ 0.0, 0.0, 1.2, 0.3 ] },
                "east": { "texture": "#0", "uv": [ 0.0, 0.0, 1.0, 0.3 ] },
                "south": { "texture": "#0", "uv": [ 0.0, 0.0, 1.2, 0.3 ] },
                "west": { "texture": "#0", "uv": [ 0.0, 0.0, 1.0, 0.3 ] },
                "up": { "texture": "#0", "uv": [ 0.0, 0.0, 1.2, 1.0 ] },
                "down": { "texture": "#0", "uv": [ 0.0, 0.0, 1.2, 1.0 ] }
            }
        },
        {
            "name": "Cube",
            "from": [ 4.0, 5.2, 11.2 ], 
            "to": [ 12.0, 6.6, 12.2 ], 
            "rotation": { "origin": [ 8.0, 8.0, 8.0 ], "axis": "x", "angle": -45.0 },
            "faces": {
                "north": { "texture": "#0", "uv": [ 0.0, 0.0, 8.0, 1.4 ] },
                "east": { "texture": "#0", "uv": [ 0.0, 0.0, 1.0, 1.4 ] },
                "south": { "texture": "#0", "uv": [ 0.0, 0.0, 8.0, 1.4 ] },
                "west": { "texture": "#0", "uv": [ 0.0, 0.0, 1.0, 1.4 ] },
                "up": { "texture": "#0", "uv": [ 0.0, 0.0, 8.0, 1.0 ] },
                "down": { "texture": "#0", "uv": [ 0.0, 0.0, 8.0, 1.0 ] }
            }
        },
        {
            "name": "Cube",
            "from": [ 4.0, 5.199999999999999, 3.8 ], 
            "to": [ 12.0, 6.6, 4.8 ], 
            "rotation": { "origin": [ 8.0, 8.0, 8.0 ], "axis": "x", "angle": 45.0 },
            "faces": {
                "north": { "texture": "#0", "uv": [ 0.0, 0.0, 8.0, 1.4 ] },
                "east": { "texture": "#0", "uv": [ 0.0, 0.0, 1.0, 1.4 ] },
                "south": { "texture": "#0", "uv": [ 0.0, 0.0, 8.0, 1.4 ] },
                "west": { "texture": "#0", "uv": [ 0.0, 0.0, 1.0, 1.4 ] },
                "up": { "texture": "#0", "uv": [ 0.0, 0.0, 8.0, 1.0 ] },
                "down": { "texture": "#0", "uv": [ 0.0, 0.0, 8.0, 1.0 ] }
            }
        },
        {
            "name": "Cube",
            "from": [ 3.8, 5.15, 4.0 ], 
            "to": [ 4.8, 6.550000000000001, 12.0 ], 
            "rotation": { "origin": [ 8.0, 8.0, 8.0 ], "axis": "z", "angle": -45.0 },
            "faces": {
                "north": { "texture": "#0", "uv": [ 0.0, 0.0, 1.0, 1.4 ] },
                "east": { "texture": "#0", "uv": [ 0.0, 0.0, 8.0, 1.4 ] },
                "south": { "texture": "#0", "uv": [ 0.0, 0.0, 1.0, 1.4 ] },
                "west": { "texture": "#0", "uv": [ 0.0, 0.0, 8.0, 1.4 ] },
                "up": { "texture": "#0", "uv": [ 0.0, 0.0, 1.0, 8.0 ] },
                "down": { "texture": "#0", "uv": [ 0.0, 0.0, 1.0, 8.0 ] }
            }
        },
        {
            "name": "Cube",
            "from": [ 11.25, 5.15, 4.0 ], 
            "to": [ 12.25, 6.550000000000001, 12.0 ], 
            "rotation": { "origin": [ 8.0, 8.0, 8.0 ], "axis": "z", "angle": 45.0 },
            "faces": {
                "north": { "texture": "#0", "uv": [ 0.0, 0.0, 1.0, 1.4 ] },
                "east": { "texture": "#0", "uv": [ 0.0, 0.0, 8.0, 1.4 ] },
                "south": { "texture": "#0", "uv": [ 0.0, 0.0, 1.0, 1.4 ] },
                "west": { "texture": "#0", "uv": [ 0.0, 0.0, 8.0, 1.4 ] },
                "up": { "texture": "#0", "uv": [ 0.0, 0.0, 1.0, 8.0 ] },
                "down": { "texture": "#0", "uv": [ 0.0, 0.0, 1.0, 8.0 ] }
            }
        },
        {
            "name": "Cube",
            "from": [ 3.0, 6.0, 4.0 ], 
            "to": [ 4.0, 9.0, 12.0 ], 
            "faces": {
                "north": { "texture": "#0", "uv": [ 0.0, 0.0, 1.0, 3.0 ] },
                "east": { "texture": "#0", "uv": [ 0.0, 0.0, 8.0, 3.0 ] },
                "south": { "texture": "#0", "uv": [ 0.0, 0.0, 1.0, 3.0 ] },
                "west": { "texture": "#0", "uv": [ 0.0, 0.0, 8.0, 3.0 ] },
                "up": { "texture": "#0", "uv": [ 0.0, 0.0, 1.0, 8.0 ] },
                "down": { "texture": "#0", "uv": [ 0.0, 0.0, 1.0, 8.0 ] }
            }
        },
        {
            "name": "Cube",
            "from": [ 4.0, 6.0, 12.0 ], 
            "to": [ 12.0, 9.0, 13.0 ], 
            "faces": {
                "north": { "texture": "#0", "uv": [ 0.0, 0.0, 8.0, 3.0 ] },
                "east": { "texture": "#0", "uv": [ 0.0, 0.0, 1.0, 3.0 ] },
                "south": { "texture": "#0", "uv": [ 0.0, 0.0, 8.0, 3.0 ] },
                "west": { "texture": "#0", "uv": [ 0.0, 0.0, 1.0, 3.0 ] },
                "up": { "texture": "#0", "uv": [ 0.0, 0.0, 8.0, 1.0 ] },
                "down": { "texture": "#0", "uv": [ 0.0, 0.0, 8.0, 1.0 ] }
            }
        },
        {
            "name": "Cube",
            "from": [ 12.0, 6.0, 4.0 ], 
            "to": [ 13.0, 9.0, 12.0 ], 
            "faces": {
                "north": { "texture": "#0", "uv": [ 0.0, 0.0, 1.0, 3.0 ] },
                "east": { "texture": "#0", "uv": [ 0.0, 0.0, 8.0, 3.0 ] },
                "south": { "texture": "#0", "uv": [ 0.0, 0.0, 1.0, 3.0 ] },
                "west": { "texture": "#0", "uv": [ 0.0, 0.0, 8.0, 3.0 ] },
                "up": { "texture": "#0", "uv": [ 0.0, 0.0, 1.0, 8.0 ] },
                "down": { "texture": "#0", "uv": [ 0.0, 0.0, 1.0, 8.0 ] }
            }
        },
        {
            "name": "Cube",
            "from": [ 4.0, 5.0, 3.0 ], 
            "to": [ 12.0, 9.0, 4.0 ], 
            "faces": {
                "north": { "texture": "#0", "uv": [ 0.0, 0.0, 8.0, 4.0 ] },
                "east": { "texture": "#0", "uv": [ 0.0, 0.0, 1.0, 4.0 ] },
                "south": { "texture": "#0", "uv": [ 0.0, 0.0, 8.0, 4.0 ] },
                "west": { "texture": "#0", "uv": [ 0.0, 0.0, 1.0, 4.0 ] },
                "up": { "texture": "#0", "uv": [ 0.0, 0.0, 8.0, 1.0 ] },
                "down": { "texture": "#0", "uv": [ 0.0, 0.0, 8.0, 1.0 ] }
            }
        },
        {
            "name": "Cube",
            "from": [ 3.0, 5.0, 4.0 ], 
            "to": [ 4.0, 6.0, 7.0 ], 
            "faces": {
                "north": { "texture": "#0", "uv": [ 0.0, 0.0, 1.0, 1.0 ] },
                "east": { "texture": "#0", "uv": [ 0.0, 0.0, 3.0, 1.0 ] },
                "south": { "texture": "#0", "uv": [ 0.0, 0.0, 1.0, 1.0 ] },
                "west": { "texture": "#0", "uv": [ 0.0, 0.0, 3.0, 1.0 ] },
                "up": { "texture": "#0", "uv": [ 0.0, 0.0, 1.0, 3.0 ] },
                "down": { "texture": "#0", "uv": [ 0.0, 0.0, 1.0, 3.0 ] }
            }
        },
        {
            "name": "Cube",
            "from": [ 12.0, 5.0, 4.0 ], 
            "to": [ 13.0, 6.0, 7.0 ], 
            "faces": {
                "north": { "texture": "#0", "uv": [ 0.0, 0.0, 1.0, 1.0 ] },
                "east": { "texture": "#0", "uv": [ 0.0, 0.0, 3.0, 1.0 ] },
                "south": { "texture": "#0", "uv": [ 0.0, 0.0, 1.0, 1.0 ] },
                "west": { "texture": "#0", "uv": [ 0.0, 0.0, 3.0, 1.0 ] },
                "up": { "texture": "#0", "uv": [ 0.0, 0.0, 1.0, 3.0 ] },
                "down": { "texture": "#0", "uv": [ 0.0, 0.0, 1.0, 3.0 ] }
            }
        },
        {
            "name": "Cube",
            "from": [ 4.0, 9.0, 4.0 ], 
            "to": [ 12.0, 10.0, 12.0 ], 
            "faces": {
                "north": { "texture": "#0", "uv": [ 0.0, 0.0, 8.0, 1.0 ] },
                "east": { "texture": "#0", "uv": [ 0.0, 0.0, 8.0, 1.0 ] },
                "south": { "texture": "#0", "uv": [ 0.0, 0.0, 8.0, 1.0 ] },
                "west": { "texture": "#0", "uv": [ 0.0, 0.0, 8.0, 1.0 ] },
                "up": { "texture": "#0", "uv": [ 0.0, 0.0, 8.0, 8.0 ] },
                "down": { "texture": "#0", "uv": [ 0.0, 0.0, 8.0, 8.0 ] }
            }
        },
        {
            "name": "Cube",
            "from": [ 5.0, 10.0, 7.5 ], 
            "to": [ 9.0, 11.0, 8.5 ], 
            "faces": {
                "north": { "texture": "#1", "uv": [ 0.0, 0.0, 4.0, 1.0 ] },
                "east": { "texture": "#1", "uv": [ 0.0, 0.0, 1.0, 1.0 ] },
                "south": { "texture": "#1", "uv": [ 0.0, 0.0, 4.0, 1.0 ] },
                "west": { "texture": "#1", "uv": [ 0.0, 0.0, 1.0, 1.0 ] },
                "up": { "texture": "#1", "uv": [ 0.0, 0.0, 4.0, 1.0 ] },
                "down": { "texture": "#1", "uv": [ 0.0, 0.0, 4.0, 1.0 ] }
            }
        },
        {
            "name": "Cube",
            "from": [ 6.0, 11.0, 7.0 ], 
            "to": [ 10.0, 14.0, 9.0 ], 
            "faces": {
                "north": { "texture": "#2", "uv": [ 0.0, 0.0, 4.0, 3.0 ] },
                "east": { "texture": "#2", "uv": [ 0.0, 0.0, 2.0, 3.0 ] },
                "south": { "texture": "#2", "uv": [ 0.0, 0.0, 4.0, 3.0 ] },
                "west": { "texture": "#2", "uv": [ 0.0, 0.0, 2.0, 3.0 ] },
                "up": { "texture": "#2", "uv": [ 0.0, 0.0, 4.0, 2.0 ] },
                "down": { "texture": "#2", "uv": [ 0.0, 0.0, 4.0, 2.0 ] }
            }
        },
        {
            "name": "Cube",
            "from": [ 6.0, 13.6, 7.0 ], 
            "to": [ 10.0, 14.6, 8.0 ], 
            "faces": {
                "north": { "texture": "#2", "uv": [ 0.0, 0.0, 4.0, 1.0 ] },
                "east": { "texture": "#2", "uv": [ 0.0, 0.0, 1.0, 1.0 ] },
                "south": { "texture": "#2", "uv": [ 0.0, 0.0, 4.0, 1.0 ] },
                "west": { "texture": "#2", "uv": [ 0.0, 0.0, 1.0, 1.0 ] },
                "up": { "texture": "#2", "uv": [ 0.0, 0.0, 4.0, 1.0 ] },
                "down": { "texture": "#2", "uv": [ 0.0, 0.0, 4.0, 1.0 ] }
            }
        },
        {
            "name": "Cube",
            "from": [ 7.0, 13.6, 8.0 ], 
            "to": [ 9.0, 14.6, 9.0 ], 
            "faces": {
                "north": { "texture": "#2", "uv": [ 0.0, 0.0, 2.0, 1.0 ] },
                "east": { "texture": "#2", "uv": [ 0.0, 0.0, 1.0, 1.0 ] },
                "south": { "texture": "#2", "uv": [ 0.0, 0.0, 2.0, 1.0 ] },
                "west": { "texture": "#2", "uv": [ 0.0, 0.0, 1.0, 1.0 ] },
                "up": { "texture": "#2", "uv": [ 0.0, 0.0, 2.0, 1.0 ] },
                "down": { "texture": "#2", "uv": [ 0.0, 0.0, 2.0, 1.0 ] }
            }
        },
        {
            "name": "Cube",
            "from": [ 7.7, 11.8, 8.5 ], 
            "to": [ 9.7, 13.8, 9.5 ], 
            "faces": {
                "north": { "texture": "#1", "uv": [ 0.0, 0.0, 2.0, 2.0 ] },
                "east": { "texture": "#1", "uv": [ 0.0, 0.0, 1.0, 2.0 ] },
                "south": { "texture": "#1", "uv": [ 0.0, 0.0, 2.0, 2.0 ] },
                "west": { "texture": "#1", "uv": [ 0.0, 0.0, 1.0, 2.0 ] },
                "up": { "texture": "#1", "uv": [ 0.0, 0.0, 2.0, 1.0 ] },
                "down": { "texture": "#1", "uv": [ 0.0, 0.0, 2.0, 1.0 ] }
            }
        },
        {
            "name": "Cube",
            "from": [ 3.5, 2.5, 10.5 ], 
            "to": [ 4.5, 7.5, 11.5 ], 
            "rotation": { "origin": [ 8.0, 8.0, 8.0 ], "axis": "x", "angle": 22.5 },
            "faces": {
                "north": { "texture": "#2", "uv": [ 0.0, 0.0, 1.0, 5.0 ] },
                "east": { "texture": "#2", "uv": [ 0.0, 0.0, 1.0, 5.0 ] },
                "south": { "texture": "#2", "uv": [ 0.0, 0.0, 1.0, 5.0 ] },
                "west": { "texture": "#2", "uv": [ 0.0, 0.0, 1.0, 5.0 ] },
                "up": { "texture": "#2", "uv": [ 0.0, 0.0, 1.0, 1.0 ] },
                "down": { "texture": "#2", "uv": [ 0.0, 0.0, 1.0, 1.0 ] }
            }
        },
        {
            "name": "Cube",
            "from": [ 3.5, 3.0, 4.0 ], 
            "to": [ 4.5, 8.0, 5.0 ], 
            "rotation": { "origin": [ 8.0, 8.0, 8.0 ], "axis": "x", "angle": -45.0 },
            "faces": {
                "north": { "texture": "#2", "uv": [ 0.0, 0.0, 1.0, 5.0 ] },
                "east": { "texture": "#2", "uv": [ 0.0, 0.0, 1.0, 5.0 ] },
                "south": { "texture": "#2", "uv": [ 0.0, 0.0, 1.0, 5.0 ] },
                "west": { "texture": "#2", "uv": [ 0.0, 0.0, 1.0, 5.0 ] },
                "up": { "texture": "#2", "uv": [ 0.0, 0.0, 1.0, 1.0 ] },
                "down": { "texture": "#2", "uv": [ 0.0, 0.0, 1.0, 1.0 ] }
            }
        },
        {
            "name": "Cube",
            "from": [ 11.5, 2.5, 10.5 ], 
            "to": [ 12.5, 7.5, 11.5 ], 
            "rotation": { "origin": [ 8.0, 8.0, 8.0 ], "axis": "x", "angle": 22.5 },
            "faces": {
                "north": { "texture": "#2", "uv": [ 0.0, 0.0, 1.0, 5.0 ] },
                "east": { "texture": "#2", "uv": [ 0.0, 0.0, 1.0, 5.0 ] },
                "south": { "texture": "#2", "uv": [ 0.0, 0.0, 1.0, 5.0 ] },
                "west": { "texture": "#2", "uv": [ 0.0, 0.0, 1.0, 5.0 ] },
                "up": { "texture": "#2", "uv": [ 0.0, 0.0, 1.0, 1.0 ] },
                "down": { "texture": "#2", "uv": [ 0.0, 0.0, 1.0, 1.0 ] }
            }
        },
        {
            "name": "Cube",
            "from": [ 11.5, 3.0, 4.0 ], 
            "to": [ 12.5, 8.0, 5.0 ], 
            "rotation": { "origin": [ 8.0, 8.0, 8.0 ], "axis": "x", "angle": -45.0 },
            "faces": {
                "north": { "texture": "#2", "uv": [ 0.0, 0.0, 1.0, 5.0 ] },
                "east": { "texture": "#2", "uv": [ 0.0, 0.0, 1.0, 5.0 ] },
                "south": { "texture": "#2", "uv": [ 0.0, 0.0, 1.0, 5.0 ] },
                "west": { "texture": "#2", "uv": [ 0.0, 0.0, 1.0, 5.0 ] },
                "up": { "texture": "#2", "uv": [ 0.0, 0.0, 1.0, 1.0 ] },
                "down": { "texture": "#2", "uv": [ 0.0, 0.0, 1.0, 1.0 ] }
            }
        }
	],
"display": {
    "thirdperson_righthand": {
        "rotation": [ -41, 0, 0 ],
        "translation": [ 0, 1.32, 0 ],
        "scale": [ 0.5, 0.5, 0.5 ]
    },
    "head": {
        "rotation": [ 0, 180, 0 ],
        "translation": [ 0, 6.99, 0 ],
        "scale": [ 1.7, 1.7, 1.7 ]
    },
    "gui": {
        "rotation": [ 0, -17, 0 ],
        "translation": [ 0, 0, 0 ],
        "scale": [ 0.6, 0.6, 0.6 ]
    }
}
}