{
    "__comment": "Model generated using MrCrayfish's Model Creator (http://mrcrayfish.com/modelcreator/)",
    "textures": {
        "0": "blocks/hny",
        "1": "blocks/gold_block",
        "2": "blocks/coal_block",
        "3": "blocks/hardened_clay_stained_red",
        "4": "blocks/concrete_powder_red",
        "5": "blocks/concrete_red",
        "6": "blocks/planks_spruce",
        "7": "blocks/concrete_blue",
        "8": "blocks/concrete_powder_blue",
        "9": "blocks/hny"
    },
    "elements": [
        {
            "name": "Cube",
            "from": [ 0.0, 0.0, 0.0 ], 
            "to": [ 16.0, 2.0, 16.0 ], 
            "faces": {
                "north": { "texture": "#0", "uv": [ 0.0, 0.0, 16.0, 1.0 ] },
                "east": { "texture": "#0", "uv": [ 0.0, 0.0, 16.0, 1.0 ] },
                "south": { "texture": "#0", "uv": [ 0.0, 0.0, 16.0, 1.0 ] },
                "west": { "texture": "#0", "uv": [ 0.0, 0.0, 16.0, 1.0 ] },
                "up": { "texture": "#0", "uv": [ 0.0, 0.0, 16.0, 1.0 ] },
                "down": { "texture": "#0", "uv": [ 0.0, 0.0, 16.0, 1.0 ] }
            }
        },
        {
            "name": "Cube",
            "from": [ 2.0, 2.0, 2.0 ], 
            "to": [ 3.0, 11.0, 14.0 ], 
            "faces": {
                "north": { "texture": "#0", "uv": [ 0.0, 0.0, 1.0, 9.0 ] },
                "east": { "texture": "#0", "uv": [ 0.0, 0.0, 1.0, 9.0 ] },
                "south": { "texture": "#0", "uv": [ 0.0, 0.0, 1.0, 9.0 ] },
                "west": { "texture": "#0", "uv": [ 0.0, 0.0, 1.0, 9.0 ] },
                "up": { "texture": "#0", "uv": [ 0.0, 0.0, 1.0, 12.0 ] },
                "down": { "texture": "#0", "uv": [ 0.0, 0.0, 1.0, 12.0 ] }
            }
        },
        {
            "name": "Cube",
            "from": [ 13.0, 2.0, 2.0 ], 
            "to": [ 14.0, 11.0, 14.0 ], 
            "faces": {
                "north": { "texture": "#0", "uv": [ 0.0, 0.0, 1.0, 9.0 ] },
                "east": { "texture": "#0", "uv": [ 0.0, 0.0, 1.0, 9.0 ] },
                "south": { "texture": "#0", "uv": [ 0.0, 0.0, 1.0, 9.0 ] },
                "west": { "texture": "#0", "uv": [ 0.0, 0.0, 1.0, 9.0 ] },
                "up": { "texture": "#0", "uv": [ 0.0, 0.0, 1.0, 12.0 ] },
                "down": { "texture": "#0", "uv": [ 0.0, 0.0, 1.0, 12.0 ] }
            }
        },
        {
            "name": "Cube",
            "from": [ 3.0, 2.0, 2.0 ], 
            "to": [ 13.0, 11.0, 3.0 ], 
            "faces": {
                "north": { "texture": "#0", "uv": [ 0.0, 0.0, 1.0, 9.0 ] },
                "east": { "texture": "#0", "uv": [ 0.0, 0.0, 1.0, 9.0 ] },
                "south": { "texture": "#0", "uv": [ 0.0, 0.0, 1.0, 8.0 ] },
                "west": { "texture": "#0", "uv": [ 0.0, 0.0, 1.0, 9.0 ] },
                "up": { "texture": "#0", "uv": [ 0.0, 0.0, 10.0, 1.0 ] },
                "down": { "texture": "#0", "uv": [ 0.0, 0.0, 10.0, 1.0 ] }
            }
        },
        {
            "name": "Cube",
            "from": [ 3.0, 2.0, 13.0 ], 
            "to": [ 13.0, 11.0, 14.0 ], 
            "faces": {
                "north": { "texture": "#0", "uv": [ 0.0, 0.0, 1.0, 9.0 ] },
                "east": { "texture": "#0", "uv": [ 0.0, 0.0, 1.0, 9.0 ] },
                "south": { "texture": "#0", "uv": [ 0.0, 0.0, 1.0, 8.0 ] },
                "west": { "texture": "#0", "uv": [ 0.0, 0.0, 1.0, 9.0 ] },
                "up": { "texture": "#0", "uv": [ 0.0, 0.0, 10.0, 1.0 ] },
                "down": { "texture": "#0", "uv": [ 0.0, 0.0, 10.0, 1.0 ] }
            }
        },
        {
            "name": "Cube",
            "from": [ 1.4999999925494194, 2.0, 1.5000000223517418 ], 
            "to": [ 14.49999999254942, 3.199999988079071, 14.500000022351742 ], 
            "faces": {
                "north": { "texture": "#1", "uv": [ 0.0, 0.0, 13.0, 1.199999988079071 ] },
                "east": { "texture": "#1", "uv": [ 0.0, 0.0, 13.0, 1.199999988079071 ] },
                "south": { "texture": "#1", "uv": [ 0.0, 0.0, 13.0, 1.199999988079071 ] },
                "west": { "texture": "#1", "uv": [ 0.0, 0.0, 13.0, 1.199999988079071 ] },
                "up": { "texture": "#1", "uv": [ 0.0, 0.0, 13.0, 13.0 ] },
                "down": { "texture": "#1", "uv": [ 0.0, 0.0, 13.0, 13.0 ] }
            }
        },
        {
            "name": "Cube",
            "from": [ 3.0, 2.0, 3.0 ], 
            "to": [ 13.0, 4.0, 13.000000014901161 ], 
            "faces": {
                "north": { "texture": "#2", "uv": [ 0.0, 0.0, 10.0, 2.0 ] },
                "east": { "texture": "#2", "uv": [ 0.0, 0.0, 10.000000014901161, 2.0 ] },
                "south": { "texture": "#2", "uv": [ 0.0, 0.0, 10.0, 2.0 ] },
                "west": { "texture": "#2", "uv": [ 0.0, 0.0, 10.000000014901161, 2.0 ] },
                "up": { "texture": "#2", "uv": [ 0.0, 0.0, 10.0, 10.000000014901161 ] },
                "down": { "texture": "#2", "uv": [ 0.0, 0.0, 10.0, 10.000000014901161 ] }
            }
        },
        {
            "name": "Cube",
            "from": [ 3.4999999925494194, 11.0, 2.0 ], 
            "to": [ 6.499999992549419, 12.0, 3.0 ], 
            "faces": {
                "north": { "texture": "#3", "uv": [ 0.0, 0.0, 3.0, 1.0 ] },
                "east": { "texture": "#3", "uv": [ 0.0, 0.0, 1.0, 1.0 ] },
                "south": { "texture": "#3", "uv": [ 0.0, 0.0, 3.0, 1.0 ] },
                "west": { "texture": "#3", "uv": [ 0.0, 0.0, 1.0, 1.0 ] },
                "up": { "texture": "#3", "uv": [ 0.0, 0.0, 3.0, 1.0 ] },
                "down": { "texture": "#3", "uv": [ 0.0, 0.0, 3.0, 1.0 ] }
            }
        },
        {
            "name": "Cube",
            "from": [ 7.299999989569187, 11.0, 2.0 ], 
            "to": [ 10.299999989569187, 12.0, 3.0 ], 
            "faces": {
                "north": { "texture": "#3", "uv": [ 0.0, 0.0, 3.0, 1.0 ] },
                "east": { "texture": "#3", "uv": [ 0.0, 0.0, 1.0, 1.0 ] },
                "south": { "texture": "#3", "uv": [ 0.0, 0.0, 3.0, 1.0 ] },
                "west": { "texture": "#3", "uv": [ 0.0, 0.0, 1.0, 1.0 ] },
                "up": { "texture": "#3", "uv": [ 0.0, 0.0, 3.0, 1.0 ] },
                "down": { "texture": "#3", "uv": [ 0.0, 0.0, 3.0, 1.0 ] }
            }
        },
        {
            "name": "Cube",
            "from": [ 7.299999989569187, 14.400000005960464, 4.900000013411045 ], 
            "to": [ 10.299999989569187, 15.400000005960464, 5.900000013411045 ], 
            "rotation": { "origin": [ 8.0, 8.0, 8.0 ], "axis": "x", "angle": -45.0 },
            "faces": {
                "north": { "texture": "#3", "uv": [ 0.0, 0.0, 3.0, 1.0 ] },
                "east": { "texture": "#3", "uv": [ 0.0, 0.0, 1.0, 1.0 ] },
                "south": { "texture": "#3", "uv": [ 0.0, 0.0, 3.0, 1.0 ] },
                "west": { "texture": "#3", "uv": [ 0.0, 0.0, 1.0, 1.0 ] },
                "up": { "texture": "#3", "uv": [ 0.0, 0.0, 3.0, 1.0 ] },
                "down": { "texture": "#3", "uv": [ 0.0, 0.0, 3.0, 1.0 ] }
            }
        },
        {
            "name": "Cube",
            "from": [ 7.299999989569187, 6.500000007450581, -0.09999998658895493 ], 
            "to": [ 10.299999989569187, 7.500000007450581, 0.9000000134110451 ], 
            "rotation": { "origin": [ 8.0, 8.0, 8.0 ], "axis": "x", "angle": 22.5 },
            "faces": {
                "north": { "texture": "#3", "uv": [ 0.0, 0.0, 3.0, 1.0 ] },
                "east": { "texture": "#3", "uv": [ 0.0, 0.0, 1.0, 1.0 ] },
                "south": { "texture": "#3", "uv": [ 0.0, 0.0, 3.0, 1.0 ] },
                "west": { "texture": "#3", "uv": [ 0.0, 0.0, 1.0, 1.0 ] },
                "up": { "texture": "#3", "uv": [ 0.0, 0.0, 3.0, 1.0 ] },
                "down": { "texture": "#3", "uv": [ 0.0, 0.0, 3.0, 1.0 ] }
            }
        },
        {
            "name": "Cube",
            "from": [ 7.299999989569187, 8.200000017881393, -0.09999998658895493 ], 
            "to": [ 10.299999989569187, 9.200000017881393, 0.9000000134110451 ], 
            "faces": {
                "north": { "texture": "#3", "uv": [ 0.0, 0.0, 3.0, 1.0 ] },
                "east": { "texture": "#3", "uv": [ 0.0, 0.0, 1.0, 1.0 ] },
                "south": { "texture": "#3", "uv": [ 0.0, 0.0, 3.0, 1.0 ] },
                "west": { "texture": "#3", "uv": [ 0.0, 0.0, 1.0, 1.0 ] },
                "up": { "texture": "#3", "uv": [ 0.0, 0.0, 3.0, 1.0 ] },
                "down": { "texture": "#3", "uv": [ 0.0, 0.0, 3.0, 1.0 ] }
            }
        },
        {
            "name": "Cube",
            "from": [ 7.299999989569187, 6.900000013411045, -0.09999998658895493 ], 
            "to": [ 10.299999989569187, 7.900000013411045, 0.9000000134110451 ], 
            "faces": {
                "north": { "texture": "#3", "uv": [ 0.0, 0.0, 3.0, 1.0 ] },
                "east": { "texture": "#3", "uv": [ 0.0, 0.0, 1.0, 1.0 ] },
                "south": { "texture": "#3", "uv": [ 0.0, 0.0, 3.0, 1.0 ] },
                "west": { "texture": "#3", "uv": [ 0.0, 0.0, 1.0, 1.0 ] },
                "up": { "texture": "#3", "uv": [ 0.0, 0.0, 3.0, 1.0 ] },
                "down": { "texture": "#3", "uv": [ 0.0, 0.0, 3.0, 1.0 ] }
            }
        },
        {
            "name": "Cube",
            "from": [ 7.299999989569187, 8.600000008940697, 1.4901161193847656E-8 ], 
            "to": [ 10.299999989569187, 9.600000008940697, 1.0000000149011612 ], 
            "rotation": { "origin": [ 8.0, 8.0, 8.0 ], "axis": "x", "angle": -22.5 },
            "faces": {
                "north": { "texture": "#3", "uv": [ 0.0, 0.0, 3.0, 1.0 ] },
                "east": { "texture": "#3", "uv": [ 0.0, 0.0, 1.0, 1.0 ] },
                "south": { "texture": "#3", "uv": [ 0.0, 0.0, 3.0, 1.0 ] },
                "west": { "texture": "#3", "uv": [ 0.0, 0.0, 1.0, 1.0 ] },
                "up": { "texture": "#3", "uv": [ 0.0, 0.0, 3.0, 1.0 ] },
                "down": { "texture": "#3", "uv": [ 0.0, 0.0, 3.0, 1.0 ] }
            }
        },
        {
            "name": "Cube",
            "from": [ 7.299999989569187, 4.4000000059604645, 0.40000002086162567 ], 
            "to": [ 10.299999989569187, 5.4000000059604645, 1.4000000208616257 ], 
            "faces": {
                "north": { "texture": "#3", "uv": [ 0.0, 0.0, 3.0, 1.0 ] },
                "east": { "texture": "#3", "uv": [ 0.0, 0.0, 1.0, 1.0 ] },
                "south": { "texture": "#3", "uv": [ 0.0, 0.0, 3.0, 1.0 ] },
                "west": { "texture": "#3", "uv": [ 0.0, 0.0, 1.0, 1.0 ] },
                "up": { "texture": "#3", "uv": [ 0.0, 0.0, 3.0, 1.0 ] },
                "down": { "texture": "#3", "uv": [ 0.0, 0.0, 3.0, 1.0 ] }
            }
        },
        {
            "name": "Cube",
            "from": [ 7.299999989569187, 0.6999999955296516, 2.4000000059604645 ], 
            "to": [ 10.299999989569187, 1.6999999955296516, 3.4000000059604645 ], 
            "rotation": { "origin": [ 8.0, 8.0, 8.0 ], "axis": "x", "angle": 22.5 },
            "faces": {
                "north": { "texture": "#3", "uv": [ 0.0, 0.0, 3.0, 1.0 ] },
                "east": { "texture": "#3", "uv": [ 0.0, 0.0, 1.0, 1.0 ] },
                "south": { "texture": "#3", "uv": [ 0.0, 0.0, 3.0, 1.0 ] },
                "west": { "texture": "#3", "uv": [ 0.0, 0.0, 1.0, 1.0 ] },
                "up": { "texture": "#3", "uv": [ 0.0, 0.0, 3.0, 1.0 ] },
                "down": { "texture": "#3", "uv": [ 0.0, 0.0, 3.0, 1.0 ] }
            }
        },
        {
            "name": "Cube",
            "from": [ 3.4999999925494194, 14.400000005960464, 4.900000013411045 ], 
            "to": [ 6.499999992549419, 15.400000005960464, 5.900000013411045 ], 
            "rotation": { "origin": [ 8.0, 8.0, 8.0 ], "axis": "x", "angle": -45.0 },
            "faces": {
                "north": { "texture": "#3", "uv": [ 0.0, 0.0, 3.0, 1.0 ] },
                "east": { "texture": "#3", "uv": [ 0.0, 0.0, 1.0, 1.0 ] },
                "south": { "texture": "#3", "uv": [ 0.0, 0.0, 3.0, 1.0 ] },
                "west": { "texture": "#3", "uv": [ 0.0, 0.0, 1.0, 1.0 ] },
                "up": { "texture": "#3", "uv": [ 0.0, 0.0, 3.0, 1.0 ] },
                "down": { "texture": "#3", "uv": [ 0.0, 0.0, 3.0, 1.0 ] }
            }
        },
        {
            "name": "Cube",
            "from": [ 3.4999999925494194, 6.500000007450581, -0.09999998658895493 ], 
            "to": [ 6.499999992549419, 7.500000007450581, 0.9000000134110451 ], 
            "rotation": { "origin": [ 8.0, 8.0, 8.0 ], "axis": "x", "angle": 22.5 },
            "faces": {
                "north": { "texture": "#3", "uv": [ 0.0, 0.0, 3.0, 1.0 ] },
                "east": { "texture": "#3", "uv": [ 0.0, 0.0, 1.0, 1.0 ] },
                "south": { "texture": "#3", "uv": [ 0.0, 0.0, 3.0, 1.0 ] },
                "west": { "texture": "#3", "uv": [ 0.0, 0.0, 1.0, 1.0 ] },
                "up": { "texture": "#3", "uv": [ 0.0, 0.0, 3.0, 1.0 ] },
                "down": { "texture": "#3", "uv": [ 0.0, 0.0, 3.0, 1.0 ] }
            }
        },
        {
            "name": "Cube",
            "from": [ 3.4999999925494194, 8.200000017881393, -0.09999998658895493 ], 
            "to": [ 6.499999992549419, 9.200000017881393, 0.9000000134110451 ], 
            "faces": {
                "north": { "texture": "#3", "uv": [ 0.0, 0.0, 3.0, 1.0 ] },
                "east": { "texture": "#3", "uv": [ 0.0, 0.0, 1.0, 1.0 ] },
                "south": { "texture": "#3", "uv": [ 0.0, 0.0, 3.0, 1.0 ] },
                "west": { "texture": "#3", "uv": [ 0.0, 0.0, 1.0, 1.0 ] },
                "up": { "texture": "#3", "uv": [ 0.0, 0.0, 3.0, 1.0 ] },
                "down": { "texture": "#3", "uv": [ 0.0, 0.0, 3.0, 1.0 ] }
            }
        },
        {
            "name": "Cube",
            "from": [ 3.4999999925494194, 6.900000013411045, -0.09999998658895493 ], 
            "to": [ 6.499999992549419, 7.900000013411045, 0.9000000134110451 ], 
            "faces": {
                "north": { "texture": "#3", "uv": [ 0.0, 0.0, 3.0, 1.0 ] },
                "east": { "texture": "#3", "uv": [ 0.0, 0.0, 1.0, 1.0 ] },
                "south": { "texture": "#3", "uv": [ 0.0, 0.0, 3.0, 1.0 ] },
                "west": { "texture": "#3", "uv": [ 0.0, 0.0, 1.0, 1.0 ] },
                "up": { "texture": "#3", "uv": [ 0.0, 0.0, 3.0, 1.0 ] },
                "down": { "texture": "#3", "uv": [ 0.0, 0.0, 3.0, 1.0 ] }
            }
        },
        {
            "name": "Cube",
            "from": [ 7.299999989569187, -2.000000014901161, 5.600000008940697 ], 
            "to": [ 10.299999989569187, -1.0000000149011612, 6.600000008940697 ], 
            "rotation": { "origin": [ 8.0, 8.0, 8.0 ], "axis": "x", "angle": 45.0 },
            "faces": {
                "north": { "texture": "#3", "uv": [ 0.0, 0.0, 3.0, 1.0 ] },
                "east": { "texture": "#3", "uv": [ 0.0, 0.0, 1.0, 1.0 ] },
                "south": { "texture": "#3", "uv": [ 0.0, 0.0, 3.0, 1.0 ] },
                "west": { "texture": "#3", "uv": [ 0.0, 0.0, 1.0, 1.0 ] },
                "up": { "texture": "#3", "uv": [ 0.0, 0.0, 3.0, 1.0 ] },
                "down": { "texture": "#3", "uv": [ 0.0, 0.0, 3.0, 1.0 ] }
            }
        },
        {
            "name": "Cube",
            "from": [ 3.4999999925494194, 8.600000008940697, 1.4901161193847656E-8 ], 
            "to": [ 6.499999992549419, 9.600000008940697, 1.0000000149011612 ], 
            "rotation": { "origin": [ 8.0, 8.0, 8.0 ], "axis": "x", "angle": -22.5 },
            "faces": {
                "north": { "texture": "#3", "uv": [ 0.0, 0.0, 3.0, 1.0 ] },
                "east": { "texture": "#3", "uv": [ 0.0, 0.0, 1.0, 1.0 ] },
                "south": { "texture": "#3", "uv": [ 0.0, 0.0, 3.0, 1.0 ] },
                "west": { "texture": "#3", "uv": [ 0.0, 0.0, 1.0, 1.0 ] },
                "up": { "texture": "#3", "uv": [ 0.0, 0.0, 3.0, 1.0 ] },
                "down": { "texture": "#3", "uv": [ 0.0, 0.0, 3.0, 1.0 ] }
            }
        },
        {
            "name": "Cube",
            "from": [ 3.4999999925494194, 4.4000000059604645, 0.40000002086162567 ], 
            "to": [ 6.499999992549419, 5.4000000059604645, 1.4000000208616257 ], 
            "faces": {
                "north": { "texture": "#3", "uv": [ 0.0, 0.0, 3.0, 1.0 ] },
                "east": { "texture": "#3", "uv": [ 0.0, 0.0, 1.0, 1.0 ] },
                "south": { "texture": "#3", "uv": [ 0.0, 0.0, 3.0, 1.0 ] },
                "west": { "texture": "#3", "uv": [ 0.0, 0.0, 1.0, 1.0 ] },
                "up": { "texture": "#3", "uv": [ 0.0, 0.0, 3.0, 1.0 ] },
                "down": { "texture": "#3", "uv": [ 0.0, 0.0, 3.0, 1.0 ] }
            }
        },
        {
            "name": "Cube",
            "from": [ 3.4999999925494194, 0.6999999955296516, 2.4000000059604645 ], 
            "to": [ 6.499999992549419, 1.6999999955296516, 3.4000000059604645 ], 
            "rotation": { "origin": [ 8.0, 8.0, 8.0 ], "axis": "x", "angle": 22.5 },
            "faces": {
                "north": { "texture": "#3", "uv": [ 0.0, 0.0, 3.0, 1.0 ] },
                "east": { "texture": "#3", "uv": [ 0.0, 0.0, 1.0, 1.0 ] },
                "south": { "texture": "#3", "uv": [ 0.0, 0.0, 3.0, 1.0 ] },
                "west": { "texture": "#3", "uv": [ 0.0, 0.0, 1.0, 1.0 ] },
                "up": { "texture": "#3", "uv": [ 0.0, 0.0, 3.0, 1.0 ] },
                "down": { "texture": "#3", "uv": [ 0.0, 0.0, 3.0, 1.0 ] }
            }
        },
        {
            "name": "Cube",
            "from": [ 3.4999999925494194, -2.000000014901161, 5.600000008940697 ], 
            "to": [ 6.499999992549419, -1.0000000149011612, 6.600000008940697 ], 
            "rotation": { "origin": [ 8.0, 8.0, 8.0 ], "axis": "x", "angle": 45.0 },
            "faces": {
                "north": { "texture": "#3", "uv": [ 0.0, 0.0, 3.0, 1.0 ] },
                "east": { "texture": "#3", "uv": [ 0.0, 0.0, 1.0, 1.0 ] },
                "south": { "texture": "#3", "uv": [ 0.0, 0.0, 3.0, 1.0 ] },
                "west": { "texture": "#3", "uv": [ 0.0, 0.0, 1.0, 1.0 ] },
                "up": { "texture": "#3", "uv": [ 0.0, 0.0, 3.0, 1.0 ] },
                "down": { "texture": "#3", "uv": [ 0.0, 0.0, 3.0, 1.0 ] }
            }
        },
        {
            "name": "Cube",
            "from": [ 3.4999999925494194, 8.899999998509884, 2.3000000193715096 ], 
            "to": [ 6.499999992549419, 9.899999998509884, 3.3000000193715096 ], 
            "rotation": { "origin": [ 8.0, 8.0, 8.0 ], "axis": "x", "angle": 22.5 },
            "faces": {
                "north": { "texture": "#3", "uv": [ 0.0, 0.0, 3.0, 1.0 ] },
                "east": { "texture": "#3", "uv": [ 0.0, 0.0, 1.0, 1.0 ] },
                "south": { "texture": "#3", "uv": [ 0.0, 0.0, 3.0, 1.0 ] },
                "west": { "texture": "#3", "uv": [ 0.0, 0.0, 1.0, 1.0 ] },
                "up": { "texture": "#3", "uv": [ 0.0, 0.0, 3.0, 1.0 ] },
                "down": { "texture": "#3", "uv": [ 0.0, 0.0, 3.0, 1.0 ] }
            }
        },
        {
            "name": "Cube",
            "from": [ 3.0, 10.999999985098839, 13.0 ], 
            "to": [ 13.0, 11.999999985098839, 14.0 ], 
            "faces": {
                "north": { "texture": "#0", "uv": [ 0.0, 0.0, 10.0, 1.0 ] },
                "east": { "texture": "#0", "uv": [ 0.0, 0.0, 1.0, 1.0 ] },
                "south": { "texture": "#0", "uv": [ 0.0, 0.0, 10.0, 1.0 ] },
                "west": { "texture": "#0", "uv": [ 0.0, 0.0, 1.0, 1.0 ] },
                "up": { "texture": "#0", "uv": [ 0.0, 0.0, 10.0, 1.0 ] },
                "down": { "texture": "#0", "uv": [ 0.0, 0.0, 10.0, 1.0 ] }
            }
        },
        {
            "name": "Cube",
            "from": [ 3.0, 13.599999979138374, 11.099999986588955 ], 
            "to": [ 13.0, 15.599999979138374, 12.099999986588955 ], 
            "rotation": { "origin": [ 8.0, 8.0, 8.0 ], "axis": "x", "angle": 22.5 },
            "faces": {
                "north": { "texture": "#0", "uv": [ 0.0, 0.0, 10.0, 2.0 ] },
                "east": { "texture": "#0", "uv": [ 0.0, 0.0, 1.0, 2.0 ] },
                "south": { "texture": "#0", "uv": [ 0.0, 0.0, 10.0, 2.0 ] },
                "west": { "texture": "#0", "uv": [ 0.0, 0.0, 1.0, 2.0 ] },
                "up": { "texture": "#0", "uv": [ 0.0, 0.0, 10.0, 1.0 ] },
                "down": { "texture": "#0", "uv": [ 0.0, 0.0, 10.0, 1.0 ] }
            }
        },
        {
            "name": "Cube",
            "from": [ 3.0, 16.19999997317791, 7.999999985098839 ], 
            "to": [ 13.0, 18.19999997317791, 8.999999985098839 ], 
            "rotation": { "origin": [ 8.0, 8.0, 8.0 ], "axis": "x", "angle": 45.0 },
            "faces": {
                "north": { "texture": "#0", "uv": [ 0.0, 0.0, 10.0, 2.0 ] },
                "east": { "texture": "#0", "uv": [ 0.0, 0.0, 1.0, 2.0 ] },
                "south": { "texture": "#0", "uv": [ 0.0, 0.0, 10.0, 2.0 ] },
                "west": { "texture": "#0", "uv": [ 0.0, 0.0, 1.0, 2.0 ] },
                "up": { "texture": "#0", "uv": [ 0.0, 0.0, 10.0, 1.0 ] },
                "down": { "texture": "#0", "uv": [ 0.0, 0.0, 10.0, 1.0 ] }
            }
        },
        {
            "name": "Cube",
            "from": [ 4.0, 10.899999968707561, 17.399999991059303 ], 
            "to": [ 12.0, 11.899999968707561, 19.399999991059303 ], 
            "rotation": { "origin": [ 8.0, 8.0, 8.0 ], "axis": "x", "angle": -22.5 },
            "faces": {
                "north": { "texture": "#0", "uv": [ 0.0, 0.0, 8.0, 1.0 ] },
                "east": { "texture": "#0", "uv": [ 0.0, 0.0, 2.0, 1.0 ] },
                "south": { "texture": "#0", "uv": [ 0.0, 0.0, 8.0, 1.0 ] },
                "west": { "texture": "#0", "uv": [ 0.0, 0.0, 2.0, 1.0 ] },
                "up": { "texture": "#0", "uv": [ 0.0, 0.0, 8.0, 2.0 ] },
                "down": { "texture": "#0", "uv": [ 0.0, 0.0, 8.0, 2.0 ] }
            }
        },
        {
            "name": "Cube",
            "from": [ 11.000000014901161, 9.999999970197678, 2.999999985098839 ], 
            "to": [ 13.000000014901161, 10.999999970197678, 4.999999985098839 ], 
            "faces": {
                "north": { "texture": "#0", "uv": [ 0.0, 0.0, 2.0, 1.0 ] },
                "east": { "texture": "#0", "uv": [ 0.0, 0.0, 2.0, 1.0 ] },
                "south": { "texture": "#0", "uv": [ 0.0, 0.0, 2.0, 1.0 ] },
                "west": { "texture": "#0", "uv": [ 0.0, 0.0, 2.0, 1.0 ] },
                "up": { "texture": "#0", "uv": [ 0.0, 0.0, 2.0, 2.0 ] },
                "down": { "texture": "#0", "uv": [ 0.0, 0.0, 2.0, 2.0 ] }
            }
        },
        {
            "name": "Cube",
            "from": [ 12.000000014901161, 9.999999970197678, 4.999999985098839 ], 
            "to": [ 13.000000014901161, 10.999999970197678, 6.999999985098839 ], 
            "faces": {
                "north": { "texture": "#0", "uv": [ 0.0, 0.0, 1.0, 1.0 ] },
                "east": { "texture": "#0", "uv": [ 0.0, 0.0, 2.0, 1.0 ] },
                "south": { "texture": "#0", "uv": [ 0.0, 0.0, 1.0, 1.0 ] },
                "west": { "texture": "#0", "uv": [ 0.0, 0.0, 2.0, 1.0 ] },
                "up": { "texture": "#0", "uv": [ 0.0, 0.0, 1.0, 2.0 ] },
                "down": { "texture": "#0", "uv": [ 0.0, 0.0, 1.0, 2.0 ] }
            }
        },
        {
            "name": "Cube",
            "from": [ 10.000000014901161, 9.999999970197678, 2.9999999701976776 ], 
            "to": [ 11.000000014901161, 10.999999970197678, 3.9999999701976776 ], 
            "faces": {
                "north": { "texture": "#0", "uv": [ 0.0, 0.0, 1.0, 1.0 ] },
                "east": { "texture": "#0", "uv": [ 0.0, 0.0, 1.0, 1.0 ] },
                "south": { "texture": "#0", "uv": [ 0.0, 0.0, 1.0, 1.0 ] },
                "west": { "texture": "#0", "uv": [ 0.0, 0.0, 1.0, 1.0 ] },
                "up": { "texture": "#0", "uv": [ 0.0, 0.0, 1.0, 1.0 ] },
                "down": { "texture": "#0", "uv": [ 0.0, 0.0, 1.0, 1.0 ] }
            }
        },
        {
            "name": "Cube",
            "from": [ 6.399999991059303, 11.299999989569187, 2.3000000044703484 ], 
            "to": [ 7.399999991059303, 11.69999998062849, 2.6999999955296516 ], 
            "faces": {
                "north": { "texture": "#4", "uv": [ 0.0, 0.0, 1.0, 0.3999999910593033 ] },
                "east": { "texture": "#4", "uv": [ 0.0, 0.0, 0.3999999910593033, 0.3999999910593033 ] },
                "south": { "texture": "#4", "uv": [ 0.0, 0.0, 1.0, 0.3999999910593033 ] },
                "west": { "texture": "#4", "uv": [ 0.0, 0.0, 0.3999999910593033, 0.3999999910593033 ] },
                "up": { "texture": "#4", "uv": [ 0.0, 0.0, 1.0, 0.3999999910593033 ] },
                "down": { "texture": "#4", "uv": [ 0.0, 0.0, 1.0, 0.3999999910593033 ] }
            }
        },
        {
            "name": "Cube",
            "from": [ 6.399999991059303, 10.799999982118607, 1.1000000014901161 ], 
            "to": [ 7.399999991059303, 11.19999997317791, 1.4999999925494194 ], 
            "faces": {
                "north": { "texture": "#4", "uv": [ 0.0, 0.0, 1.0, 0.3999999910593033 ] },
                "east": { "texture": "#4", "uv": [ 0.0, 0.0, 0.3999999910593033, 0.3999999910593033 ] },
                "south": { "texture": "#4", "uv": [ 0.0, 0.0, 1.0, 0.3999999910593033 ] },
                "west": { "texture": "#4", "uv": [ 0.0, 0.0, 0.3999999910593033, 0.3999999910593033 ] },
                "up": { "texture": "#4", "uv": [ 0.0, 0.0, 1.0, 0.3999999910593033 ] },
                "down": { "texture": "#4", "uv": [ 0.0, 0.0, 1.0, 0.3999999910593033 ] }
            }
        },
        {
            "name": "Cube",
            "from": [ 6.499999992549419, 9.799999982118607, 0.29999998956918716 ], 
            "to": [ 7.499999992549419, 10.19999997317791, 0.6999999806284904 ], 
            "faces": {
                "north": { "texture": "#4", "uv": [ 0.0, 0.0, 1.0, 0.3999999910593033 ] },
                "east": { "texture": "#4", "uv": [ 0.0, 0.0, 0.3999999910593033, 0.3999999910593033 ] },
                "south": { "texture": "#4", "uv": [ 0.0, 0.0, 1.0, 0.3999999910593033 ] },
                "west": { "texture": "#4", "uv": [ 0.0, 0.0, 0.3999999910593033, 0.3999999910593033 ] },
                "up": { "texture": "#4", "uv": [ 0.0, 0.0, 1.0, 0.3999999910593033 ] },
                "down": { "texture": "#4", "uv": [ 0.0, 0.0, 1.0, 0.3999999910593033 ] }
            }
        },
        {
            "name": "Cube",
            "from": [ 6.499999992549419, 8.499999977648258, 0.09999998658895493 ], 
            "to": [ 7.499999992549419, 8.899999968707561, 0.4999999776482582 ], 
            "faces": {
                "north": { "texture": "#4", "uv": [ 0.0, 0.0, 1.0, 0.3999999910593033 ] },
                "east": { "texture": "#4", "uv": [ 0.0, 0.0, 0.3999999910593033, 0.3999999910593033 ] },
                "south": { "texture": "#4", "uv": [ 0.0, 0.0, 1.0, 0.3999999910593033 ] },
                "west": { "texture": "#4", "uv": [ 0.0, 0.0, 0.3999999910593033, 0.3999999910593033 ] },
                "up": { "texture": "#4", "uv": [ 0.0, 0.0, 1.0, 0.3999999910593033 ] },
                "down": { "texture": "#4", "uv": [ 0.0, 0.0, 1.0, 0.3999999910593033 ] }
            }
        },
        {
            "name": "Cube",
            "from": [ 6.499999992549419, 7.19999997317791, 0.09999998658895493 ], 
            "to": [ 7.499999992549419, 7.599999964237213, 0.4999999776482582 ], 
            "faces": {
                "north": { "texture": "#4", "uv": [ 0.0, 0.0, 1.0, 0.3999999910593033 ] },
                "east": { "texture": "#4", "uv": [ 0.0, 0.0, 0.3999999910593033, 0.3999999910593033 ] },
                "south": { "texture": "#4", "uv": [ 0.0, 0.0, 1.0, 0.3999999910593033 ] },
                "west": { "texture": "#4", "uv": [ 0.0, 0.0, 0.3999999910593033, 0.3999999910593033 ] },
                "up": { "texture": "#4", "uv": [ 0.0, 0.0, 1.0, 0.3999999910593033 ] },
                "down": { "texture": "#4", "uv": [ 0.0, 0.0, 1.0, 0.3999999910593033 ] }
            }
        },
        {
            "name": "Cube",
            "from": [ 6.499999992549419, 5.999999970197678, 0.3999999910593033 ], 
            "to": [ 7.499999992549419, 6.399999961256981, 0.7999999821186066 ], 
            "faces": {
                "north": { "texture": "#4", "uv": [ 0.0, 0.0, 1.0, 0.3999999910593033 ] },
                "east": { "texture": "#4", "uv": [ 0.0, 0.0, 0.3999999910593033, 0.3999999910593033 ] },
                "south": { "texture": "#4", "uv": [ 0.0, 0.0, 1.0, 0.3999999910593033 ] },
                "west": { "texture": "#4", "uv": [ 0.0, 0.0, 0.3999999910593033, 0.3999999910593033 ] },
                "up": { "texture": "#4", "uv": [ 0.0, 0.0, 1.0, 0.3999999910593033 ] },
                "down": { "texture": "#4", "uv": [ 0.0, 0.0, 1.0, 0.3999999910593033 ] }
            }
        },
        {
            "name": "Cube",
            "from": [ 6.499999992549419, 4.699999965727329, 0.6999999955296516 ], 
            "to": [ 7.499999992549419, 5.0999999567866325, 1.099999986588955 ], 
            "faces": {
                "north": { "texture": "#4", "uv": [ 0.0, 0.0, 1.0, 0.3999999910593033 ] },
                "east": { "texture": "#4", "uv": [ 0.0, 0.0, 0.3999999910593033, 0.3999999910593033 ] },
                "south": { "texture": "#4", "uv": [ 0.0, 0.0, 1.0, 0.3999999910593033 ] },
                "west": { "texture": "#4", "uv": [ 0.0, 0.0, 0.3999999910593033, 0.3999999910593033 ] },
                "up": { "texture": "#4", "uv": [ 0.0, 0.0, 1.0, 0.3999999910593033 ] },
                "down": { "texture": "#4", "uv": [ 0.0, 0.0, 1.0, 0.3999999910593033 ] }
            }
        },
        {
            "name": "Cube",
            "from": [ 6.499999992549419, 3.399999961256981, 0.4999999925494194 ], 
            "to": [ 7.499999992549419, 3.799999952316284, 0.8999999836087227 ], 
            "faces": {
                "north": { "texture": "#4", "uv": [ 0.0, 0.0, 1.0, 0.3999999910593033 ] },
                "east": { "texture": "#4", "uv": [ 0.0, 0.0, 0.3999999910593033, 0.3999999910593033 ] },
                "south": { "texture": "#4", "uv": [ 0.0, 0.0, 1.0, 0.3999999910593033 ] },
                "west": { "texture": "#4", "uv": [ 0.0, 0.0, 0.3999999910593033, 0.3999999910593033 ] },
                "up": { "texture": "#4", "uv": [ 0.0, 0.0, 1.0, 0.3999999910593033 ] },
                "down": { "texture": "#4", "uv": [ 0.0, 0.0, 1.0, 0.3999999910593033 ] }
            }
        },
        {
            "name": "Cube",
            "from": [ 6.499999992549419, 2.399999961256981, -0.30000000447034836 ], 
            "to": [ 7.499999992549419, 2.799999952316284, 0.09999998658895493 ], 
            "faces": {
                "north": { "texture": "#4", "uv": [ 0.0, 0.0, 1.0, 0.3999999910593033 ] },
                "east": { "texture": "#4", "uv": [ 0.0, 0.0, 0.3999999910593033, 0.3999999910593033 ] },
                "south": { "texture": "#4", "uv": [ 0.0, 0.0, 1.0, 0.3999999910593033 ] },
                "west": { "texture": "#4", "uv": [ 0.0, 0.0, 0.3999999910593033, 0.3999999910593033 ] },
                "up": { "texture": "#4", "uv": [ 0.0, 0.0, 1.0, 0.3999999910593033 ] },
                "down": { "texture": "#4", "uv": [ 0.0, 0.0, 1.0, 0.3999999910593033 ] }
            }
        },
        {
            "name": "Cube",
            "from": [ 7.299999989569187, 8.899999998509884, 2.3000000193715096 ], 
            "to": [ 10.299999989569187, 9.899999998509884, 3.3000000193715096 ], 
            "rotation": { "origin": [ 8.0, 8.0, 8.0 ], "axis": "x", "angle": 22.5 },
            "faces": {
                "north": { "texture": "#3", "uv": [ 0.0, 0.0, 3.0, 1.0 ] },
                "east": { "texture": "#3", "uv": [ 0.0, 0.0, 1.0, 1.0 ] },
                "south": { "texture": "#3", "uv": [ 0.0, 0.0, 3.0, 1.0 ] },
                "west": { "texture": "#3", "uv": [ 0.0, 0.0, 1.0, 1.0 ] },
                "up": { "texture": "#3", "uv": [ 0.0, 0.0, 3.0, 1.0 ] },
                "down": { "texture": "#3", "uv": [ 0.0, 0.0, 3.0, 1.0 ] }
            }
        },
        {
            "name": "Cube",
            "from": [ 3.299999989569187, 4.0, 4.0 ], 
            "to": [ 10.49999999254942, 8.0, 12.0 ], 
            "faces": {
                "north": { "texture": "#5", "uv": [ 0.0, 0.0, 7.200000002980232, 4.0 ] },
                "east": { "texture": "#5", "uv": [ 0.0, 0.0, 8.0, 4.0 ] },
                "south": { "texture": "#5", "uv": [ 0.0, 0.0, 7.200000002980232, 4.0 ] },
                "west": { "texture": "#5", "uv": [ 0.0, 0.0, 8.0, 4.0 ] },
                "up": { "texture": "#5", "uv": [ 0.0, 0.0, 7.200000002980232, 8.0 ] },
                "down": { "texture": "#5", "uv": [ 0.0, 0.0, 7.200000002980232, 8.0 ] }
            }
        },
        {
            "name": "Cube",
            "from": [ 3.4999999925494194, 7.0, 3.3000000342726707 ], 
            "to": [ 6.499999992549419, 8.0, 4.300000034272671 ], 
            "rotation": { "origin": [ 8.0, 8.0, 8.0 ], "axis": "x", "angle": 45.0 },
            "faces": {
                "north": { "texture": "#3", "uv": [ 0.0, 0.0, 3.0, 1.0 ] },
                "east": { "texture": "#3", "uv": [ 0.0, 0.0, 1.0, 1.0 ] },
                "south": { "texture": "#3", "uv": [ 0.0, 0.0, 3.0, 1.0 ] },
                "west": { "texture": "#3", "uv": [ 0.0, 0.0, 1.0, 1.0 ] },
                "up": { "texture": "#3", "uv": [ 0.0, 0.0, 3.0, 1.0 ] },
                "down": { "texture": "#3", "uv": [ 0.0, 0.0, 3.0, 1.0 ] }
            }
        },
        {
            "name": "Cube",
            "from": [ 3.4999999925494194, 10.49999999254942, 7.000000044703484 ], 
            "to": [ 6.499999992549419, 11.49999999254942, 8.000000044703484 ], 
            "rotation": { "origin": [ 8.0, 8.0, 8.0 ], "axis": "x", "angle": -45.0 },
            "faces": {
                "north": { "texture": "#3", "uv": [ 0.0, 0.0, 3.0, 1.0 ] },
                "east": { "texture": "#3", "uv": [ 0.0, 0.0, 1.0, 1.0 ] },
                "south": { "texture": "#3", "uv": [ 0.0, 0.0, 3.0, 1.0 ] },
                "west": { "texture": "#3", "uv": [ 0.0, 0.0, 1.0, 1.0 ] },
                "up": { "texture": "#3", "uv": [ 0.0, 0.0, 3.0, 1.0 ] },
                "down": { "texture": "#3", "uv": [ 0.0, 0.0, 3.0, 1.0 ] }
            }
        },
        {
            "name": "Cube",
            "from": [ 3.4999999925494194, 7.899999983608723, 5.800000041723251 ], 
            "to": [ 6.499999992549419, 8.899999983608723, 6.800000041723251 ], 
            "rotation": { "origin": [ 8.0, 8.0, 8.0 ], "axis": "x", "angle": 22.5 },
            "faces": {
                "north": { "texture": "#3", "uv": [ 0.0, 0.0, 3.0, 1.0 ] },
                "east": { "texture": "#3", "uv": [ 0.0, 0.0, 1.0, 1.0 ] },
                "south": { "texture": "#3", "uv": [ 0.0, 0.0, 3.0, 1.0 ] },
                "west": { "texture": "#3", "uv": [ 0.0, 0.0, 1.0, 1.0 ] },
                "up": { "texture": "#3", "uv": [ 0.0, 0.0, 3.0, 1.0 ] },
                "down": { "texture": "#3", "uv": [ 0.0, 0.0, 3.0, 1.0 ] }
            }
        },
        {
            "name": "Cube",
            "from": [ 3.4999999925494194, 8.199999988079071, 7.400000050663948 ], 
            "to": [ 6.499999992549419, 9.199999988079071, 8.400000050663948 ], 
            "faces": {
                "north": { "texture": "#3", "uv": [ 0.0, 0.0, 3.0, 1.0 ] },
                "east": { "texture": "#3", "uv": [ 0.0, 0.0, 1.0, 1.0 ] },
                "south": { "texture": "#3", "uv": [ 0.0, 0.0, 3.0, 1.0 ] },
                "west": { "texture": "#3", "uv": [ 0.0, 0.0, 1.0, 1.0 ] },
                "up": { "texture": "#3", "uv": [ 0.0, 0.0, 3.0, 1.0 ] },
                "down": { "texture": "#3", "uv": [ 0.0, 0.0, 3.0, 1.0 ] }
            }
        },
        {
            "name": "Cube",
            "from": [ 3.4999999925494194, 8.099999986588955, 8.800000041723251 ], 
            "to": [ 6.499999992549419, 9.099999986588955, 9.800000041723251 ], 
            "faces": {
                "north": { "texture": "#3", "uv": [ 0.0, 0.0, 3.0, 1.0 ] },
                "east": { "texture": "#3", "uv": [ 0.0, 0.0, 1.0, 1.0 ] },
                "south": { "texture": "#3", "uv": [ 0.0, 0.0, 3.0, 1.0 ] },
                "west": { "texture": "#3", "uv": [ 0.0, 0.0, 1.0, 1.0 ] },
                "up": { "texture": "#3", "uv": [ 0.0, 0.0, 3.0, 1.0 ] },
                "down": { "texture": "#3", "uv": [ 0.0, 0.0, 3.0, 1.0 ] }
            }
        },
        {
            "name": "Cube",
            "from": [ 3.4999999925494194, 8.099999986588955, 10.200000032782555 ], 
            "to": [ 6.499999992549419, 9.099999986588955, 11.200000032782555 ], 
            "faces": {
                "north": { "texture": "#3", "uv": [ 0.0, 0.0, 3.0, 1.0 ] },
                "east": { "texture": "#3", "uv": [ 0.0, 0.0, 1.0, 1.0 ] },
                "south": { "texture": "#3", "uv": [ 0.0, 0.0, 3.0, 1.0 ] },
                "west": { "texture": "#3", "uv": [ 0.0, 0.0, 1.0, 1.0 ] },
                "up": { "texture": "#3", "uv": [ 0.0, 0.0, 3.0, 1.0 ] },
                "down": { "texture": "#3", "uv": [ 0.0, 0.0, 3.0, 1.0 ] }
            }
        },
        {
            "name": "Cube",
            "from": [ 6.399999991059303, 11.199999988079071, 3.5000000074505806 ], 
            "to": [ 7.399999991059303, 11.599999979138374, 3.899999998509884 ], 
            "faces": {
                "north": { "texture": "#4", "uv": [ 0.0, 0.0, 1.0, 0.3999999910593033 ] },
                "east": { "texture": "#4", "uv": [ 0.0, 0.0, 0.3999999910593033, 0.3999999910593033 ] },
                "south": { "texture": "#4", "uv": [ 0.0, 0.0, 1.0, 0.3999999910593033 ] },
                "west": { "texture": "#4", "uv": [ 0.0, 0.0, 0.3999999910593033, 0.3999999910593033 ] },
                "up": { "texture": "#4", "uv": [ 0.0, 0.0, 1.0, 0.3999999910593033 ] },
                "down": { "texture": "#4", "uv": [ 0.0, 0.0, 1.0, 0.3999999910593033 ] }
            }
        },
        {
            "name": "Cube",
            "from": [ 6.399999991059303, 10.499999977648258, 4.500000022351742 ], 
            "to": [ 7.399999991059303, 10.899999968707561, 4.900000013411045 ], 
            "faces": {
                "north": { "texture": "#4", "uv": [ 0.0, 0.0, 1.0, 0.3999999910593033 ] },
                "east": { "texture": "#4", "uv": [ 0.0, 0.0, 0.3999999910593033, 0.3999999910593033 ] },
                "south": { "texture": "#4", "uv": [ 0.0, 0.0, 1.0, 0.3999999910593033 ] },
                "west": { "texture": "#4", "uv": [ 0.0, 0.0, 0.3999999910593033, 0.3999999910593033 ] },
                "up": { "texture": "#4", "uv": [ 0.0, 0.0, 1.0, 0.3999999910593033 ] },
                "down": { "texture": "#4", "uv": [ 0.0, 0.0, 1.0, 0.3999999910593033 ] }
            }
        },
        {
            "name": "Cube",
            "from": [ 6.399999991059303, 9.599999964237213, 5.3000000193715096 ], 
            "to": [ 7.399999991059303, 9.999999955296516, 5.700000010430813 ], 
            "faces": {
                "north": { "texture": "#4", "uv": [ 0.0, 0.0, 1.0, 0.3999999910593033 ] },
                "east": { "texture": "#4", "uv": [ 0.0, 0.0, 0.3999999910593033, 0.3999999910593033 ] },
                "south": { "texture": "#4", "uv": [ 0.0, 0.0, 1.0, 0.3999999910593033 ] },
                "west": { "texture": "#4", "uv": [ 0.0, 0.0, 0.3999999910593033, 0.3999999910593033 ] },
                "up": { "texture": "#4", "uv": [ 0.0, 0.0, 1.0, 0.3999999910593033 ] },
                "down": { "texture": "#4", "uv": [ 0.0, 0.0, 1.0, 0.3999999910593033 ] }
            }
        },
        {
            "name": "Cube",
            "from": [ 6.399999991059303, 8.899999968707561, 6.400000020861626 ], 
            "to": [ 7.399999991059303, 9.299999959766865, 6.800000011920929 ], 
            "faces": {
                "north": { "texture": "#4", "uv": [ 0.0, 0.0, 1.0, 0.3999999910593033 ] },
                "east": { "texture": "#4", "uv": [ 0.0, 0.0, 0.3999999910593033, 0.3999999910593033 ] },
                "south": { "texture": "#4", "uv": [ 0.0, 0.0, 1.0, 0.3999999910593033 ] },
                "west": { "texture": "#4", "uv": [ 0.0, 0.0, 0.3999999910593033, 0.3999999910593033 ] },
                "up": { "texture": "#4", "uv": [ 0.0, 0.0, 1.0, 0.3999999910593033 ] },
                "down": { "texture": "#4", "uv": [ 0.0, 0.0, 1.0, 0.3999999910593033 ] }
            }
        },
        {
            "name": "Cube",
            "from": [ 6.399999991059303, 8.399999961256981, 7.700000025331974 ], 
            "to": [ 7.399999991059303, 8.799999952316284, 8.100000016391277 ], 
            "faces": {
                "north": { "texture": "#4", "uv": [ 0.0, 0.0, 1.0, 0.3999999910593033 ] },
                "east": { "texture": "#4", "uv": [ 0.0, 0.0, 0.3999999910593033, 0.3999999910593033 ] },
                "south": { "texture": "#4", "uv": [ 0.0, 0.0, 1.0, 0.3999999910593033 ] },
                "west": { "texture": "#4", "uv": [ 0.0, 0.0, 0.3999999910593033, 0.3999999910593033 ] },
                "up": { "texture": "#4", "uv": [ 0.0, 0.0, 1.0, 0.3999999910593033 ] },
                "down": { "texture": "#4", "uv": [ 0.0, 0.0, 1.0, 0.3999999910593033 ] }
            }
        },
        {
            "name": "Cube",
            "from": [ 6.399999991059303, 8.399999961256981, 9.100000031292439 ], 
            "to": [ 7.399999991059303, 8.799999952316284, 9.500000022351742 ], 
            "faces": {
                "north": { "texture": "#4", "uv": [ 0.0, 0.0, 1.0, 0.3999999910593033 ] },
                "east": { "texture": "#4", "uv": [ 0.0, 0.0, 0.3999999910593033, 0.3999999910593033 ] },
                "south": { "texture": "#4", "uv": [ 0.0, 0.0, 1.0, 0.3999999910593033 ] },
                "west": { "texture": "#4", "uv": [ 0.0, 0.0, 0.3999999910593033, 0.3999999910593033 ] },
                "up": { "texture": "#4", "uv": [ 0.0, 0.0, 1.0, 0.3999999910593033 ] },
                "down": { "texture": "#4", "uv": [ 0.0, 0.0, 1.0, 0.3999999910593033 ] }
            }
        },
        {
            "name": "Cube",
            "from": [ 6.399999991059303, 8.399999961256981, 10.500000037252903 ], 
            "to": [ 7.399999991059303, 8.799999952316284, 10.900000028312206 ], 
            "faces": {
                "north": { "texture": "#4", "uv": [ 0.0, 0.0, 1.0, 0.3999999910593033 ] },
                "east": { "texture": "#4", "uv": [ 0.0, 0.0, 0.3999999910593033, 0.3999999910593033 ] },
                "south": { "texture": "#4", "uv": [ 0.0, 0.0, 1.0, 0.3999999910593033 ] },
                "west": { "texture": "#4", "uv": [ 0.0, 0.0, 0.3999999910593033, 0.3999999910593033 ] },
                "up": { "texture": "#4", "uv": [ 0.0, 0.0, 1.0, 0.3999999910593033 ] },
                "down": { "texture": "#4", "uv": [ 0.0, 0.0, 1.0, 0.3999999910593033 ] }
            }
        },
        {
            "name": "Cube",
            "from": [ 7.299999989569187, 7.0, 3.3000000342726707 ], 
            "to": [ 10.299999989569187, 8.0, 4.300000034272671 ], 
            "rotation": { "origin": [ 8.0, 8.0, 8.0 ], "axis": "x", "angle": 45.0 },
            "faces": {
                "north": { "texture": "#3", "uv": [ 0.0, 0.0, 3.0, 1.0 ] },
                "east": { "texture": "#3", "uv": [ 0.0, 0.0, 1.0, 1.0 ] },
                "south": { "texture": "#3", "uv": [ 0.0, 0.0, 3.0, 1.0 ] },
                "west": { "texture": "#3", "uv": [ 0.0, 0.0, 1.0, 1.0 ] },
                "up": { "texture": "#3", "uv": [ 0.0, 0.0, 3.0, 1.0 ] },
                "down": { "texture": "#3", "uv": [ 0.0, 0.0, 3.0, 1.0 ] }
            }
        },
        {
            "name": "Cube",
            "from": [ 7.299999989569187, 10.49999999254942, 7.000000044703484 ], 
            "to": [ 10.299999989569187, 11.49999999254942, 8.000000044703484 ], 
            "rotation": { "origin": [ 8.0, 8.0, 8.0 ], "axis": "x", "angle": -45.0 },
            "faces": {
                "north": { "texture": "#3", "uv": [ 0.0, 0.0, 3.0, 1.0 ] },
                "east": { "texture": "#3", "uv": [ 0.0, 0.0, 1.0, 1.0 ] },
                "south": { "texture": "#3", "uv": [ 0.0, 0.0, 3.0, 1.0 ] },
                "west": { "texture": "#3", "uv": [ 0.0, 0.0, 1.0, 1.0 ] },
                "up": { "texture": "#3", "uv": [ 0.0, 0.0, 3.0, 1.0 ] },
                "down": { "texture": "#3", "uv": [ 0.0, 0.0, 3.0, 1.0 ] }
            }
        },
        {
            "name": "Cube",
            "from": [ 7.299999989569187, 7.899999983608723, 5.800000041723251 ], 
            "to": [ 10.299999989569187, 8.899999983608723, 6.800000041723251 ], 
            "rotation": { "origin": [ 8.0, 8.0, 8.0 ], "axis": "x", "angle": 22.5 },
            "faces": {
                "north": { "texture": "#3", "uv": [ 0.0, 0.0, 3.0, 1.0 ] },
                "east": { "texture": "#3", "uv": [ 0.0, 0.0, 1.0, 1.0 ] },
                "south": { "texture": "#3", "uv": [ 0.0, 0.0, 3.0, 1.0 ] },
                "west": { "texture": "#3", "uv": [ 0.0, 0.0, 1.0, 1.0 ] },
                "up": { "texture": "#3", "uv": [ 0.0, 0.0, 3.0, 1.0 ] },
                "down": { "texture": "#3", "uv": [ 0.0, 0.0, 3.0, 1.0 ] }
            }
        },
        {
            "name": "Cube",
            "from": [ 7.299999989569187, 8.199999988079071, 7.400000050663948 ], 
            "to": [ 10.299999989569187, 9.199999988079071, 8.400000050663948 ], 
            "faces": {
                "north": { "texture": "#3", "uv": [ 0.0, 0.0, 3.0, 1.0 ] },
                "east": { "texture": "#3", "uv": [ 0.0, 0.0, 1.0, 1.0 ] },
                "south": { "texture": "#3", "uv": [ 0.0, 0.0, 3.0, 1.0 ] },
                "west": { "texture": "#3", "uv": [ 0.0, 0.0, 1.0, 1.0 ] },
                "up": { "texture": "#3", "uv": [ 0.0, 0.0, 3.0, 1.0 ] },
                "down": { "texture": "#3", "uv": [ 0.0, 0.0, 3.0, 1.0 ] }
            }
        },
        {
            "name": "Cube",
            "from": [ 7.299999989569187, 8.099999986588955, 8.800000041723251 ], 
            "to": [ 10.299999989569187, 9.099999986588955, 9.800000041723251 ], 
            "faces": {
                "north": { "texture": "#3", "uv": [ 0.0, 0.0, 3.0, 1.0 ] },
                "east": { "texture": "#3", "uv": [ 0.0, 0.0, 1.0, 1.0 ] },
                "south": { "texture": "#3", "uv": [ 0.0, 0.0, 3.0, 1.0 ] },
                "west": { "texture": "#3", "uv": [ 0.0, 0.0, 1.0, 1.0 ] },
                "up": { "texture": "#3", "uv": [ 0.0, 0.0, 3.0, 1.0 ] },
                "down": { "texture": "#3", "uv": [ 0.0, 0.0, 3.0, 1.0 ] }
            }
        },
        {
            "name": "Cube",
            "from": [ 7.299999989569187, 8.099999986588955, 10.200000032782555 ], 
            "to": [ 10.299999989569187, 9.099999986588955, 11.200000032782555 ], 
            "faces": {
                "north": { "texture": "#3", "uv": [ 0.0, 0.0, 3.0, 1.0 ] },
                "east": { "texture": "#3", "uv": [ 0.0, 0.0, 1.0, 1.0 ] },
                "south": { "texture": "#3", "uv": [ 0.0, 0.0, 3.0, 1.0 ] },
                "west": { "texture": "#3", "uv": [ 0.0, 0.0, 1.0, 1.0 ] },
                "up": { "texture": "#3", "uv": [ 0.0, 0.0, 3.0, 1.0 ] },
                "down": { "texture": "#3", "uv": [ 0.0, 0.0, 3.0, 1.0 ] }
            }
        },
        {
            "name": "Cube",
            "from": [ 10.299999989569187, 3.999999985098839, 11.200000032782555 ], 
            "to": [ 11.299999989569187, 18.99999998509884, 12.200000032782555 ], 
            "rotation": { "origin": [ 8.0, 8.0, 8.0 ], "axis": "y", "angle": 22.5 },
            "faces": {
                "north": { "texture": "#6", "uv": [ 0.0, 0.0, 1.0, 15.0 ] },
                "east": { "texture": "#6", "uv": [ 0.0, 0.0, 1.0, 15.0 ] },
                "south": { "texture": "#6", "uv": [ 0.0, 0.0, 1.0, 15.0 ] },
                "west": { "texture": "#6", "uv": [ 0.0, 0.0, 1.0, 15.0 ] },
                "up": { "texture": "#6", "uv": [ 0.0, 0.0, 1.0, 1.0 ] },
                "down": { "texture": "#6", "uv": [ 0.0, 0.0, 1.0, 1.0 ] }
            }
        },
        {
            "name": "Cube",
            "from": [ 9.299999974668026, 18.99999998509884, 10.200000017881393 ], 
            "to": [ 12.299999974668026, 19.99999998509884, 13.200000017881393 ], 
            "rotation": { "origin": [ 8.0, 8.0, 8.0 ], "axis": "y", "angle": 22.5 },
            "faces": {
                "north": { "texture": "#7", "uv": [ 0.0, 0.0, 3.0, 1.0 ] },
                "east": { "texture": "#7", "uv": [ 0.0, 0.0, 3.0, 1.0 ] },
                "south": { "texture": "#7", "uv": [ 0.0, 0.0, 3.0, 1.0 ] },
                "west": { "texture": "#7", "uv": [ 0.0, 0.0, 3.0, 1.0 ] },
                "up": { "texture": "#7", "uv": [ 0.0, 0.0, 3.0, 3.0 ] },
                "down": { "texture": "#7", "uv": [ 0.0, 0.0, 3.0, 3.0 ] }
            }
        },
        {
            "name": "Cube",
            "from": [ 9.299999974668026, 24.99999998509884, 10.200000017881393 ], 
            "to": [ 12.299999974668026, 25.99999998509884, 13.200000017881393 ], 
            "rotation": { "origin": [ 8.0, 8.0, 8.0 ], "axis": "y", "angle": 22.5 },
            "faces": {
                "north": { "texture": "#7", "uv": [ 0.0, 0.0, 3.0, 1.0 ] },
                "east": { "texture": "#7", "uv": [ 0.0, 0.0, 3.0, 1.0 ] },
                "south": { "texture": "#7", "uv": [ 0.0, 0.0, 3.0, 1.0 ] },
                "west": { "texture": "#7", "uv": [ 0.0, 0.0, 3.0, 1.0 ] },
                "up": { "texture": "#7", "uv": [ 0.0, 0.0, 3.0, 3.0 ] },
                "down": { "texture": "#7", "uv": [ 0.0, 0.0, 3.0, 3.0 ] }
            }
        },
        {
            "name": "Cube",
            "from": [ 9.799999982118607, 25.99999998509884, 10.700000025331974 ], 
            "to": [ 11.799999982118607, 26.599999979138374, 12.700000025331974 ], 
            "rotation": { "origin": [ 8.0, 8.0, 8.0 ], "axis": "y", "angle": 22.5 },
            "faces": {
                "north": { "texture": "#7", "uv": [ 0.0, 0.0, 2.0, 0.5999999940395355 ] },
                "east": { "texture": "#7", "uv": [ 0.0, 0.0, 2.0, 0.5999999940395355 ] },
                "south": { "texture": "#7", "uv": [ 0.0, 0.0, 2.0, 0.5999999940395355 ] },
                "west": { "texture": "#7", "uv": [ 0.0, 0.0, 2.0, 0.5999999940395355 ] },
                "up": { "texture": "#7", "uv": [ 0.0, 0.0, 2.0, 2.0 ] },
                "down": { "texture": "#7", "uv": [ 0.0, 0.0, 2.0, 2.0 ] }
            }
        },
        {
            "name": "Cube",
            "from": [ 10.299999989569187, 26.599999979138374, 11.200000032782555 ], 
            "to": [ 11.299999989569187, 27.19999997317791, 12.200000032782555 ], 
            "rotation": { "origin": [ 8.0, 8.0, 8.0 ], "axis": "y", "angle": 22.5 },
            "faces": {
                "north": { "texture": "#7", "uv": [ 0.0, 0.0, 1.0, 0.5999999940395355 ] },
                "east": { "texture": "#7", "uv": [ 0.0, 0.0, 1.0, 0.5999999940395355 ] },
                "south": { "texture": "#7", "uv": [ 0.0, 0.0, 1.0, 0.5999999940395355 ] },
                "west": { "texture": "#7", "uv": [ 0.0, 0.0, 1.0, 0.5999999940395355 ] },
                "up": { "texture": "#7", "uv": [ 0.0, 0.0, 1.0, 1.0 ] },
                "down": { "texture": "#7", "uv": [ 0.0, 0.0, 1.0, 1.0 ] }
            }
        },
        {
            "name": "Cube",
            "from": [ 9.499999977648258, 19.99999998509884, 10.400000020861626 ], 
            "to": [ 12.099999971687794, 24.99999998509884, 13.000000014901161 ], 
            "rotation": { "origin": [ 8.0, 8.0, 8.0 ], "axis": "y", "angle": 22.5 },
            "faces": {
                "north": { "texture": "#8", "uv": [ 0.0, 0.0, 2.5999999940395355, 5.0 ] },
                "east": { "texture": "#8", "uv": [ 0.0, 0.0, 2.5999999940395355, 5.0 ] },
                "south": { "texture": "#8", "uv": [ 0.0, 0.0, 2.5999999940395355, 5.0 ] },
                "west": { "texture": "#8", "uv": [ 0.0, 0.0, 2.5999999940395355, 5.0 ] },
                "up": { "texture": "#8", "uv": [ 0.0, 0.0, 2.5999999940395355, 2.5999999940395355 ] },
                "down": { "texture": "#8", "uv": [ 0.0, 0.0, 2.5999999940395355, 2.5999999940395355 ] }
            }
        },
        {
            "name": "Cube",
            "from": [ 1.900000013411045, 3.299999989569187, 4.4000000059604645 ], 
            "to": [ 2.000000014901161, 10.299999989569187, 11.400000005960464 ], 
            "faces": {
                "north": { "texture": "#9", "uv": [ 0.0, 0.0, 0.10000000149011612, 7.0 ] },
                "east": { "texture": "#9", "uv": [ 0.0, 0.0, 7.0, 7.0 ] },
                "south": { "texture": "#9", "uv": [ 0.0, 0.0, 0.10000000149011612, 7.0 ] },
                "west": { "texture": "#9", "uv": [ 0.0, 0.0, 16.0, 16.0 ] },
                "up": { "texture": "#9", "uv": [ 0.0, 0.0, 0.10000000149011612, 7.0 ] },
                "down": { "texture": "#9", "uv": [ 0.0, 0.0, 0.10000000149011612, 7.0 ] }
            }
        }
	],
"display": {
    "head": {
        "rotation": [ 0, 270, 0 ],
        "translation": [ 0, 13, 0 ],
        "scale": [ 1.2, 1.2, 1.2]
    },
    "gui": {
        "rotation": [ 9, 21, 0 ],
        "translation": [ 0, -2.8, 0 ],
        "scale": [ 0.57, 0.57, 0.57 ]
    }
}
}