{
    "__comment": "Model generated using MrCrayfish's Model Creator (http://mrcrayfish.com/modelcreator/)",
    "textures": {
        "0": "blocks/hardened_clay_stained_red",
        "1": "blocks/concrete_blue",
        "2": "blocks/quartz_block_top"
    },
    "elements": [
        {
            "name": "Element",
            "from": [ -1.0, 0.0, -2.0 ], 
            "to": [ 17.0, 2.0, 16.0 ], 
            "faces": {
                "north": { "texture": "#0", "uv": [ 0.0, 0.0, 9.0, 2.0 ] },
                "east": { "texture": "#0", "uv": [ 0.0, 0.0, 9.0, 2.0 ] },
                "south": { "texture": "#0", "uv": [ 0.0, 0.0, 9.0, 2.0 ] },
                "west": { "texture": "#0", "uv": [ 0.0, 0.0, 9.0, 2.0 ] },
                "up": { "texture": "#0", "uv": [ 0.0, 2.0, 9.0, 11.0 ] },
                "down": { "texture": "#0", "uv": [ 0.0, 2.0, 9.0, 11.0 ] }
            }
        },
        {
            "name": "Cube",
            "from": [ 1.7999999970197678, 2.0, 0.7999999970197678 ], 
            "to": [ 14.200000002980232, 5.0, 13.200000002980232 ], 
            "faces": {
                "north": { "texture": "#1", "uv": [ 0.0, 0.0, 12.0, 2.0 ] },
                "east": { "texture": "#1", "uv": [ 0.0, 0.0, 12.0, 2.0 ] },
                "south": { "texture": "#1", "uv": [ 0.0, 0.0, 12.0, 2.0 ] },
                "west": { "texture": "#1", "uv": [ 0.0, 0.0, 12.0, 2.0 ] },
                "up": { "texture": "#1", "uv": [ 0.0, 0.0, 12.0, 12.0 ] },
                "down": { "texture": "#1", "uv": [ 0.0, 0.0, 12.0, 12.0 ] }
            }
        },
        {
            "name": "Cube",
            "from": [ 2.0, 4.999999985098839, 1.0 ], 
            "to": [ 14.0, 7.499999977648258, 13.0 ], 
            "faces": {
                "north": { "texture": "#0", "uv": [ 0.0, 0.0, 12.0, 2.4999999925494194 ] },
                "east": { "texture": "#0", "uv": [ 0.0, 0.0, 12.0, 2.4999999925494194 ] },
                "south": { "texture": "#0", "uv": [ 0.0, 0.0, 12.0, 2.4999999925494194 ] },
                "west": { "texture": "#0", "uv": [ 0.0, 0.0, 12.0, 2.4999999925494194 ] },
                "up": { "texture": "#0", "uv": [ 0.0, 0.0, 12.0, 12.0 ] },
                "down": { "texture": "#0", "uv": [ 0.0, 0.0, 12.0, 12.0 ] }
            }
        },
        {
            "name": "Cube",
            "from": [ 1.4999999925494194, 7.499999992549419, 0.4999999925494194 ], 
            "to": [ 14.49999999254942, 10.999999985098839, 13.49999999254942 ], 
            "faces": {
                "north": { "texture": "#0", "uv": [ 0.0, 0.0, 13.0, 3.4999999925494194 ] },
                "east": { "texture": "#0", "uv": [ 0.0, 0.0, 13.0, 3.4999999925494194 ] },
                "south": { "texture": "#0", "uv": [ 0.0, 0.0, 13.0, 3.4999999925494194 ] },
                "west": { "texture": "#0", "uv": [ 0.0, 0.0, 13.0, 3.4999999925494194 ] },
                "up": { "texture": "#0", "uv": [ 0.0, 0.0, 13.0, 13.0 ] },
                "down": { "texture": "#0", "uv": [ 0.0, 0.0, 13.0, 13.0 ] }
            }
        },
        {
            "name": "Cube",
            "from": [ 0.9999999850988388, 10.999999985098839, -1.4901161193847656E-8 ], 
            "to": [ 14.999999985098839, 14.499999977648258, 13.999999985098839 ], 
            "faces": {
                "north": { "texture": "#0", "uv": [ 0.0, 0.0, 14.0, 3.4999999925494194 ] },
                "east": { "texture": "#0", "uv": [ 0.0, 0.0, 14.0, 3.4999999925494194 ] },
                "south": { "texture": "#0", "uv": [ 0.0, 0.0, 14.0, 3.4999999925494194 ] },
                "west": { "texture": "#0", "uv": [ 0.0, 0.0, 14.0, 3.4999999925494194 ] },
                "up": { "texture": "#0", "uv": [ 0.0, 0.0, 14.0, 14.0 ] },
                "down": { "texture": "#0", "uv": [ 0.0, 0.0, 14.0, 14.0 ] }
            }
        },
        {
            "name": "Cube",
            "from": [ 0.4999999776482582, 14.50000000745058, -0.5000000223517418 ], 
            "to": [ 15.499999977648258, 18.0, 14.499999977648258 ], 
            "faces": {
                "north": { "texture": "#0", "uv": [ 0.0, 0.0, 15.0, 3.4999999925494194 ] },
                "east": { "texture": "#0", "uv": [ 0.0, 0.0, 15.0, 3.4999999925494194 ] },
                "south": { "texture": "#0", "uv": [ 0.0, 0.0, 15.0, 3.4999999925494194 ] },
                "west": { "texture": "#0", "uv": [ 0.0, 0.0, 15.0, 3.4999999925494194 ] },
                "up": { "texture": "#0", "uv": [ 0.0, 0.0, 15.0, 15.0 ] },
                "down": { "texture": "#0", "uv": [ 0.0, 0.0, 15.0, 15.0 ] }
            }
        },
        {
            "name": "Cube",
            "from": [ 0.9999999850988388, 17.99999998509884, -1.4901161193847656E-8 ], 
            "to": [ 14.999999985098839, 18.599999949336052, 0.7999999672174454 ], 
            "faces": {
                "north": { "texture": "#0", "uv": [ 0.0, 0.0, 14.0, 0.3999999761581421 ] },
                "east": { "texture": "#0", "uv": [ 0.0, 0.0, 14.0, 0.3999999761581421 ] },
                "south": { "texture": "#0", "uv": [ 0.0, 0.0, 14.0, 0.3999999761581421 ] },
                "west": { "texture": "#0", "uv": [ 0.0, 0.0, 14.0, 0.3999999761581421 ] },
                "up": { "texture": "#0", "uv": [ 0.0, 0.0, 14.0, 14.0 ] },
                "down": { "texture": "#0", "uv": [ 0.0, 0.0, 14.0, 14.0 ] }
            }
        },
        {
            "name": "Cube",
            "from": [ 3.7999999970197678, 5.000000014901161, 0.7999999970197678 ], 
            "to": [ 6.200000002980232, 7.500000007450581, 13.200000002980232 ], 
            "faces": {
                "north": { "texture": "#2", "uv": [ 0.0, 0.0, 12.0, 2.0 ] },
                "east": { "texture": "#2", "uv": [ 0.0, 0.0, 12.0, 2.0 ] },
                "south": { "texture": "#2", "uv": [ 0.0, 0.0, 12.0, 2.0 ] },
                "west": { "texture": "#2", "uv": [ 0.0, 0.0, 12.0, 2.0 ] },
                "up": { "texture": "#2", "uv": [ 0.0, 0.0, 12.0, 12.0 ] },
                "down": { "texture": "#2", "uv": [ 0.0, 0.0, 12.0, 12.0 ] }
            }
        },
        {
            "name": "Cube",
            "from": [ 9.799999997019768, 5.000000014901161, 0.7999999970197678 ], 
            "to": [ 12.200000002980232, 7.500000007450581, 13.200000002980232 ], 
            "faces": {
                "north": { "texture": "#2", "uv": [ 0.0, 0.0, 12.0, 2.0 ] },
                "east": { "texture": "#2", "uv": [ 0.0, 0.0, 12.0, 2.0 ] },
                "south": { "texture": "#2", "uv": [ 0.0, 0.0, 12.0, 2.0 ] },
                "west": { "texture": "#2", "uv": [ 0.0, 0.0, 12.0, 2.0 ] },
                "up": { "texture": "#2", "uv": [ 0.0, 0.0, 12.0, 12.0 ] },
                "down": { "texture": "#2", "uv": [ 0.0, 0.0, 12.0, 12.0 ] }
            }
        },
        {
            "name": "Cube",
            "from": [ 9.799999997019768, 7.3000000193715096, 0.29999998956918716 ], 
            "to": [ 12.200000002980232, 11.100000031292439, 13.699999995529652 ], 
            "faces": {
                "north": { "texture": "#2", "uv": [ 0.0, 0.0, 12.0, 2.0 ] },
                "east": { "texture": "#2", "uv": [ 0.0, 0.0, 12.0, 2.0 ] },
                "south": { "texture": "#2", "uv": [ 0.0, 0.0, 12.0, 2.0 ] },
                "west": { "texture": "#2", "uv": [ 0.0, 0.0, 12.0, 2.0 ] },
                "up": { "texture": "#2", "uv": [ 0.0, 0.0, 12.0, 12.0 ] },
                "down": { "texture": "#2", "uv": [ 0.0, 0.0, 12.0, 12.0 ] }
            }
        },
        {
            "name": "Cube",
            "from": [ 9.799999997019768, 10.800000041723251, -0.20000001788139343 ], 
            "to": [ 12.200000002980232, 14.500000052154064, 14.299999989569187 ], 
            "faces": {
                "north": { "texture": "#2", "uv": [ 0.0, 0.0, 12.0, 2.0 ] },
                "east": { "texture": "#2", "uv": [ 0.0, 0.0, 12.0, 2.0 ] },
                "south": { "texture": "#2", "uv": [ 0.0, 0.0, 12.0, 2.0 ] },
                "west": { "texture": "#2", "uv": [ 0.0, 0.0, 12.0, 2.0 ] },
                "up": { "texture": "#2", "uv": [ 0.0, 0.0, 12.0, 12.0 ] },
                "down": { "texture": "#2", "uv": [ 0.0, 0.0, 12.0, 12.0 ] }
            }
        },
        {
            "name": "Cube",
            "from": [ 9.799999997019768, 14.30000003427267, -0.700000025331974 ], 
            "to": [ 12.200000002980232, 17.95000003427267, 14.799999982118607 ], 
            "faces": {
                "north": { "texture": "#2", "uv": [ 0.0, 0.0, 12.0, 2.0 ] },
                "east": { "texture": "#2", "uv": [ 0.0, 0.0, 12.0, 2.0 ] },
                "south": { "texture": "#2", "uv": [ 0.0, 0.0, 12.0, 2.0 ] },
                "west": { "texture": "#2", "uv": [ 0.0, 0.0, 12.0, 2.0 ] },
                "up": { "texture": "#2", "uv": [ 0.0, 0.0, 12.0, 12.0 ] },
                "down": { "texture": "#2", "uv": [ 0.0, 0.0, 12.0, 12.0 ] }
            }
        },
        {
            "name": "Cube",
            "from": [ 3.7999999970197678, 7.3000000193715096, 0.29999998956918716 ], 
            "to": [ 6.200000002980232, 11.100000031292439, 13.699999995529652 ], 
            "faces": {
                "north": { "texture": "#2", "uv": [ 0.0, 0.0, 12.0, 2.0 ] },
                "east": { "texture": "#2", "uv": [ 0.0, 0.0, 12.0, 2.0 ] },
                "south": { "texture": "#2", "uv": [ 0.0, 0.0, 12.0, 2.0 ] },
                "west": { "texture": "#2", "uv": [ 0.0, 0.0, 12.0, 2.0 ] },
                "up": { "texture": "#2", "uv": [ 0.0, 0.0, 12.0, 12.0 ] },
                "down": { "texture": "#2", "uv": [ 0.0, 0.0, 12.0, 12.0 ] }
            }
        },
        {
            "name": "Cube",
            "from": [ 3.7999999970197678, 10.800000041723251, -0.20000001788139343 ], 
            "to": [ 6.200000002980232, 14.500000052154064, 14.299999989569187 ], 
            "faces": {
                "north": { "texture": "#2", "uv": [ 0.0, 0.0, 12.0, 2.0 ] },
                "east": { "texture": "#2", "uv": [ 0.0, 0.0, 12.0, 2.0 ] },
                "south": { "texture": "#2", "uv": [ 0.0, 0.0, 12.0, 2.0 ] },
                "west": { "texture": "#2", "uv": [ 0.0, 0.0, 12.0, 2.0 ] },
                "up": { "texture": "#2", "uv": [ 0.0, 0.0, 12.0, 12.0 ] },
                "down": { "texture": "#2", "uv": [ 0.0, 0.0, 12.0, 12.0 ] }
            }
        },
        {
            "name": "Cube",
            "from": [ 3.7999999970197678, 14.30000003427267, -0.700000025331974 ], 
            "to": [ 6.200000002980232, 17.95000003427267, 14.799999982118607 ], 
            "faces": {
                "north": { "texture": "#2", "uv": [ 0.0, 0.0, 12.0, 2.0 ] },
                "east": { "texture": "#2", "uv": [ 0.0, 0.0, 12.0, 2.0 ] },
                "south": { "texture": "#2", "uv": [ 0.0, 0.0, 12.0, 2.0 ] },
                "west": { "texture": "#2", "uv": [ 0.0, 0.0, 12.0, 2.0 ] },
                "up": { "texture": "#2", "uv": [ 0.0, 0.0, 12.0, 12.0 ] },
                "down": { "texture": "#2", "uv": [ 0.0, 0.0, 12.0, 12.0 ] }
            }
        },
        {
            "name": "Cube",
            "from": [ 1.7999999821186066, 5.000000014901161, 2.7999999970197678 ], 
            "to": [ 14.199999988079071, 7.500000007450581, 5.200000002980232 ], 
            "faces": {
                "north": { "texture": "#2", "uv": [ 0.0, 0.0, 12.0, 2.0 ] },
                "east": { "texture": "#2", "uv": [ 0.0, 0.0, 12.0, 2.0 ] },
                "south": { "texture": "#2", "uv": [ 0.0, 0.0, 12.0, 2.0 ] },
                "west": { "texture": "#2", "uv": [ 0.0, 0.0, 12.0, 2.0 ] },
                "up": { "texture": "#2", "uv": [ 0.0, 0.0, 12.0, 12.0 ] },
                "down": { "texture": "#2", "uv": [ 0.0, 0.0, 12.0, 12.0 ] }
            }
        },
        {
            "name": "Cube",
            "from": [ 1.7999999821186066, 5.000000014901161, 8.599999994039536 ], 
            "to": [ 14.199999988079071, 7.500000007450581, 11.0 ], 
            "faces": {
                "north": { "texture": "#2", "uv": [ 0.0, 0.0, 12.0, 2.0 ] },
                "east": { "texture": "#2", "uv": [ 0.0, 0.0, 12.0, 2.0 ] },
                "south": { "texture": "#2", "uv": [ 0.0, 0.0, 12.0, 2.0 ] },
                "west": { "texture": "#2", "uv": [ 0.0, 0.0, 12.0, 2.0 ] },
                "up": { "texture": "#2", "uv": [ 0.0, 0.0, 12.0, 12.0 ] },
                "down": { "texture": "#2", "uv": [ 0.0, 0.0, 12.0, 12.0 ] }
            }
        },
        {
            "name": "Cube",
            "from": [ 1.299999974668026, 7.4000000059604645, 8.599999994039536 ], 
            "to": [ 14.69999998062849, 11.0, 11.0 ], 
            "faces": {
                "north": { "texture": "#2", "uv": [ 0.0, 0.0, 12.0, 2.0 ] },
                "east": { "texture": "#2", "uv": [ 0.0, 0.0, 12.0, 2.0 ] },
                "south": { "texture": "#2", "uv": [ 0.0, 0.0, 12.0, 2.0 ] },
                "west": { "texture": "#2", "uv": [ 0.0, 0.0, 12.0, 2.0 ] },
                "up": { "texture": "#2", "uv": [ 0.0, 0.0, 12.0, 12.0 ] },
                "down": { "texture": "#2", "uv": [ 0.0, 0.0, 12.0, 12.0 ] }
            }
        },
        {
            "name": "Cube",
            "from": [ 0.7999999672174454, 10.800000011920929, 8.599999994039536 ], 
            "to": [ 15.19999997317791, 14.400000005960464, 11.0 ], 
            "faces": {
                "north": { "texture": "#2", "uv": [ 0.0, 0.0, 12.0, 2.0 ] },
                "east": { "texture": "#2", "uv": [ 0.0, 0.0, 12.0, 2.0 ] },
                "south": { "texture": "#2", "uv": [ 0.0, 0.0, 12.0, 2.0 ] },
                "west": { "texture": "#2", "uv": [ 0.0, 0.0, 12.0, 2.0 ] },
                "up": { "texture": "#2", "uv": [ 0.0, 0.0, 12.0, 12.0 ] },
                "down": { "texture": "#2", "uv": [ 0.0, 0.0, 12.0, 12.0 ] }
            }
        },
        {
            "name": "Cube",
            "from": [ 0.2999999597668648, 14.300000004470348, 8.599999994039536 ], 
            "to": [ 15.69999996572733, 17.899999998509884, 11.0 ], 
            "faces": {
                "north": { "texture": "#2", "uv": [ 0.0, 0.0, 12.0, 2.0 ] },
                "east": { "texture": "#2", "uv": [ 0.0, 0.0, 12.0, 2.0 ] },
                "south": { "texture": "#2", "uv": [ 0.0, 0.0, 12.0, 2.0 ] },
                "west": { "texture": "#2", "uv": [ 0.0, 0.0, 12.0, 2.0 ] },
                "up": { "texture": "#2", "uv": [ 0.0, 0.0, 12.0, 12.0 ] },
                "down": { "texture": "#2", "uv": [ 0.0, 0.0, 12.0, 12.0 ] }
            }
        },
        {
            "name": "Cube",
            "from": [ 1.299999974668026, 7.4000000059604645, 2.7999999970197678 ], 
            "to": [ 14.69999998062849, 11.0, 5.200000002980232 ], 
            "faces": {
                "north": { "texture": "#2", "uv": [ 0.0, 0.0, 12.0, 2.0 ] },
                "east": { "texture": "#2", "uv": [ 0.0, 0.0, 12.0, 2.0 ] },
                "south": { "texture": "#2", "uv": [ 0.0, 0.0, 12.0, 2.0 ] },
                "west": { "texture": "#2", "uv": [ 0.0, 0.0, 12.0, 2.0 ] },
                "up": { "texture": "#2", "uv": [ 0.0, 0.0, 12.0, 12.0 ] },
                "down": { "texture": "#2", "uv": [ 0.0, 0.0, 12.0, 12.0 ] }
            }
        },
        {
            "name": "Cube",
            "from": [ 0.7999999672174454, 10.800000011920929, 2.7999999970197678 ], 
            "to": [ 15.19999997317791, 14.400000005960464, 5.200000002980232 ], 
            "faces": {
                "north": { "texture": "#2", "uv": [ 0.0, 0.0, 12.0, 2.0 ] },
                "east": { "texture": "#2", "uv": [ 0.0, 0.0, 12.0, 2.0 ] },
                "south": { "texture": "#2", "uv": [ 0.0, 0.0, 12.0, 2.0 ] },
                "west": { "texture": "#2", "uv": [ 0.0, 0.0, 12.0, 2.0 ] },
                "up": { "texture": "#2", "uv": [ 0.0, 0.0, 12.0, 12.0 ] },
                "down": { "texture": "#2", "uv": [ 0.0, 0.0, 12.0, 12.0 ] }
            }
        },
        {
            "name": "Cube",
            "from": [ 0.2999999597668648, 14.300000004470348, 2.7999999970197678 ], 
            "to": [ 15.69999996572733, 17.899999998509884, 5.200000002980232 ], 
            "faces": {
                "north": { "texture": "#2", "uv": [ 0.0, 0.0, 12.0, 2.0 ] },
                "east": { "texture": "#2", "uv": [ 0.0, 0.0, 12.0, 2.0 ] },
                "south": { "texture": "#2", "uv": [ 0.0, 0.0, 12.0, 2.0 ] },
                "west": { "texture": "#2", "uv": [ 0.0, 0.0, 12.0, 2.0 ] },
                "up": { "texture": "#2", "uv": [ 0.0, 0.0, 12.0, 12.0 ] },
                "down": { "texture": "#2", "uv": [ 0.0, 0.0, 12.0, 12.0 ] }
            }
        },
        {
            "name": "Cube",
            "from": [ 1.099999986588955, 18.39999996125698, 0.5999999940395355 ], 
            "to": [ 14.199999988079071, 18.499999932944775, 13.399999991059303 ], 
            "faces": {
                "north": { "texture": "#0", "uv": [ 0.0, 0.0, 13.699999995529652, 0.09999997168779373 ] },
                "east": { "texture": "#0", "uv": [ 0.0, 0.0, 13.699999995529652, 0.09999997168779373 ] },
                "south": { "texture": "#0", "uv": [ 0.0, 0.0, 13.699999995529652, 0.09999997168779373 ] },
                "west": { "texture": "#0", "uv": [ 0.0, 0.0, 13.699999995529652, 0.09999997168779373 ] },
                "up": { "texture": "#0", "uv": [ 0.0, 0.0, 13.699999995529652, 13.699999995529652 ] },
                "down": { "texture": "#0", "uv": [ 0.0, 0.0, 13.699999995529652, 13.699999995529652 ] }
            }
        },
        {
            "name": "Cube",
            "from": [ 0.9999999850988388, 17.99999998509884, 13.199999988079071 ], 
            "to": [ 14.999999985098839, 18.599999949336052, 13.999999970197678 ], 
            "faces": {
                "north": { "texture": "#0", "uv": [ 0.0, 0.0, 14.0, 0.3999999761581421 ] },
                "east": { "texture": "#0", "uv": [ 0.0, 0.0, 14.0, 0.3999999761581421 ] },
                "south": { "texture": "#0", "uv": [ 0.0, 0.0, 14.0, 0.3999999761581421 ] },
                "west": { "texture": "#0", "uv": [ 0.0, 0.0, 14.0, 0.3999999761581421 ] },
                "up": { "texture": "#0", "uv": [ 0.0, 0.0, 14.0, 14.0 ] },
                "down": { "texture": "#0", "uv": [ 0.0, 0.0, 14.0, 14.0 ] }
            }
        },
        {
            "name": "Cube",
            "from": [ 14.199999988079071, 17.999999970197678, 0.7999999970197678 ], 
            "to": [ 14.999999985098839, 18.59999993443489, 13.199999958276749 ], 
            "faces": {
                "north": { "texture": "#0", "uv": [ 0.0, 0.0, 14.0, 0.3999999761581421 ] },
                "east": { "texture": "#0", "uv": [ 0.0, 0.0, 14.0, 0.3999999761581421 ] },
                "south": { "texture": "#0", "uv": [ 0.0, 0.0, 14.0, 0.3999999761581421 ] },
                "west": { "texture": "#0", "uv": [ 0.0, 0.0, 14.0, 0.3999999761581421 ] },
                "up": { "texture": "#0", "uv": [ 0.0, 0.0, 14.0, 14.0 ] },
                "down": { "texture": "#0", "uv": [ 0.0, 0.0, 14.0, 14.0 ] }
            }
        },
        {
            "name": "Cube",
            "from": [ 0.9999999850988388, 17.999999970197678, 0.7999999970197678 ], 
            "to": [ 1.7999999821186066, 18.59999993443489, 13.199999958276749 ], 
            "faces": {
                "north": { "texture": "#0", "uv": [ 0.0, 0.0, 14.0, 0.3999999761581421 ] },
                "east": { "texture": "#0", "uv": [ 0.0, 0.0, 14.0, 0.3999999761581421 ] },
                "south": { "texture": "#0", "uv": [ 0.0, 0.0, 14.0, 0.3999999761581421 ] },
                "west": { "texture": "#0", "uv": [ 0.0, 0.0, 14.0, 0.3999999761581421 ] },
                "up": { "texture": "#0", "uv": [ 0.0, 0.0, 14.0, 14.0 ] },
                "down": { "texture": "#0", "uv": [ 0.0, 0.0, 14.0, 14.0 ] }
            }
        }
	],
"display": {
    "head": {
        "rotation": [ 0, 180, 0 ],
        "translation": [ 0, 12, -1.5 ],
        "scale": [ 1.23, 1.23, 1.23 ]
    },
    "gui": {
        "rotation": [ 9, 21, 0 ],
        "translation": [ 0, 0, 0 ],
        "scale": [ 0.7, 0.7, 0.7 ]
    }
}
}