{
"__comment": "Model generated using MrCrayfish's Model Creator (http://mrcrayfish.com/modelcreator/)",
"textures": {
    "0": "blocks/hardened_clay_stained_black",
    "1": "blocks/hardened_clay_stained_red",
    "2": "blocks/gold_block",
    "3": "blocks/coal_block"
},
"elements": [ 
{
    "from": [ 3, 2, 3 ],
    "to": [ 13, 10, 13 ],
    "faces": {
        "up":    { "uv": [ 0, 0, 12, 12 ], "texture": "#0" },
        "north": { "uv": [ 0, 0, 12, 14 ], "texture": "#0" },
        "south": { "uv": [ 0, 0, 12, 14 ], "texture": "#0" },
        "west":  { "uv": [ 0, 0, 12, 14 ], "texture": "#0" },
        "east":  { "uv": [ 0, 0, 12, 14 ], "texture": "#0" }
    }
},
{
    "from": [ 0, 1, 0 ],
    "to": [ 16, 3, 16 ],
    "faces": {
        "down":  { "uv": [ 0, 2, 9, 11 ], "texture": "#0" },
        "up":    { "uv": [ 0, 2, 9, 11 ], "texture": "#0" },
        "north": { "uv": [ 0, 0, 9, 2 ], "texture": "#0" },
        "south": { "uv": [ 0, 0, 9, 2 ], "texture": "#0" },
        "west":  { "uv": [ 0, 0, 9, 2 ], "texture": "#0" },
        "east":  { "uv": [ 0, 0, 9, 2 ], "texture": "#0" }
    }
},
{
    "from": [ 2, 3, 2 ],
    "to": [ 14, 5, 14 ],
    "faces": {
        "down":  { "uv": [ 0, 0, 12, 12 ], "texture": "#1" },
        "up":    { "uv": [ 0, 0, 12, 12 ], "texture": "#1" },
        "north": { "uv": [ 0, 0, 12, 2 ], "texture": "#1" },
        "south": { "uv": [ 0, 0, 12, 2 ], "texture": "#1" },
        "west":  { "uv": [ 0, 0, 12, 2 ], "texture": "#1" },
        "east":  { "uv": [ 0, 0, 12, 2 ], "texture": "#1" }
    }
},
{
    "from": [ 6, 3, 13.5 ],
    "to": [ 7, 5.2, 14.5 ],
    "faces": {
        "down":  { "uv": [ 0, 0, 1, 1 ], "texture": "#2" },
        "up":    { "uv": [ 0, 0, 1, 1 ], "texture": "#2" },
        "north": { "uv": [ 0, 0, 1, 2.2000000476837158 ], "texture": "#2" },
        "south": { "uv": [ 0, 0, 1, 2.2000000476837158 ], "texture": "#2" },
        "west":  { "uv": [ 0, 0, 1, 2.2000000476837158 ], "texture": "#2" },
        "east":  { "uv": [ 0, 0, 1, 2.2000000476837158 ], "texture": "#2" }
    }
},
{
    "from": [ 9, 3, 13.5 ],
    "to": [ 10, 5.2, 14.5 ],
    "faces": {
        "down":  { "uv": [ 0, 0, 1, 1 ], "texture": "#2" },
        "up":    { "uv": [ 0, 0, 1, 1 ], "texture": "#2" },
        "north": { "uv": [ 0, 0, 1, 2.2000000476837158 ], "texture": "#2" },
        "south": { "uv": [ 0, 0, 1, 2.2000000476837158 ], "texture": "#2" },
        "west":  { "uv": [ 0, 0, 1, 2.2000000476837158 ], "texture": "#2" },
        "east":  { "uv": [ 0, 0, 1, 2.2000000476837158 ], "texture": "#2" }
    }
},
{
    "from": [ 6, 5, 13.5 ],
    "to": [ 10, 6, 14.5 ],
    "faces": {
        "down":  { "uv": [ 0, 0, 4, 1 ], "texture": "#2" },
        "up":    { "uv": [ 0, 0, 4, 1 ], "texture": "#2" },
        "north": { "uv": [ 0, 0, 4, 1 ], "texture": "#2" },
        "south": { "uv": [ 0, 0, 4, 1 ], "texture": "#2" },
        "west":  { "uv": [ 0, 0, 1, 1 ], "texture": "#2" },
        "east":  { "uv": [ 0, 0, 1, 1 ], "texture": "#2" }
    }
},
{
    "from": [ 6, 2.3, 13.5 ],
    "to": [ 10, 3.3, 14.5 ],
    "faces": {
        "down":  { "uv": [ 0, 0, 4, 1 ], "texture": "#2" },
        "up":    { "uv": [ 0, 0, 4, 1 ], "texture": "#2" },
        "north": { "uv": [ 0, 0, 4, 1 ], "texture": "#2" },
        "south": { "uv": [ 0, 0, 4, 1 ], "texture": "#2" },
        "west":  { "uv": [ 0, 0, 1, 1 ], "texture": "#2" },
        "east":  { "uv": [ 0, 0, 1, 1 ], "texture": "#2" }
    }
},
{
    "from": [ 7.5, 3.5, 1.8 ],
    "to": [ 8.5, 4.5, 2.8 ],
    "faces": {
        "down":  { "uv": [ 0, 0, 1, 1 ], "texture": "#3" },
        "up":    { "uv": [ 0, 0, 1, 1 ], "texture": "#3" },
        "north": { "uv": [ 0, 0, 1, 1 ], "texture": "#3" },
        "south": { "uv": [ 0, 0, 1, 1 ], "texture": "#3" },
        "west":  { "uv": [ 0, 0, 1, 1 ], "texture": "#3" },
        "east":  { "uv": [ 0, 0, 1, 1 ], "texture": "#3" }
    }
},
{
    "from": [ 10.5, 3.5, 1.8 ],
    "to": [ 11.5, 4.5, 2.8 ],
    "faces": {
        "down":  { "uv": [ 0, 0, 1, 1 ], "texture": "#3" },
        "up":    { "uv": [ 0, 0, 1, 1 ], "texture": "#3" },
        "north": { "uv": [ 0, 0, 1, 1 ], "texture": "#3" },
        "south": { "uv": [ 0, 0, 1, 1 ], "texture": "#3" },
        "west":  { "uv": [ 0, 0, 1, 1 ], "texture": "#3" },
        "east":  { "uv": [ 0, 0, 1, 1 ], "texture": "#3" }
    }
},
{
    "from": [ 4.5, 3.5, 1.8 ],
    "to": [ 5.5, 4.5, 2.8 ],
    "faces": {
        "down":  { "uv": [ 0, 0, 1, 1 ], "texture": "#3" },
        "up":    { "uv": [ 0, 0, 1, 1 ], "texture": "#3" },
        "north": { "uv": [ 0, 0, 1, 1 ], "texture": "#3" },
        "south": { "uv": [ 0, 0, 1, 1 ], "texture": "#3" },
        "west":  { "uv": [ 0, 0, 1, 1 ], "texture": "#3" },
        "east":  { "uv": [ 0, 0, 1, 1 ], "texture": "#3" }
    }
},
{
    "from": [ 13.3, 3.5, 7.5 ],
    "to": [ 14.3, 4.5, 8.5 ],
    "faces": {
        "down":  { "uv": [ 0, 0, 1, 1 ], "texture": "#3" },
        "up":    { "uv": [ 0, 0, 1, 1 ], "texture": "#3" },
        "north": { "uv": [ 0, 0, 1, 1 ], "texture": "#3" },
        "south": { "uv": [ 0, 0, 1, 1 ], "texture": "#3" },
        "west":  { "uv": [ 0, 0, 1, 1 ], "texture": "#3" },
        "east":  { "uv": [ 0, 0, 1, 1 ], "texture": "#3" }
    }
},
{
    "from": [ 13.3, 3.5, 10.5 ],
    "to": [ 14.3, 4.5, 11.5 ],
    "faces": {
        "down":  { "uv": [ 0, 0, 1, 1 ], "texture": "#3" },
        "up":    { "uv": [ 0, 0, 1, 1 ], "texture": "#3" },
        "north": { "uv": [ 0, 0, 1, 1 ], "texture": "#3" },
        "south": { "uv": [ 0, 0, 1, 1 ], "texture": "#3" },
        "west":  { "uv": [ 0, 0, 1, 1 ], "texture": "#3" },
        "east":  { "uv": [ 0, 0, 1, 1 ], "texture": "#3" }
    }
},
{
    "from": [ 13.3, 3.5, 4.5 ],
    "to": [ 14.3, 4.5, 5.5 ],
    "faces": {
        "down":  { "uv": [ 0, 0, 1, 1 ], "texture": "#3" },
        "up":    { "uv": [ 0, 0, 1, 1 ], "texture": "#3" },
        "north": { "uv": [ 0, 0, 1, 1 ], "texture": "#3" },
        "south": { "uv": [ 0, 0, 1, 1 ], "texture": "#3" },
        "west":  { "uv": [ 0, 0, 1, 1 ], "texture": "#3" },
        "east":  { "uv": [ 0, 0, 1, 1 ], "texture": "#3" }
    }
},
{
    "from": [ 10.5, 3.5, 13.3 ],
    "to": [ 11.5, 4.5, 14.3 ],
    "faces": {
        "down":  { "uv": [ 0, 0, 1, 1 ], "texture": "#3" },
        "up":    { "uv": [ 0, 0, 1, 1 ], "texture": "#3" },
        "north": { "uv": [ 0, 0, 1, 1 ], "texture": "#3" },
        "south": { "uv": [ 0, 0, 1, 1 ], "texture": "#3" },
        "west":  { "uv": [ 0, 0, 1, 1 ], "texture": "#3" },
        "east":  { "uv": [ 0, 0, 1, 1 ], "texture": "#3" }
    }
},
{
    "from": [ 4.5, 3.5, 13.3 ],
    "to": [ 5.5, 4.5, 14.3 ],
    "faces": {
        "down":  { "uv": [ 0, 0, 1, 1 ], "texture": "#3" },
        "up":    { "uv": [ 0, 0, 1, 1 ], "texture": "#3" },
        "north": { "uv": [ 0, 0, 1, 1 ], "texture": "#3" },
        "south": { "uv": [ 0, 0, 1, 1 ], "texture": "#3" },
        "west":  { "uv": [ 0, 0, 1, 1 ], "texture": "#3" },
        "east":  { "uv": [ 0, 0, 1, 1 ], "texture": "#3" }
    }
},
{
    "from": [ 1.7, 3.5, 4.5 ],
    "to": [ 2.7, 4.5, 5.5 ],
    "faces": {
        "down":  { "uv": [ 0, 0, 1, 1 ], "texture": "#3" },
        "up":    { "uv": [ 0, 0, 1, 1 ], "texture": "#3" },
        "north": { "uv": [ 0, 0, 1, 1 ], "texture": "#3" },
        "south": { "uv": [ 0, 0, 1, 1 ], "texture": "#3" },
        "west":  { "uv": [ 0, 0, 1, 1 ], "texture": "#3" },
        "east":  { "uv": [ 0, 0, 1, 1 ], "texture": "#3" }
    }
},
{
    "from": [ 1.7, 3.5, 7.5 ],
    "to": [ 2.7, 4.5, 8.5 ],
    "faces": {
        "down":  { "uv": [ 0, 0, 1, 1 ], "texture": "#3" },
        "up":    { "uv": [ 0, 0, 1, 1 ], "texture": "#3" },
        "north": { "uv": [ 0, 0, 1, 1 ], "texture": "#3" },
        "south": { "uv": [ 0, 0, 1, 1 ], "texture": "#3" },
        "west":  { "uv": [ 0, 0, 1, 1 ], "texture": "#3" },
        "east":  { "uv": [ 0, 0, 1, 1 ], "texture": "#3" }
    }
},
{
    "from": [ 1.7, 3.5, 10.5 ],
    "to": [ 2.7, 4.5, 11.5 ],
    "faces": {
        "down":  { "uv": [ 0, 0, 1, 1 ], "texture": "#3" },
        "up":    { "uv": [ 0, 0, 1, 1 ], "texture": "#3" },
        "north": { "uv": [ 0, 0, 1, 1 ], "texture": "#3" },
        "south": { "uv": [ 0, 0, 1, 1 ], "texture": "#3" },
        "west":  { "uv": [ 0, 0, 1, 1 ], "texture": "#3" },
        "east":  { "uv": [ 0, 0, 1, 1 ], "texture": "#3" }
    }
},
{
    "from": [ 3.5, 6, 3.5 ],
    "to": [ 12.5, 14, 12.5 ],
    "faces": {
        "up":    { "uv": [ 0, 0, 12, 12 ], "texture": "#0" },
        "north": { "uv": [ 0, 0, 12, 14 ], "texture": "#0" },
        "south": { "uv": [ 0, 0, 12, 14 ], "texture": "#0" },
        "west":  { "uv": [ 0, 0, 12, 14 ], "texture": "#0" },
        "east":  { "uv": [ 0, 0, 12, 14 ], "texture": "#0" }
    }
}
],
"display": {
    "head": {
        "rotation": [ 0, 180, 0 ],
        "translation": [ 0, 12, 0 ],
        "scale": [ 1.3, 1.3, 1.3 ]
    },
    "gui": {
        "rotation": [ 9, 21, 0 ],
        "translation": [ 0, 0, 0 ],
        "scale": [ 0.7, 0.7, 0.7 ]
    }
}
}