{
    "__comment": "Model generated using MrCrayfish's Model Creator (http://mrcrayfish.com/modelcreator/)",
    "textures": {
        "0": "blocks/coal_block",
        "1": "blocks/gold_block",
        "2": "items/bone",
        "3": "entity/zombie/husk"
    },
    "elements": [
        {
            "name": "Cube",
            "from": [ 0.0, 0.0, 4.0 ], 
            "to": [ 16.0, 2.0, 12.0 ], 
            "faces": {
                "north": { "texture": "#0", "uv": [ 0.0, 0.0, 16.0, 2.0 ] },
                "east": { "texture": "#0", "uv": [ 0.0, 0.0, 8.0, 2.0 ] },
                "south": { "texture": "#0", "uv": [ 0.0, 0.0, 16.0, 2.0 ] },
                "west": { "texture": "#0", "uv": [ 0.0, 0.0, 8.0, 2.0 ] },
                "up": { "texture": "#0", "uv": [ 0.0, 0.0, 16.0, 8.0 ] },
                "down": { "texture": "#0", "uv": [ 0.0, 0.0, 16.0, 8.0 ] }
            }
        },
        {
            "name": "Cube",
            "from": [ -2.1, 4.0, 4.0 ], 
            "to": [ 1.9, 6.0, 12.0 ], 
            "rotation": { "origin": [ 8.0, 8.0, 8.0 ], "axis": "z", "angle": 22.5 },
            "faces": {
                "north": { "texture": "#0", "uv": [ 0.0, 0.0, 4.0, 2.0 ] },
                "east": { "texture": "#0", "uv": [ 0.0, 0.0, 8.0, 2.0 ] },
                "south": { "texture": "#0", "uv": [ 0.0, 0.0, 4.0, 2.0 ] },
                "west": { "texture": "#0", "uv": [ 0.0, 0.0, 8.0, 2.0 ] },
                "up": { "texture": "#0", "uv": [ 0.0, 0.0, 4.0, 8.0 ] },
                "down": { "texture": "#0", "uv": [ 0.0, 0.0, 4.0, 8.0 ] }
            }
        },
        {
            "name": "Cube",
            "from": [ 0.8999999999999999, 6.7, 4.0 ], 
            "to": [ 3.9, 8.7, 12.0 ], 
            "rotation": { "origin": [ 8.0, 8.0, 8.0 ], "axis": "z", "angle": 45.0 },
            "faces": {
                "north": { "texture": "#0", "uv": [ 0.0, 0.0, 3.0, 2.0 ] },
                "east": { "texture": "#0", "uv": [ 0.0, 0.0, 8.0, 2.0 ] },
                "south": { "texture": "#0", "uv": [ 0.0, 0.0, 3.0, 2.0 ] },
                "west": { "texture": "#0", "uv": [ 0.0, 0.0, 8.0, 2.0 ] },
                "up": { "texture": "#0", "uv": [ 0.0, 0.0, 3.0, 8.0 ] },
                "down": { "texture": "#0", "uv": [ 0.0, 0.0, 3.0, 8.0 ] }
            }
        },
        {
            "name": "Cube",
            "from": [ 3.9, 5.05, 4.0 ], 
            "to": [ 5.9, 7.05, 12.0 ], 
            "rotation": { "origin": [ 8.0, 8.0, 8.0 ], "axis": "z", "angle": 22.5 },
            "faces": {
                "north": { "texture": "#0", "uv": [ 0.0, 0.0, 2.0, 2.0 ] },
                "east": { "texture": "#0", "uv": [ 0.0, 0.0, 8.0, 2.0 ] },
                "south": { "texture": "#0", "uv": [ 0.0, 0.0, 2.0, 2.0 ] },
                "west": { "texture": "#0", "uv": [ 0.0, 0.0, 8.0, 2.0 ] },
                "up": { "texture": "#0", "uv": [ 0.0, 0.0, 2.0, 8.0 ] },
                "down": { "texture": "#0", "uv": [ 0.0, 0.0, 2.0, 8.0 ] }
            }
        },
        {
            "name": "Cube",
            "from": [ 6.4, 4.3, 4.0 ], 
            "to": [ 9.600000000000001, 6.3, 12.0 ], 
            "faces": {
                "north": { "texture": "#0", "uv": [ 0.0, 0.0, 3.2, 2.0 ] },
                "east": { "texture": "#0", "uv": [ 0.0, 0.0, 8.0, 2.0 ] },
                "south": { "texture": "#0", "uv": [ 0.0, 0.0, 3.2, 2.0 ] },
                "west": { "texture": "#0", "uv": [ 0.0, 0.0, 8.0, 2.0 ] },
                "up": { "texture": "#0", "uv": [ 0.0, 0.0, 3.2, 8.0 ] },
                "down": { "texture": "#0", "uv": [ 0.0, 0.0, 3.2, 8.0 ] }
            }
        },
        {
            "name": "Cube",
            "from": [ 14.1, 4.0, 4.0 ], 
            "to": [ 18.1, 6.0, 12.0 ], 
            "rotation": { "origin": [ 8.0, 8.0, 8.0 ], "axis": "z", "angle": -22.5 },
            "faces": {
                "north": { "texture": "#0", "uv": [ 0.0, 0.0, 4.0, 2.0 ] },
                "east": { "texture": "#0", "uv": [ 0.0, 0.0, 8.0, 2.0 ] },
                "south": { "texture": "#0", "uv": [ 0.0, 0.0, 4.0, 2.0 ] },
                "west": { "texture": "#0", "uv": [ 0.0, 0.0, 8.0, 2.0 ] },
                "up": { "texture": "#0", "uv": [ 0.0, 0.0, 4.0, 8.0 ] },
                "down": { "texture": "#0", "uv": [ 0.0, 0.0, 4.0, 8.0 ] }
            }
        },
        {
            "name": "Cube",
            "from": [ 12.1, 6.7, 4.0 ], 
            "to": [ 15.1, 8.7, 12.0 ], 
            "rotation": { "origin": [ 8.0, 8.0, 8.0 ], "axis": "z", "angle": -45.0 },
            "faces": {
                "north": { "texture": "#0", "uv": [ 0.0, 0.0, 3.0, 2.0 ] },
                "east": { "texture": "#0", "uv": [ 0.0, 0.0, 8.0, 2.0 ] },
                "south": { "texture": "#0", "uv": [ 0.0, 0.0, 3.0, 2.0 ] },
                "west": { "texture": "#0", "uv": [ 0.0, 0.0, 8.0, 2.0 ] },
                "up": { "texture": "#0", "uv": [ 0.0, 0.0, 3.0, 8.0 ] },
                "down": { "texture": "#0", "uv": [ 0.0, 0.0, 3.0, 8.0 ] }
            }
        },
        {
            "name": "Cube",
            "from": [ 10.1, 5.05, 4.0 ], 
            "to": [ 12.1, 7.05, 12.0 ], 
            "rotation": { "origin": [ 8.0, 8.0, 8.0 ], "axis": "z", "angle": -22.5 },
            "faces": {
                "north": { "texture": "#0", "uv": [ 0.0, 0.0, 2.0, 2.0 ] },
                "east": { "texture": "#0", "uv": [ 0.0, 0.0, 8.0, 2.0 ] },
                "south": { "texture": "#0", "uv": [ 0.0, 0.0, 2.0, 2.0 ] },
                "west": { "texture": "#0", "uv": [ 0.0, 0.0, 8.0, 2.0 ] },
                "up": { "texture": "#0", "uv": [ 0.0, 0.0, 2.0, 8.0 ] },
                "down": { "texture": "#0", "uv": [ 0.0, 0.0, 2.0, 8.0 ] }
            }
        },
        {
            "name": "Cube",
            "from": [ 3.0, 0.0, 4.0 ], 
            "to": [ 13.0, 4.0, 12.0 ], 
            "faces": {
                "north": { "texture": "#0", "uv": [ 0.0, 0.0, 10.0, 4.0 ] },
                "east": { "texture": "#0", "uv": [ 0.0, 0.0, 8.0, 4.0 ] },
                "south": { "texture": "#0", "uv": [ 0.0, 0.0, 10.0, 4.0 ] },
                "west": { "texture": "#0", "uv": [ 0.0, 0.0, 8.0, 4.0 ] },
                "up": { "texture": "#0", "uv": [ 0.0, 0.0, 10.0, 8.0 ] },
                "down": { "texture": "#0", "uv": [ 0.0, 0.0, 10.0, 8.0 ] }
            }
        },
        {
            "name": "Cube",
            "from": [ 5.0, 4.0, 4.0 ], 
            "to": [ 11.0, 5.0, 12.0 ], 
            "faces": {
                "north": { "texture": "#0", "uv": [ 0.0, 0.0, 6.0, 1.0 ] },
                "east": { "texture": "#0", "uv": [ 0.0, 0.0, 8.0, 1.0 ] },
                "south": { "texture": "#0", "uv": [ 0.0, 0.0, 6.0, 1.0 ] },
                "west": { "texture": "#0", "uv": [ 0.0, 0.0, 8.0, 1.0 ] },
                "up": { "texture": "#0", "uv": [ 0.0, 0.0, 6.0, 8.0 ] },
                "down": { "texture": "#0", "uv": [ 0.0, 0.0, 6.0, 8.0 ] }
            }
        },
        {
            "name": "Cube",
            "from": [ 14.1, 6.0, 4.0 ], 
            "to": [ 18.1, 6.5, 4.5 ], 
            "rotation": { "origin": [ 8.0, 8.0, 8.0 ], "axis": "z", "angle": -22.5 },
            "faces": {
                "north": { "texture": "#1", "uv": [ 0.0, 0.0, 4.0, 0.5 ] },
                "east": { "texture": "#1", "uv": [ 0.0, 0.0, 0.5, 0.5 ] },
                "south": { "texture": "#1", "uv": [ 0.0, 0.0, 4.0, 0.5 ] },
                "west": { "texture": "#1", "uv": [ 0.0, 0.0, 0.5, 0.5 ] },
                "up": { "texture": "#1", "uv": [ 0.0, 0.0, 4.0, 0.5 ] },
                "down": { "texture": "#1", "uv": [ 0.0, 0.0, 4.0, 0.5 ] }
            }
        },
        {
            "name": "Cube",
            "from": [ 12.1, 8.7, 4.0 ], 
            "to": [ 15.1, 9.2, 4.5 ], 
            "rotation": { "origin": [ 8.0, 8.0, 8.0 ], "axis": "z", "angle": -45.0 },
            "faces": {
                "north": { "texture": "#1", "uv": [ 0.0, 0.0, 3.0, 0.5 ] },
                "east": { "texture": "#1", "uv": [ 0.0, 0.0, 0.5, 0.5 ] },
                "south": { "texture": "#1", "uv": [ 0.0, 0.0, 3.0, 0.5 ] },
                "west": { "texture": "#1", "uv": [ 0.0, 0.0, 0.5, 0.5 ] },
                "up": { "texture": "#1", "uv": [ 0.0, 0.0, 3.0, 0.5 ] },
                "down": { "texture": "#1", "uv": [ 0.0, 0.0, 3.0, 0.5 ] }
            }
        },
        {
            "name": "Cube",
            "from": [ 10.1, 7.050000000000001, 4.0 ], 
            "to": [ 12.1, 7.550000000000001, 4.5 ], 
            "rotation": { "origin": [ 8.0, 8.0, 8.0 ], "axis": "z", "angle": -22.5 },
            "faces": {
                "north": { "texture": "#1", "uv": [ 0.0, 0.0, 2.0, 0.5 ] },
                "east": { "texture": "#1", "uv": [ 0.0, 0.0, 0.5, 0.5 ] },
                "south": { "texture": "#1", "uv": [ 0.0, 0.0, 2.0, 0.5 ] },
                "west": { "texture": "#1", "uv": [ 0.0, 0.0, 0.5, 0.5 ] },
                "up": { "texture": "#1", "uv": [ 0.0, 0.0, 2.0, 0.5 ] },
                "down": { "texture": "#1", "uv": [ 0.0, 0.0, 2.0, 0.5 ] }
            }
        },
        {
            "name": "Cube",
            "from": [ 6.4, 6.3, 4.0 ], 
            "to": [ 9.600000000000001, 6.8, 4.5 ], 
            "faces": {
                "north": { "texture": "#1", "uv": [ 0.0, 0.0, 3.2, 0.5 ] },
                "east": { "texture": "#1", "uv": [ 0.0, 0.0, 0.5, 0.5 ] },
                "south": { "texture": "#1", "uv": [ 0.0, 0.0, 3.2, 0.5 ] },
                "west": { "texture": "#1", "uv": [ 0.0, 0.0, 0.5, 0.5 ] },
                "up": { "texture": "#1", "uv": [ 0.0, 0.0, 3.2, 0.5 ] },
                "down": { "texture": "#1", "uv": [ 0.0, 0.0, 3.2, 0.5 ] }
            }
        },
        {
            "name": "Cube",
            "from": [ 3.9, 7.05, 4.0 ], 
            "to": [ 5.9, 7.55, 4.5 ], 
            "rotation": { "origin": [ 8.0, 8.0, 8.0 ], "axis": "z", "angle": 22.5 },
            "faces": {
                "north": { "texture": "#1", "uv": [ 0.0, 0.0, 2.0, 0.5 ] },
                "east": { "texture": "#1", "uv": [ 0.0, 0.0, 0.5, 0.5 ] },
                "south": { "texture": "#1", "uv": [ 0.0, 0.0, 2.0, 0.5 ] },
                "west": { "texture": "#1", "uv": [ 0.0, 0.0, 0.5, 0.5 ] },
                "up": { "texture": "#1", "uv": [ 0.0, 0.0, 2.0, 0.5 ] },
                "down": { "texture": "#1", "uv": [ 0.0, 0.0, 2.0, 0.5 ] }
            }
        },
        {
            "name": "Cube",
            "from": [ 0.8999999999999999, 8.7, 4.0 ], 
            "to": [ 3.9, 9.2, 4.5 ], 
            "rotation": { "origin": [ 8.0, 8.0, 8.0 ], "axis": "z", "angle": 45.0 },
            "faces": {
                "north": { "texture": "#1", "uv": [ 0.0, 0.0, 3.0, 0.5 ] },
                "east": { "texture": "#1", "uv": [ 0.0, 0.0, 0.5, 0.5 ] },
                "south": { "texture": "#1", "uv": [ 0.0, 0.0, 3.0, 0.5 ] },
                "west": { "texture": "#1", "uv": [ 0.0, 0.0, 0.5, 0.5 ] },
                "up": { "texture": "#1", "uv": [ 0.0, 0.0, 3.0, 0.5 ] },
                "down": { "texture": "#1", "uv": [ 0.0, 0.0, 3.0, 0.5 ] }
            }
        },
        {
            "name": "Cube",
            "from": [ -2.1, 6.0, 4.0 ], 
            "to": [ 1.9, 6.5, 4.5 ], 
            "rotation": { "origin": [ 8.0, 8.0, 8.0 ], "axis": "z", "angle": 22.5 },
            "faces": {
                "north": { "texture": "#1", "uv": [ 0.0, 0.0, 4.0, 0.5 ] },
                "east": { "texture": "#1", "uv": [ 0.0, 0.0, 0.5, 0.5 ] },
                "south": { "texture": "#1", "uv": [ 0.0, 0.0, 4.0, 0.5 ] },
                "west": { "texture": "#1", "uv": [ 0.0, 0.0, 0.5, 0.5 ] },
                "up": { "texture": "#1", "uv": [ 0.0, 0.0, 4.0, 0.5 ] },
                "down": { "texture": "#1", "uv": [ 0.0, 0.0, 4.0, 0.5 ] }
            }
        },
        {
            "name": "Cube",
            "from": [ 17.6, 6.0, 4.0 ], 
            "to": [ 18.1, 6.5, 12.0 ], 
            "rotation": { "origin": [ 8.0, 8.0, 8.0 ], "axis": "z", "angle": -22.5 },
            "faces": {
                "north": { "texture": "#1", "uv": [ 0.0, 0.0, 0.5, 0.5 ] },
                "east": { "texture": "#1", "uv": [ 0.0, 0.0, 8.0, 0.5 ] },
                "south": { "texture": "#1", "uv": [ 0.0, 0.0, 0.5, 0.5 ] },
                "west": { "texture": "#1", "uv": [ 0.0, 0.0, 8.0, 0.5 ] },
                "up": { "texture": "#1", "uv": [ 0.0, 0.0, 0.5, 8.0 ] },
                "down": { "texture": "#1", "uv": [ 0.0, 0.0, 0.5, 8.0 ] }
            }
        },
        {
            "name": "Cube",
            "from": [ 14.1, 6.0, 11.5 ], 
            "to": [ 18.1, 6.5, 12.0 ], 
            "rotation": { "origin": [ 8.0, 8.0, 8.0 ], "axis": "z", "angle": -22.5 },
            "faces": {
                "north": { "texture": "#1", "uv": [ 0.0, 0.0, 4.0, 0.5 ] },
                "east": { "texture": "#1", "uv": [ 0.0, 0.0, 0.5, 0.5 ] },
                "south": { "texture": "#1", "uv": [ 0.0, 0.0, 4.0, 0.5 ] },
                "west": { "texture": "#1", "uv": [ 0.0, 0.0, 0.5, 0.5 ] },
                "up": { "texture": "#1", "uv": [ 0.0, 0.0, 4.0, 0.5 ] },
                "down": { "texture": "#1", "uv": [ 0.0, 0.0, 4.0, 0.5 ] }
            }
        },
        {
            "name": "Cube",
            "from": [ 12.1, 8.7, 11.5 ], 
            "to": [ 15.1, 9.2, 12.0 ], 
            "rotation": { "origin": [ 8.0, 8.0, 8.0 ], "axis": "z", "angle": -45.0 },
            "faces": {
                "north": { "texture": "#1", "uv": [ 0.0, 0.0, 3.0, 0.5 ] },
                "east": { "texture": "#1", "uv": [ 0.0, 0.0, 0.5, 0.5 ] },
                "south": { "texture": "#1", "uv": [ 0.0, 0.0, 3.0, 0.5 ] },
                "west": { "texture": "#1", "uv": [ 0.0, 0.0, 0.5, 0.5 ] },
                "up": { "texture": "#1", "uv": [ 0.0, 0.0, 3.0, 0.5 ] },
                "down": { "texture": "#1", "uv": [ 0.0, 0.0, 3.0, 0.5 ] }
            }
        },
        {
            "name": "Cube",
            "from": [ 10.1, 7.050000000000001, 11.5 ], 
            "to": [ 12.1, 7.550000000000001, 12.0 ], 
            "rotation": { "origin": [ 8.0, 8.0, 8.0 ], "axis": "z", "angle": -22.5 },
            "faces": {
                "north": { "texture": "#1", "uv": [ 0.0, 0.0, 2.0, 0.5 ] },
                "east": { "texture": "#1", "uv": [ 0.0, 0.0, 0.5, 0.5 ] },
                "south": { "texture": "#1", "uv": [ 0.0, 0.0, 2.0, 0.5 ] },
                "west": { "texture": "#1", "uv": [ 0.0, 0.0, 0.5, 0.5 ] },
                "up": { "texture": "#1", "uv": [ 0.0, 0.0, 2.0, 0.5 ] },
                "down": { "texture": "#1", "uv": [ 0.0, 0.0, 2.0, 0.5 ] }
            }
        },
        {
            "name": "Cube",
            "from": [ 6.4, 6.3, 11.5 ], 
            "to": [ 9.600000000000001, 6.8, 12.0 ], 
            "faces": {
                "north": { "texture": "#1", "uv": [ 0.0, 0.0, 3.2, 0.5 ] },
                "east": { "texture": "#1", "uv": [ 0.0, 0.0, 0.5, 0.5 ] },
                "south": { "texture": "#1", "uv": [ 0.0, 0.0, 3.2, 0.5 ] },
                "west": { "texture": "#1", "uv": [ 0.0, 0.0, 0.5, 0.5 ] },
                "up": { "texture": "#1", "uv": [ 0.0, 0.0, 3.2, 0.5 ] },
                "down": { "texture": "#1", "uv": [ 0.0, 0.0, 3.2, 0.5 ] }
            }
        },
        {
            "name": "Cube",
            "from": [ 3.9, 7.05, 11.5 ], 
            "to": [ 5.9, 7.55, 12.0 ], 
            "rotation": { "origin": [ 8.0, 8.0, 8.0 ], "axis": "z", "angle": 22.5 },
            "faces": {
                "north": { "texture": "#1", "uv": [ 0.0, 0.0, 2.0, 0.5 ] },
                "east": { "texture": "#1", "uv": [ 0.0, 0.0, 2.5, 0.5 ] },
                "south": { "texture": "#1", "uv": [ 1.0, 0.0, 4.0, 0.5 ] },
                "west": { "texture": "#1", "uv": [ 0.0, 1.0, 3.5, 1.5 ] },
                "up": { "texture": "#1", "uv": [ 0.0, 0.0, 4.0, 0.5 ] },
                "down": { "texture": "#1", "uv": [ 1.0, 3.0, 8.0, 5.5 ] }
            }
        },
        {
            "name": "Cube",
            "from": [ 0.8999999999999999, 8.7, 11.5 ], 
            "to": [ 3.9, 9.2, 12.0 ], 
            "rotation": { "origin": [ 8.0, 8.0, 8.0 ], "axis": "z", "angle": 45.0 },
            "faces": {
                "north": { "texture": "#1", "uv": [ 0.0, 0.0, 3.0, 1.5 ] },
                "east": { "texture": "#1", "uv": [ 0.0, 0.0, 3.5, 0.5 ] },
                "south": { "texture": "#1", "uv": [ 1.0, 0.0, 4.0, 0.5 ] },
                "west": { "texture": "#1", "uv": [ 0.0, 0.0, 4.5, 0.5 ] },
                "up": { "texture": "#1", "uv": [ 0.0, 1.0, 5.0, 1.5 ] },
                "down": { "texture": "#1", "uv": [ 2.0, 4.0, 10.0, 5.5 ] }
            }
        },
        {
            "name": "Cube",
            "from": [ -2.1, 6.0, 11.5 ], 
            "to": [ 1.9, 6.5, 12.0 ], 
            "rotation": { "origin": [ 8.0, 8.0, 8.0 ], "axis": "z", "angle": 22.5 },
            "faces": {
                "north": { "texture": "#1", "uv": [ 0.0, 0.0, 4.0, 0.5 ] },
                "east": { "texture": "#1", "uv": [ 0.0, 0.0, 0.5, 0.5 ] },
                "south": { "texture": "#1", "uv": [ 0.0, 0.0, 4.0, 0.5 ] },
                "west": { "texture": "#1", "uv": [ 0.0, 0.0, 0.5, 0.5 ] },
                "up": { "texture": "#1", "uv": [ 0.0, 0.0, 4.0, 0.5 ] },
                "down": { "texture": "#1", "uv": [ 0.0, 0.0, 4.0, 0.5 ] }
            }
        },
        {
            "name": "Cube",
            "from": [ -2.1, 6.0, 4.0 ], 
            "to": [ -1.6, 6.5, 12.0 ], 
            "rotation": { "origin": [ 8.0, 8.0, 8.0 ], "axis": "z", "angle": 22.5 },
            "faces": {
                "north": { "texture": "#1", "uv": [ 0.0, 0.0, 0.5, 0.5 ] },
                "east": { "texture": "#1", "uv": [ 0.0, 0.0, 8.0, 0.5 ] },
                "south": { "texture": "#1", "uv": [ 0.0, 0.0, 0.5, 0.5 ] },
                "west": { "texture": "#1", "uv": [ 0.0, 0.0, 8.0, 0.5 ] },
                "up": { "texture": "#1", "uv": [ 0.0, 0.0, 0.5, 8.0 ] },
                "down": { "texture": "#1", "uv": [ 0.0, 0.0, 0.5, 8.0 ] }
            }
        },
        {
            "name": "Cube",
            "from": [ 5.0, 0.5, 11.05 ], 
            "to": [ 11.0, 3.5, 12.05 ], 
            "faces": {
                "north": { "texture": "#2", "uv": [ 0.0, 0.0, 6.0, 3.0 ] },
                "east": { "texture": "#2", "uv": [ 0.0, 0.0, 1.0, 3.0 ] },
                "south": { "texture": "#2", "uv": [ 0.0, 0.0, 16.0, 16.0 ] },
                "west": { "texture": "#2", "uv": [ 0.0, 0.0, 1.0, 3.0 ] },
                "up": { "texture": "#2", "uv": [ 0.0, 0.0, 6.0, 1.0 ] },
                "down": { "texture": "#2", "uv": [ 0.0, 0.0, 6.0, 1.0 ] }
            }
        },
        {
            "name": "Cube",
            "from": [ 5.0, 0.5, 11.06 ], 
            "to": [ 11.0, 3.5, 12.06 ], 
            "faces": {
                "north": { "texture": "#2", "uv": [ 0.0, 0.0, 6.0, 3.0 ], "rotation": 180 },
                "east": { "texture": "#2", "uv": [ 0.0, 0.0, 1.0, 3.0 ], "rotation": 90 },
                "south": { "texture": "#2", "uv": [ 0.0, 0.0, 16.0, 16.0 ], "rotation": 90 },
                "west": { "texture": "#2", "uv": [ 0.0, 0.0, 1.0, 3.0 ] },
                "up": { "texture": "#2", "uv": [ 0.0, 0.0, 6.0, 1.0 ] },
                "down": { "texture": "#2", "uv": [ 0.0, 0.0, 6.0, 1.0 ] }
            }
        },
        {
            "name": "Cube",
            "from": [ 6.75, 2.7, 11.3 ], 
            "to": [ 9.25, 5.2, 12.3 ], 
            "faces": {
                "north": { "texture": "#3", "uv": [ 3.0, 0.0, 4.5, 2.5 ] },
                "east": { "texture": "#3", "uv": [ 4.0, 2.0, 5.0, 3.5 ] },
                "south": { "texture": "#3", "uv": [ 2.0, 2.0, 4.0, 4.0 ] },
                "west": { "texture": "#3", "uv": [ 4.0, 2.0, 5.0, 3.5 ] },
                "up": { "texture": "#3", "uv": [ 6.0, 2.0, 7.5, 3.0 ] },
                "down": { "texture": "#3", "uv": [ 7.0, 4.0, 8.5, 5.0 ] }
            }
        }
	],
"display": {
    "head": {
        "rotation": [ 0, 180, 0 ],
        "translation": [ 0, 14.36, 0 ],
        "scale": [ 1.3, 1.4, 1.84 ]
    },
    "gui": {
        "rotation": [ 9, 21, 0 ],
        "translation": [ 0, 2, 0 ],
        "scale": [ 0.8, 0.8, 0.8 ]
    }
}
}