{
    "__comment": "Model created by the almighty LordPringlesss", 
    "textures": {
        "main": "blocks/spiderhat"
    }, 
    "elements": [
        {
            "name": "Cube", 
            "from": [ 4.000000014901161, -0.10000000149011612, 6.699999995529652 ], 
            "to":   [ 12.000000014901161, 7.899999998509884, 14.699999995529652 ], 
            "rotation": { "origin": [8, 8, 8], "axis": "x", "angle": -22.5 }, 
            "faces": {
                "north": { "texture": "#main", "uv": [ 5, 3, 9, 5 ] }, 
                "east":  { "texture": "#main", "uv": [ 12, 3, 14.000000000000007, 5 ] }, 
                "south": { "texture": "#main", "uv": [ 10, 3, 12, 5 ] }, 
                "west":  { "texture": "#main", "uv": [ 8, 3, 10, 5 ] }, 
                "up":    { "texture": "#main", "uv": [ 6, 3, 9, 5 ] }, 
                "down":  { "texture": "#main", "uv": [ 6, 3, 9, 5 ] }
            }
        }, 
        {
            "name": "Cube", 
            "from": [ 3, 0, -1.8999999985098839 ], 
            "to":   [ 9, 2, 0.10000000149011612 ], 
            "rotation": { "origin": [8, 8, 8], "axis": "z", "angle": -45 }, 
            "faces": {
                "north": { "texture": "#main", "uv": [ 0, 8, 1.5, 8.5 ] }, 
                "east":  { "texture": "#main", "uv": [ 0, 8, 0.5, 8.5 ] }, 
                "south": { "texture": "#main", "uv": [ 0, 8, 1.5, 8.5 ] }, 
                "west":  { "texture": "#main", "uv": [ 0, 8, 0.5, 8.5 ] }, 
                "up":    { "texture": "#main", "uv": [ 0, 8, 1.5, 8.5 ] }, 
                "down":  { "texture": "#main", "uv": [ 0, 8, 1.5, 8.5 ] }
            }
        }, 
        {
            "name": "Cube", 
            "from": [ -2.899999998509884, 2.700000025331974, -1.5999999940395355 ], 
            "to":   [ 1.1000000014901161, 4.100000016391277, -0.20000000298023224 ], 
            "rotation": { "origin": [8, 8, 8], "axis": "z", "angle": -22.5 }, 
            "faces": {
                "north": { "texture": "#main", "uv": [ 0, 8, 1, 8.349999997764826 ] }, 
                "east":  { "texture": "#main", "uv": [ 0, 8, 0.3499999977648258, 8.349999997764826 ] }, 
                "south": { "texture": "#main", "uv": [ 0, 8, 1, 8.349999997764826 ] }, 
                "west":  { "texture": "#main", "uv": [ 0, 8, 0.3499999977648258, 8.349999997764826 ] }, 
                "up":    { "texture": "#main", "uv": [ 0, 8, 1, 8.349999997764826 ] }, 
                "down":  { "texture": "#main", "uv": [ 0, 8, 1, 8.349999997764826 ] }
            }
        }, 
        {
            "name": "Cube", 
            "from": [ 2.0000000298023224, 0, -2 ], 
            "to":   [ 14.000000029802322, 12, 10 ], 
            "faces": {
                "north": { "texture": "#main", "uv": [ 6, 5.5, 10, 7.5 ] }, 
                "east":  { "texture": "#main", "uv": [ 6, 5.5, 10, 7.5 ] }, 
                "south": { "texture": "#main", "uv": [ 6, 5.5, 10, 7.5 ] }, 
                "west":  { "texture": "#main", "uv": [ 6, 5.5, 10, 7.5 ] }, 
                "up":    { "texture": "#main", "uv": [ 7, 5.5, 11, 7.5 ] }, 
                "down":  { "texture": "#main", "uv": [ 6, 5.5, 10, 7.5 ] }
            }
        }, 
        {
            "name": "Cube", 
            "from": [ 3, 0, 1.2000000029802322 ], 
            "to":   [ 9, 2, 3.2000000029802322 ], 
            "rotation": { "origin": [8, 8, 8], "axis": "z", "angle": -45 }, 
            "faces": {
                "north": { "texture": "#main", "uv": [ 0, 8, 1.5, 8.5 ] }, 
                "east":  { "texture": "#main", "uv": [ 0, 8, 0.5, 8.5 ] }, 
                "south": { "texture": "#main", "uv": [ 0, 8, 1.5, 8.5 ] }, 
                "west":  { "texture": "#main", "uv": [ 0, 8, 0.5, 8.5 ] }, 
                "up":    { "texture": "#main", "uv": [ 0, 8, 1.5, 8.5 ] }, 
                "down":  { "texture": "#main", "uv": [ 0, 8, 1.5, 8.5 ] }
            }
        }, 
        {
            "name": "Cube", 
            "from": [ 3, 0, 4.4000000059604645 ], 
            "to":   [ 9, 2, 6.4000000059604645 ], 
            "rotation": { "origin": [8, 8, 8], "axis": "z", "angle": -45 }, 
            "faces": {
                "north": { "texture": "#main", "uv": [ 0, 8, 1.5, 8.5 ] }, 
                "east":  { "texture": "#main", "uv": [ 0, 8, 0.5, 8.5 ] }, 
                "south": { "texture": "#main", "uv": [ 0, 8, 1.5, 8.5 ] }, 
                "west":  { "texture": "#main", "uv": [ 0, 8, 0.5, 8.5 ] }, 
                "up":    { "texture": "#main", "uv": [ 0, 8, 1.5, 8.5 ] }, 
                "down":  { "texture": "#main", "uv": [ 0, 8, 1.5, 8.5 ] }
            }
        }, 
        {
            "name": "Cube", 
            "from": [ 3, 0, 7.600000008940697 ], 
            "to":   [ 9, 2, 9.600000008940697 ], 
            "rotation": { "origin": [8, 8, 8], "axis": "z", "angle": -45 }, 
            "faces": {
                "north": { "texture": "#main", "uv": [ 0, 8, 1.5, 8.5 ] }, 
                "east":  { "texture": "#main", "uv": [ 0, 8, 0.5, 8.5 ] }, 
                "south": { "texture": "#main", "uv": [ 0, 8, 1.5, 8.5 ] }, 
                "west":  { "texture": "#main", "uv": [ 0, 8, 0.5, 8.5 ] }, 
                "up":    { "texture": "#main", "uv": [ 0, 8, 1.5, 8.5 ] }, 
                "down":  { "texture": "#main", "uv": [ 0, 8, 1.5, 8.5 ] }
            }
        }, 
        {
            "name": "Cube", 
            "from": [ -6.500000007450581, 7.3000000193715096, -1.3999999910593033 ], 
            "to":   [ -3.5000000074505806, 8.300000004470348, -0.4000000059604645 ], 
            "faces": {
                "north": { "texture": "#main", "uv": [ 0, 8, 0.75, 8.24999999627471 ] }, 
                "east":  { "texture": "#main", "uv": [ 0, 8, 0.2499999962747097, 8.24999999627471 ] }, 
                "south": { "texture": "#main", "uv": [ 0, 8, 0.75, 8.24999999627471 ] }, 
                "west":  { "texture": "#main", "uv": [ 0, 8, 0.2499999962747097, 8.24999999627471 ] }, 
                "up":    { "texture": "#main", "uv": [ 0, 8, 0.75, 8.24999999627471 ] }, 
                "down":  { "texture": "#main", "uv": [ 0, 8, 0.75, 8.24999999627471 ] }
            }
        }, 
        {
            "name": "Cube", 
            "from": [ -4.099999986588955, 17.700000025331974, -1.199999988079071 ], 
            "to":   [ -2.099999986588955, 18.30000000447035, -0.6000000089406967 ], 
            "rotation": { "origin": [8, 8, 8], "axis": "z", "angle": 45 }, 
            "faces": {
                "north": { "texture": "#main", "uv": [ 0, 8, 0.5, 8.149999994784594 ] }, 
                "east":  { "texture": "#main", "uv": [ 0, 8, 0.14999999478459358, 8.149999994784594 ] }, 
                "south": { "texture": "#main", "uv": [ 0, 8, 0.5, 8.149999994784594 ] }, 
                "west":  { "texture": "#main", "uv": [ 0, 8, 0.14999999478459358, 8.149999994784594 ] }, 
                "up":    { "texture": "#main", "uv": [ 0, 8, 0.5, 8.149999994784594 ] }, 
                "down":  { "texture": "#main", "uv": [ 0, 8, 0.5, 8.149999994784594 ] }
            }
        }, 
        {
            "name": "Cube", 
            "from": [ -6.099999986588955, -3.19999997317791, -1.099999986588955 ], 
            "to":   [ -5.699999995529652, 0.800000011920929, -0.7000000104308128 ], 
            "rotation": { "origin": [8, 8, 8], "axis": "z", "angle": -22.5 }, 
            "faces": {
                "north": { "texture": "#main", "uv": [ 0, 8, 0.09999999776482582, 8.99999999627471 ] }, 
                "east":  { "texture": "#main", "uv": [ 0, 8, 0.09999999403953552, 8.99999999627471 ] }, 
                "south": { "texture": "#main", "uv": [ 0, 8, 0.09999999776482582, 8.99999999627471 ] }, 
                "west":  { "texture": "#main", "uv": [ 0, 8, 0.09999999403953552, 8.99999999627471 ] }, 
                "up":    { "texture": "#main", "uv": [ 0, 8, 0.09999999776482582, 8.099999994039536 ] }, 
                "down":  { "texture": "#main", "uv": [ 0, 8, 0.09999999776482582, 8.099999994039536 ] }
            }
        }, 
        {
            "name": "Cube", 
            "from": [ -9.199999988079071, 1.0000000298023224, -0.9999999850988388 ], 
            "to":   [ -9, 3.000000014901161, -0.800000011920929 ], 
            "faces": {
                "north": { "texture": "#main", "uv": [ 0, 8, 0.04999999701976776, 8.49999999627471 ] }, 
                "east":  { "texture": "#main", "uv": [ 0, 8, 0.04999999329447746, 8.49999999627471 ] }, 
                "south": { "texture": "#main", "uv": [ 0, 8, 0.04999999701976776, 8.49999999627471 ] }, 
                "west":  { "texture": "#main", "uv": [ 0, 8, 0.04999999329447746, 8.49999999627471 ] }, 
                "up":    { "texture": "#main", "uv": [ 0, 8, 0.04999999701976776, 8.049999993294477 ] }, 
                "down":  { "texture": "#main", "uv": [ 0, 8, 0.04999999701976776, 8.049999993294477 ] }
            }
        }, 
        {
            "name": "Cube", 
            "from": [ 0.5000000074505806, 0.30000001937150955, 1.5000000074505806 ], 
            "to":   [ 4.500000007450581, 1.7000000104308128, 2.899999998509884 ], 
            "rotation": { "origin": [8, 8, 8], "axis": "z", "angle": -45 }, 
            "faces": {
                "north": { "texture": "#main", "uv": [ 0, 8, 1, 8.349999997764826 ] }, 
                "east":  { "texture": "#main", "uv": [ 0, 8, 0.3499999977648258, 8.349999997764826 ] }, 
                "south": { "texture": "#main", "uv": [ 0, 8, 1, 8.349999997764826 ] }, 
                "west":  { "texture": "#main", "uv": [ 0, 8, 0.3499999977648258, 8.349999997764826 ] }, 
                "up":    { "texture": "#main", "uv": [ 0, 8, 1, 8.349999997764826 ] }, 
                "down":  { "texture": "#main", "uv": [ 0, 8, 1, 8.349999997764826 ] }
            }
        }, 
        {
            "name": "Cube", 
            "from": [ -2.899999998509884, 2.700000025331974, 4.700000010430813 ], 
            "to":   [ 1.1000000014901161, 4.100000016391277, 6.100000001490116 ], 
            "rotation": { "origin": [8, 8, 8], "axis": "z", "angle": -22.5 }, 
            "faces": {
                "north": { "texture": "#main", "uv": [ 0, 8, 1, 8.349999997764826 ] }, 
                "east":  { "texture": "#main", "uv": [ 0, 8, 0.3499999977648258, 8.349999997764826 ] }, 
                "south": { "texture": "#main", "uv": [ 0, 8, 1, 8.349999997764826 ] }, 
                "west":  { "texture": "#main", "uv": [ 0, 8, 0.3499999977648258, 8.349999997764826 ] }, 
                "up":    { "texture": "#main", "uv": [ 0, 8, 1, 8.349999997764826 ] }, 
                "down":  { "texture": "#main", "uv": [ 0, 8, 1, 8.349999997764826 ] }
            }
        }, 
        {
            "name": "Cube", 
            "from": [ -2.899999998509884, 2.700000025331974, 7.900000013411045 ], 
            "to":   [ 1.1000000014901161, 4.100000016391277, 9.300000004470348 ], 
            "rotation": { "origin": [8, 8, 8], "axis": "z", "angle": -22.5 }, 
            "faces": {
                "north": { "texture": "#main", "uv": [ 0, 8, 1, 8.349999997764826 ] }, 
                "east":  { "texture": "#main", "uv": [ 0, 8, 0.3499999977648258, 8.349999997764826 ] }, 
                "south": { "texture": "#main", "uv": [ 0, 8, 1, 8.349999997764826 ] }, 
                "west":  { "texture": "#main", "uv": [ 0, 8, 0.3499999977648258, 8.349999997764826 ] }, 
                "up":    { "texture": "#main", "uv": [ 0, 8, 1, 8.349999997764826 ] }, 
                "down":  { "texture": "#main", "uv": [ 0, 8, 1, 8.349999997764826 ] }
            }
        }, 
        {
            "name": "Cube", 
            "from": [ -4.300000004470348, 3.900000013411045, 1.7000000104308128 ], 
            "to":   [ -1.3000000044703484, 4.899999998509884, 2.6999999955296516 ], 
            "rotation": { "origin": [8, 8, 8], "axis": "z", "angle": -22.5 }, 
            "faces": {
                "north": { "texture": "#main", "uv": [ 0, 8, 0.75, 8.24999999627471 ] }, 
                "east":  { "texture": "#main", "uv": [ 0, 8, 0.2499999962747097, 8.24999999627471 ] }, 
                "south": { "texture": "#main", "uv": [ 0, 8, 0.75, 8.24999999627471 ] }, 
                "west":  { "texture": "#main", "uv": [ 0, 8, 0.2499999962747097, 8.24999999627471 ] }, 
                "up":    { "texture": "#main", "uv": [ 0, 8, 0.75, 8.24999999627471 ] }, 
                "down":  { "texture": "#main", "uv": [ 0, 8, 0.75, 8.24999999627471 ] }
            }
        }, 
        {
            "name": "Cube", 
            "from": [ -6.500000007450581, 7.3000000193715096, 4.900000013411045 ], 
            "to":   [ -3.5000000074505806, 8.300000004470348, 5.899999998509884 ], 
            "faces": {
                "north": { "texture": "#main", "uv": [ 0, 8, 0.75, 8.24999999627471 ] }, 
                "east":  { "texture": "#main", "uv": [ 0, 8, 0.2499999962747097, 8.24999999627471 ] }, 
                "south": { "texture": "#main", "uv": [ 0, 8, 0.75, 8.24999999627471 ] }, 
                "west":  { "texture": "#main", "uv": [ 0, 8, 0.2499999962747097, 8.24999999627471 ] }, 
                "up":    { "texture": "#main", "uv": [ 0, 8, 0.75, 8.24999999627471 ] }, 
                "down":  { "texture": "#main", "uv": [ 0, 8, 0.75, 8.24999999627471 ] }
            }
        }, 
        {
            "name": "Cube", 
            "from": [ -6.500000007450581, 7.3000000193715096, 8.100000016391277 ], 
            "to":   [ -3.5000000074505806, 8.300000004470348, 9.100000001490116 ], 
            "faces": {
                "north": { "texture": "#main", "uv": [ 0, 8, 0.75, 8.24999999627471 ] }, 
                "east":  { "texture": "#main", "uv": [ 0, 8, 0.2499999962747097, 8.24999999627471 ] }, 
                "south": { "texture": "#main", "uv": [ 0, 8, 0.75, 8.24999999627471 ] }, 
                "west":  { "texture": "#main", "uv": [ 0, 8, 0.2499999962747097, 8.24999999627471 ] }, 
                "up":    { "texture": "#main", "uv": [ 0, 8, 0.75, 8.24999999627471 ] }, 
                "down":  { "texture": "#main", "uv": [ 0, 8, 0.75, 8.24999999627471 ] }
            }
        }, 
        {
            "name": "Cube", 
            "from": [ -4.899999983608723, 13.600000023841858, 1.800000011920929 ], 
            "to":   [ -2.8999999836087227, 14.400000005960464, 2.5999999940395355 ], 
            "rotation": { "origin": [8, 8, 8], "axis": "z", "angle": 22.5 }, 
            "faces": {
                "north": { "texture": "#main", "uv": [ 0, 8, 0.5, 8.199999995529652 ] }, 
                "east":  { "texture": "#main", "uv": [ 0, 8, 0.19999999552965164, 8.199999995529652 ] }, 
                "south": { "texture": "#main", "uv": [ 0, 8, 0.5, 8.199999995529652 ] }, 
                "west":  { "texture": "#main", "uv": [ 0, 8, 0.19999999552965164, 8.199999995529652 ] }, 
                "up":    { "texture": "#main", "uv": [ 0, 8, 0.5, 8.199999995529652 ] }, 
                "down":  { "texture": "#main", "uv": [ 0, 8, 0.5, 8.199999995529652 ] }
            }
        }, 
        {
            "name": "Cube", 
            "from": [ -4.099999986588955, 17.700000025331974, 5.100000016391277 ], 
            "to":   [ -2.099999986588955, 18.30000000447035, 5.699999995529652 ], 
            "rotation": { "origin": [8, 8, 8], "axis": "z", "angle": 45 }, 
            "faces": {
                "north": { "texture": "#main", "uv": [ 0, 8, 0.5, 8.149999994784594 ] }, 
                "east":  { "texture": "#main", "uv": [ 0, 8, 0.14999999478459358, 8.149999994784594 ] }, 
                "south": { "texture": "#main", "uv": [ 0, 8, 0.5, 8.149999994784594 ] }, 
                "west":  { "texture": "#main", "uv": [ 0, 8, 0.14999999478459358, 8.149999994784594 ] }, 
                "up":    { "texture": "#main", "uv": [ 0, 8, 0.5, 8.149999994784594 ] }, 
                "down":  { "texture": "#main", "uv": [ 0, 8, 0.5, 8.149999994784594 ] }
            }
        }, 
        {
            "name": "Cube", 
            "from": [ -4.099999986588955, 17.700000025331974, 8.30000001937151 ], 
            "to":   [ -2.099999986588955, 18.30000000447035, 8.899999998509884 ], 
            "rotation": { "origin": [8, 8, 8], "axis": "z", "angle": 45 }, 
            "faces": {
                "north": { "texture": "#main", "uv": [ 0, 8, 0.5, 8.149999994784594 ] }, 
                "east":  { "texture": "#main", "uv": [ 0, 8, 0.14999999478459358, 8.149999994784594 ] }, 
                "south": { "texture": "#main", "uv": [ 0, 8, 0.5, 8.149999994784594 ] }, 
                "west":  { "texture": "#main", "uv": [ 0, 8, 0.14999999478459358, 8.149999994784594 ] }, 
                "up":    { "texture": "#main", "uv": [ 0, 8, 0.5, 8.149999994784594 ] }, 
                "down":  { "texture": "#main", "uv": [ 0, 8, 0.5, 8.149999994784594 ] }
            }
        }, 
        {
            "name": "Cube", 
            "from": [ -5.499999977648258, -0.5999999642372131, 1.900000013411045 ], 
            "to":   [ -4.899999983608723, 3.4000000208616257, 2.4999999925494194 ], 
            "rotation": { "origin": [8, 8, 8], "axis": "z", "angle": -22.5 }, 
            "faces": {
                "north": { "texture": "#main", "uv": [ 0, 8, 0.14999999850988388, 8.99999999627471 ] }, 
                "east":  { "texture": "#main", "uv": [ 0, 8, 0.14999999478459358, 8.99999999627471 ] }, 
                "south": { "texture": "#main", "uv": [ 0, 8, 0.14999999850988388, 8.99999999627471 ] }, 
                "west":  { "texture": "#main", "uv": [ 0, 8, 0.14999999478459358, 8.99999999627471 ] }, 
                "up":    { "texture": "#main", "uv": [ 0, 8, 0.14999999850988388, 8.149999994784594 ] }, 
                "down":  { "texture": "#main", "uv": [ 0, 8, 0.14999999850988388, 8.149999994784594 ] }
            }
        }, 
        {
            "name": "Cube", 
            "from": [ -6.099999986588955, -3.19999997317791, 5.200000017881393 ], 
            "to":   [ -5.699999995529652, 0.800000011920929, 5.5999999940395355 ], 
            "rotation": { "origin": [8, 8, 8], "axis": "z", "angle": -22.5 }, 
            "faces": {
                "north": { "texture": "#main", "uv": [ 0, 8, 0.09999999776482582, 8.99999999627471 ] }, 
                "east":  { "texture": "#main", "uv": [ 0, 8, 0.09999999403953552, 8.99999999627471 ] }, 
                "south": { "texture": "#main", "uv": [ 0, 8, 0.09999999776482582, 8.99999999627471 ] }, 
                "west":  { "texture": "#main", "uv": [ 0, 8, 0.09999999403953552, 8.99999999627471 ] }, 
                "up":    { "texture": "#main", "uv": [ 0, 8, 0.09999999776482582, 8.099999994039536 ] }, 
                "down":  { "texture": "#main", "uv": [ 0, 8, 0.09999999776482582, 8.099999994039536 ] }
            }
        }, 
        {
            "name": "Cube", 
            "from": [ -2.199999988079071, -6.8999999687075615, 8.400000020861626 ], 
            "to":   [ -1.7999999970197678, -3.8999999836087227, 8.799999997019768 ], 
            "rotation": { "origin": [8, 8, 8], "axis": "z", "angle": -45 }, 
            "faces": {
                "north": { "texture": "#main", "uv": [ 0, 8, 0.09999999776482582, 8.99999999627471 ] }, 
                "east":  { "texture": "#main", "uv": [ 0, 8, 0.09999999403953552, 8.99999999627471 ] }, 
                "south": { "texture": "#main", "uv": [ 0, 8, 0.09999999776482582, 8.99999999627471 ] }, 
                "west":  { "texture": "#main", "uv": [ 0, 8, 0.09999999403953552, 8.99999999627471 ] }, 
                "up":    { "texture": "#main", "uv": [ 0, 8, 0.09999999776482582, 8.099999994039536 ] }, 
                "down":  { "texture": "#main", "uv": [ 0, 8, 0.09999999776482582, 8.099999994039536 ] }
            }
        }, 
        {
            "name": "Cube", 
            "from": [ -9.199999988079071, 1.0000000298023224, 5.3000000193715096 ], 
            "to":   [ -9, 3.000000014901161, 5.499999992549419 ], 
            "faces": {
                "north": { "texture": "#main", "uv": [ 0, 8, 0.04999999701976776, 8.49999999627471 ] }, 
                "east":  { "texture": "#main", "uv": [ 0, 8, 0.04999999329447746, 8.49999999627471 ] }, 
                "south": { "texture": "#main", "uv": [ 0, 8, 0.04999999701976776, 8.49999999627471 ] }, 
                "west":  { "texture": "#main", "uv": [ 0, 8, 0.04999999329447746, 8.49999999627471 ] }, 
                "up":    { "texture": "#main", "uv": [ 0, 8, 0.04999999701976776, 8.049999993294477 ] }, 
                "down":  { "texture": "#main", "uv": [ 0, 8, 0.04999999701976776, 8.049999993294477 ] }
            }
        }, 
        {
            "name": "Cube", 
            "from": [ -7, -3.799999952316284, 8.500000022351742 ], 
            "to":   [ -6.800000011920929, -1.7999999672174454, 8.699999995529652 ], 
            "rotation": { "origin": [8, 8, 8], "axis": "z", "angle": -22.5 }, 
            "faces": {
                "north": { "texture": "#main", "uv": [ 0, 8, 0.04999999701976776, 8.49999999627471 ] }, 
                "east":  { "texture": "#main", "uv": [ 0, 8, 0.04999999329447746, 8.49999999627471 ] }, 
                "south": { "texture": "#main", "uv": [ 0, 8, 0.04999999701976776, 8.49999999627471 ] }, 
                "west":  { "texture": "#main", "uv": [ 0, 8, 0.04999999329447746, 8.49999999627471 ] }, 
                "up":    { "texture": "#main", "uv": [ 0, 8, 0.04999999701976776, 8.049999993294477 ] }, 
                "down":  { "texture": "#main", "uv": [ 0, 8, 0.04999999701976776, 8.049999993294477 ] }
            }
        }, 
        {
            "name": "Cube", 
            "from": [ -7.6999999806284904, 2.400000035762787, 2.000000014901161 ], 
            "to":   [ -7.299999989569187, 5.200000017881393, 2.3999999910593033 ], 
            "faces": {
                "north": { "texture": "#main", "uv": [ 0, 8, 0.09999999776482582, 8.699999995529652 ] }, 
                "east":  { "texture": "#main", "uv": [ 0, 8, 0.09999999403953552, 8.699999995529652 ] }, 
                "south": { "texture": "#main", "uv": [ 0, 8, 0.09999999776482582, 8.699999995529652 ] }, 
                "west":  { "texture": "#main", "uv": [ 0, 8, 0.09999999403953552, 8.699999995529652 ] }, 
                "up":    { "texture": "#main", "uv": [ 0, 8, 0.09999999776482582, 8.099999994039536 ] }, 
                "down":  { "texture": "#main", "uv": [ 0, 8, 0.09999999776482582, 8.099999994039536 ] }
            }
        }, 
        {
            "name": "Cube", 
            "from": [ -8.49999999254942, 7.200000032782555, 2.1000000163912773 ], 
            "to":   [ -8.300000004470348, 9.000000014901161, 2.299999989569187 ], 
            "rotation": { "origin": [8, 8, 8], "axis": "z", "angle": 22.5 }, 
            "faces": {
                "north": { "texture": "#main", "uv": [ 0, 8, 0.04999999701976776, 8.449999995529652 ] }, 
                "east":  { "texture": "#main", "uv": [ 0, 8, 0.04999999329447746, 8.449999995529652 ] }, 
                "south": { "texture": "#main", "uv": [ 0, 8, 0.04999999701976776, 8.449999995529652 ] }, 
                "west":  { "texture": "#main", "uv": [ 0, 8, 0.04999999329447746, 8.449999995529652 ] }, 
                "up":    { "texture": "#main", "uv": [ 0, 8, 0.04999999701976776, 8.049999993294477 ] }, 
                "down":  { "texture": "#main", "uv": [ 0, 8, 0.04999999701976776, 8.049999993294477 ] }
            }
        }, 
        {
            "name": "Cube", 
            "from": [ 7, 0, 7.600000008940697 ], 
            "to":   [ 13, 2, 9.600000008940697 ], 
            "rotation": { "origin": [8, 8, 8], "axis": "z", "angle": 45 }, 
            "faces": {
                "north": { "texture": "#main", "uv": [ 0.5, 8.25, 1, 9.25 ] }, 
                "east":  { "texture": "#main", "uv": [ 0.5, 8.75, 1, 9.25 ] }, 
                "south": { "texture": "#main", "uv": [ 0.5, 8.5, 1, 9.5 ] }, 
                "west":  { "texture": "#main", "uv": [ 0.5, 8, 1, 9.5 ] }, 
                "up":    { "texture": "#main", "uv": [ 0.5, 8, 1, 9.25 ] }, 
                "down":  { "texture": "#main", "uv": [ 0.5, 8.5, 1, 9.25 ] }
            }
        }, 
        {
            "name": "Cube", 
            "from": [ 12.700000010430813, 0.30000000447034836, 7.900000013411045 ], 
            "to":   [ 15.700000010430813, 1.6999999955296516, 9.300000004470348 ], 
            "rotation": { "origin": [8, 8, 8], "axis": "z", "angle": 45 }, 
            "faces": {
                "north": { "texture": "#main", "uv": [ 0, 8, 1, 8.349999997764826 ] }, 
                "east":  { "texture": "#main", "uv": [ 0, 8, 0.3499999977648258, 8.349999997764826 ] }, 
                "south": { "texture": "#main", "uv": [ 0, 8, 1, 8.349999997764826 ] }, 
                "west":  { "texture": "#main", "uv": [ 0, 8, 0.3499999977648258, 8.349999997764826 ] }, 
                "up":    { "texture": "#main", "uv": [ 0, 8, 1, 8.349999997764826 ] }, 
                "down":  { "texture": "#main", "uv": [ 0, 8, 1, 8.349999997764826 ] }
            }
        }, 
        {
            "name": "Cube", 
            "from": [ 17.49999999254942, 4.000000014901161, 8.100000016391277 ], 
            "to":   [ 19.99999998509884, 5, 9.100000001490116 ], 
            "rotation": { "origin": [8, 8, 8], "axis": "z", "angle": 22.5 }, 
            "faces": {
                "north": { "texture": "#main", "uv": [ 0, 8, 0.75, 8.24999999627471 ] }, 
                "east":  { "texture": "#main", "uv": [ 0, 8, 0.2499999962747097, 8.24999999627471 ] }, 
                "south": { "texture": "#main", "uv": [ 0, 8, 0.75, 8.24999999627471 ] }, 
                "west":  { "texture": "#main", "uv": [ 0, 8, 0.2499999962747097, 8.24999999627471 ] }, 
                "up":    { "texture": "#main", "uv": [ 0, 8, 0.75, 8.24999999627471 ] }, 
                "down":  { "texture": "#main", "uv": [ 0, 8, 0.75, 8.24999999627471 ] }
            }
        }, 
        {
            "name": "Cube", 
            "from": [ 18.49999999254942, 13.400000020861626, 8.200000017881393 ], 
            "to":   [ 20.69999998062849, 14.200000002980232, 9 ], 
            "rotation": { "origin": [8, 8, 8], "axis": "z", "angle": -22.5 }, 
            "faces": {
                "north": { "texture": "#main", "uv": [ 0, 8, 0.75, 8.24999999627471 ] }, 
                "east":  { "texture": "#main", "uv": [ 0, 8, 0.2499999962747097, 8.24999999627471 ] }, 
                "south": { "texture": "#main", "uv": [ 0, 8, 0.75, 8.24999999627471 ] }, 
                "west":  { "texture": "#main", "uv": [ 0, 8, 0.2499999962747097, 8.24999999627471 ] }, 
                "up":    { "texture": "#main", "uv": [ 0, 8, 0.75, 8.24999999627471 ] }, 
                "down":  { "texture": "#main", "uv": [ 0, 8, 0.75, 8.24999999627471 ] }
            }
        }, 
        {
            "name": "Cube", 
            "from": [ 20.599999994039536, -0.8999999687075615, 8.200000017881393 ], 
            "to":   [ 21.19999997317791, 3.3000000193715096, 8.799999997019768 ], 
            "rotation": { "origin": [8, 8, 8], "axis": "z", "angle": 22.5 }, 
            "faces": {
                "north": { "texture": "#main", "uv": [ 0, 8, 0.75, 8.24999999627471 ] }, 
                "east":  { "texture": "#main", "uv": [ 0, 8, 0.2499999962747097, 8.24999999627471 ] }, 
                "south": { "texture": "#main", "uv": [ 0, 8, 0.75, 8.24999999627471 ] }, 
                "west":  { "texture": "#main", "uv": [ 0, 8, 0.2499999962747097, 8.24999999627471 ] }, 
                "up":    { "texture": "#main", "uv": [ 0, 8, 0.75, 8.24999999627471 ] }, 
                "down":  { "texture": "#main", "uv": [ 0, 8, 0.75, 8.24999999627471 ] }
            }
        }, 
        {
            "name": "Cube", 
            "from": [ 23.100000001490116, 2.6000000059604647, 8.30000001937151 ], 
            "to":   [ 23.499999977648258, 4.899999980628491, 8.699999995529652 ], 
            "faces": {
                "north": { "texture": "#main", "uv": [ 0, 8, 0.75, 8.24999999627471 ] }, 
                "east":  { "texture": "#main", "uv": [ 0, 8, 0.2499999962747097, 8.24999999627471 ] }, 
                "south": { "texture": "#main", "uv": [ 0, 8, 0.75, 8.24999999627471 ] }, 
                "west":  { "texture": "#main", "uv": [ 0, 8, 0.2499999962747097, 8.24999999627471 ] }, 
                "up":    { "texture": "#main", "uv": [ 0, 8, 0.75, 8.24999999627471 ] }, 
                "down":  { "texture": "#main", "uv": [ 0, 8, 0.75, 8.24999999627471 ] }
            }
        }, 
        {
            "name": "Cube", 
            "from": [ 24.100000001490116, 6.800000023841858, 8.400000020861626 ], 
            "to":   [ 24.299999974668026, 8.899999995529651, 8.599999994039536 ], 
            "rotation": { "origin": [8, 8, 8], "axis": "z", "angle": -22.5 }, 
            "faces": {
                "north": { "texture": "#main", "uv": [ 0, 8, 0.75, 8.24999999627471 ] }, 
                "east":  { "texture": "#main", "uv": [ 0, 8, 0.2499999962747097, 8.24999999627471 ] }, 
                "south": { "texture": "#main", "uv": [ 0, 8, 0.75, 8.24999999627471 ] }, 
                "west":  { "texture": "#main", "uv": [ 0, 8, 0.2499999962747097, 8.24999999627471 ] }, 
                "up":    { "texture": "#main", "uv": [ 0, 8, 0.75, 8.24999999627471 ] }, 
                "down":  { "texture": "#main", "uv": [ 0, 8, 0.75, 8.24999999627471 ] }
            }
        }, 
        {
            "name": "Cube", 
            "from": [ 7, 0, 4.4000000059604645 ], 
            "to":   [ 13, 2, 6.4000000059604645 ], 
            "rotation": { "origin": [8, 8, 8], "axis": "z", "angle": 45 }, 
            "faces": {
                "north": { "texture": "#main", "uv": [ 0.5, 8.25, 1, 9.25 ] }, 
                "east":  { "texture": "#main", "uv": [ 0.5, 8.75, 1, 9.25 ] }, 
                "south": { "texture": "#main", "uv": [ 0.5, 8.5, 1, 9.5 ] }, 
                "west":  { "texture": "#main", "uv": [ 0.5, 8, 1, 9.5 ] }, 
                "up":    { "texture": "#main", "uv": [ 0.5, 8, 1, 9.25 ] }, 
                "down":  { "texture": "#main", "uv": [ 0.5, 8.5, 1, 9.25 ] }
            }
        }, 
        {
            "name": "Cube", 
            "from": [ 7, 0, 1.2000000029802322 ], 
            "to":   [ 13, 2, 3.2000000029802322 ], 
            "rotation": { "origin": [8, 8, 8], "axis": "z", "angle": 45 }, 
            "faces": {
                "north": { "texture": "#main", "uv": [ 0.5, 8.25, 1, 9.25 ] }, 
                "east":  { "texture": "#main", "uv": [ 0.5, 8.75, 1, 9.25 ] }, 
                "south": { "texture": "#main", "uv": [ 0.5, 8.5, 1, 9.5 ] }, 
                "west":  { "texture": "#main", "uv": [ 0.5, 8, 1, 9.5 ] }, 
                "up":    { "texture": "#main", "uv": [ 0.5, 8, 1, 9.25 ] }, 
                "down":  { "texture": "#main", "uv": [ 0.5, 8.5, 1, 9.25 ] }
            }
        }, 
        {
            "name": "Cube", 
            "from": [ 7, 0, -1.8999999985098839 ], 
            "to":   [ 13, 2, 0.10000000149011612 ], 
            "rotation": { "origin": [8, 8, 8], "axis": "z", "angle": 45 }, 
            "faces": {
                "north": { "texture": "#main", "uv": [ 0.5, 8.25, 1, 9.25 ] }, 
                "east":  { "texture": "#main", "uv": [ 0.5, 8.75, 1, 9.25 ] }, 
                "south": { "texture": "#main", "uv": [ 0.5, 8.5, 1, 9.5 ] }, 
                "west":  { "texture": "#main", "uv": [ 0.5, 8, 1, 9.5 ] }, 
                "up":    { "texture": "#main", "uv": [ 0.5, 8, 1, 9.25 ] }, 
                "down":  { "texture": "#main", "uv": [ 0.5, 8.5, 1, 9.25 ] }
            }
        }, 
        {
            "name": "Cube", 
            "from": [ 14.700000010430813, 2.700000010430813, 4.800000011920929 ], 
            "to":   [ 17.700000010430813, 4.100000001490116, 6.200000002980232 ], 
            "rotation": { "origin": [8, 8, 8], "axis": "z", "angle": 22.5 }, 
            "faces": {
                "north": { "texture": "#main", "uv": [ 0, 8, 1, 8.349999997764826 ] }, 
                "east":  { "texture": "#main", "uv": [ 0, 8, 0.3499999977648258, 8.349999997764826 ] }, 
                "south": { "texture": "#main", "uv": [ 0, 8, 1, 8.349999997764826 ] }, 
                "west":  { "texture": "#main", "uv": [ 0, 8, 0.3499999977648258, 8.349999997764826 ] }, 
                "up":    { "texture": "#main", "uv": [ 0, 8, 1, 8.349999997764826 ] }, 
                "down":  { "texture": "#main", "uv": [ 0, 8, 1, 8.349999997764826 ] }
            }
        }, 
        {
            "name": "Cube", 
            "from": [ 18.400000020861626, 7.000000014901161, 5.000000014901161 ], 
            "to":   [ 21.00000001490116, 8, 6 ], 
            "faces": {
                "north": { "texture": "#main", "uv": [ 0, 8, 1, 8.349999997764826 ] }, 
                "east":  { "texture": "#main", "uv": [ 0, 8, 0.3499999977648258, 8.349999997764826 ] }, 
                "south": { "texture": "#main", "uv": [ 0, 8, 1, 8.349999997764826 ] }, 
                "west":  { "texture": "#main", "uv": [ 0, 8, 0.3499999977648258, 8.349999997764826 ] }, 
                "up":    { "texture": "#main", "uv": [ 0, 8, 1, 8.349999997764826 ] }, 
                "down":  { "texture": "#main", "uv": [ 0, 8, 1, 8.349999997764826 ] }
            }
        }, 
        {
            "name": "Cube", 
            "from": [ 17.200000017881393, 16.400000005960464, 5.100000016391277 ], 
            "to":   [ 19.200000017881393, 17.099999986588955, 5.899999998509884 ], 
            "rotation": { "origin": [8, 8, 8], "axis": "z", "angle": -45 }, 
            "faces": {
                "north": { "texture": "#main", "uv": [ 0, 8, 0.5, 8.149999994784594 ] }, 
                "east":  { "texture": "#main", "uv": [ 0, 8, 0.14999999478459358, 8.149999994784594 ] }, 
                "south": { "texture": "#main", "uv": [ 0, 8, 0.5, 8.149999994784594 ] }, 
                "west":  { "texture": "#main", "uv": [ 0, 8, 0.14999999478459358, 8.149999994784594 ] }, 
                "up":    { "texture": "#main", "uv": [ 0, 8, 0.5, 8.149999994784594 ] }, 
                "down":  { "texture": "#main", "uv": [ 0, 8, 0.5, 8.149999994784594 ] }
            }
        }, 
        {
            "name": "Cube", 
            "from": [ 20.00000001490116, -0.8999999687075615, 5.200000017881393 ], 
            "to":   [ 20.600000008940697, 1.1000000163912773, 5.799999997019768 ], 
            "rotation": { "origin": [8, 8, 8], "axis": "z", "angle": 22.5 }, 
            "faces": {
                "north": { "texture": "#main", "uv": [ 0, 8, 0.09999999776482582, 8.99999999627471 ] }, 
                "east":  { "texture": "#main", "uv": [ 0, 8, 0.09999999403953552, 8.99999999627471 ] }, 
                "south": { "texture": "#main", "uv": [ 0, 8, 0.09999999776482582, 8.99999999627471 ] }, 
                "west":  { "texture": "#main", "uv": [ 0, 8, 0.09999999403953552, 8.99999999627471 ] }, 
                "up":    { "texture": "#main", "uv": [ 0, 8, 0.09999999776482582, 8.099999994039536 ] }, 
                "down":  { "texture": "#main", "uv": [ 0, 8, 0.09999999776482582, 8.099999994039536 ] }
            }
        }, 
        {
            "name": "Cube", 
            "from": [ 22.50000000745058, 2.9000000432133675, 5.3000000193715096 ], 
            "to":   [ 22.899999998509884, 4.600000023841858, 5.699999995529652 ], 
            "faces": {
                "north": { "texture": "#main", "uv": [ 0, 8, 0.04999999701976776, 8.49999999627471 ] }, 
                "east":  { "texture": "#main", "uv": [ 0, 8, 0.04999999329447746, 8.49999999627471 ] }, 
                "south": { "texture": "#main", "uv": [ 0, 8, 0.04999999701976776, 8.49999999627471 ] }, 
                "west":  { "texture": "#main", "uv": [ 0, 8, 0.04999999329447746, 8.49999999627471 ] }, 
                "up":    { "texture": "#main", "uv": [ 0, 8, 0.04999999701976776, 8.049999993294477 ] }, 
                "down":  { "texture": "#main", "uv": [ 0, 8, 0.04999999701976776, 8.049999993294477 ] }
            }
        }, 
        {
            "name": "Cube", 
            "from": [ 14.700000010430813, 2.700000010430813, -1.5999999940395355 ], 
            "to":   [ 17.700000010430813, 4.100000001490116, -0.20000000298023224 ], 
            "rotation": { "origin": [8, 8, 8], "axis": "z", "angle": 22.5 }, 
            "faces": {
                "north": { "texture": "#main", "uv": [ 0, 8, 1, 8.349999997764826 ] }, 
                "east":  { "texture": "#main", "uv": [ 0, 8, 0.3499999977648258, 8.349999997764826 ] }, 
                "south": { "texture": "#main", "uv": [ 0, 8, 1, 8.349999997764826 ] }, 
                "west":  { "texture": "#main", "uv": [ 0, 8, 0.3499999977648258, 8.349999997764826 ] }, 
                "up":    { "texture": "#main", "uv": [ 0, 8, 1, 8.349999997764826 ] }, 
                "down":  { "texture": "#main", "uv": [ 0, 8, 1, 8.349999997764826 ] }
            }
        }, 
        {
            "name": "Cube", 
            "from": [ 18.400000020861626, 7.000000014901161, -1.3999999910593033 ], 
            "to":   [ 21.00000001490116, 8, -0.4000000059604645 ], 
            "faces": {
                "north": { "texture": "#main", "uv": [ 0, 8, 1, 8.349999997764826 ] }, 
                "east":  { "texture": "#main", "uv": [ 0, 8, 0.3499999977648258, 8.349999997764826 ] }, 
                "south": { "texture": "#main", "uv": [ 0, 8, 1, 8.349999997764826 ] }, 
                "west":  { "texture": "#main", "uv": [ 0, 8, 0.3499999977648258, 8.349999997764826 ] }, 
                "up":    { "texture": "#main", "uv": [ 0, 8, 1, 8.349999997764826 ] }, 
                "down":  { "texture": "#main", "uv": [ 0, 8, 1, 8.349999997764826 ] }
            }
        }, 
        {
            "name": "Cube", 
            "from": [ 17.200000017881393, 16.50000000745058, -1.199999988079071 ], 
            "to":   [ 19.200000017881393, 17.099999986588955, -0.6000000089406967 ], 
            "rotation": { "origin": [8, 8, 8], "axis": "z", "angle": -45 }, 
            "faces": {
                "north": { "texture": "#main", "uv": [ 0, 8, 0.5, 8.149999994784594 ] }, 
                "east":  { "texture": "#main", "uv": [ 0, 8, 0.14999999478459358, 8.149999994784594 ] }, 
                "south": { "texture": "#main", "uv": [ 0, 8, 0.5, 8.149999994784594 ] }, 
                "west":  { "texture": "#main", "uv": [ 0, 8, 0.14999999478459358, 8.149999994784594 ] }, 
                "up":    { "texture": "#main", "uv": [ 0, 8, 0.5, 8.149999994784594 ] }, 
                "down":  { "texture": "#main", "uv": [ 0, 8, 0.5, 8.149999994784594 ] }
            }
        }, 
        {
            "name": "Cube", 
            "from": [ 20.200000017881393, -2.8999999687075615, -1.099999986588955 ], 
            "to":   [ 20.600000008940697, 1.1000000163912773, -0.7000000104308128 ], 
            "rotation": { "origin": [8, 8, 8], "axis": "z", "angle": 22.5 }, 
            "faces": {
                "north": { "texture": "#main", "uv": [ 0, 8, 0.09999999776482582, 8.99999999627471 ] }, 
                "east":  { "texture": "#main", "uv": [ 0, 8, 0.09999999403953552, 8.99999999627471 ] }, 
                "south": { "texture": "#main", "uv": [ 0, 8, 0.09999999776482582, 8.99999999627471 ] }, 
                "west":  { "texture": "#main", "uv": [ 0, 8, 0.09999999403953552, 8.99999999627471 ] }, 
                "up":    { "texture": "#main", "uv": [ 0, 8, 0.09999999776482582, 8.099999994039536 ] }, 
                "down":  { "texture": "#main", "uv": [ 0, 8, 0.09999999776482582, 8.099999994039536 ] }
            }
        }, 
        {
            "name": "Cube", 
            "from": [ 23.500000022351742, 0.700000025331974, -0.9999999701976776 ], 
            "to":   [ 23.700000010430813, 2.800000011920929, -0.7999999970197678 ], 
            "faces": {
                "north": { "texture": "#main", "uv": [ 0, 8, 0.04999999701976776, 8.49999999627471 ] }, 
                "east":  { "texture": "#main", "uv": [ 0, 8, 0.04999999329447746, 8.49999999627471 ] }, 
                "south": { "texture": "#main", "uv": [ 0, 8, 0.04999999701976776, 8.49999999627471 ] }, 
                "west":  { "texture": "#main", "uv": [ 0, 8, 0.04999999329447746, 8.49999999627471 ] }, 
                "up":    { "texture": "#main", "uv": [ 0, 8, 0.04999999701976776, 8.049999993294477 ] }, 
                "down":  { "texture": "#main", "uv": [ 0, 8, 0.04999999701976776, 8.049999993294477 ] }
            }
        }, 
        {
            "name": "Cube", 
            "from": [ 14.700000010430813, 2.700000010430813, 1.5000000074505806 ], 
            "to":   [ 17.700000010430813, 4.100000001490116, 2.899999998509884 ], 
            "rotation": { "origin": [8, 8, 8], "axis": "z", "angle": 22.5 }, 
            "faces": {
                "north": { "texture": "#main", "uv": [ 0, 8, 1, 8.349999997764826 ] }, 
                "east":  { "texture": "#main", "uv": [ 0, 8, 0.3499999977648258, 8.349999997764826 ] }, 
                "south": { "texture": "#main", "uv": [ 0, 8, 1, 8.349999997764826 ] }, 
                "west":  { "texture": "#main", "uv": [ 0, 8, 0.3499999977648258, 8.349999997764826 ] }, 
                "up":    { "texture": "#main", "uv": [ 0, 8, 1, 8.349999997764826 ] }, 
                "down":  { "texture": "#main", "uv": [ 0, 8, 1, 8.349999997764826 ] }
            }
        }, 
        {
            "name": "Cube", 
            "from": [ 18.400000020861626, 7.000000014901161, 1.7000000104308128 ], 
            "to":   [ 21.00000001490116, 8, 2.6999999955296516 ], 
            "faces": {
                "north": { "texture": "#main", "uv": [ 0, 8, 1, 8.349999997764826 ] }, 
                "east":  { "texture": "#main", "uv": [ 0, 8, 0.3499999977648258, 8.349999997764826 ] }, 
                "south": { "texture": "#main", "uv": [ 0, 8, 1, 8.349999997764826 ] }, 
                "west":  { "texture": "#main", "uv": [ 0, 8, 0.3499999977648258, 8.349999997764826 ] }, 
                "up":    { "texture": "#main", "uv": [ 0, 8, 1, 8.349999997764826 ] }, 
                "down":  { "texture": "#main", "uv": [ 0, 8, 1, 8.349999997764826 ] }
            }
        }, 
        {
            "name": "Cube", 
            "from": [ 20.000000029802322, 12.200000002980232, 1.8999999985098839 ], 
            "to":   [ 22.000000029802322, 12.799999982118607, 2.499999977648258 ], 
            "rotation": { "origin": [8, 8, 8], "axis": "z", "angle": -22.5 }, 
            "faces": {
                "north": { "texture": "#main", "uv": [ 0, 8, 0.5, 8.149999994784594 ] }, 
                "east":  { "texture": "#main", "uv": [ 0, 8, 0.14999999478459358, 8.149999994784594 ] }, 
                "south": { "texture": "#main", "uv": [ 0, 8, 0.5, 8.149999994784594 ] }, 
                "west":  { "texture": "#main", "uv": [ 0, 8, 0.14999999478459358, 8.149999994784594 ] }, 
                "up":    { "texture": "#main", "uv": [ 0, 8, 0.5, 8.149999994784594 ] }, 
                "down":  { "texture": "#main", "uv": [ 0, 8, 0.5, 8.149999994784594 ] }
            }
        }, 
        {
            "name": "Cube", 
            "from": [ 20.80000002682209, -2.399999961256981, 2.000000014901161 ], 
            "to":   [ 21.200000017881393, 1.600000023841858, 2.3999999910593033 ], 
            "rotation": { "origin": [8, 8, 8], "axis": "z", "angle": 22.5 }, 
            "faces": {
                "north": { "texture": "#main", "uv": [ 0, 8, 0.09999999776482582, 8.99999999627471 ] }, 
                "east":  { "texture": "#main", "uv": [ 0, 8, 0.09999999403953552, 8.99999999627471 ] }, 
                "south": { "texture": "#main", "uv": [ 0, 8, 0.09999999776482582, 8.99999999627471 ] }, 
                "west":  { "texture": "#main", "uv": [ 0, 8, 0.09999999403953552, 8.99999999627471 ] }, 
                "up":    { "texture": "#main", "uv": [ 0, 8, 0.09999999776482582, 8.099999994039536 ] }, 
                "down":  { "texture": "#main", "uv": [ 0, 8, 0.09999999776482582, 8.099999994039536 ] }
            }
        }, 
        {
            "name": "Cube", 
            "from": [ 23.50000000745058, 7.400000050663948, 5.3000000193715096 ], 
            "to":   [ 23.69999999552965, 9.100000031292439, 5.499999992549419 ], 
            "rotation": { "origin": [8, 8, 8], "axis": "z", "angle": -22.5 }, 
            "faces": {
                "north": { "texture": "#main", "uv": [ 0, 8, 0.04999999701976776, 8.49999999627471 ] }, 
                "east":  { "texture": "#main", "uv": [ 0, 8, 0.04999999329447746, 8.49999999627471 ] }, 
                "south": { "texture": "#main", "uv": [ 0, 8, 0.04999999701976776, 8.49999999627471 ] }, 
                "west":  { "texture": "#main", "uv": [ 0, 8, 0.04999999329447746, 8.49999999627471 ] }, 
                "up":    { "texture": "#main", "uv": [ 0, 8, 0.04999999701976776, 8.049999993294477 ] }, 
                "down":  { "texture": "#main", "uv": [ 0, 8, 0.04999999701976776, 8.049999993294477 ] }
            }
        }, 
        {
            "name": "Cube", 
            "from": [ 23.899999998509884, 0.9000000283122063, 2.1000000312924385 ], 
            "to":   [ 24.099999986588955, 3.6000000089406967, 2.3000000044703484 ], 
            "faces": {
                "north": { "texture": "#main", "uv": [ 0, 8, 0.04999999701976776, 8.49999999627471 ] }, 
                "east":  { "texture": "#main", "uv": [ 0, 8, 0.04999999329447746, 8.49999999627471 ] }, 
                "south": { "texture": "#main", "uv": [ 0, 8, 0.04999999701976776, 8.49999999627471 ] }, 
                "west":  { "texture": "#main", "uv": [ 0, 8, 0.04999999329447746, 8.49999999627471 ] }, 
                "up":    { "texture": "#main", "uv": [ 0, 8, 0.04999999701976776, 8.049999993294477 ] }, 
                "down":  { "texture": "#main", "uv": [ 0, 8, 0.04999999701976776, 8.049999993294477 ] }
            }
        }
    ], 
    "display": {
        "head": {
            "rotation": [ 0, -201, 0 ], 
            "translation": [ 0, 8.88, -2 ], 
            "scale": [ 0.4, 0.4, 0.4 ]
        },
    "gui": {
        "rotation": [ 15, 40, 0 ],
        "translation": [ 2, 1, 0 ],
        "scale": [ 0.5, 0.5, 0.5 ]
		}
    }
}